,array_baz,array_slow,array_vel,mdccm,conf_int_vel,conf_int_baz,time,baz_error,slow_error,max_freq,min_freq,window_length,window_start,multiple_triggers,no_triggers,trigger_time,trigger_type,sta/lta,trigger_length,num_stations,array_lat,array_lon,event_id,velocity_model,array_processing,min_triggers,depth,magnitude,latitude,longitude,time_utc,time_ak,distance,backazimuth,array,slowness,trace_vel,incident_angle,p_arrival
0,34.602382229655916,2.4112365712396895,0.4147249639158674,0.29958288965987545,0.801562284152329,40.42726097825229,2016-04-24T04:50:15.725000Z,34.83042554467116,-2.285493357291093,10,0.5,6,-1,peak,max mdccm,2016-04-24T04:50:15.734272Z,Taup,0.0,0.0,10,53.77933636363636,-166.21232727272726,us10005cyr,pavdut,lts,3,10.0,3.2,54.6958,-161.5904,2016-04-24T04:49:31.220000Z,2016-04-23T20:49:31.220000Z,318.0839503462399,69.43280777432707,3A,0.12574321394859672,7.952715447600979,22.55169237154147,44.5142722941167
1,103.23626697744157,0.11451638206178048,8.732375071546617,0.8224652774923746,1.5675612870548217,11.63466042888345,2016-04-23T11:37:56.165000Z,-34.86854969558101,0.010994052716299232,10,0.5,6,-1,peak,max mdccm,2016-04-23T11:37:56.174295Z,Taup,0.0,0.0,10,53.77933636363636,-166.21232727272726,us10005ccl,pavdut,lts,3,15.21,3.5,55.0552,-159.8866,2016-04-23T11:36:57.480000Z,2016-04-23T03:36:57.480000Z,434.3339909895113,68.36771728186058,3A,0.12551043477807972,7.967465030044251,22.507652658205316,58.69429479702193
2,152.0873384536019,0.1960739613386182,5.100116268233127,0.37536921941436974,1.0851999715783487,20.233191249650105,2016-04-22T11:16:35.925000Z,103.38383239235156,-0.0747312531679112,10,0.5,6,-1,peak,max mdccm,2016-04-22T11:16:35.933441Z,Taup,0.0,0.0,10,53.77933636363636,-166.21232727272726,us10005cb9,pavdut,lts,3,100.3,3.6,52.684,-172.204,2016-04-22T11:15:40.270000Z,2016-04-22T03:15:40.270000Z,418.1163281050634,255.47117084595342,3A,0.12134270817070701,8.241121490326249,21.721492327733074,55.663441037458206
3,94.31030945825273,0.04783029120513984,20.907253014853904,0.3891869544692129,5.192213540576754,12.858055604537611,2016-04-22T04:34:25.225000Z,-44.063308857383845,0.07314106900095443,10,0.5,6,-1,peak,max mdccm,2016-04-22T04:34:23.224437Z,STA/LTA trigger,22.86735869084237,0.04,10,53.77933636363636,-166.21232727272726,ak01656yawn7,pavdut,lts,3,134.9,3.4,57.8267,-156.206,2016-04-22T04:32:45.472000Z,2016-04-21T20:32:45.472000Z,771.2970136211754,50.24700060086888,3A,0.12097136020609427,8.266419409489473,21.651655359611155,98.86243716676702
4,153.857377806161,0.28762944694208015,3.47669548661118,0.7502393512486804,0.332734755094775,9.266354715465866,2016-04-22T09:02:21.685000Z,105.14538592480551,-0.1642374040668697,10,0.5,6,-1,peak,max mdccm,2016-04-22T09:02:21.691372Z,Taup,0.0,0.0,10,53.77933636363636,-166.21232727272726,us10005cb8,pavdut,lts,3,34.01,3.8,52.0871,-176.546,2016-04-22T09:00:48.410000Z,2016-04-22T01:00:48.410000Z,719.1797315550482,259.0027637309665,3A,0.12339204287521044,8.10425029603672,22.107511659747267,93.28137217730853
5,259.4076609333865,1.6638916537426558,0.6010006707772476,0.2800843253484959,6.851931059088197,61.185008109205114,2016-04-24T05:29:25.425000Z,152.70806624726367,-1.5395293338762055,10,0.5,6,-1,peak,max mdccm,2016-04-24T05:29:28.418797Z,Taup,0.0,0.0,10,53.77933636363636,-166.21232727272726,ak0165a9y33o,pavdut,lts,3,15.7,3.5,57.0745,-157.7677,2016-04-24T05:28:03.089000Z,2016-04-23T21:28:03.089000Z,647.6949777182231,52.115727180650225,3A,0.12436231986645022,8.04102079370887,22.290644086508056,85.32979705197751
6,259.1333942515662,2.1516828970240867,0.4647524973977639,0.28998395791577375,0.2610049613661334,20.395801077351194,2016-04-23T20:16:46.365000Z,-18.00617335646669,-2.026644264855687,10,0.5,6,-1,peak,max mdccm,2016-04-23T20:16:49.357268Z,Taup,0.0,0.0,10,53.77933636363636,-166.21232727272726,us20005l8g,pavdut,lts,3,46.56,4.2,52.0147,-171.0999,2016-04-23T20:15:58.160000Z,2016-04-23T12:15:58.160000Z,382.9565316213813,241.1272208950995,3A,0.12503863216839994,7.997528305117867,22.41843484311304,51.19726802706137
7,84.0653301428975,0.13725946891215132,7.285471872545413,0.3031127844239551,51.88238688922182,71.33826375370299,2016-04-19T09:57:09.825000Z,-13.349657288820708,-0.01157447505545428,10,0.5,6,-1,peak,max mdccm,2016-04-19T09:57:09.821333Z,Taup,0.0,0.0,10,53.77933636363636,-166.21232727272726,us20005lgs,pavdut,lts,3,9.9,3.3,54.7707,-160.6906,2016-04-19T09:56:18.000000Z,2016-04-19T01:56:18.000000Z,376.12958375232887,70.7156728540768,3A,0.12568499385669704,7.956399322739958,22.540676339694755,51.82133268140728
8,236.50894706147483,0.12500646070299085,7.999586536378711,0.5869375771249137,0.680116459156074,2.8958333878047995,2016-04-19T07:22:21.205000Z,20.98607699102456,-0.005749853229424423,10,0.5,6,-1,peak,max mdccm,2016-04-19T07:22:19.198016Z,Multiple triggers,30.260223365489306,0.07578947368421053,10,53.77933636363636,-166.21232727272726,us20005lgw,pavdut,lts,3,144.75,3.2,52.4876,-173.9022,2016-04-19T07:21:08.460000Z,2016-04-18T23:21:08.460000Z,534.0775283476751,257.4950240524994,3A,0.11925660747356642,8.385279618336057,21.329608787371164,70.39801636018801
9,81.00193101338039,0.35880732019756134,2.7870111441689494,0.5926853506829386,0.5141976530290062,8.196273859955028,2016-04-21T07:52:54.365000Z,-45.24524429569831,-0.23602716868283996,10,0.5,6,-1,peak,max mdccm,2016-04-21T07:52:57.369309Z,Taup,0.0,0.0,10,53.77933636363636,-166.21232727272726,ak01655cnql2,pavdut,lts,3,3.8,3.2,60.2649,-156.2896,2016-04-21T07:50:54.948000Z,2016-04-20T23:50:54.948000Z,938.6330250844255,35.75668671768207,3A,0.1227801515147214,8.14463891486646,21.992144076991053,122.42130862093833
10,131.20766320113543,0.2514281262743654,3.977279769045298,0.5533163005594193,0.5143833483151437,11.082087716254904,2016-04-21T00:27:45.625000Z,128.3293336593497,-0.13353691267383294,10,0.5,6,-1,peak,max mdccm,2016-04-21T00:27:48.631563Z,Taup,0.0,0.0,10,53.77933636363636,-166.21232727272726,us10005c04,pavdut,lts,3,179.0,3.7,52.2448,-176.0889,2016-04-21T00:26:20.000000Z,2016-04-20T16:26:20.000000Z,683.9159699164435,259.53699686048515,3A,0.11789121360053247,8.482396350490054,21.07368017255565,88.63156342548947
11,238.93134906406215,0.14470276524743894,6.9107179692801255,0.7206000570212463,0.8472292263816752,4.229643281195536,2016-04-18T12:36:11.725000Z,-0.5248596058556529,-0.018945228624807547,10,0.5,6,-1,peak,max mdccm,2016-04-18T12:36:09.731430Z,Multiple triggers,24.86737240432305,0.043333333333333335,10,53.77933636363636,-166.21232727272726,us10005btv,pavdut,lts,3,33.64,3.1,52.6049,-169.245,2016-04-18T12:35:34.040000Z,2016-04-18T04:35:34.040000Z,241.15419194682863,238.4064894582065,3A,0.1257575366226314,7.951809703467421,22.554402550719672,33.58143002517805
12,87.38530541830977,1.3220973729532772,0.7563739407228517,0.2703832174181843,1.9187801488091922,53.207363624281925,2016-04-24T01:44:46.745000Z,-32.19515523815522,-1.1993314082134716,10,0.5,6,-1,peak,max mdccm,2016-04-24T01:44:49.754600Z,Taup,0.0,0.0,10,53.77933636363636,-166.21232727272726,ak0165a7nka4,pavdut,lts,3,57.8,3.5,57.6031,-154.5168,2016-04-24T01:43:01.243000Z,2016-04-23T17:43:01.243000Z,848.2084994607541,55.19015018015453,3A,0.12276596473980558,8.145580105360915,21.98947038026877,108.51159986261297
13,72.84152250954645,0.7301897548600389,1.369507026555964,0.26858469228201365,0.2780940846236136,67.75114653304524,2016-04-24T00:42:27.965000Z,-177.93589924351193,-0.6074010035076018,10,0.5,6,-1,peak,max mdccm,2016-04-24T00:42:27.957263Z,Taup,0.0,0.0,10,53.77933636363636,-166.21232727272726,us10005cyq,pavdut,lts,3,37.95,3.8,51.427,-177.1278,2016-04-24T00:40:46.890000Z,2016-04-23T16:40:46.890000Z,783.5292838713449,254.9056232660345,3A,0.12278875135243708,8.144068483355843,21.993764861564095,101.06726326575465
14,71.54442414040216,0.5533979928201197,1.8070177575165995,0.2785955708235787,0.4054553175547059,69.04824490218951,2016-04-17T20:20:37.865000Z,78.11235778495939,-0.4259716283597398,10,0.5,6,-1,peak,max mdccm,2016-04-17T20:20:40.857207Z,Taup,0.0,0.0,10,53.77933636363636,-166.21232727272726,us10005buw,pavdut,lts,3,5.7,3.1,51.6698,-164.2421,2016-04-17T20:20:02.000000Z,2016-04-17T12:20:02.000000Z,269.8417169498452,149.6567819253615,3A,0.12742636446037994,7.847669548093599,22.87055010265725,38.85720740819567
15,127.6279793507033,0.20566944944476867,4.862170841122148,0.651951350390695,0.7290233113538744,13.84990389945304,2016-04-20T19:37:05.245000Z,-74.55674822435321,-0.08124442329881337,10,0.5,6,-1,peak,max mdccm,2016-04-20T19:37:08.248337Z,Taup,0.0,0.0,10,53.77933636363636,-166.21232727272726,ak01653w6cm0,pavdut,lts,3,8.2,3.4,57.0005,-157.6475,2016-04-20T19:35:42.003000Z,2016-04-20T11:35:42.003000Z,649.819478394831,53.07123112635008,3A,0.1244250261459553,8.036968373444116,22.302487656901203,86.24533667149656
16,271.0379991553691,0.9475105169524856,1.0553972563981013,0.2816741730634206,0.5661714770264425,49.55466988722253,2016-04-17T12:10:52.345000Z,178.00820184446337,-0.8221373400802539,10,0.5,6,-1,peak,max mdccm,2016-04-17T12:10:52.351009Z,Taup,0.0,0.0,10,53.77933636363636,-166.21232727272726,us10005bvk,pavdut,lts,3,21.48,3.3,53.646,-159.26,2016-04-17T12:09:50.950000Z,2016-04-17T04:09:50.950000Z,459.09414846922306,89.0462009998325,3A,0.12537317687223165,7.976187769566566,22.481691278330036,61.40100869853291
17,58.45799571003596,0.1592103083089272,6.281000336106555,0.2960254210182604,8.550697113285684,33.41102366724155,2016-04-18T20:00:15.945000Z,-162.62569236095834,-0.0364318247095885,10,0.5,6,-1,peak,max mdccm,2016-04-18T20:00:18.937301Z,Taup,0.0,0.0,10,53.77933636363636,-166.21232727272726,us10005btd,pavdut,lts,3,27.88,3.0,51.2526,-178.2334,2016-04-18T19:58:27.870000Z,2016-04-18T11:58:27.870000Z,861.8630323951987,255.83230334907762,3A,0.12277848359933871,8.144749557775008,21.9918297323286,111.06730141815764
18,110.77934134866055,0.09423515595768656,10.611750888904133,0.7194930616732099,0.33430919845316875,2.3120230619780955,2016-04-21T21:03:42.825000Z,1.3567301341616655,0.03424983842050516,10,0.5,6,-1,peak,max mdccm,2016-04-21T21:03:40.823420Z,Multiple triggers,42.197747861482604,0.16375,10,53.77933636363636,-166.21232727272726,us10005bzs,pavdut,lts,3,10.0,3.5,52.9271,-162.93,2016-04-21T21:03:05.010000Z,2016-04-21T13:03:05.010000Z,238.22706576751824,112.13607148282222,3A,0.12848499437819172,7.783010030389464,23.071481398353882,34.38341990551264
19,184.89788121238428,1.3342854729245939,0.7494648036661299,0.2890109874058359,1.8084712701600076,44.30521216979261,2016-04-16T12:20:10.165000Z,-139.62484941648694,-1.2294785674478008,10,0.5,6,-1,peak,max mdccm,2016-04-16T12:20:10.173983Z,Taup,0.0,0.0,10,53.77933636363636,-166.21232727272726,us20005l3f,pavdut,lts,3,231.94,3.5,56.197,-161.6861,2016-04-16T12:19:12.680000Z,2016-04-16T04:19:12.680000Z,395.3063849886399,45.27303179589734,3A,0.10480690547679299,9.541356034230267,18.64242857759297,57.493982864429896
20,218.45294781052814,1.2785648709263575,0.7821269164664839,0.2680097320667743,0.7826870334627916,78.38014013954825,2016-04-23T23:04:45.565000Z,40.48113967218649,-1.1557761195739205,10,0.5,6,-1,peak,max mdccm,2016-04-23T23:04:48.572564Z,Taup,0.0,0.0,10,53.77933636363636,-166.21232727272726,us20005l9x,pavdut,lts,3,8.0,4.3,51.6367,-178.4986,2016-04-23T23:02:56.000000Z,2016-04-23T15:02:56.000000Z,862.7157650940973,258.93408748271463,3A,0.12278875135243708,8.144068483355843,21.993764861564095,112.57256427164756
21,120.72689768397342,1.318507743592405,0.7584331642037997,0.2746288047512537,12.17189025178141,81.21712202195613,2016-04-15T19:27:55.025000Z,101.64328758253339,-1.191496480748033,10,0.5,6,-1,peak,max mdccm,2016-04-15T19:27:58.027299Z,Taup,0.0,0.0,10,53.77933636363636,-166.21232727272726,us20005kzs,pavdut,lts,3,27.27,3.8,52.2164,-168.5004,2016-04-15T19:27:25.420000Z,2016-04-15T11:27:25.420000Z,232.03754155265742,222.37018526650684,3A,0.12701126284437206,7.873317512206049,22.791843720102513,32.607298650564985
22,23.537204687838027,0.35050367221049455,2.8530371556262932,0.29966221991672964,1.442001821496231,59.56265792832019,2016-04-23T18:15:55.365000Z,39.306008250304956,-0.22772950436329342,10,0.5,6,-1,peak,max mdccm,2016-04-23T18:15:58.360901Z,Taup,0.0,0.0,10,53.77933636363636,-166.21232727272726,ak01658u2f76,pavdut,lts,3,62.9,3.1,56.3027,-155.84,2016-04-23T18:14:25.781000Z,2016-04-23T10:14:25.781000Z,719.2260844778326,62.84321293814299,3A,0.12277416784720112,8.145035861652529,21.991016364773394,92.57990087123864
23,141.258488172274,0.20763066199283225,4.816244336949239,0.5162762825251636,1.6766639875016351,32.19888947253682,2016-04-18T14:07:11.445000Z,114.8557560341161,-0.08485469252772146,10,0.5,6,-1,peak,max mdccm,2016-04-18T14:07:14.452399Z,Taup,0.0,0.0,10,53.77933636363636,-166.21232727272726,us10005btw,pavdut,lts,3,36.31,3.0,51.3327,-178.0907,2016-04-18T14:05:25.270000Z,2016-04-18T06:05:25.270000Z,849.1791468898816,256.1142442063901,3A,0.1227759694651108,8.144916341175133,21.991355905845463,109.18239868206955
24,129.56006456230645,0.1918034796441107,5.213669751223957,0.4060539260369231,0.4742126631409072,11.232908137022775,2016-04-21T22:29:54.545000Z,129.14071253880581,-0.06901472829167363,10,0.5,6,-1,peak,max mdccm,2016-04-21T22:29:54.543902Z,Taup,0.0,0.0,10,53.77933636363636,-166.21232727272726,us20005kp6,pavdut,lts,3,10.0,3.9,51.6343,-178.3677,2016-04-21T22:28:03.200000Z,2016-04-21T14:28:03.200000Z,854.3457383059266,258.70077710111224,3A,0.12278875135243708,8.144068483355843,21.993764861564095,111.34390178853735
25,71.84541171829017,4.34346288953955,0.23023104500520086,0.2722859630861432,0.11665697334705065,18.09689134940129,2016-04-17T14:04:49.265000Z,-166.33396263677184,-4.225025295358883,10,0.5,6,-1,peak,max mdccm,2016-04-17T14:04:49.273052Z,Taup,0.0,0.0,10,53.77933636363636,-166.21232727272726,us10005bvd,pavdut,lts,3,174.81,4.0,52.3025,179.9803,2016-04-17T14:02:50.460000Z,2016-04-17T06:02:50.460000Z,939.0120993905923,265.5114490815183,3A,0.1184375941806676,8.443265053784996,21.176040231831134,118.81305189440116
26,89.70550764282103,0.07399544194267856,13.514345934640971,0.7304913374222768,2.220017674375659,8.429568843330713,2016-04-14T13:52:49.525000Z,-11.058566237986895,0.051791680557911654,10,0.5,6,-1,peak,max mdccm,2016-04-14T13:52:47.521676Z,Multiple triggers,67.56350683951159,0.13071428571428573,10,53.77933636363636,-166.21232727272726,us20005i7d,pavdut,lts,3,30.6,4.0,54.16,-162.495,2016-04-14T13:52:13.190000Z,2016-04-14T05:52:13.190000Z,247.56541258998536,78.64694140483412,3A,0.1257871225005902,7.949939390618526,22.560001047550553,34.47167558158034
27,14.43380825600525,2.43365569914909,0.4109044678545296,0.2911958360059071,1.0245741100834653,56.93245636510795,2016-04-15T18:26:59.665000Z,-118.83243101021628,-2.310879943878622,10,0.5,6,-1,peak,max mdccm,2016-04-15T18:27:02.667385Z,Taup,0.0,0.0,10,53.77933636363636,-166.21232727272726,us20005ivz,pavdut,lts,3,44.65,3.9,51.3941,-177.5954,2016-04-15T18:25:17.950000Z,2016-04-15T10:25:17.950000Z,814.8054877483958,255.60137724578894,3A,0.12277575527046829,8.144930550800153,21.991315537710335,104.71738510449622
28,105.78614365973979,0.08649458374457696,11.561417567521366,0.6239419953667046,1.1398546722233185,6.652460902735129,2016-04-14T03:24:02.205000Z,-3.3906083184909335,0.0372854425451985,10,0.5,6,-1,peak,max mdccm,2016-04-14T03:24:00.198773Z,Multiple triggers,27.336966111087655,0.10875,10,53.77933636363636,-166.21232727272726,us20005kkw,pavdut,lts,3,41.8,3.0,53.5744,-164.7171,2016-04-14T03:23:43.000000Z,2016-04-13T19:23:43.000000Z,101.4048365452551,102.39553534124887,3A,0.12378002628977545,8.078847855945257,22.180711939059023,15.908773193324059
29,61.30803657117406,4.260100837356773,0.23473622765710428,0.27839729002335795,0.10975670339503153,14.862982883415214,2016-04-14T02:18:24.425000Z,-175.31462536219237,-4.135540587287811,10,0.5,6,-1,peak,max mdccm,2016-04-14T02:18:24.420716Z,Taup,0.0,0.0,10,53.77933636363636,-166.21232727272726,us20005kku,pavdut,lts,3,25.7,3.0,51.3294,-174.0476,2016-04-14T02:17:06.000000Z,2016-04-13T18:17:06.000000Z,596.8329572585716,245.99341120898166,3A,0.1245602500689619,8.028243355696196,22.328031325803643,78.42071606798898
30,226.87852356719998,0.09398429165532579,10.640075935959167,0.28435119033842343,9.214852531051939,29.14342404896928,2016-04-14T01:38:43.805000Z,19.660157387763036,0.030744311097129634,10,0.5,6,-1,peak,max mdccm,2016-04-14T01:38:41.802078Z,Multiple triggers,28.341001875902393,0.09999999999999999,10,53.77933636363636,-166.21232727272726,us20005hxt,pavdut,lts,3,15.17,5.2,51.3833,-174.061,2016-04-14T01:37:21.950000Z,2016-04-13T17:37:21.950000Z,594.6463318096911,246.538680954963,3A,0.12472860275245543,8.017407218011298,22.359839523889217,78.76207777955858
31,139.15102904526614,0.0652468111688979,15.326419515145345,0.5668285075636785,2.523156319227154,15.340373862651376,2016-04-13T15:56:53.565000Z,-12.568829084790764,0.0621545677699578,10,0.5,6,-1,peak,max mdccm,2016-04-13T15:56:51.564220Z,Multiple triggers,29.360599402646333,0.09619047619047619,10,53.77933636363636,-166.21232727272726,us20005kbp,pavdut,lts,3,28.6,3.3,52.5976,-163.6584,2016-04-13T15:56:21.000000Z,2016-04-13T07:56:21.000000Z,215.47746209689947,126.58219996047536,3A,0.1274013789388557,7.84920860613239,22.865811371832624,30.46422022286105
32,37.64973494328757,2.127472726749435,0.47004127828604403,0.27287916221188635,0.7982512743738466,36.66248305941596,2016-04-18T00:35:39.385000Z,-138.14362931241828,-2.004683975396998,10,0.5,6,-1,peak,max mdccm,2016-04-18T00:35:42.385883Z,Taup,0.0,0.0,10,53.77933636363636,-166.21232727272726,us10005bt4,pavdut,lts,3,10.9,3.0,51.7318,-178.4427,2016-04-18T00:33:51.000000Z,2016-04-17T16:33:51.000000Z,855.3813834325505,259.5061056308693,3A,0.12278875135243708,8.144068483355843,21.993764861564095,111.38588324432847
33,77.79334164237196,3.882597084362056,0.2575595608485109,0.3349754624722509,0.16537672023805927,23.89132342098594,2016-04-14T03:26:15.685000Z,-11.228526568782058,-3.759825193101335,10,0.5,6,-1,peak,max mdccm,2016-04-14T03:26:15.688658Z,Taup,0.0,0.0,10,53.77933636363636,-166.21232727272726,ak0164tpcwmh,pavdut,lts,3,15.3,3.7,56.4224,-151.6186,2016-04-14T03:24:10.019000Z,2016-04-13T19:24:10.019000Z,974.7495687815543,66.56481507358991,3A,0.12277189126072116,8.145186896863692,21.99058731013528,125.66965794909984
34,237.84318138452437,0.05994583160867381,16.681727038637092,0.5552765001090773,7.322658450546076,11.075203097958877,2016-04-11T15:44:36.465000Z,17.66082099142409,0.04193841121541757,10,0.5,6,-1,peak,max mdccm,2016-04-11T15:44:34.467101Z,Multiple triggers,35.143297726084235,0.08380952380952382,10,53.77933636363636,-166.21232727272726,us20005jn4,pavdut,lts,3,260.15,3.9,52.6989,-172.1446,2016-04-11T15:43:33.550000Z,2016-04-11T07:43:33.550000Z,413.77774003957813,255.50400237594846,3A,0.10188424282409138,9.815060428201383,18.104250356483956,60.8171008397407
35,123.14136024050987,0.18808442462615174,5.316761353246884,0.8136940974062138,0.7874273198542503,12.568654916122028,2016-04-18T06:00:28.205000Z,-71.97483915451772,-0.0637913718811907,10,0.5,6,-1,peak,max mdccm,2016-04-18T06:00:28.210520Z,Taup,0.0,0.0,10,53.77933636363636,-166.21232727272726,ak01650cwn5g,pavdut,lts,3,12.0,3.4,57.229,-157.6452,2016-04-18T05:59:00.686000Z,2016-04-17T21:59:00.686000Z,662.9777284524508,51.16652108599214,3A,0.12429305274496104,8.045501964232196,22.2775625117362,87.52452015008369
36,15.230997293838527,4.280100739715471,0.23363936056946108,0.27455628549275746,0.07880205745849625,16.02286702267682,2016-04-16T14:48:14.345000Z,-120.0633293329065,-4.157321729494386,10,0.5,6,-1,peak,max mdccm,2016-04-16T14:48:14.337519Z,Taup,0.0,0.0,10,53.77933636363636,-166.21232727272726,us20005l35,pavdut,lts,3,48.0,3.2,51.4697,-177.0996,2016-04-16T14:46:34.000000Z,2016-04-16T06:46:34.000000Z,779.8285998916266,255.16766796093205,3A,0.12277901022108506,8.144714623446836,21.99192898233332,100.33751930123886
37,293.47615148943873,2.086085093828872,0.47936683070035546,0.25096758268800673,0.40427379252656814,45.066042838123565,2016-04-15T02:12:46.245000Z,118.54734755676753,-1.9616523207282275,10,0.5,6,-1,peak,max mdccm,2016-04-15T02:12:46.236536Z,Taup,0.0,0.0,10,53.77933636363636,-166.21232727272726,ak0164vc8250,pavdut,lts,3,15.7,3.1,57.0373,-157.9142,2016-04-15T02:11:22.120000Z,2016-04-14T18:11:22.120000Z,637.941910158026,52.02349904620628,3A,0.1244327731006444,8.036468006633385,22.303950922998215,84.11653631616217
38,94.80627082141223,0.3218912565686107,3.1066392130686884,0.7670311324804459,0.36509322986010284,5.748201550103772,2016-04-11T12:02:38.345000Z,162.05588292111588,-0.19912091128592213,10,0.5,6,-1,peak,max mdccm,2016-04-11T12:02:41.348168Z,Taup,0.0,0.0,10,53.77933636363636,-166.21232727272726,us20005gyv,pavdut,lts,3,40.65,3.8,51.2114,-178.9544,2016-04-11T12:00:44.850000Z,2016-04-11T04:00:44.850000Z,909.8772382881267,256.8621537425281,3A,0.12277034528268854,8.145289464629426,21.99029594964134,116.49816785257784
39,323.1579827877459,1.1056171091213307,0.904472255132459,0.2807344575540228,2.2826797825867393,2.537836706560171,2016-04-15T13:25:12.165000Z,88.70538574494151,-0.9812607884074062,10,0.5,6,-1,peak,max mdccm,2016-04-15T13:25:12.162375Z,Taup,0.0,0.0,10,53.77933636363636,-166.21232727272726,ak0164viug7v,pavdut,lts,3,12.6,3.7,57.1232,-157.7105,2016-04-15T13:23:45.872000Z,2016-04-15T05:23:45.872000Z,653.461231826643,51.86336853268742,3A,0.12435632071392458,8.041408705717897,22.28951105665948,86.29037490331963
40,75.45756309837992,0.3287717161382917,3.0416241754183275,0.7411912087567862,0.2877901158575382,3.355138743230782,2016-04-14T15:19:40.785000Z,-24.38623429067286,-0.20443740090560739,10,0.5,6,-1,peak,max mdccm,2016-04-14T15:19:43.788638Z,Taup,0.0,0.0,10,53.77933636363636,-166.21232727272726,ak0164twgu2m,pavdut,lts,3,9.5,3.1,57.227,-157.6856,2016-04-14T15:18:16.308000Z,2016-04-14T07:18:16.308000Z,660.7870514529651,51.07132880770705,3A,0.12433431523268432,8.042831925591573,22.285355070414337,87.48063776434101
41,52.99162224601855,0.3924191968183551,2.548295313042203,0.2632755399175632,0.40939764344019647,87.60104679657317,2016-04-09T00:19:35.545000Z,3.9050119397243748,-0.266978443161782,10,0.5,6,-1,peak,max mdccm,2016-04-09T00:19:35.552292Z,Taup,0.0,0.0,10,53.77933636363636,-166.21232727272726,ak0164ldumri,pavdut,lts,3,7.6,3.1,55.9068,-159.9734,2016-04-09T00:18:32.308000Z,2016-04-08T16:18:32.308000Z,465.2979387205202,56.89663418574293,3A,0.12544075365657306,7.971890879560259,22.49447234912159,63.2442924673085
42,238.05857508675138,0.13736615616635442,7.279813513810279,0.5136640717398682,0.8241101303666047,4.0071467298012635,2016-04-08T20:13:59.345000Z,-25.156583430659538,-0.014783316205545877,10,0.5,6,-1,peak,max mdccm,2016-04-08T20:13:57.340764Z,Multiple triggers,42.612237098970326,0.276,10,53.77933636363636,-166.21232727272726,us20005jfk,pavdut,lts,3,40.99,3.0,53.1155,-166.9239,2016-04-08T20:13:42.040000Z,2016-04-08T12:13:42.040000Z,87.71242208831507,212.90199165609184,3A,0.12258283996080854,8.157748672813536,21.954962466465012,14.200763867519774
43,138.68588634681754,0.3208287243043865,3.116927894059913,0.42712192597182114,0.17549783673580888,5.824027364959875,2016-04-08T16:07:00.825000Z,109.71708429862076,-0.19690021137550634,10,0.5,6,-1,peak,max mdccm,2016-04-08T16:07:03.832468Z,Taup,0.0,0.0,10,53.77933636363636,-166.21232727272726,us20005ifc,pavdut,lts,3,45.3,3.0,51.5269,-174.2208,2016-04-08T16:05:46.000000Z,2016-04-08T08:05:46.000000Z,596.6718756894072,248.40297064543827,3A,0.1239285129288802,8.069168074128974,22.208736786036496,77.83246755941087
44,6.590333347709873,1.1230128004822573,0.8904618002311001,0.2697196109786724,5.5342196074889065,46.03978600402624,2016-04-13T01:34:20.065000Z,45.96402416446597,-0.998498203544086,10,0.5,6,-1,peak,max mdccm,2016-04-13T01:34:18.069390Z,STA/LTA trigger,21.079003110584587,0.035,10,53.77933636363636,-166.21232727272726,ak0164s0ohrm,pavdut,lts,3,4.6,3.8,57.0063,-157.8194,2016-04-13T01:32:50.428000Z,2016-04-12T17:32:50.428000Z,641.1164375927358,52.55435751217583,3A,0.12451459693817128,8.031186901697621,22.31940697066198,85.57138968178853
45,243.45380961144292,0.13959023349613497,7.163824967938666,0.7244227189899505,1.2323629108988707,5.829169875336447,2016-04-10T19:43:59.125000Z,16.54471580755211,-0.01682385384443222,10,0.5,6,-1,peak,max mdccm,2016-04-10T19:43:59.135105Z,Taup,0.0,0.0,10,53.77933636363636,-166.21232727272726,us20005il4,pavdut,lts,3,19.0,4.4,51.3487,179.6145,2016-04-10T19:41:51.060000Z,2016-04-10T11:41:51.060000Z,996.523660759463,259.99852541899503,3A,0.12276637965170276,8.145552575852392,21.98954857552027,128.0751054447858
46,93.79639087389978,0.09385634068119922,10.65458116885985,0.8222966029917476,0.16754039441935387,0.8512421876666849,2016-04-07T21:20:43.585000Z,-0.8882858191633431,0.03678782042671108,10,0.5,6,-1,peak,max mdccm,2016-04-07T21:20:41.578496Z,Multiple triggers,110.06373590520008,0.37999999999999995,10,53.77933636363636,-166.21232727272726,us20005hwv,pavdut,lts,3,22.9,3.5,53.708,-164.334,2016-04-07T21:20:22.520000Z,2016-04-07T13:20:22.520000Z,124.17864040321753,92.90810505473644,3A,0.1306441611079103,7.654379587420012,23.482233950013402,18.798496203359758
47,106.28638465545544,0.21147214222639024,4.728755236845598,0.7386554083938737,0.8244030422759465,11.269976781309595,2016-04-10T03:41:26.125000Z,-54.46583494641354,-0.08691352522789998,10,0.5,6,-1,peak,max mdccm,2016-04-10T03:41:26.119549Z,Taup,0.0,0.0,10,53.77933636363636,-166.21232727272726,ak0164n3axiq,pavdut,lts,3,8.7,3.1,57.0164,-158.0483,2016-04-10T03:40:02.420000Z,2016-04-09T19:40:02.420000Z,629.7741556874835,51.82054970904189,3A,0.12455861699849026,8.028348612863297,22.32772281247298,83.69954858746537
48,120.13375917386858,0.27828856771342325,3.593392312938211,0.33128982619592107,1.3718130304992129,31.21006181379761,2016-04-09T10:57:07.465000Z,135.32977590299777,-0.15549981636098617,10,0.5,6,-1,peak,max mdccm,2016-04-09T10:57:10.467187Z,Taup,0.0,0.0,10,53.77933636363636,-166.21232727272726,us20005isi,pavdut,lts,3,23.2,3.3,51.2018,-178.2204,2016-04-09T10:55:19.000000Z,2016-04-09T02:55:19.000000Z,863.3224773580046,255.46353507686632,3A,0.12278875135243708,8.144068483355843,21.993764861564095,111.46718744761034
49,7.441590868188541,0.5656336359337928,1.7679288084576528,0.24928439002963032,1.3473887643192175,33.742042081199145,2016-04-08T10:08:17.245000Z,40.22342596565974,-0.44441592838416216,10,0.5,6,-1,peak,max mdccm,2016-04-08T10:08:17.243220Z,Taup,0.0,0.0,10,53.77933636363636,-166.21232727272726,ak0164jw70xe,pavdut,lts,3,127.2,3.3,58.7588,-154.5907,2016-04-08T10:06:21.949000Z,2016-04-08T02:06:21.949000Z,906.7204197824826,47.66501683384829,3A,0.12121770754963061,8.24961979742577,21.69798050293374,115.29421958476156
50,115.49735180545792,0.20608040634375763,4.852474904052376,0.4677568760789065,1.649943011279911,24.120378634171374,2016-04-08T01:01:58.445000Z,137.98686065054108,-0.08269013498588967,10,0.5,6,-1,peak,max mdccm,2016-04-08T01:01:58.451199Z,Taup,0.0,0.0,10,53.77933636363636,-166.21232727272726,us20005jg2,pavdut,lts,3,40.71,3.3,51.6125,-175.8115,2016-04-08T01:00:28.770000Z,2016-04-07T17:00:28.770000Z,691.6532396998941,253.484212455999,3A,0.12339027135786795,8.104366648969487,22.10717751730256,89.68119892382586
51,22.733459499223216,0.9322982954764674,1.072618071760962,0.28224597488187203,1.7096406100392816,63.26438538759558,2016-04-07T03:11:06.745000Z,27.444502474880466,-0.8077902677618314,10,0.5,6,-1,peak,max mdccm,2016-04-07T03:11:06.748547Z,Taup,0.0,0.0,10,53.77933636363636,-166.21232727272726,ak0164i4ibxa,pavdut,lts,3,9.9,3.1,57.184,-158.1205,2016-04-07T03:09:42.384000Z,2016-04-06T19:09:42.384000Z,636.0494693000588,50.17796197410368,3A,0.12450802771463593,8.031610638728718,22.318166019313253,84.36454678769472
52,126.87409741435911,0.15633787803678148,6.396402538895474,0.6726566195887127,1.4458592977686937,20.051454241871625,2016-04-07T13:04:02.145000Z,127.83448674937347,-0.033241027273877594,10,0.5,6,-1,peak,max mdccm,2016-04-07T13:04:05.138607Z,Taup,0.0,0.0,10,53.77933636363636,-166.21232727272726,us20005hwy,pavdut,lts,3,33.5,3.2,51.513,-176.72,2016-04-07T13:02:27.580000Z,2016-04-07T05:02:27.580000Z,753.7375308503722,254.7085841637326,3A,0.12309685076290389,8.123684674322774,22.051843626774396,97.55860721639293
53,56.73333791489824,0.06415940948594993,15.586178364359585,0.6421429341814432,1.2711428282917518,2.087274950933164,2016-04-06T19:30:01.905000Z,-11.027856484742983,0.040776273168615124,10,0.5,6,-1,peak,max mdccm,2016-04-06T19:29:59.913462Z,Multiple triggers,47.58938490323676,0.1456,10,53.77933636363636,-166.21232727272726,us20005fwj,pavdut,lts,3,226.21,4.0,56.1122,-161.7895,2016-04-06T19:29:04.320000Z,2016-04-06T11:29:04.320000Z,384.2701831642884,45.70548143015526,3A,0.10493568265456506,9.529646872283406,18.666180452195167,56.053461631242044
54,64.19637439428277,1.5856830928486523,0.6306430361211188,0.2621640051731702,3.9281283274213963,59.454125670119026,2016-04-07T03:12:04.125000Z,-11.8013964995111,-1.4611460794322826,10,0.5,6,-1,peak,max mdccm,2016-04-07T03:12:02.122078Z,STA/LTA trigger,26.04225264965006,0.048,10,53.77933636363636,-166.21232727272726,ak0164i4ijim,pavdut,lts,3,4.3,3.0,57.0047,-157.8817,2016-04-07T03:10:40.783000Z,2016-04-06T19:10:40.783000Z,637.7684822904127,52.394977894771685,3A,0.12453701341636964,8.029741299935141,22.32364161185196,85.19907757802625
55,268.5943082839869,2.0156616763714577,0.49611500368463335,0.2729930621782473,0.8884935818114765,51.522068257942266,2016-04-07T02:32:58.425000Z,143.32591044472923,-1.8911822085886334,10,0.5,6,-1,peak,max mdccm,2016-04-07T02:33:01.424211Z,Taup,0.0,0.0,10,53.77933636363636,-166.21232727272726,ak0164i41lnp,pavdut,lts,3,11.4,3.7,57.044,-157.9304,2016-04-07T02:31:37.018000Z,2016-04-06T18:31:37.018000Z,637.487160136342,51.920218728716115,3A,0.12447946778282432,8.03345337035559,22.312771067646487,84.40621095591784
56,226.10576027895468,3.29280295870346,0.3036926328545786,0.2839610856560409,0.35395877197164144,27.694712042105238,2016-04-06T04:24:06.485000Z,33.224826722946034,-3.1804720650834652,10,0.5,6,-1,peak,max mdccm,2016-04-06T04:24:09.485992Z,Taup,0.0,0.0,10,53.77933636363636,-166.21232727272726,us20005i9d,pavdut,lts,3,229.1,3.0,52.514,-174.6167,2016-04-06T04:22:52.000000Z,2016-04-05T20:22:52.000000Z,579.3122186851732,259.3305870019007,3A,0.1123308936199948,8.902270495442767,20.03592214904452,77.48599181649358
57,121.30517152616216,3.282489274250628,0.30464684465063296,0.2657702871882315,0.11493507485327366,28.273415574833564,2016-04-07T00:51:19.225000Z,-71.78109652197548,-3.1580085062231915,10,0.5,6,-1,peak,max mdccm,2016-04-07T00:51:22.234470Z,Taup,0.0,0.0,10,53.77933636363636,-166.21232727272726,ak0164i2ymvf,pavdut,lts,3,7.7,3.1,57.268,-158.1048,2016-04-07T00:49:56.911000Z,2016-04-06T16:49:56.911000Z,641.9993089447523,49.52407500418667,3A,0.1244807680274366,8.033369458160731,22.313016678438256,85.32347021401159
58,291.5755552363393,1.2590692657867495,0.7942374793614981,0.28791212690356094,5.176712369387483,75.06329189293368,2016-04-06T01:53:08.905000Z,143.8724197592241,-1.1334418122323158,10,0.5,6,-1,peak,max mdccm,2016-04-06T01:53:11.908677Z,Taup,0.0,0.0,10,53.77933636363636,-166.21232727272726,us20005i90,pavdut,lts,3,21.97,3.8,54.5055,-160.5176,2016-04-06T01:52:20.370000Z,2016-04-05T17:52:20.370000Z,380.72167207065894,75.44797499556341,3A,0.12562745355443375,7.960043539103538,22.529789796943962,51.53867694596996
59,285.2663475291831,0.7562827978557471,1.3222567045492146,0.2708748134720106,0.6895513663120376,35.32632151340857,2016-04-06T01:33:53.325000Z,150.1704754417617,-0.6305557249840948,10,0.5,6,-1,peak,max mdccm,2016-04-06T01:33:56.316388Z,Taup,0.0,0.0,10,53.77933636363636,-166.21232727272726,us20005iuz,pavdut,lts,3,25.6,3.5,54.4027,-161.4907,2016-04-06T01:33:13.000000Z,2016-04-05T17:33:13.000000Z,316.5780279667846,75.43682297094486,3A,0.1257270728716523,7.9537364320956065,22.548638172532648,43.31638821021979
60,242.17107327013196,2.6345558862294407,0.3795706157637041,0.2616110903323003,2.4181966518603986,58.42122655776282,2016-04-05T23:33:21.585000Z,-4.299147143836194,-2.509603775530838,10,0.5,6,-1,peak,max mdccm,2016-04-05T23:33:24.587134Z,Taup,0.0,0.0,10,53.77933636363636,-166.21232727272726,us20005fpu,pavdut,lts,3,10.0,4.2,50.8738,-173.0205,2016-04-05T23:32:09.060000Z,2016-04-05T15:32:09.060000Z,565.276231023212,237.87192612629576,3A,0.12495211069860285,8.003066089952664,22.402079868434523,75.5271339583843
61,175.01536709236095,0.11025697946421863,9.069720618679991,0.7959274595432078,0.6086001084999122,4.760726289751943,2016-04-05T13:45:46.225000Z,-21.630727018406674,0.018844580355843063,10,0.5,6,-1,peak,max mdccm,2016-04-05T13:45:44.231064Z,Multiple triggers,78.57108832066268,0.2030769230769231,10,53.77933636363636,-166.21232727272726,us20005hhs,pavdut,lts,3,21.87,3.9,52.2002,-164.9302,2016-04-05T13:45:15.100000Z,2016-04-05T05:45:15.100000Z,195.6858461856828,153.38464007395427,3A,0.1291015598200617,7.745839797704794,23.188645735548928,28.131063840913434
62,319.7787973281488,0.03825315219408805,26.141636509488702,0.41854514178847474,7.197641894272435,22.368652803035246,2016-04-05T13:04:37.665000Z,21.124290699803225,0.08750438442854334,10,0.5,6,-1,peak,max mdccm,2016-04-05T13:04:35.660786Z,Multiple triggers,34.553459557485276,0.07714285714285715,10,53.77933636363636,-166.21232727272726,us20005hgn,pavdut,lts,3,10.0,4.1,56.3869,-167.8456,2016-04-05T13:03:48.440000Z,2016-04-05T05:03:48.440000Z,308.4345148291573,340.90308802795204,3A,0.1257575366226314,7.951809703467421,22.554402550719672,43.3007860360274
63,214.6275744422913,4.843693972678698,0.2064540009423783,0.3184244316460532,0.06078378501640554,10.527483310534706,2016-04-06T21:45:17.665000Z,-162.79157508152014,-4.719222352957402,10,0.5,6,-1,peak,max mdccm,2016-04-06T21:45:20.663445Z,Taup,0.0,0.0,10,53.77933636363636,-166.21232727272726,ak0164grw3r9,pavdut,lts,3,13.1,3.2,57.0461,-157.9537,2016-04-06T21:43:56.537000Z,2016-04-06T13:43:56.537000Z,636.4003188086358,51.83599936077115,3A,0.12447161972129549,8.03395988771658,22.31128861068514,84.1264447720642
64,275.264472405541,1.7003678023596582,0.5881080543940352,0.29971808162029184,1.9506520278976023,64.08233634818325,2016-04-06T02:00:41.385000Z,136.54510202240942,-1.5758469031066773,10,0.5,6,-1,peak,max mdccm,2016-04-06T02:00:41.393896Z,Taup,0.0,0.0,10,53.77933636363636,-166.21232727272726,ak0164gg2s2p,pavdut,lts,3,9.3,3.4,57.0405,-157.9798,2016-04-06T01:59:17.137000Z,2016-04-05T17:59:17.137000Z,634.723027283973,51.80957442795049,3A,0.12452089925298095,8.030780423199205,22.32059751230632,84.2568963063719
65,251.355367586618,0.028105163072677845,35.580651050274106,0.7138938500716828,24.497318947245912,22.883957066359287,2016-04-04T15:42:31.485000Z,82.67514196397241,0.010862574209382227,10,0.5,6,-1,peak,max mdccm,2016-04-04T15:42:29.479123Z,Multiple triggers,113.0684310736851,0.37333333333333335,10,53.77933636363636,-166.21232727272726,us20005gnd,pavdut,lts,3,111.7,3.2,54.0635,-166.4478,2016-04-04T15:42:13.000000Z,2016-04-04T07:42:13.000000Z,35.20917163365404,334.0305095505904,3A,0.03896773728206007,25.662254720147146,6.8258297221292725,15.929123161886483
66,146.28407312070274,0.31409812490873323,3.183718464701334,0.32554144669505714,0.39682836156873996,6.077855285554236,2016-04-06T06:07:32.525000Z,113.5060430152489,-0.19138633902767455,10,0.5,6,-1,peak,max mdccm,2016-04-06T06:07:35.519744Z,Taup,0.0,0.0,10,53.77933636363636,-166.21232727272726,us20005i9a,pavdut,lts,3,56.55,3.8,51.3533,179.7751,2016-04-06T06:05:30.080000Z,2016-04-05T22:05:30.080000Z,985.9147600704273,259.7901161359516,3A,0.1227117858810587,8.149176485535575,21.97926007792867,125.43974408896393
67,202.12272786861865,1.7025848663561376,0.5873422345989685,0.29418982298637164,6.220459819760409,61.50258178743297,2016-04-05T07:26:13.125000Z,-149.58524335179752,-1.5782401997960227,10,0.5,6,-1,peak,max mdccm,2016-04-05T07:26:13.127252Z,Taup,0.0,0.0,10,53.77933636363636,-166.21232727272726,ak0164evwlhe,pavdut,lts,3,15.3,3.1,57.0519,-157.6835,2016-04-05T07:24:47.381000Z,2016-04-04T23:24:47.381000Z,650.804262481571,52.53748451682114,3A,0.12434466656011484,8.042162383511211,22.287310021331784,85.74625215421202
68,198.15898203415077,1.7092173574531346,0.5850630966503154,0.2744052355582193,3.646860871280865,68.58857170150762,2016-04-05T03:19:29.705000Z,-146.460348404588,-1.5846895664588134,10,0.5,6,-1,peak,max mdccm,2016-04-05T03:19:29.706057Z,Taup,0.0,0.0,10,53.77933636363636,-166.21232727272726,ak0164ethhjg,pavdut,lts,3,9.2,4.3,57.0452,-158.0044,2016-04-05T03:18:05.564000Z,2016-04-04T19:18:05.564000Z,633.7226754815836,51.698633629562785,3A,0.12452779099432111,8.030335975730939,22.321899411462947,84.14205698449696
69,112.79851232499658,0.09947406040060718,10.052872034907868,0.5064209338557111,3.3476852780095463,23.46207052714564,2016-04-04T13:31:39.225000Z,-60.68971124933482,0.025074142974998673,10,0.5,6,-1,peak,max mdccm,2016-04-04T13:31:39.227274Z,Taup,0.0,0.0,10,53.77933636363636,-166.21232727272726,ak0164dbz2hd,pavdut,lts,3,10.7,4.3,56.987,-158.0368,2016-04-04T13:30:15.856000Z,2016-04-04T05:30:15.856000Z,628.67012260759,52.10880107566176,3A,0.12454820337560585,8.029019872605092,22.325755527329836,83.37127397046208
70,136.33979809937125,0.24832953202155333,4.0269072786445985,0.6684643977864422,0.4306512106540987,10.117960616934482,2016-04-04T11:13:27.005000Z,-84.05870249974214,-0.12401772081476271,10,0.5,6,-1,peak,max mdccm,2016-04-04T11:13:30.001595Z,Taup,0.0,0.0,10,53.77933636363636,-166.21232727272726,ak0164daobhw,pavdut,lts,3,17.6,3.1,57.0766,-157.701,2016-04-04T11:12:04.360000Z,2016-04-04T03:12:04.360000Z,651.2890172079011,52.28109559962911,3A,0.12431181120679062,8.044287910313821,22.281105056095043,85.64159466102691
71,135.57707369359986,0.37817176410413994,2.6443010687720796,0.5268600263803802,,,2016-04-04T09:42:05.425000Z,-153.26088528046057,-0.25241422748150855,10,0.5,6,-1,peak,max mdccm,2016-04-04T09:42:08.434678Z,Taup,0.0,0.0,10,53.77933636363636,-166.21232727272726,us20005gm8,pavdut,lts,3,9.3,3.0,56.4145,-167.7325,2016-04-04T09:41:25.000000Z,2016-04-04T01:41:25.000000Z,308.9759943294049,342.3161884131393,3A,0.1257575366226314,7.951809703467421,22.554402550719672,43.434678104746894
72,141.40582955195535,0.41470602882372126,2.4113466660622604,0.47130417839231337,,,2016-04-04T06:13:15.905000Z,-70.1802160986628,-0.2905675137775259,10,0.5,6,-1,peak,max mdccm,2016-04-04T06:13:18.909816Z,Taup,0.0,0.0,10,53.77933636363636,-166.21232727272726,ak0164d7p5i6,pavdut,lts,3,45.2,3.0,55.1297,-157.7805,2016-04-04T06:12:04.785000Z,2016-04-03T22:12:04.785000Z,566.7648559727421,71.22561345329255,3A,0.12413851504619537,8.05551765806021,22.24838140715383,74.12481558893772
73,93.52278852998086,0.16745301995479595,5.971824218338676,0.5647141469753665,3.450386845768678,29.944934517229115,2016-04-04T10:41:54.645000Z,-42.462018832054895,-0.04332934430268043,10,0.5,6,-1,peak,max mdccm,2016-04-04T10:41:54.644691Z,Taup,0.0,0.0,10,53.77933636363636,-166.21232727272726,ak0164da8y5n,pavdut,lts,3,35.1,3.0,57.0562,-158.1899,2016-04-04T10:40:33.078000Z,2016-04-04T02:40:33.078000Z,624.8162277798881,51.060769697925956,3A,0.12412367565211552,8.056480721717625,22.24557962833345,81.5666906246303
74,152.84875900732953,0.2362766182110563,4.23232737784803,0.6435985736285625,0.7177594046118736,14.453542433200852,2016-04-04T04:30:25.425000Z,-101.37779013399495,-0.11176381798884885,10,0.5,6,-1,peak,max mdccm,2016-04-04T04:30:28.421617Z,Taup,0.0,0.0,10,53.77933636363636,-166.21232727272726,ak0164d6lxjg,pavdut,lts,3,15.7,3.0,57.0303,-158.127,2016-04-04T04:29:05.727000Z,2016-04-03T20:29:05.727000Z,626.5181722703736,51.470968873334584,3A,0.12451280022220745,8.031302791483162,22.319067563076338,82.69461673204864
75,135.57467696240977,0.35331378710231665,2.8303452525910306,0.6087222416707854,,,2016-04-04T05:50:42.465000Z,111.16217405745397,-0.22867372729373486,10,0.5,6,-1,peak,max mdccm,2016-04-04T05:50:45.475090Z,Taup,0.0,0.0,10,53.77933636363636,-166.21232727272726,us20005gnb,pavdut,lts,3,7.6,3.4,51.2909,-174.38,2016-04-04T05:49:23.000000Z,2016-04-03T21:49:23.000000Z,619.0487124063621,246.73685101986376,3A,0.1246400598085818,8.023102696964106,22.34310950351543,82.47508993853592
76,275.81370026913504,0.07158904346863422,13.96861798325517,0.37982374212566344,4.912548313370194,12.660407212148755,2016-04-09T13:09:20.025000Z,18.127973175667023,0.05118484840119955,10,0.5,6,-1,peak,max mdccm,2016-04-09T13:09:20.020043Z,Taup,0.0,0.0,10,53.77933636363636,-166.21232727272726,us20005ijz,pavdut,lts,3,16.0,4.0,56.3814,-179.8187,2016-04-09T13:07:21.840000Z,2016-04-09T05:07:21.840000Z,914.1844608885215,293.94167344480206,3A,0.12277389186983377,8.145054170476334,21.99096435290042,118.18004317505631
77,229.6457388524462,0.14310616281564584,6.987819254774049,0.3254147024722911,0.764406425907497,4.183399180301791,2016-04-04T01:02:47.025000Z,5.061978548099546,-0.01738496827533853,10,0.5,6,-1,peak,max mdccm,2016-04-04T01:02:45.028668Z,Multiple triggers,34.47379502776542,0.064,10,53.77933636363636,-166.21232727272726,us20005gn9,pavdut,lts,3,40.4,3.0,52.5014,-169.0897,2016-04-04T01:02:12.000000Z,2016-04-03T17:02:12.000000Z,239.34908908905277,234.70771740054573,3A,0.1257211945403073,7.954108324029576,22.54752589713846,33.22866844497965
78,152.8692434526389,1.6474371990756764,0.607003411456939,0.2936772277499316,0.956615828537257,60.48062150923724,2016-04-09T00:51:07.805000Z,-100.80404649317096,-1.522986023656779,10,0.5,6,-1,peak,max mdccm,2016-04-09T00:51:07.804831Z,Taup,0.0,0.0,10,53.77933636363636,-166.21232727272726,ak0164le1au5,pavdut,lts,3,14.1,3.0,57.0304,-157.9204,2016-04-09T00:49:43.656000Z,2016-04-08T16:49:43.656000Z,637.2225083424192,52.06519695946794,3A,0.12445117541889748,8.035279672000216,22.307426864915563,84.1488311780154
79,59.778592804480866,4.6089856193630006,0.21696748104373736,0.2692988758609142,0.14484205599185562,19.506985161090796,2016-04-03T21:37:41.145000Z,-79.10101704708677,-4.483228082740369,10,0.5,6,-1,peak,max mdccm,2016-04-03T21:37:39.150646Z,Multiple triggers,40.6520774678703,0.12000000000000002,10,53.77933636363636,-166.21232727272726,us20005eda,pavdut,lts,3,10.0,3.8,56.3697,-167.8549,2016-04-03T21:36:57.870000Z,2016-04-03T13:36:57.870000Z,306.84293882249676,340.6775757573941,3A,0.1257575366226314,7.951809703467421,22.554402550719672,43.10064584886852
80,78.54400760455178,0.13132670143305417,7.614597710045779,0.24439241932893851,42.85802696177851,48.88879783416243,2016-04-03T18:31:18.565000Z,-26.463540407815316,-0.006867707027691211,10,0.5,6,-1,peak,max mdccm,2016-04-03T18:31:21.568126Z,Taup,0.0,0.0,10,53.77933636363636,-166.21232727272726,ak0164brerbt,pavdut,lts,3,4.8,3.3,57.0803,-157.7627,2016-04-03T18:29:55.131000Z,2016-04-03T10:29:55.131000Z,648.2871367097694,52.08046719673647,3A,0.12445899440536295,8.034774865229908,22.308903788875853,86.43712639803267
81,5.129093742907173,0.7529581254374701,1.3280951041188354,0.26986194017283227,0.8768212450138202,43.68546453965976,2016-04-03T14:19:13.565000Z,46.32672931212042,-0.6286315076556527,10,0.5,6,-1,peak,max mdccm,2016-04-03T14:19:11.560496Z,STA/LTA trigger,25.473552418258166,0.045,10,53.77933636363636,-166.21232727272726,ak0164boyfjz,pavdut,lts,3,18.1,3.6,57.1347,-157.8224,2016-04-03T14:17:45.279000Z,2016-04-03T06:17:45.279000Z,648.3421594162029,51.455823055027594,3A,0.12432661778181744,8.043329882543047,22.283901348146962,85.24149553926672
82,236.48275291120882,0.11824781312726819,8.456816016747103,0.5557672213760476,0.866163504049589,3.4559503978536554,2016-04-16T20:26:34.365000Z,21.49999998806328,0.004527087128778182,10,0.5,6,-1,peak,max mdccm,2016-04-16T20:26:32.359133Z,Multiple triggers,26.96777423194508,0.045000000000000005,10,53.77933636363636,-166.21232727272726,us20005j2a,pavdut,lts,3,25.8,4.1,51.2568,-179.4463,2016-04-16T20:24:28.000000Z,2016-04-16T12:24:28.000000Z,939.5611215125399,257.9827528992721,3A,0.12277490025604637,8.144987272761009,21.99115439776395,120.69913262426361
83,130.33784066372658,0.2511799512823244,3.9812094671362024,0.28482674194001073,1.3654979542115127,31.308813638070433,2016-04-04T03:00:21.445000Z,-78.31876137499887,-0.12687863677537875,10,0.5,6,-1,peak,max mdccm,2016-04-04T03:00:21.448638Z,Taup,0.0,0.0,10,53.77933636363636,-166.21232727272726,ak0164d5ldzo,pavdut,lts,3,19.5,3.2,57.0893,-157.7574,2016-04-04T02:58:56.206000Z,2016-04-03T18:58:56.206000Z,649.0785905648868,52.01907928872771,3A,0.12430131450694563,8.044967215082208,22.279122738323263,85.24263760727828
84,144.7603051844177,2.174833345427089,0.4598053465120207,0.2774839904600883,0.29167570204405,42.301132441649685,2016-04-15T23:57:28.925000Z,107.20551974397608,-2.0520548808319146,10,0.5,6,-1,peak,max mdccm,2016-04-15T23:57:26.928128Z,STA/LTA trigger,29.15940786518363,0.055,10,53.77933636363636,-166.21232727272726,us20005iws,pavdut,lts,3,30.41,3.7,50.8125,-177.785,2016-04-15T23:55:41.150000Z,2016-04-15T15:55:41.150000Z,854.5095555936292,251.96582492839377,3A,0.1227784645951744,8.144750818453412,21.991826150701506,110.05812757230218
85,81.93427021328853,0.11359376228981319,8.803300285527012,0.6478004971904592,1.8439840892595099,9.34297173050598,2016-04-03T02:04:57.105000Z,-30.963701617388892,0.010705731634665441,10,0.5,6,-1,peak,max mdccm,2016-04-03T02:04:57.103969Z,Taup,0.0,0.0,10,53.77933636363636,-166.21232727272726,ak0164bhq74n,pavdut,lts,3,14.9,3.9,57.2208,-157.7401,2016-04-03T02:03:30.479000Z,2016-04-02T18:03:30.479000Z,657.6285801722311,50.97056859589965,3A,0.12429949392447863,8.045085047631616,22.27877892140775,86.62496894114877
86,244.80920377412542,0.15636588945275853,6.3952566860953475,0.7230897469228896,0.6061645307335954,3.4169497416317824,2016-04-02T23:24:25.625000Z,-12.2774932603283,-0.030622402873471566,10,0.5,6,-1,peak,max mdccm,2016-04-02T23:24:23.634257Z,Multiple triggers,25.18382420281576,0.05066666666666668,10,53.77933636363636,-166.21232727272726,us20005e6y,pavdut,lts,3,29.28,4.9,52.2069,-169.4568,2016-04-02T23:23:42.040000Z,2016-04-02T15:23:42.040000Z,279.38784638897863,232.53171051379712,3A,0.12574348657928697,7.952698204924155,22.55174395903828,38.514257212291874
87,123.77224421100172,0.22173428082013094,4.509902556795861,0.8061316601233962,0.5430168223138221,10.374078582107586,2016-04-02T21:50:42.405000Z,-71.41218462794936,-0.09734482051924859,10,0.5,6,-1,peak,max mdccm,2016-04-02T21:50:45.398588Z,Taup,0.0,0.0,10,53.77933636363636,-166.21232727272726,ak0164a5rx5h,pavdut,lts,3,8.5,3.0,57.084,-157.649,2016-04-02T21:49:18.611000Z,2016-04-02T13:49:18.611000Z,654.4220574448467,52.360059583052355,3A,0.12438946030088235,8.039266329969811,22.295770079017586,86.78758813622763
88,102.9374444972101,0.34854303112058777,2.86908619800814,0.27243918740311207,0.5194324409983879,35.47371899514795,2016-04-03T21:48:50.805000Z,-50.64557752124708,-0.22401523646069624,10,0.5,6,-1,peak,max mdccm,2016-04-03T21:48:50.796280Z,Taup,0.0,0.0,10,53.77933636363636,-166.21232727272726,ak0164btauug,pavdut,lts,3,9.8,3.3,56.9913,-157.9595,2016-04-03T21:47:26.809000Z,2016-04-03T13:47:26.809000Z,632.9434660011228,52.29186697596302,3A,0.12452779465989153,8.030335739351887,22.321900103918605,83.98728040394073
89,83.10140968593743,0.06524182022604155,15.327591972991055,0.40899256942868367,106.46648329712939,67.46195883395498,2016-04-04T14:01:59.345000Z,-31.28891407932889,0.05924924522942837,10,0.5,6,-1,peak,max mdccm,2016-04-04T14:01:59.346862Z,Taup,0.0,0.0,10,53.77933636363636,-166.21232727272726,ak0164dce44h,pavdut,lts,3,12.7,4.4,57.035,-157.9953,2016-04-04T14:00:35.536000Z,2016-04-04T06:00:35.536000Z,633.6007071255143,51.81249560660854,3A,0.12449106545546992,8.032704968355315,22.314961834967175,83.81086230721318
90,143.14335459130348,0.38623980189816165,2.5890651224589902,0.48415569767087147,0.11361706391045856,3.9341833914400866,2016-04-02T16:29:36.485000Z,-91.6486639772352,-0.2618001724322889,10,0.5,6,-1,peak,max mdccm,2016-04-02T16:29:36.485064Z,Taup,0.0,0.0,10,53.77933636363636,-166.21232727272726,ak0164a2o8hs,pavdut,lts,3,9.8,3.4,57.12,-157.8525,2016-04-02T16:28:10.881000Z,2016-04-02T08:28:10.881000Z,645.9315411821656,51.49469061406828,3A,0.12443962946587274,8.036025213931126,22.305245984897315,85.60406369985581
91,138.7604892293132,0.22189505680526206,4.506634867840309,0.8146083805468127,0.5141470067462386,11.987071775691419,2016-04-02T21:18:08.645000Z,-86.69958776954539,-0.09746138740205512,10,0.5,6,-1,peak,max mdccm,2016-04-02T21:18:11.636853Z,Taup,0.0,0.0,10,53.77933636363636,-166.21232727272726,ak0164a5kwou,pavdut,lts,3,12.7,3.0,57.0558,-157.8446,2016-04-02T21:16:46.703000Z,2016-04-02T13:16:46.703000Z,642.623391875856,52.06090145976781,3A,0.12443366940320694,8.036410119512459,22.304120220079422,84.93385321922801
92,48.38513068136223,1.3707865551874625,0.7295081763208894,0.2804576976236635,0.4538340731737658,87.79246163877056,2016-04-06T05:12:32.765000Z,-149.9815700946558,-1.2480284385091858,10,0.5,6,-1,peak,max mdccm,2016-04-06T05:12:32.758528Z,Taup,0.0,0.0,10,53.77933636363636,-166.21232727272726,us20005iv1,pavdut,lts,3,66.1,3.4,51.738,-177.756,2016-04-06T05:10:49.000000Z,2016-04-05T21:10:49.000000Z,810.7090481504613,258.4035605867064,3A,0.12275811667827674,8.146100861263537,21.98799132463868,103.75852791504246
93,72.69346060173694,0.05896638281349541,16.958815384062085,0.34344959013681214,83.79284543621591,69.03367383471823,2016-04-04T14:05:30.305000Z,-20.245877510498843,0.06554989562976513,10,0.5,6,-1,peak,max mdccm,2016-04-04T14:05:30.311763Z,Taup,0.0,0.0,10,53.77933636363636,-166.21232727272726,ak0164dcewqt,pavdut,lts,3,11.2,3.2,56.978,-157.9452,2016-04-04T14:04:06.455000Z,2016-04-04T06:04:06.455000Z,632.9310827679353,52.447583091238094,3A,0.12451627844326053,8.031078446146132,22.319724615151973,83.85676319666128
94,51.431749241732234,0.1339481771934143,7.465573783479348,0.3890024632812578,1.0944488286687926,4.713709384176298,2016-04-02T15:18:27.325000Z,0.09793710448127513,-0.009613331105222236,10,0.5,6,-1,peak,max mdccm,2016-04-02T15:18:27.332877Z,Taup,0.0,0.0,10,53.77933636363636,-166.21232727272726,ak0164a20f7k,pavdut,lts,3,11.9,4.2,57.171,-157.687,2016-04-02T15:17:00.488000Z,2016-04-02T07:17:00.488000Z,657.4410664194733,51.5296863462135,3A,0.12433484608819205,8.042797586210781,22.285455327080417,86.84487736525827
95,109.84203207106174,0.16321398314074248,6.126926019185999,0.6888501317635112,1.175033202341389,12.922199228631058,2016-04-02T14:50:36.665000Z,-58.38510634370766,-0.03874236341944699,10,0.5,6,-1,peak,max mdccm,2016-04-02T14:50:36.662149Z,Taup,0.0,0.0,10,53.77933636363636,-166.21232727272726,ak0164a1lvdb,pavdut,lts,3,9.1,3.8,57.1033,-157.9156,2016-04-02T14:49:11.517000Z,2016-04-02T06:49:11.517000Z,641.7011399098755,51.456925727354076,3A,0.12447161972129549,8.03395988771658,22.31128861068514,85.14514887880065
96,88.89872004878055,0.24430412573840676,4.093258748608973,0.4001162781612984,1.2170981071027294,14.031096632976556,2016-04-03T10:46:54.545000Z,-37.21559946266993,-0.11993683222479584,10,0.5,6,-1,peak,max mdccm,2016-04-03T10:46:54.550785Z,Taup,0.0,0.0,10,53.77933636363636,-166.21232727272726,ak0164bmqo0b,pavdut,lts,3,18.2,3.2,57.0879,-157.8819,2016-04-03T10:45:30.037000Z,2016-04-03T02:45:30.037000Z,642.5434214852045,51.68312058611062,3A,0.12436729351361092,8.040699220414881,22.291583441265885,84.51378455934152
97,85.42251053834832,0.1083551045759496,9.22891453903833,0.5769426869169008,3.8225586382550873,18.262559416930515,2016-04-02T12:18:55.045000Z,-33.998359892823316,0.016218896592639864,10,0.5,6,-1,peak,max mdccm,2016-04-02T12:18:55.054920Z,Taup,0.0,0.0,10,53.77933636363636,-166.21232727272726,ak0164a086q6,pavdut,lts,3,5.0,3.6,57.059,-158.0583,2016-04-02T12:17:30.703000Z,2016-04-02T04:17:30.703000Z,631.74699757448,51.424150645524996,3A,0.12457400116858947,8.027357158149494,22.330629157197137,84.35191985420153
98,156.2759759137556,0.19890650799394285,5.0274875874370695,0.28747557683251906,39.969682036954445,77.1539702278244,2016-04-02T09:47:16.505000Z,-104.47708584174171,-0.07457238914483946,10,0.5,6,-1,peak,max mdccm,2016-04-02T09:47:19.514218Z,Taup,0.0,0.0,10,53.77933636363636,-166.21232727272726,ak01649ylxqi,pavdut,lts,3,15.7,3.3,57.1201,-157.7433,2016-04-02T09:45:53.701000Z,2016-04-02T01:45:53.701000Z,651.5825957347529,51.79889007201387,3A,0.12433411884910339,8.042844629104888,22.2853179816903,85.81321750253775
99,64.87527376011008,0.2772243240217335,3.6071870804583623,0.31111734492468823,266.7859903938785,71.78579755287632,2016-04-02T10:26:54.405000Z,-12.85158391237752,-0.1527605523619669,10,0.5,6,-1,peak,max mdccm,2016-04-02T10:26:57.405112Z,Taup,0.0,0.0,10,53.77933636363636,-166.21232727272726,ak01649z31e2,pavdut,lts,3,10.8,3.3,57.0486,-157.8798,2016-04-02T10:25:32.585000Z,2016-04-02T02:25:32.585000Z,640.3799199458605,52.02368984773256,3A,0.12446377165976663,8.034466468954465,22.309806169463688,84.82011153113105
100,147.3802329241498,0.21028279108911008,4.755500889163284,0.2721205840486306,4.826961836010124,51.24697105161874,2016-04-02T12:58:25.585000Z,-95.27226186483028,-0.08570513931576641,10,0.5,6,-1,peak,max mdccm,2016-04-02T12:58:28.577561Z,Taup,0.0,0.0,10,53.77933636363636,-166.21232727272726,ak0164a0gp9l,pavdut,lts,3,2.1,3.2,57.0075,-157.9749,2016-04-02T12:57:03.456000Z,2016-04-02T04:57:03.456000Z,633.0706513511061,52.1079710593195,3A,0.12457765177334366,8.027121925683733,22.33131883057935,85.12156085778129
101,156.8405195739313,0.10250247806842651,9.755861700557526,0.3061447563375682,12.871494034197939,55.57893628598444,2016-04-02T11:14:59.285000Z,-105.08482266117878,0.022013044135602733,10,0.5,6,-1,peak,max mdccm,2016-04-02T11:14:59.280595Z,Taup,0.0,0.0,10,53.77933636363636,-166.21232727272726,ak01649zlwnp,pavdut,lts,3,13.0,3.5,57.0249,-158.0453,2016-04-02T11:13:35.890000Z,2016-04-02T03:13:35.890000Z,630.423900723076,51.755696912752505,3A,0.12451552220402924,8.031127222527447,22.319581757793472,83.390594655068
102,87.35737435776764,0.3358352156269502,2.977650804526742,0.29514919494314995,1.4192385490005481,21.920208623727063,2016-04-02T10:04:03.105000Z,-35.573966316016,-0.21156042668936303,10,0.5,6,-1,peak,max mdccm,2016-04-02T10:04:03.113867Z,Taup,0.0,0.0,10,53.77933636363636,-166.21232727272726,ak01649yy4f6,pavdut,lts,3,24.3,3.0,57.0748,-157.8858,2016-04-02T10:02:39.065000Z,2016-04-02T02:02:39.065000Z,641.581455604752,51.78340804175165,3A,0.12427478893758713,8.046684356086226,22.274113469315846,84.04886739612631
103,97.16105138619679,0.1500607799221901,6.663966430925672,0.35903310808336314,9.041679449316566,50.46007265621725,2016-04-04T04:22:30.985000Z,-45.176435650916005,-0.02558131213936579,10,0.5,6,-1,peak,max mdccm,2016-04-04T04:22:33.993088Z,Taup,0.0,0.0,10,53.77933636363636,-166.21232727272726,ak0164d6k85x,pavdut,lts,3,14.1,3.5,57.0205,-157.9788,2016-04-04T04:21:10.293000Z,2016-04-03T20:21:10.293000Z,633.6171884857608,51.9846157352808,3A,0.12447946778282432,8.03345337035559,22.312771067646487,83.70008766252282
104,91.97712412508747,0.1450557304444665,6.893902067404655,0.2961528994344271,52.54007654416461,72.12650960466021,2016-04-02T10:02:57.465000Z,-40.86154380525562,-0.020584110723171026,10,0.5,6,-1,peak,max mdccm,2016-04-02T10:02:57.469620Z,Taup,0.0,0.0,10,53.77933636363636,-166.21232727272726,ak01649yxw5m,pavdut,lts,3,7.9,3.4,57.1422,-157.9201,2016-04-02T10:01:31.948000Z,2016-04-02T02:01:31.948000Z,643.7572815357712,51.115580319831835,3A,0.12447161972129549,8.03395988771658,22.31128861068514,85.52162038527167
105,144.09257286631532,0.3808958097628804,2.6253898687479165,0.4873690311981935,0.16471692000874816,4.430224899033135,2016-04-02T08:49:30.725000Z,-92.00746652711315,-0.2565804627039242,10,0.5,6,-1,peak,max mdccm,2016-04-02T08:49:30.716406Z,Taup,0.0,0.0,10,53.77933636363636,-166.21232727272726,ak01649y11i0,pavdut,lts,3,16.2,3.0,57.103,-157.6914,2016-04-02T08:48:04.727000Z,2016-04-02T00:48:04.727000Z,653.2941994740485,52.08510633920217,3A,0.12431534705895617,8.044059109819749,22.281772813495625,85.98940555260276
106,133.77003561942254,0.4130291151890712,2.421136823592285,0.37414870886047297,0.10181959402148988,4.2155106775908,2016-04-02T08:00:42.205000Z,-82.79985782691278,-0.2886661484823466,10,0.5,6,-1,peak,max mdccm,2016-04-02T08:00:42.213347Z,Taup,0.0,0.0,10,53.77933636363636,-166.21232727272726,ak01649xhzlt,pavdut,lts,3,10.7,3.0,57.2095,-157.7735,2016-04-02T07:59:15.534000Z,2016-04-01T23:59:15.534000Z,655.2503130962142,50.97017779250976,3A,0.1243629667067246,8.040978970517978,22.29076625253498,86.67934693730967
107,126.01352289368447,0.40337260126432994,2.4790974817466602,0.25681658063954954,2.7260656889284163,12.365781701802518,2016-04-02T07:37:07.245000Z,-74.59420971491673,-0.2789981448828762,10,0.5,6,-1,peak,max mdccm,2016-04-02T07:37:10.248966Z,Taup,0.0,0.0,10,53.77933636363636,-166.21232727272726,ak01649xcwl2,pavdut,lts,3,10.0,3.1,57.1673,-157.738,2016-04-02T07:35:43.586000Z,2016-04-01T23:35:43.586000Z,654.5954595732209,51.41931317876774,3A,0.12437445638145374,8.04023614730843,22.29293627731307,86.66296592687928
108,75.90845484618376,0.2527603914390853,3.9563160758951343,0.3222555543353201,2.019189149932134,23.12636696787598,2016-04-02T07:53:21.025000Z,-23.977029641899946,-0.12835116867174443,10,0.5,6,-1,peak,max mdccm,2016-04-02T07:53:21.033732Z,Taup,0.0,0.0,10,53.77933636363636,-166.21232727272726,ak01649xgctf,pavdut,lts,3,4.7,3.6,57.1285,-157.6695,2016-04-02T07:51:53.637000Z,2016-04-01T23:51:53.637000Z,655.8927450695518,51.93142520428381,3A,0.12440922276734087,8.037989288544239,22.299502718833605,87.39673225337592
109,88.10838024938153,0.16926629825965928,5.907850589761063,0.30798790729302644,9.602878913087553,51.12730615063242,2016-04-02T09:07:26.285000Z,-36.35594124212764,-0.04489850426401487,10,0.5,6,-1,peak,max mdccm,2016-04-02T09:07:24.276644Z,STA/LTA trigger,22.236153753862723,0.045,10,53.77933636363636,-166.21232727272726,ak01649ydgsz,pavdut,lts,3,11.0,4.1,57.1362,-157.7113,2016-04-02T09:06:01.799000Z,2016-04-02T01:06:01.799000Z,654.1693581346486,51.7524390072539,3A,0.1243677939956444,8.040666862958282,22.291677965847757,86.5176439263916
110,127.80465900743962,0.28919807163463584,3.457837717754114,0.3035555133717492,1.1886833497908635,29.424504886963064,2016-04-02T07:10:44.565000Z,-75.74412985443394,-0.16464586774126214,10,0.5,6,-1,peak,max mdccm,2016-04-02T07:10:44.575326Z,Taup,0.0,0.0,10,53.77933636363636,-166.21232727272726,ak01649x7a6t,pavdut,lts,3,7.8,3.0,57.0057,-157.997,2016-04-02T07:09:20.530000Z,2016-04-01T23:09:20.530000Z,631.8176447223019,52.06052915300569,3A,0.12455220389337371,8.028761986869997,22.326511280162993,84.04532562664342
111,110.62093215401774,0.16633422462058925,6.011991833196171,0.4028868867733602,2.157067975775995,24.673933495485926,2016-04-02T06:32:45.765000Z,-33.25668373808128,-0.040615285148283914,10,0.5,6,-1,peak,max mdccm,2016-04-02T06:32:48.764630Z,Taup,0.0,0.0,10,53.77933636363636,-166.21232727272726,us20005h6m,pavdut,lts,3,24.1,3.1,54.3235,-161.2952,2016-04-02T06:32:04.000000Z,2016-04-01T22:32:04.000000Z,327.62148594145714,77.36424841593646,3A,0.12571893947230534,7.954250999868563,22.547099204167694,44.764629777735976
112,143.09547842199018,0.36443839961081403,2.7439479513352767,0.4965223780494146,0.13714694119538895,4.9046585915544085,2016-04-02T06:52:19.745000Z,-90.78059675960276,-0.23997699985187604,10,0.5,6,-1,peak,max mdccm,2016-04-02T06:52:22.752239Z,Taup,0.0,0.0,10,53.77933636363636,-166.21232727272726,ak01649wupu0,pavdut,lts,3,11.3,3.0,57.0224,-157.8559,2016-04-02T06:50:58.009000Z,2016-04-01T22:50:58.009000Z,640.1235967575813,52.31488166238742,3A,0.12446139975893798,8.034619584359822,22.30935813790302,84.74323899231553
113,121.64387133073458,0.22227841698002845,4.4988623438408295,0.4789439880904639,0.7810491326443554,14.427273745012343,2016-04-02T07:50:33.865000Z,-69.1389193255445,-0.09781677101273421,10,0.5,6,-1,peak,max mdccm,2016-04-02T07:50:36.864283Z,Taup,0.0,0.0,10,53.77933636363636,-166.21232727272726,ak01649xfu6c,pavdut,lts,3,11.0,3.6,57.0078,-157.8326,2016-04-02T07:49:12.046000Z,2016-04-01T23:49:12.046000Z,640.5107426145089,52.50495200519008,3A,0.12446164596729424,8.034603690383284,22.3094046444661,84.81828317413758
114,94.88151815165321,0.23662687487104303,4.226062658964584,0.7128095141360552,0.755877585050212,9.98228887238102,2016-04-02T06:49:11.605000Z,-42.74990872686263,-0.1121164616488022,10,0.5,6,-1,peak,max mdccm,2016-04-02T06:49:14.607399Z,Taup,0.0,0.0,10,53.77933636363636,-166.21232727272726,ak01649wu21t,pavdut,lts,3,7.9,3.0,57.0292,-157.9005,2016-04-02T06:47:49.779000Z,2016-04-01T22:47:49.779000Z,638.1886978492967,52.13160942479058,3A,0.12451041322224084,8.03145676028785,22.318616649510638,84.82839882205711
115,133.1997311662332,0.20703444642034516,4.830114105600017,0.5623155961968658,0.7815689392541465,15.245577110007218,2016-04-02T06:45:27.945000Z,-80.842401196945,-0.08264176324166994,10,0.5,6,-1,peak,max mdccm,2016-04-02T06:45:30.951997Z,Taup,0.0,0.0,10,53.77933636363636,-166.21232727272726,ak01649wtbev,pavdut,lts,3,9.8,3.0,57.0746,-157.6792,2016-04-02T06:44:04.554000Z,2016-04-01T22:44:04.554000Z,652.312816894033,52.35732996928819,3A,0.12439268317867522,8.039058041409232,22.296378793902168,86.39799723972598
116,116.85235204843656,0.2485606975779644,4.023162188327608,0.768839283497671,,,2016-04-11T12:18:58.865000Z,144.13739890504138,-0.12579201239057247,10,0.5,6,-1,peak,max mdccm,2016-04-11T12:19:01.856264Z,Taup,0.0,0.0,10,53.77933636363636,-166.21232727272726,us20005gy6,pavdut,lts,3,10.0,4.0,51.4905,179.5162,2016-04-11T12:16:52.960000Z,2016-04-11T04:16:52.960000Z,997.3054029418046,260.98975095347794,3A,0.12276868518739191,8.145399606370452,21.989983082869962,128.89626431944126
117,191.7313694943159,0.16513239396253135,6.05574700398821,0.42369013489044005,3.510442344580361,24.898206345116222,2016-04-02T06:24:47.365000Z,-139.25291906956883,-0.0405819346654956,10,0.5,6,-1,peak,max mdccm,2016-04-02T06:24:47.359175Z,Taup,0.0,0.0,10,53.77933636363636,-166.21232727272726,ak01649wourg,pavdut,lts,3,4.8,3.0,56.9866,-157.9077,2016-04-02T06:23:22.529000Z,2016-04-01T22:23:22.529000Z,635.3804530342953,52.478450424747074,3A,0.12455045929703575,8.02887444690298,22.326181701414605,84.83017480431891
118,138.24626003732104,0.34738485715315803,2.8786516723701383,0.4470130055424235,0.17061269055283557,5.5178954498892665,2016-04-02T06:27:13.425000Z,-85.97429349695287,-0.22284962414318932,10,0.5,6,-1,peak,max mdccm,2016-04-02T06:27:13.430881Z,Taup,0.0,0.0,10,53.77933636363636,-166.21232727272726,ak01649wpc99,pavdut,lts,3,8.5,3.0,56.9952,-157.9546,2016-04-02T06:25:49.257000Z,2016-04-01T22:25:49.257000Z,633.4221296791745,52.27196654036817,3A,0.1245352330099687,8.029856096386416,22.323305275005396,84.17388088572683
119,163.6730399494694,0.23865468644454244,4.190154465005135,0.46606535022759576,0.7180280162607537,13.538909694155905,2016-04-02T06:35:40.865000Z,-111.68448777388637,-0.11408280530801015,10,0.5,6,-1,peak,max mdccm,2016-04-02T06:35:40.866078Z,Taup,0.0,0.0,10,53.77933636363636,-166.21232727272726,ak01649wr76z,pavdut,lts,3,6.1,3.0,57.0076,-158.0164,2016-04-02T06:34:16.750000Z,2016-04-01T22:34:16.750000Z,630.9191839519815,51.988552175583024,3A,0.12457188113653228,8.027493772081582,22.330228641648617,84.11607751530934
120,144.09394810501976,0.20570391331562493,4.861356227412333,0.5284215591918918,0.7057845470611928,14.475585174923907,2016-04-02T06:21:00.765000Z,-91.70082355353316,-0.08123229359432944,10,0.5,6,-1,peak,max mdccm,2016-04-02T06:21:03.773579Z,Taup,0.0,0.0,10,53.77933636363636,-166.21232727272726,ak01649wo18g,pavdut,lts,3,13.6,3.8,56.9928,-157.919,2016-04-02T06:19:39.844000Z,2016-04-01T22:19:39.844000Z,635.1427588732922,52.3931245514866,3A,0.12447161972129549,8.03395988771658,22.31128861068514,83.92957903426836
121,199.37378737905544,0.3320601666500733,3.011502433695412,0.33754025402801563,1.1757755070748996,16.85754146688089,2016-04-02T06:07:39.945000Z,-146.43045023803563,-0.2075313857932864,10,0.5,6,-1,peak,max mdccm,2016-04-02T06:07:42.954496Z,Taup,0.0,0.0,10,53.77933636363636,-166.21232727272726,ak01649wl7a4,pavdut,lts,3,8.0,3.3,56.9453,-157.8694,2016-04-02T06:06:18.526000Z,2016-04-01T22:06:18.526000Z,635.059546675718,52.94333714101982,3A,0.12452878085678694,8.03027214367448,22.322086404549378,84.42849581248238
122,131.90845324400973,0.3611428185790006,2.7689876374524895,0.5153432957537134,0.5293252152762051,14.3053670056986,2016-04-02T05:58:55.385000Z,-79.53607235393338,-0.23660175666279132,10,0.5,6,-1,peak,max mdccm,2016-04-02T05:58:58.378403Z,Taup,0.0,0.0,10,53.77933636363636,-166.21232727272726,ak01649waqds,pavdut,lts,3,7.0,3.3,56.9911,-157.9316,2016-04-02T05:57:33.929000Z,2016-04-01T21:57:33.929000Z,634.3879124071865,52.372380890076364,3A,0.1245410619162093,8.029480274327481,22.324406417595988,84.44940313126966
123,145.71639069850136,0.16821977472399155,5.944604322772165,0.5860237538880634,1.4253954212391169,20.931995130751204,2016-04-02T06:00:34.545000Z,-92.38595263074629,-0.04369061005867203,10,0.5,6,-1,peak,max mdccm,2016-04-02T06:00:37.536650Z,Taup,0.0,0.0,10,53.77933636363636,-166.21232727272726,ak01649wb46w,pavdut,lts,3,7.1,3.1,56.9165,-157.8198,2016-04-02T05:59:12.888000Z,2016-04-01T21:59:12.888000Z,636.0733435278105,53.33043806775506,3A,0.12452916466531952,8.03024739375364,22.322158909176345,84.64865040648557
124,212.01851783096492,0.11424995131383545,8.752738959626164,0.3974721186938345,6.433946422744809,23.402641436937472,2016-04-02T06:02:12.445000Z,-161.02602343913168,0.010029955421107059,10,0.5,6,-1,peak,max mdccm,2016-04-02T06:02:12.438279Z,Taup,0.0,0.0,10,53.77933636363636,-166.21232727272726,ak01649wjz9b,pavdut,lts,3,23.0,4.4,57.155,-157.9255,2016-04-02T06:00:47.996000Z,2016-04-01T22:00:47.996000Z,644.2381213953537,50.99249439183326,3A,0.1242799067349425,8.046352996810226,22.275079935024166,84.44227886677551
125,31.904103928382085,0.08475240841208664,11.799074725260418,0.7964626931368028,2.933562635906827,8.749750196667804,2016-04-02T05:54:23.725000Z,20.360959097521715,0.03958077989373303,10,0.5,6,-1,peak,max mdccm,2016-04-02T05:54:23.733957Z,Taup,0.0,0.0,10,53.77933636363636,-166.21232727272726,ak01649w9pri,pavdut,lts,3,20.5,4.1,57.0384,-157.8246,2016-04-02T05:52:59.349000Z,2016-04-01T21:52:59.349000Z,642.6686046940324,52.26506302590379,3A,0.12433318830581967,8.04290482393423,22.285142240741827,84.3849573911442
126,111.33568590793351,0.3454395189370774,2.8948627623064525,0.36813585841751517,1.056769380898045,25.090918438086845,2016-04-02T04:29:02.665000Z,141.50681781994052,-0.22204033376953294,10,0.5,6,-1,peak,max mdccm,2016-04-02T04:29:05.656024Z,Taup,0.0,0.0,10,53.77933636363636,-166.21232727272726,us20005h45,pavdut,lts,3,37.75,3.3,51.503,-175.9256,2016-04-02T04:27:34.380000Z,2016-04-01T20:27:34.380000Z,703.9093400646976,252.84250372787403,3A,0.12339918516754447,8.103781225477755,22.108858842294275,91.27602398599218
127,238.60532580649323,0.08564379591315749,11.676269008603922,0.6292610054057695,2.3773752349926154,7.028599089253021,2016-04-01T20:43:00.945000Z,13.324156080939218,0.010753658195213331,10,0.5,6,-1,peak,max mdccm,2016-04-01T20:42:58.951917Z,Multiple triggers,44.35139283034244,0.11176470588235296,10,53.77933636363636,-166.21232727272726,us20005g2w,pavdut,lts,3,224.81,4.0,52.904,-170.2937,2016-04-01T20:42:11.800000Z,2016-04-01T12:42:11.800000Z,288.72166291157737,251.92948188743244,3A,0.09639745410837082,10.373717949810082,17.09831611791797,46.31191717038276
128,241.87373960583204,0.15833921627197095,6.315554816706637,0.7107319164300027,0.5926578058125322,3.345122795452596,2016-04-01T19:53:03.485000Z,-10.599753743807042,-0.032364791127921455,10,0.5,6,-1,peak,max mdccm,2016-04-01T19:53:01.480137Z,Multiple triggers,22.969997333804205,0.05,10,53.77933636363636,-166.21232727272726,us20005g2y,pavdut,lts,3,20.13,4.1,52.174,-169.3819,2016-04-01T19:52:18.780000Z,2016-04-01T11:52:18.780000Z,277.88726592067366,231.273985862025,3A,0.1259744251440495,7.938119176622699,22.595449357996156,38.71013666680681
129,143.8703662367171,0.21730142561279375,4.601902620656919,0.35744121591743666,1.6497335748768092,35.99529372770189,2016-04-01T19:40:56.225000Z,87.53905253313673,-0.09155796189757412,10,0.5,6,-1,peak,max mdccm,2016-04-01T19:40:59.228407Z,Taup,0.0,0.0,10,53.77933636363636,-166.21232727272726,us20005g2u,pavdut,lts,3,24.39,3.9,52.1107,-169.5141,2016-04-01T19:40:19.290000Z,2016-04-01T11:40:19.290000Z,289.3358581964798,231.40941876985383,3A,0.12574346371521963,7.952699650971701,22.55173963267208,39.93840705429792
130,243.546846643256,0.15782246353796647,6.336233623418479,0.7237630371745466,0.6298172436697649,3.5248764033667612,2016-04-01T18:36:02.725000Z,-13.010276381284655,-0.03206492691533508,10,0.5,6,-1,peak,max mdccm,2016-04-01T18:36:00.728503Z,STA/LTA trigger,26.28228185140006,0.055999999999999994,10,53.77933636363636,-166.21232727272726,us20005dzk,pavdut,lts,3,21.06,4.0,52.1347,-169.3748,2016-04-01T18:35:19.710000Z,2016-04-01T10:35:19.710000Z,280.4286520911087,230.53657026197135,3A,0.1257575366226314,7.951809703467421,22.554402550719672,38.978502721269436
131,243.17787886662956,0.1579243644061406,6.332145161770344,0.713938343590709,0.48733075743512666,2.7560250035163563,2016-04-01T14:40:03.285000Z,-12.55380402095193,-0.032202871095493885,10,0.5,6,-1,peak,max mdccm,2016-04-01T14:40:01.282740Z,Multiple triggers,24.96354890176848,0.04,10,53.77933636363636,-166.21232727272726,us20005g2i,pavdut,lts,3,35.0,4.3,52.1349,-169.3838,2016-04-01T14:39:19.370000Z,2016-04-01T06:39:19.370000Z,280.8721088910184,230.62407484567763,3A,0.12572149331064672,7.954089421520696,22.547582429104146,38.54273974360047
132,244.34758314769084,0.15676603850599918,6.378932640832993,0.7014155199752327,0.6452869920910915,3.65286754886921,2016-03-31T23:39:38.745000Z,-13.52461325749573,-0.030500718358209833,10,0.5,6,-1,peak,max mdccm,2016-03-31T23:39:36.743189Z,Multiple triggers,25.008307152262002,0.04666666666666667,10,53.77933636363636,-166.21232727272726,us20005dt6,pavdut,lts,3,18.78,3.8,52.179,-169.3247,2016-03-31T23:38:55.040000Z,2016-03-31T15:38:55.040000Z,274.58646257177503,230.8229698901951,3A,0.12626532014778935,7.9198310258868645,22.650521340754743,38.373188852343596
133,237.44147583218876,0.13650999053336896,7.3254711694933174,0.796292525974614,0.9790609220700115,4.5648404065150885,2016-03-31T12:34:40.065000Z,-15.312011200156775,-0.007925753512158906,10,0.5,6,-1,peak,max mdccm,2016-03-31T12:34:38.063904Z,Multiple triggers,25.94896491317312,0.04666666666666667,10,53.77933636363636,-166.21232727272726,us20005dn0,pavdut,lts,3,10.0,4.6,52.188,-168.5209,2016-03-31T12:34:00.690000Z,2016-03-31T04:34:00.690000Z,235.35221384467437,222.12946463203198,3A,0.12858423702121005,7.777003022812582,23.090333316287545,34.01390414871966
134,49.31455150873347,3.5577772931313025,0.2810743668330828,0.27038990939377483,0.21464455303154695,20.83625961388489,2016-03-30T09:28:05.065000Z,174.19816388118386,-3.429105356298582,10,0.5,6,-1,peak,max mdccm,2016-03-30T09:28:05.072098Z,Taup,0.0,0.0,10,53.77933636363636,-166.21232727272726,us20005dcw,pavdut,lts,3,10.0,4.0,52.2367,-168.5616,2016-03-30T09:27:31.350000Z,2016-03-30T01:27:31.350000Z,233.0836119046615,223.51271538991733,3A,0.12867193683272035,7.771702397703453,23.106994784113095,33.722097627563656
135,239.21614158576375,0.15391848989140067,6.496945238389253,0.5132566028742326,0.5686855475397476,2.970981072605298,2016-03-30T01:16:24.365000Z,-14.761390438134356,-0.028160953268769273,10,0.5,6,-1,peak,max mdccm,2016-03-30T01:16:22.364451Z,Multiple triggers,25.631800826561737,0.03599999999999999,10,53.77933636363636,-166.21232727272726,us20005d9r,pavdut,lts,3,32.84,4.7,52.2199,-168.6628,2016-03-30T01:15:46.640000Z,2016-03-29T17:15:46.640000Z,239.1044540285312,224.4547511476294,3A,0.1257575366226314,7.951809703467421,22.554402550719672,33.344450893734574
136,233.17633197072064,0.1423759801753338,7.023656650289716,0.36738951914765944,1.1366020930483782,4.542686158681704,2016-03-29T13:51:39.285000Z,-10.242223577409135,-0.016630620531555118,10,0.5,6,-1,peak,max mdccm,2016-03-29T13:51:39.293653Z,Taup,0.0,0.0,10,53.77933636363636,-166.21232727272726,us20005eib,pavdut,lts,3,37.27,4.0,52.2455,-168.5034,2016-03-29T13:51:07.230000Z,2016-03-29T05:51:07.230000Z,229.72121185876367,222.9341083933115,3A,0.12574535964377867,7.952579743959367,22.552098383004896,32.06365310647553
137,235.3479391974169,0.1416488520961823,7.059711287465857,0.7228005626401445,0.6821397707122538,3.2864232424445845,2016-03-29T02:48:47.645000Z,-12.289107269517672,-0.013543409110783056,10,0.5,6,-1,peak,max mdccm,2016-03-29T02:48:45.652360Z,Multiple triggers,24.20665031570467,0.054000000000000006,10,53.77933636363636,-166.21232727272726,us20005ehx,pavdut,lts,3,15.8,3.0,52.1912,-168.5905,2016-03-29T02:48:08.000000Z,2016-03-28T18:48:08.000000Z,238.18772344936784,223.05883192789923,3A,0.12810544298539925,7.806069568128923,22.999406980114525,33.93236045459062
138,232.05564331372273,0.140431441009535,7.120912473810634,0.7374510079772751,0.626675475460531,2.97283764266993,2016-03-28T20:05:30.185000Z,-11.091591000270398,-0.013761763746121869,10,0.5,6,-1,peak,max mdccm,2016-03-28T20:05:28.185054Z,Multiple triggers,23.245616698485485,0.046666666666666676,10,53.77933636363636,-166.21232727272726,us20005czb,pavdut,lts,3,26.24,3.8,52.0959,-168.5525,2016-03-28T20:04:50.510000Z,2016-03-28T12:04:50.510000Z,244.62011546293272,220.96405231345233,3A,0.12666967726341313,7.894549205493529,22.727110594161225,34.23505419423471
139,239.09847069191989,0.15506954616199048,6.448719460076119,0.7687604566161111,0.4476473590006047,2.411697378854882,2016-03-28T17:34:41.105000Z,-17.803603766655215,-0.026848150309112168,10,0.5,6,-1,peak,max mdccm,2016-03-28T17:34:39.115535Z,Multiple triggers,27.013294635054848,0.05692307692307692,10,53.77933636363636,-166.21232727272726,us20005dy3,pavdut,lts,3,10.0,4.0,52.1006,-168.5729,2016-03-28T17:33:59.190000Z,2016-03-28T09:33:59.190000Z,245.0997235108961,221.29486692526467,3A,0.1282213958528783,7.7990104018786655,23.021421610632146,35.26553453590032
140,227.7893108704385,0.13821826939692428,7.234933589916968,0.8969049310336892,0.9440526650852004,4.3932091104855715,2016-03-28T17:15:33.005000Z,-1.678785282762476,-0.009682592246306077,10,0.5,6,-1,peak,max mdccm,2016-03-28T17:15:31.001402Z,Multiple triggers,46.77125040048092,0.1705263157894737,10,53.77933636363636,-166.21232727272726,us20005cx1,pavdut,lts,3,11.24,5.5,52.29,-168.6929,2016-03-28T17:14:55.480000Z,2016-03-28T09:14:55.480000Z,234.83844717088354,226.11052558767602,3A,0.1285356771506182,7.7799411196021415,23.081108657982224,33.84140167677583
141,226.960636174091,0.1389851240958202,7.195014621209189,0.7472777107933801,0.9065916804927605,4.253837183721316,2016-03-28T11:45:38.645000Z,-2.9595586834738015,-0.010102016197195307,10,0.5,6,-1,peak,max mdccm,2016-03-28T11:45:36.649511Z,Multiple triggers,24.991602410201388,0.04200000000000001,10,53.77933636363636,-166.21232727272726,us20005cvp,pavdut,lts,3,10.0,4.6,52.2886,-168.5243,2016-03-28T11:45:02.230000Z,2016-03-28T03:45:02.230000Z,227.08420563119722,224.0010774906172,3A,0.1288831078986249,7.758968698881518,23.14712217080085,32.949510588598635
142,120.93765483862066,0.2455298516618856,4.072824519020525,0.78087338973057,,,2016-03-28T06:03:10.065000Z,99.50516946141374,-0.11737893843021344,10,0.5,6,-1,peak,max mdccm,2016-03-28T06:03:13.058116Z,Taup,0.0,0.0,10,53.77933636363636,-166.21232727272726,us20005cut,pavdut,lts,3,11.5,4.0,52.0843,-168.526,2016-03-28T06:02:38.000000Z,2016-03-27T22:02:38.000000Z,244.48611410094554,220.44282430003443,3A,0.12815091323167216,7.803299834408458,23.00803946201163,35.058116216940995
143,231.0446583765032,0.10840667246232165,9.224524443802709,0.6901642045932154,0.9066025859017603,2.6624486515453327,2016-03-28T05:35:16.225000Z,-11.280273670964675,0.019211348151286903,10,0.5,6,-1,peak,max mdccm,2016-03-28T05:35:14.231256Z,Multiple triggers,25.273388217143903,0.05,10,53.77933636363636,-166.21232727272726,us20005cwp,pavdut,lts,3,22.8,3.9,52.143,-168.398,2016-03-28T05:34:38.050000Z,2016-03-27T21:34:38.050000Z,233.925220417531,219.76438470553853,3A,0.12761802061360855,7.83588395425532,22.90690493233545,33.00125568209901
144,145.04739343764382,0.39739750120774964,2.5163721386290865,0.3778996096261508,0.13959670409389213,4.452703887414202,2016-03-28T03:23:43.165000Z,77.56443561735148,-0.2693132087689525,10,0.5,6,-1,peak,max mdccm,2016-03-28T03:23:41.157869Z,Multiple triggers,30.177243291442736,0.11,10,53.77933636363636,-166.21232727272726,us20005gbs,pavdut,lts,3,10.0,3.8,52.1107,-168.6672,2016-03-28T03:23:04.730000Z,2016-03-27T19:23:04.730000Z,248.39527426916754,222.6118290549953,3A,0.12808429243879715,7.8073585836282975,22.9953917576015,35.68786905544115
145,232.78105542472923,0.060032000640273586,16.65778233832726,0.5813127990058164,6.451799634688259,11.536855662274434,2016-03-27T22:12:06.965000Z,24.573144804806134,0.050497881998542826,10,0.5,6,-1,peak,max mdccm,2016-03-27T22:12:04.962155Z,Multiple triggers,36.22239288997578,0.11555555555555558,10,53.77933636363636,-166.21232727272726,us20005drz,pavdut,lts,3,217.7,4.2,52.6512,-173.0367,2016-03-27T22:11:00.000000Z,2016-03-27T14:11:00.000000Z,472.6476767257941,257.35420022953537,3A,0.11052988263881641,9.047327076857089,19.701270935505576,65.23215452818312
146,233.71735291311143,0.13785046949312,7.254237172183945,0.6746011948648751,0.5052098302640782,2.363566506099744,2016-03-27T21:06:19.105000Z,-13.356462571588196,-0.010005685220208338,10,0.5,6,-1,peak,max mdccm,2016-03-27T21:06:17.098011Z,Multiple triggers,23.320917435649697,0.045714285714285714,10,53.77933636363636,-166.21232727272726,us20005drk,pavdut,lts,3,13.1,3.0,52.0457,-168.5693,2016-03-27T21:05:37.000000Z,2016-03-27T13:05:37.000000Z,249.69568180943895,220.36089034152323,3A,0.12784478427291165,7.821985118026317,22.949931821170114,35.598010878577405
147,236.03065950261623,0.14982538984990576,6.6744361620002755,0.699874042815341,0.5019657263119033,2.557828529353543,2016-03-27T20:41:17.505000Z,-13.616886281134214,-0.02279365769826483,10,0.5,6,-1,peak,max mdccm,2016-03-27T20:41:15.498287Z,Multiple triggers,28.154599257956512,0.035,10,53.77933636363636,-166.21232727272726,us20005cs2,pavdut,lts,3,25.5,3.4,52.1703,-168.568,2016-03-27T20:40:41.000000Z,2016-03-27T12:40:41.000000Z,238.94037695966188,222.41377322148202,3A,0.12703173215164093,7.872048842145009,22.79572378828777,33.53828742024609
148,238.3025290392286,0.1497746364653611,6.676697894915429,0.7991705470251772,0.5968197547024192,3.0850373946302057,2016-03-27T19:45:15.085000Z,-15.36662313481989,-0.022064211754826646,10,0.5,6,-1,peak,max mdccm,2016-03-27T19:45:13.088094Z,Multiple triggers,36.22045057828788,0.075,10,53.77933636363636,-166.21232727272726,us20005crp,pavdut,lts,3,15.26,4.1,52.114,-168.6897,2016-03-27T19:44:33.630000Z,2016-03-27T11:44:33.630000Z,249.12462176726447,222.9359059044087,3A,0.12771042471053445,7.830214348331996,22.924436342314827,35.36809424101546
149,237.35295426907993,0.14066478896166767,7.109099635961551,0.8197758202042505,0.9676028371804817,4.644850236143498,2016-03-27T18:28:05.285000Z,-16.43038146129595,-0.012556917512662191,10,0.5,6,-1,peak,max mdccm,2016-03-27T18:28:03.289031Z,Multiple triggers,26.323298288724136,0.06000000000000001,10,53.77933636363636,-166.21232727272726,us20005crb,pavdut,lts,3,12.18,4.8,52.0955,-168.5497,2016-03-27T18:27:23.580000Z,2016-03-27T10:27:23.580000Z,244.5337081828039,220.92257280778398,3A,0.12810787144900548,7.805921593179067,22.99986800760447,35.00903079251378
150,239.9255886491526,0.1527662684189934,6.545947677777211,0.7564122151092824,0.4611222021614507,2.460440707812836,2016-03-27T18:22:23.565000Z,-17.094272362222767,-0.024364211686701026,10,0.5,6,-1,peak,max mdccm,2016-03-27T18:22:21.558365Z,Multiple triggers,25.265415699255282,0.05636363636363637,10,53.77933636363636,-166.21232727272726,us20005cs3,pavdut,lts,3,8.65,3.9,52.1578,-168.6193,2016-03-27T18:21:41.970000Z,2016-03-27T10:21:41.970000Z,242.28457492633012,222.83131628692982,3A,0.12840205673229238,7.788037243709552,23.05572876889063,35.02836453971141
151,237.64153455177376,0.14046325848975594,7.1192994577505875,0.7779591018495143,0.7170155349441591,3.458947849601884,2016-03-27T18:14:38.845000Z,-14.960292127329865,-0.012796734772833579,10,0.5,6,-1,peak,max mdccm,2016-03-27T18:14:36.836463Z,Multiple triggers,26.20691122143113,0.05565217391304349,10,53.77933636363636,-166.21232727272726,us20005cr7,pavdut,lts,3,17.56,4.5,52.131,-168.6446,2016-03-27T18:13:58.440000Z,2016-03-27T10:13:58.440000Z,245.67338951724653,222.6812424244439,3A,0.12766652371692236,7.832906942914188,22.91610692325932,34.776463351514245
152,269.0188521180283,0.22238655124231366,4.496674796266769,0.5305108793470229,0.6868087520035535,10.686013103208126,2016-03-27T18:08:47.445000Z,-50.44437197008679,-0.09569168720144072,10,0.5,6,-1,peak,max mdccm,2016-03-27T18:08:50.446843Z,Taup,0.0,0.0,10,53.77933636363636,-166.21232727272726,us20005dra,pavdut,lts,3,25.7,3.2,52.0285,-168.4486,2016-03-27T18:08:16.000000Z,2016-03-27T10:08:16.000000Z,246.1531866338768,218.5744801479415,3A,0.12669486404087293,7.892979779175506,22.73188263733275,34.44684333389688
153,236.06283794745156,0.14356084540063274,6.965687595453464,0.7922628346699341,0.625358523863786,3.064305555079386,2016-03-27T18:07:21.785000Z,-17.994421549261148,-0.015490443535038367,10,0.5,6,-1,peak,max mdccm,2016-03-27T18:07:19.790830Z,Multiple triggers,30.878935814257158,0.06352941176470589,10,53.77933636363636,-166.21232727272726,us20005dr8,pavdut,lts,3,10.0,4.5,51.9965,-168.4474,2016-03-27T18:06:39.090000Z,2016-03-27T10:06:39.090000Z,248.96493561674671,218.0684163981904,3A,0.12807040186559437,7.808205373240468,22.9927548343457,35.760829935380066
154,104.22814526571423,0.16599411714961806,6.02430988020289,0.6419446185634619,1.3922720847242807,15.471959609728941,2016-04-03T09:25:12.045000Z,-52.784636175232464,-0.04168865643723041,10,0.5,6,-1,peak,max mdccm,2016-04-03T09:25:12.053444Z,Taup,0.0,0.0,10,53.77933636363636,-166.21232727272726,ak0164bm0jum,pavdut,lts,3,15.1,3.2,57.1741,-157.7089,2016-04-03T09:23:45.585000Z,2016-04-03T01:23:45.585000Z,656.4917647383006,51.44350909048177,3A,0.12430546071238766,8.044698875407853,22.279905752185734,86.46844434351212
155,198.9868025681792,0.08900716705975417,11.23505031149524,0.8457019955285067,1.8905278891587294,8.165235601513132,2016-03-27T18:05:23.145000Z,22.01951587807372,0.0385070459128328,10,0.5,6,-1,peak,max mdccm,2016-03-27T18:05:26.153572Z,Taup,0.0,0.0,10,53.77933636363636,-166.21232727272726,us20005dr7,pavdut,lts,3,20.7,3.8,52.1139,-168.5321,2016-03-27T18:04:52.000000Z,2016-03-27T10:04:52.000000Z,242.1843619758631,221.00631844625292,3A,0.12751421297258697,7.84226304415948,22.887212682794875,34.15357232455974
156,234.2994119538389,0.1428531386619725,7.000196211063019,0.8687379865390308,0.6669660318281543,3.2302327422330848,2016-03-27T18:02:08.205000Z,-10.7306310512229,-0.014927873036860273,10,0.5,6,-1,peak,max mdccm,2016-03-27T18:02:06.207876Z,Multiple triggers,30.520371999511283,0.11833333333333335,10,53.77933636363636,-166.21232727272726,us20005cr4,pavdut,lts,3,16.0,5.8,52.175,-168.6554,2016-03-27T18:01:30.960000Z,2016-03-27T10:01:30.960000Z,242.47504819861123,223.568780902616,3A,0.12792526562511222,7.817064089048068,22.965205908690162,34.46787648614706
157,174.1726314605665,0.09633166257654374,10.380802876784303,0.6700515985254762,2.192368275055676,14.197968081860779,2016-03-26T23:23:47.100000Z,-24.59681720794015,0.021732026704896795,10,0.5,6,-1,peak,max mdccm,2016-03-26T23:23:45.109316Z,Multiple triggers,113.41189045710304,0.252,11,53.77933636363636,-166.21232727272726,us20005ejh,pavdut,lts,3,38.8,3.0,53.292,-165.7356,2016-03-26T23:23:33.000000Z,2016-03-26T15:23:33.000000Z,62.77661369539203,149.57581425262634,3A,0.11806368928144054,8.470004673631681,21.10598449230782,11.109316330570417
158,81.53226339210795,0.07690582708123198,13.002915877151253,0.6925585976451837,3.2717369074634197,11.289838716618505,2016-03-25T11:35:33.040000Z,-10.522776166201908,0.04867587461949707,10,0.5,6,-1,peak,max mdccm,2016-03-25T11:35:31.032477Z,Multiple triggers,29.412920348832284,0.0611764705882353,11,53.77933636363636,-166.21232727272726,us20005ffx,pavdut,lts,3,27.49,3.6,54.7627,-160.6244,2016-03-25T11:34:39.130000Z,2016-03-25T03:34:39.130000Z,380.0275833757491,71.00948722590604,3A,0.12558170170072905,7.962943537610899,22.5211342241331,51.222477323803936
159,102.1684407827762,0.05487137692210258,18.22443787805137,0.4848518667068806,3.739221931077445,12.840378512391709,2016-03-27T17:59:45.905000Z,-50.43688682738781,0.06748124393819599,10,0.5,6,-1,peak,max mdccm,2016-03-27T17:59:43.912515Z,Multiple triggers,25.962224704491334,0.07125,10,53.77933636363636,-166.21232727272726,ak0164067wau,pavdut,lts,3,97.4,3.5,58.1084,-154.5732,2016-03-27T17:57:54.940000Z,2016-03-27T09:57:54.940000Z,870.6680894242832,51.73155395538838,3A,0.12235262086029856,8.173098319992619,21.911592011233697,110.92251526439811
160,240.34677363715758,0.16072023496880322,6.221991899116537,0.7382767883555272,0.5894167554193972,3.3792253130009726,2016-03-25T05:06:27.120000Z,-17.596409706093908,-0.03498386864670122,10,0.5,6,-1,peak,max mdccm,2016-03-25T05:06:25.118983Z,Multiple triggers,27.981214819247246,0.0626086956521739,11,53.77933636363636,-166.21232727272726,us20005fhd,pavdut,lts,3,38.5,3.2,52.1365,-168.6426,2016-03-25T05:05:47.000000Z,2016-03-24T21:05:47.000000Z,245.12050703022263,222.75036393106367,3A,0.125736366322102,7.953148554001275,22.550396662005266,33.97898274233413
161,219.37181717142244,0.1382184432148274,7.234924491558192,0.725432431037481,1.1557054495850938,6.316051832386279,2016-03-25T02:59:43.120000Z,24.74410732549515,-0.013212987823154498,10,0.5,6,-1,peak,max mdccm,2016-03-25T02:59:43.129190Z,Taup,0.0,0.0,11,53.77933636363636,-166.21232727272726,us20005cck,pavdut,lts,3,10.0,4.4,51.3732,-173.4039,2016-03-25T02:58:28.780000Z,2016-03-24T18:58:28.780000Z,555.8511589603328,244.1159244969176,3A,0.1250054553916729,7.999650870170054,22.4121632779701,74.34918992380206
162,92.77802660383668,0.23115859544606637,4.32603424532106,0.637605971902962,0.3680451614204392,4.825377758573552,2016-03-24T20:16:44.320000Z,153.24923139111058,-0.1060518653356318,10,0.5,6,-1,peak,max mdccm,2016-03-24T20:16:47.326965Z,Taup,0.0,0.0,11,53.77933636363636,-166.21232727272726,us20005cbf,pavdut,lts,3,10.0,3.9,51.6033,-173.2953,2016-03-24T20:15:35.420000Z,2016-03-24T12:15:35.420000Z,536.3225657515592,246.02725799494726,3A,0.12510673011043458,7.993175100310568,22.431308610934927,71.90696496933995
163,88.21743628914896,0.08455336247914377,11.826850768314074,0.7359568570693718,2.317589647194575,9.907584505539006,2016-03-23T16:30:30.460000Z,-14.067100265168307,0.040034036985094404,10,0.5,6,-1,peak,max mdccm,2016-03-23T16:30:28.463008Z,Multiple triggers,115.08873462031771,0.3647058823529412,11,53.77933636363636,-166.21232727272726,us20005c29,pavdut,lts,3,53.01,4.5,54.2936,-162.8305,2016-03-23T16:29:56.800000Z,2016-03-23T08:29:56.800000Z,228.82111533001623,74.15033602398066,3A,0.12458739946423818,8.026493885419304,22.333160384075477,31.923007503047195
164,45.915040326840824,1.5378100589546142,0.6502753666989203,0.3172825827224352,0.6751798584326025,85.34143857836403,2016-03-23T04:56:14.880000Z,-160.59991917781298,-1.4127899998450297,10,0.5,6,-1,peak,max mdccm,2016-03-23T04:56:14.879518Z,Taup,0.0,0.0,11,53.77933636363636,-166.21232727272726,us20005byv,pavdut,lts,3,10.0,4.7,51.4747,-173.4573,2016-03-23T04:55:00.860000Z,2016-03-22T20:55:00.860000Z,553.214067211,245.31512114902785,3A,0.12502005910958439,7.998716422965899,22.41492385388387,74.01951815533549
165,230.32064835750145,2.3092503244683207,0.4330409697918908,0.2707384544736397,0.4468245429094523,25.588082294236926,2016-03-22T19:28:50.700000Z,12.841058733505548,-2.1844547397600924,10,0.5,6,-1,peak,max mdccm,2016-03-22T19:28:53.695856Z,Taup,0.0,0.0,11,53.77933636363636,-166.21232727272726,us20005dxz,pavdut,lts,3,10.0,4.0,51.1285,-173.7663,2016-03-22T19:27:34.860000Z,2016-03-22T11:27:34.860000Z,591.7723694183207,243.161707091007,3A,0.12479558470822844,8.013104007950249,22.372496971791662,78.83585600574006
166,10.722760148782754,0.8835672322685804,1.131775787375541,0.27728294302058565,0.8486774036118925,48.46367767663506,2016-03-22T17:38:03.620000Z,25.359820437820872,-0.7823275883688771,10,0.5,6,-1,peak,max mdccm,2016-03-22T17:38:01.621797Z,STA/LTA trigger,25.007664064270216,0.07,11,53.77933636363636,-166.21232727272726,us20005c9x,pavdut,lts,3,183.46,4.1,55.6426,-163.7812,2016-03-22T17:37:21.840000Z,2016-03-22T09:37:21.840000Z,259.9163297555254,36.08258058660362,3A,0.10123964389970329,9.87755351046756,17.98577805877488,40.80179662485932
167,183.45463758314145,1.4214440440555531,0.7035099300475297,0.29632023191346063,1.975293210015907,63.149793132397036,2016-03-22T10:04:43.680000Z,62.95183544099166,-1.313064156805745,10,0.5,6,-1,peak,max mdccm,2016-03-22T10:04:46.690529Z,Taup,0.0,0.0,11,53.77933636363636,-166.21232727272726,us20005dx5,pavdut,lts,3,105.8,3.8,53.1441,-168.5444,2016-03-22T10:04:20.000000Z,2016-03-22T02:04:20.000000Z,170.2543981304511,246.4064730241331,3A,0.10837988724980814,9.226804210407316,19.302687141558017,26.690529337465964
168,97.29726745974756,0.17055714448243534,5.863137560344088,0.5494270431118897,2.0386260230936593,20.30848184936758,2016-04-03T05:23:03.125000Z,-45.13824607077308,-0.04600994028258952,10,0.5,6,-1,peak,max mdccm,2016-04-03T05:23:06.119525Z,Taup,0.0,0.0,10,53.77933636363636,-166.21232727272726,ak0164bjmdmw,pavdut,lts,3,3.5,3.0,57.0206,-157.917,2016-04-03T05:21:40.889000Z,2016-04-02T21:21:40.889000Z,636.8364350374428,52.15902138897447,3A,0.12454720419984582,8.029084285147189,22.32556676992409,85.2305251339571
169,99.56321234142428,1.4548528443345254,0.6873547409926652,0.2711831543397766,4.778520276639833,42.096094977704865,2016-03-22T02:43:21.580000Z,146.46989208299976,-1.3300610603294172,10,0.5,6,-1,peak,max mdccm,2016-03-22T02:43:21.582354Z,Taup,0.0,0.0,11,53.77933636363636,-166.21232727272726,us20005bmb,pavdut,lts,3,10.0,3.9,51.3527,-173.9954,2016-03-22T02:42:02.670000Z,2016-03-21T18:42:02.670000Z,592.3853623373337,246.03310442442407,3A,0.12479178400510837,8.013348057906319,22.371778729634187,78.91235369130763
170,236.3732202351859,3.6558236322456326,0.27353617148804804,0.26661422097428117,0.24433697910568933,23.67682481353569,2016-03-21T22:24:00.520000Z,16.431301267966717,-3.532565286790214,10,0.5,6,-1,peak,max mdccm,2016-03-21T22:24:00.520241Z,Taup,0.0,0.0,11,53.77933636363636,-166.21232727272726,us20005cza,pavdut,lts,3,39.1,3.1,51.4597,-176.0586,2016-03-21T22:22:28.000000Z,2016-03-21T14:22:28.000000Z,714.3186358546146,252.8045215031526,3A,0.12325834545541832,8.113040916663067,22.08229596294927,92.52024142669804
171,29.178230869503125,0.18077677988851107,5.531683884494024,0.7803007835003437,1.1926826297616597,8.28480935241555,2016-04-02T05:55:45.065000Z,23.727109469978615,-0.0564167052559425,10,0.5,6,-1,peak,max mdccm,2016-04-02T05:55:45.065893Z,Taup,0.0,0.0,10,53.77933636363636,-166.21232727272726,ak01649wa22p,pavdut,lts,3,12.8,3.5,57.0278,-157.6227,2016-04-02T05:54:18.894000Z,2016-04-01T21:54:18.894000Z,652.642466260451,52.90534033948173,3A,0.12436007463256857,8.041165968696763,22.29022003937038,86.17189284201721
172,83.24976686659159,1.0434410245100243,0.958367532529763,0.2961364264617936,2.6281264618681024,58.50753472559799,2016-03-21T15:33:49.980000Z,163.2005239078659,-0.9187053110210669,10,0.5,6,-1,peak,max mdccm,2016-03-21T15:33:49.985012Z,Taup,0.0,0.0,11,53.77933636363636,-166.21232727272726,us20005bi2,pavdut,lts,3,10.0,4.0,51.3464,-174.1374,2016-03-21T15:32:29.960000Z,2016-03-21T07:32:29.960000Z,601.3034682777428,246.4502907744575,3A,0.12473571348895739,8.016950174326201,22.361183171140095,80.02501159486427
173,31.156156662685873,1.2897608206843065,0.7753375540353532,0.3106748482999317,1.1108377868279196,70.58255491420908,2016-03-21T14:15:44.140000Z,54.098667041767555,-1.1640569268191372,10,0.5,6,-1,peak,max mdccm,2016-03-21T14:15:44.136893Z,Taup,0.0,0.0,11,53.77933636363636,-166.21232727272726,us20005bi1,pavdut,lts,3,25.18,3.2,53.9207,-161.14,2016-03-21T14:14:58.600000Z,2016-03-21T06:14:58.600000Z,334.11528500769145,85.25482370445343,3A,0.1257038938651693,7.955203051009744,22.544252381516507,45.53689323429467
174,76.70034680860772,0.07383220433153315,13.544225166427923,0.8838933036512212,2.9181821356195696,8.915054058877672,2016-04-02T05:51:30.085000Z,-24.475670342507385,0.0506599135523397,10,0.5,6,-1,peak,max mdccm,2016-04-02T05:51:28.088739Z,Multiple triggers,24.86578897185479,0.08823529411764708,10,53.77933636363636,-166.21232727272726,ak01649w95tp,pavdut,lts,3,11.4,6.2,57.008,-157.9322,2016-04-02T05:50:00.932000Z,2016-04-01T21:50:00.932000Z,635.3225267926243,52.22467646610032,3A,0.12449211788387285,8.032637061671705,22.315160637395536,84.13673864254994
175,228.4952048337875,2.2847915519006166,0.4376766883474094,0.3094073772007694,2.7514584922577314,55.243389884186016,2016-03-20T22:33:02.140000Z,-132.39526734458192,-2.159234009497626,10,0.5,6,-1,peak,max mdccm,2016-03-20T22:33:05.142562Z,Taup,0.0,0.0,11,53.77933636363636,-166.21232727272726,us20005c24,pavdut,lts,3,26.18,3.8,53.2592,-160.3484,2016-03-20T22:32:12.230000Z,2016-03-20T14:32:12.230000Z,393.1154186618359,96.09993748920559,3A,0.12555754240299072,7.964475736474598,22.516563861717895,52.9125622919033
176,125.76812673880752,0.0813117391041447,12.298347213053606,0.5802690553109777,5.852765056429202,34.49405246790067,2016-04-02T07:01:26.845000Z,-74.25887547272288,0.04309306333366497,10,0.5,6,-1,peak,max mdccm,2016-04-02T07:01:26.841542Z,Taup,0.0,0.0,10,53.77933636363636,-166.21232727272726,ak01649x5b6b,pavdut,lts,3,8.0,3.1,57.1514,-157.7533,2016-04-02T07:00:00.195000Z,2016-04-01T23:00:00.195000Z,652.8799241415514,51.50925126608464,3A,0.12440480243780967,8.038274892964063,22.298667819548836,86.64654225205682
177,125.99442670733006,0.15525609085978603,6.440971136540557,0.8092820772909403,1.208608070221496,16.076606985079053,2016-03-25T06:50:55.500000Z,121.33596730435352,-0.03064513864752047,10,0.5,6,-1,peak,max mdccm,2016-03-25T06:50:58.506047Z,Taup,0.0,0.0,11,53.77933636363636,-166.21232727272726,us20005fhe,pavdut,lts,3,16.9,3.3,51.3822,-174.3072,2016-03-25T06:49:38.000000Z,2016-03-24T22:49:38.000000Z,609.6391612357287,247.3303940116836,3A,0.12461095221226556,8.02497679575206,22.33761011727323,80.50604676210607
178,236.1907197716688,1.9760999869047242,0.5060472681680221,0.323626188653916,0.8426760427556269,84.382881976808,2016-03-20T19:59:36.220000Z,9.686503976785048,-1.851610565446515,10,0.5,6,-1,peak,max mdccm,2016-03-20T19:59:39.224873Z,Taup,0.0,0.0,11,53.77933636363636,-166.21232727272726,us20005cw1,pavdut,lts,3,24.3,3.0,51.2563,-174.212,2016-03-20T19:58:19.000000Z,2016-03-20T11:58:19.000000Z,610.8384343021036,245.87722374845384,3A,0.12448942145820925,8.032811047609352,22.31465128647715,80.22487327754824
179,265.4357480172577,1.303935370133201,0.7669091757959191,0.2808569662097156,1.845011321737834,55.36440753496967,2016-03-20T11:04:39.340000Z,-19.85134021630634,-1.1793390878355983,10,0.5,6,-1,peak,max mdccm,2016-03-20T11:04:39.342805Z,Taup,0.0,0.0,11,53.77933636363636,-166.21232727272726,us20005cw0,pavdut,lts,3,23.47,3.0,51.2919,-174.0289,2016-03-20T11:03:20.700000Z,2016-03-20T03:03:20.700000Z,597.8216353927704,245.58440780095137,3A,0.12459628229760268,8.025921653195592,22.334838568111635,78.64280490366326
180,152.01468193542155,0.22241053436618616,4.496189907774591,0.4796512057869171,0.7128120835722889,14.169910093155664,2016-04-02T06:23:03.205000Z,-99.5922322324775,-0.0978561456012431,10,0.5,6,-1,peak,max mdccm,2016-04-02T06:23:03.210139Z,Taup,0.0,0.0,10,53.77933636363636,-166.21232727272726,ak01649wogio,pavdut,lts,3,2.9,3.1,56.9947,-157.9027,2016-04-02T06:21:37.926000Z,2016-04-01T22:21:37.926000Z,636.1023793582624,52.42244970294404,3A,0.12455438876494306,8.02862115029269,22.326924034183648,85.28413855735752
181,278.39157382669237,0.7848180514396437,1.2741806819626968,0.276822314824301,0.7604457189368975,43.08937037366846,2016-03-20T04:47:59.020000Z,-35.027768517116726,-0.6593253695230208,10,0.5,6,-1,peak,max mdccm,2016-03-20T04:47:59.012472Z,Taup,0.0,0.0,11,53.77933636363636,-166.21232727272726,us20005cw7,pavdut,lts,3,36.85,3.7,52.2047,-171.0056,2016-03-20T04:47:09.770000Z,2016-03-19T20:47:09.770000Z,366.3683615596793,243.36380530957564,3A,0.12549268191662288,7.968592149974118,22.50429455338795,49.24247211814252
182,228.0664750531049,3.168712506034935,0.3155855881830433,0.27331621111986926,0.29319233150331836,23.89673200430542,2016-03-20T04:03:50.540000Z,18.806150204243465,-3.0439695568557035,10,0.5,6,-1,peak,max mdccm,2016-03-20T04:03:53.533055Z,Taup,0.0,0.0,11,53.77933636363636,-166.21232727272726,us20005b6a,pavdut,lts,3,10.0,4.2,51.386,-174.1546,2016-03-20T04:02:33.650000Z,2016-03-19T20:02:33.650000Z,600.1654430750074,246.87262525734837,3A,0.12474294917923158,8.016485152705446,22.3625504430057,79.88305503585265
183,216.33505755776338,3.005143609153726,0.33276279940631803,0.30747055036471876,0.4889145741823373,34.49263061044584,2016-03-20T02:18:51.380000Z,42.91830222599515,-2.8889544157640743,10,0.5,6,-1,peak,max mdccm,2016-03-20T02:18:51.377904Z,Taup,0.0,0.0,11,53.77933636363636,-166.21232727272726,us20005cw9,pavdut,lts,3,180.05,4.1,52.6228,-174.0022,2016-03-20T02:17:40.070000Z,2016-03-19T18:17:40.070000Z,535.9294578221003,259.2533597837585,3A,0.11618919338965185,8.606652398785505,20.755269428750548,71.30790370330524
184,197.30256550790614,0.22798505532911692,4.386252417099929,0.35945110946130276,1.6590103602159263,15.768702363748815,2016-04-02T06:14:57.665000Z,-145.88662457788297,-0.1035055875462926,10,0.5,6,-1,peak,max mdccm,2016-04-02T06:15:00.670654Z,Taup,0.0,0.0,10,53.77933636363636,-166.21232727272726,ak01649wmqjh,pavdut,lts,3,5.2,3.4,57.1224,-157.8732,2016-04-02T06:13:34.693000Z,2016-04-01T22:13:34.693000Z,645.0045537919119,51.41594093002317,3A,0.12447946778282432,8.03345337035559,22.312771067646487,85.97765449778329
185,79.74595217589552,2.314130068430027,0.4321278279221483,0.29666991561638223,0.5017016473077429,37.120965796725784,2016-03-20T00:45:15.980000Z,165.32564533676242,-2.2007764511207495,10,0.5,6,-1,peak,max mdccm,2016-03-20T00:45:18.975546Z,Taup,0.0,0.0,11,53.77933636363636,-166.21232727272726,us20005cw8,pavdut,lts,3,93.3,3.5,53.0778,-168.631,2016-03-20T00:44:52.000000Z,2016-03-19T16:44:52.000000Z,178.7137541167412,245.07159751265795,3A,0.11335361730927737,8.821950492074464,20.22627445351956,26.975546206886644
186,231.15998813269925,2.5525857542247783,0.39175961016976707,0.2971663986037025,1.489136160954088,47.40412090106341,2016-03-19T22:01:45.460000Z,14.675790151073556,-2.4278312300626266,10,0.5,6,-1,peak,max mdccm,2016-03-19T22:01:48.469332Z,Taup,0.0,0.0,11,53.77933636363636,-166.21232727272726,us20005b4a,pavdut,lts,3,14.4,4.1,51.3394,-173.9738,2016-03-19T22:00:30.000000Z,2016-03-19T14:00:30.000000Z,591.8304584857628,245.8357782837728,3A,0.12475452416215162,8.015741366623583,22.364737705016697,78.4693324544548
187,340.66965338415037,0.18868410920110298,5.299863376063014,0.27304964220489875,0.28898730015983043,20.09605163567366,2016-03-19T21:39:54.840000Z,96.19097083642998,-0.0629377999563196,10,0.5,6,-1,peak,max mdccm,2016-03-19T21:39:57.850875Z,Taup,0.0,0.0,11,53.77933636363636,-166.21232727272726,us20005d1a,pavdut,lts,3,11.2,3.0,54.3289,-161.5138,2016-03-19T21:39:14.000000Z,2016-03-19T13:39:14.000000Z,313.6676586183524,76.86062422058038,3A,0.1257463092447834,7.952519688298408,22.55227806822541,43.85087487625398
188,288.0063953115078,1.4323767663285556,0.6981403381480303,0.27431263274935136,7.363194680022989,32.56720643696903,2016-03-22T06:15:12.180000Z,-34.92045028197498,-1.3088858020202028,10,0.5,6,-1,peak,max mdccm,2016-03-22T06:15:15.177597Z,Taup,0.0,0.0,11,53.77933636363636,-166.21232727272726,us20005c9f,pavdut,lts,3,31.2,3.4,51.4762,-176.1216,2016-03-22T06:13:42.000000Z,2016-03-21T22:13:42.000000Z,717.5158067575262,253.0859450295328,3A,0.12349096430835288,8.097758452213823,22.12617141259274,93.17759673489621
189,228.46250834781767,0.15540016271938742,6.434999696916289,0.7743781448139777,0.810441425653416,4.319552751815365,2016-03-19T09:41:58.520000Z,1.1226802107496496,-0.02599331906135155,10,0.5,6,-1,peak,max mdccm,2016-03-19T09:41:56.522428Z,Multiple triggers,40.70381064638561,0.14363636363636365,11,53.77933636363636,-166.21232727272726,us20005azp,pavdut,lts,3,25.6,3.9,52.7747,-168.1279,2016-03-19T09:41:32.000000Z,2016-03-19T01:41:32.000000Z,169.78040439759314,229.58518855856732,3A,0.12940684365803587,7.7275665778739695,23.246696009201592,24.662427689693438
190,173.12722928030325,2.3720529997532043,0.42157574055218966,0.2864281104999578,0.2858694227949674,37.84499597623625,2016-03-20T10:29:49.480000Z,75.68774964250599,-2.2473246037876864,10,0.5,6,-1,peak,max mdccm,2016-03-20T10:29:52.488098Z,Taup,0.0,0.0,11,53.77933636363636,-166.21232727272726,us20005cwj,pavdut,lts,3,10.0,3.0,51.5369,-174.3234,2016-03-20T10:28:32.320000Z,2016-03-20T02:28:32.320000Z,602.4506217324423,248.81497892280925,3A,0.12472839596551803,8.017420510053352,22.359800449551315,80.1680984562044
191,219.17544881379706,0.10688991121909688,9.355419876346016,0.29224830507477095,8.120491823423684,81.91974505585534,2016-03-19T07:58:36.720000Z,-148.728970621857,0.018668974665219523,10,0.5,6,-1,peak,max mdccm,2016-03-19T07:58:39.716049Z,Taup,0.0,0.0,11,53.77933636363636,-166.21232727272726,us20005d10,pavdut,lts,3,28.5,3.8,54.8049,-160.576,2016-03-19T07:57:48.000000Z,2016-03-18T23:57:48.000000Z,384.23265600652616,70.44647819194007,3A,0.1255588858843164,7.964390516505135,22.51681801234512,51.71604896906119
192,186.08478055675778,0.20776360326826937,4.813162576453663,0.25948541993328056,0.30484117278043577,45.511178808280974,2016-03-20T01:26:16.120000Z,61.58681958006295,-0.08304556962823142,10,0.5,6,-1,peak,max mdccm,2016-03-20T01:26:14.119916Z,STA/LTA trigger,25.083502291700704,0.07,11,53.77933636363636,-166.21232727272726,us20005b5m,pavdut,lts,3,10.0,4.2,51.4348,-174.2622,2016-03-20T01:24:58.160000Z,2016-03-19T17:24:58.160000Z,604.0687430036348,247.67160013682073,3A,0.12471803364003795,8.018086645642658,22.357842404668567,80.3699158174267
193,211.30041694734632,0.31674768634607914,3.157086991023505,0.27703570653867854,0.3076837321750412,71.09541718916546,2016-03-19T08:51:46.980000Z,35.42348340870271,-0.19221880780914846,10,0.5,6,-1,peak,max mdccm,2016-03-19T08:51:46.989119Z,Taup,0.0,0.0,11,53.77933636363636,-166.21232727272726,us20005az6,pavdut,lts,3,23.2,4.0,51.3367,-174.2479,2016-03-19T08:50:27.000000Z,2016-03-19T00:50:27.000000Z,608.5236839473893,246.72390035604903,3A,0.12452887853693069,8.030265844748909,22.322104857138132,79.98911928654293
194,129.36312288707518,0.38391432755659094,2.6047477997616406,0.42426228234225966,0.08297901265925689,2.9552995781472475,2016-03-19T06:40:11.660000Z,115.53008482960274,-0.2593526834423221,10,0.5,6,-1,peak,max mdccm,2016-03-19T06:40:11.667223Z,Taup,0.0,0.0,11,53.77933636363636,-166.21232727272726,us20005d0z,pavdut,lts,3,22.4,3.0,51.2,-174.0711,2016-03-19T06:38:52.000000Z,2016-03-18T22:38:52.000000Z,605.6115312710776,244.89320771667792,3A,0.12456164411426887,8.028153506729824,22.32829468396835,79.66722347020456
195,175.00659220946451,0.1265831973117453,7.899942656190221,0.26989470284092254,27.49249246841079,68.76359798525627,2016-03-19T04:11:17.060000Z,72.12025232968173,-0.0018456647052685349,10,0.5,6,-1,peak,max mdccm,2016-03-19T04:11:17.059367Z,Taup,0.0,0.0,11,53.77933636363636,-166.21232727272726,us20005d0w,pavdut,lts,3,10.0,3.4,51.4031,-174.184,2016-03-19T04:09:57.070000Z,2016-03-18T20:09:57.070000Z,601.0177063600466,247.12684453914625,3A,0.12473753260647677,8.01683325863764,22.36152691430362,79.9893666049347
196,153.50578371799628,0.43290873077911474,2.3099557225382807,0.31885759017568976,0.5807404568568603,21.10945235312758,2016-03-19T04:01:09.200000Z,95.52761430726622,-0.3078397785287111,10,0.5,6,-1,peak,max mdccm,2016-03-19T04:01:12.199306Z,Taup,0.0,0.0,11,53.77933636363636,-166.21232727272726,us20005ay8,pavdut,lts,3,10.0,4.9,51.7941,-173.589,2016-03-19T03:59:59.310000Z,2016-03-18T19:59:59.310000Z,544.1756292156358,249.0333980252625,3A,0.12506895225040365,7.995589488891498,22.424166641244266,72.8893064142685
197,139.3383328983071,0.3560304907082797,2.8087482002190898,0.44361910752453865,0.1947547200276305,5.717013210898159,2016-03-19T04:42:36.460000Z,106.80303689453001,-0.23139781650802185,10,0.5,6,-1,peak,max mdccm,2016-03-19T04:42:39.466036Z,Taup,0.0,0.0,11,53.77933636363636,-166.21232727272726,us20005ayj,pavdut,lts,3,16.88,4.5,51.2981,-174.1776,2016-03-19T04:41:19.360000Z,2016-03-18T20:41:19.360000Z,606.418154947341,246.14136979283708,3A,0.12463267420025784,8.023578138050826,22.341714097650527,80.10603637415645
198,49.50875468724951,1.4761928416325991,0.677418269346197,0.2854825784888562,9.007232375100529,88.93515293877269,2016-03-19T04:16:56.720000Z,-163.85977400744298,-1.3515236743886991,10,0.5,6,-1,peak,max mdccm,2016-03-19T04:16:56.723829Z,Taup,0.0,0.0,11,53.77933636363636,-166.21232727272726,us20005bsg,pavdut,lts,3,14.62,3.0,51.2654,-174.1193,2016-03-19T04:15:36.660000Z,2016-03-18T20:15:36.660000Z,604.7514472033022,245.64898067980653,3A,0.12466916724389991,8.021229483659122,22.348609076295343,80.06382869451193
199,129.0601149006181,0.22380472353396633,4.46818094010528,0.30775027205503874,1.7683823317257803,31.436268201136357,2016-03-19T02:32:54.600000Z,116.16200666144528,-0.09908523065038768,10,0.5,6,-1,peak,max mdccm,2016-03-19T02:32:54.604423Z,Taup,0.0,0.0,11,53.77933636363636,-166.21232727272726,us20005ay1,pavdut,lts,3,10.64,4.2,51.2389,-174.0645,2016-03-19T02:31:34.430000Z,2016-03-18T18:31:34.430000Z,602.9764531282391,245.2221215620634,3A,0.12471949288357864,8.01799283239121,22.358118138826807,80.17442325858924
200,114.33390208918576,0.36525840384785063,2.737787794792403,0.3581291327772886,0.7166600539795389,15.708900934491083,2016-04-02T06:12:35.585000Z,-61.95729280902171,-0.2408456562194622,10,0.5,6,-1,peak,max mdccm,2016-04-02T06:12:38.580271Z,Taup,0.0,0.0,10,53.77933636363636,-166.21232727272726,ak01649wm9c6,pavdut,lts,3,6.7,3.0,57.0774,-157.6634,2016-04-02T06:11:11.745000Z,2016-04-01T22:11:11.745000Z,653.2963675284082,52.37660928016404,3A,0.12441274762838843,8.037761556291041,22.30016848815072,86.83527126703459
201,136.96545744687975,0.39158536097372526,2.5537216138861187,0.3497419080721213,0.10326269200446592,4.714664114592495,2016-03-19T02:19:57.640000Z,108.66341302492401,-0.266885872657259,10,0.5,6,-1,peak,max mdccm,2016-03-19T02:20:00.638784Z,Taup,0.0,0.0,11,53.77933636363636,-166.21232727272726,us20005d0t,pavdut,lts,3,10.0,3.2,51.2537,-174.1448,2016-03-19T02:18:39.910000Z,2016-03-18T18:18:39.910000Z,606.9463889179733,245.6288704718038,3A,0.12469948831646628,8.019279096496119,22.354338185073438,80.72878361691653
202,141.28305075308367,0.3606086294885056,2.7730894887857227,0.48379835019768413,0.18477200362063018,3.623037795944782,2016-03-19T01:43:39.620000Z,105.87065591926665,-0.23585288216317124,10,0.5,6,-1,peak,max mdccm,2016-03-19T01:43:42.620809Z,Taup,0.0,0.0,11,53.77933636363636,-166.21232727272726,us20005d0r,pavdut,lts,3,10.0,3.1,51.4179,-174.1499,2016-03-19T01:42:22.990000Z,2016-03-18T17:42:22.990000Z,598.1434239419622,247.15370667235032,3A,0.12475574732533433,8.01566277657918,22.364968841564558,79.63080935158877
203,231.64170387003344,0.2156182506512111,4.637826329542124,0.5710839081233071,1.6376397037537902,11.28168572212553,2016-03-19T01:41:29.620000Z,14.828218968849768,-0.09097034041562103,10,0.5,6,-1,peak,max mdccm,2016-03-19T01:41:32.621830Z,Taup,0.0,0.0,11,53.77933636363636,-166.21232727272726,us20005d20,pavdut,lts,3,19.57,3.5,51.3584,-174.1099,2016-03-19T01:40:13.620000Z,2016-03-18T17:40:13.620000Z,598.9774366810396,246.4699228388832,3A,0.12464791023559006,8.02259739541526,22.344592745587626,79.00183004051499
204,232.8341388134881,0.12622258937453382,7.922512166445511,0.6972944622691981,1.1955641566208839,5.089030386471563,2016-03-19T01:36:35.720000Z,15.203598062044165,-0.0015007116361518275,10,0.5,6,-1,peak,max mdccm,2016-03-19T01:36:33.724470Z,Multiple triggers,25.694781003879896,0.052000000000000005,11,53.77933636363636,-166.21232727272726,us20005axu,pavdut,lts,3,17.0,6.0,51.5145,-174.1423,2016-03-19T01:35:12.170000Z,2016-03-18T17:35:12.170000Z,592.5166012808653,248.03773687553226,3A,0.12472187773838199,8.017839517278686,22.358568774808994,78.36447040412482
205,179.56818794636493,0.03137956630018572,31.86787192766528,0.7578775796718797,47.149088465828356,54.608822305093895,2016-04-02T05:57:23.125000Z,-126.62839825945281,0.09300791030062754,10,0.5,6,-1,peak,max mdccm,2016-04-02T05:57:26.123067Z,Taup,0.0,0.0,10,53.77933636363636,-166.21232727272726,ak01649wacxf,pavdut,lts,3,9.5,3.4,57.0283,-157.6082,2016-04-02T05:55:59.557000Z,2016-04-01T21:55:59.557000Z,653.4329147456785,52.939789686912114,3A,0.12438747660081326,8.039394538159334,22.29539541277605,86.56606668248111
206,144.21493045894672,0.3595180225221096,2.7815017255178134,0.3069552164598347,0.19001256866183658,6.844897255355022,2016-03-18T13:35:09.260000Z,100.70605091515228,-0.234547783871474,10,0.5,6,-1,peak,max mdccm,2016-03-18T13:35:12.251206Z,Taup,0.0,0.0,11,53.77933636363636,-166.21232727272726,us20005awc,pavdut,lts,3,10.0,3.8,51.4043,-173.5392,2016-03-18T13:33:57.120000Z,2016-03-18T05:33:57.120000Z,562.1078521360488,244.920981374099,3A,0.12497023865063561,8.001905179965133,22.40550639834382,75.13120615788355
207,137.26462171289592,0.3704095003441568,2.699714772625634,0.4260748639649902,0.1148234376352879,4.428060883272423,2016-03-19T02:08:08.360000Z,107.25459722713777,-0.2456877173780841,10,0.5,6,-1,peak,max mdccm,2016-03-19T02:08:11.367002Z,Taup,0.0,0.0,11,53.77933636363636,-166.21232727272726,us20005axz,pavdut,lts,3,10.0,4.2,51.1798,-174.0157,2016-03-19T02:06:51.070000Z,2016-03-18T18:06:51.070000Z,603.4841246107469,244.5192189400337,3A,0.12472178296607273,8.017845609792346,22.358550866851264,80.29700224087163
208,158.47197951216577,0.31037235251389506,3.2219364640580577,0.3598629320603847,0.3730126080377103,9.80553241717422,2016-03-18T11:53:34.020000Z,87.92143657892416,-0.1856149629328765,10,0.5,6,-1,peak,max mdccm,2016-03-18T11:53:34.012771Z,Taup,0.0,0.0,11,53.77933636363636,-166.21232727272726,us20005aqb,pavdut,lts,3,27.6,4.4,51.524,-173.622,2016-03-18T11:52:20.210000Z,2016-03-18T03:52:20.210000Z,560.3814091320037,246.39341609108993,3A,0.12475738958101855,8.01555726164494,22.365279173050105,73.80277141586568
209,150.58947314928625,0.38003872440913,2.6313108001158634,0.35313442224298025,0.15231799907378085,5.73295373192903,2016-03-18T09:47:03.300000Z,95.618898319192,-0.2552144900037889,10,0.5,6,-1,peak,max mdccm,2016-03-18T09:47:03.295304Z,Taup,0.0,0.0,11,53.77933636363636,-166.21232727272726,us20005ci1,pavdut,lts,3,25.6,3.8,51.5307,-173.5505,2016-03-18T09:45:50.000000Z,2016-03-18T01:45:50.000000Z,555.6976588577676,246.20837146847825,3A,0.12482423440534114,8.01126483782552,22.377911199876756,73.2953040820296
210,57.20675870733368,0.009563860540333534,104.56028669413509,0.37729564773168156,4.423992354041716,82.21205779798373,2016-03-18T09:39:18.120000Z,-170.87283028741115,0.11545020960954835,10,0.5,6,-1,peak,max mdccm,2016-03-18T09:39:21.115119Z,Taup,0.0,0.0,11,53.77933636363636,-166.21232727272726,us20005apm,pavdut,lts,3,10.0,5.1,51.5464,-173.5416,2016-03-18T09:38:06.960000Z,2016-03-18T01:38:06.960000Z,554.2987216321789,246.33392841992256,3A,0.1250140701498819,7.999099611756339,22.413791739794238,74.15511909879547
211,106.64637206458502,0.06692227265764339,14.942708313504758,0.33310256068661104,307.49118749777534,35.218519736550675,2016-03-18T09:21:03.880000Z,139.67407658656782,0.05774594232828055,10,0.5,6,-1,peak,max mdccm,2016-03-18T09:21:06.876979Z,Taup,0.0,0.0,11,53.77933636363636,-166.21232727272726,us20005apd,pavdut,lts,3,21.76,4.2,51.3814,-174.0011,2016-03-18T09:19:48.980000Z,2016-03-18T01:19:48.980000Z,591.1320466572029,246.32044865115284,3A,0.12466821498592394,8.02129075252187,22.348429152783392,77.89697895131931
212,88.79968906608497,2.5368482560170142,0.39418991562784794,0.2824931625527994,0.4750955051259035,42.97884272628582,2016-03-20T20:55:52.000000Z,156.67525476106925,-2.412330243038994,10,0.5,6,-1,peak,max mdccm,2016-03-20T20:55:55.006232Z,Taup,0.0,0.0,11,53.77933636363636,-166.21232727272726,us20005c1z,pavdut,lts,3,23.73,4.0,51.2319,-174.1575,2016-03-20T20:54:34.990000Z,2016-03-20T12:54:34.990000Z,608.9486751254105,245.47494382715425,3A,0.12451801297802001,8.03096657329828,22.320052277962116,80.01623171132574
213,133.15093604295302,0.3891788567721353,2.5695126613353025,0.42164697826893494,,,2016-03-19T01:23:33.500000Z,113.84886714838126,-0.26445751529674083,10,0.5,6,-1,peak,max mdccm,2016-03-19T01:23:36.505594Z,Taup,0.0,0.0,11,53.77933636363636,-166.21232727272726,us20005axl,pavdut,lts,3,10.0,5.0,51.3815,-174.2064,2016-03-19T01:22:16.200000Z,2016-03-18T17:22:16.200000Z,603.5530147784784,246.99980319133425,3A,0.1247213414753945,8.017873991495543,22.358467443817798,80.3055943330675
214,104.86905439908287,0.0521568697521906,19.172929755010838,0.4958015955331256,5.02134826087663,17.628190582459155,2016-03-17T05:13:20.660000Z,-39.42164869842628,0.07334416161040633,10,0.5,6,-1,peak,max mdccm,2016-03-17T05:13:20.664923Z,Taup,0.0,0.0,11,53.77933636363636,-166.21232727272726,us20005ch2,pavdut,lts,3,5.4,3.2,55.2932,-159.7497,2016-03-17T05:12:19.000000Z,2016-03-16T21:12:19.000000Z,450.7780655093752,65.4474057006566,3A,0.12550103136259694,7.968062008277885,22.50587391198816,61.6649225516569
215,82.64255285817467,0.07135359339717556,14.014711136322164,0.5653713028744102,4.5112252192590026,14.017890104110762,2016-03-17T00:59:04.280000Z,-12.003998074685285,0.0541570056347824,10,0.5,6,-1,peak,max mdccm,2016-03-17T00:59:02.281325Z,Multiple triggers,24.143432067252093,0.1275,11,53.77933636363636,-166.21232727272726,us20005adq,pavdut,lts,3,25.56,3.5,54.8528,-160.1786,2016-03-17T00:58:06.420000Z,2016-03-16T16:58:06.420000Z,410.28879843141044,70.63855478348938,3A,0.12551059903195796,7.967454603139743,22.50768372860491,55.091325348361124
216,211.83441783298963,0.13207225795650157,7.571612808568422,0.6316016607587317,1.6021904191923135,7.783008876581647,2016-03-16T23:14:29.160000Z,33.252927860938826,-0.007091870071020717,10,0.5,6,-1,peak,max mdccm,2016-03-16T23:14:29.167629Z,Taup,0.0,0.0,11,53.77933636363636,-166.21232727272726,us20005ab5,pavdut,lts,3,10.0,4.3,51.4251,-173.5291,2016-03-16T23:13:14.260000Z,2016-03-16T15:13:14.260000Z,560.3188981532152,245.08734569392846,3A,0.12498038788548085,8.001255372293267,22.407424834880338,74.907629371675
217,112.19119927149154,0.1365463997009824,7.323517882491672,0.6578760086451769,1.9580828511803845,16.152833595775746,2016-03-16T22:22:59.580000Z,134.89415739160512,-0.011511752834402506,10,0.5,6,-1,peak,max mdccm,2016-03-16T22:23:02.586781Z,Taup,0.0,0.0,11,53.77933636363636,-166.21232727272726,us20005ccz,pavdut,lts,3,10.0,3.6,51.6196,-173.5452,2016-03-16T22:21:48.900000Z,2016-03-16T14:21:48.900000Z,550.5527638523104,247.08535666309666,3A,0.1250346468665799,7.997783214976127,22.41768146744084,73.68678108617426
218,58.74000986908243,1.1556335262920336,0.8653262277779362,0.24365447408909496,0.5707929841749724,81.83359187939439,2016-03-16T05:10:09.940000Z,-171.98740406656287,-1.031496153412591,10,0.5,6,-1,peak,max mdccm,2016-03-16T05:10:12.933487Z,Taup,0.0,0.0,11,53.77933636363636,-166.21232727272726,us20005at3,pavdut,lts,3,46.45,3.6,51.5616,-173.6177,2016-03-16T05:08:59.910000Z,2016-03-15T21:08:59.910000Z,558.0727436144784,246.75260580251955,3A,0.1241373728794426,8.055591775501494,22.248165756289474,73.02348690129988
219,156.0096559257542,1.5241864252853448,0.656087722217306,0.2534060342711253,1.4537105984428902,65.08058854723845,2016-03-17T21:44:27.480000Z,-96.43322551316217,-1.4010943847997648,10,0.5,6,-1,peak,max mdccm,2016-03-17T21:44:27.474627Z,Taup,0.0,0.0,11,53.77933636363636,-166.21232727272726,ak0163jp4wyu,pavdut,lts,3,6.5,3.0,56.9511,-154.6647,2016-03-17T21:42:41.025000Z,2016-03-17T13:42:41.025000Z,811.5758841748161,59.57643041259203,3A,0.12309204048558008,8.12400213738554,22.05093667475879,106.44962694096694
220,113.38089992802682,0.16472502526519112,6.070723002713754,0.3399254856735124,7.304829008661923,55.07549223997597,2016-03-15T22:56:22.580000Z,131.61897126494887,-0.03971649632798249,10,0.5,6,-1,peak,max mdccm,2016-03-15T22:56:25.590081Z,Taup,0.0,0.0,11,53.77933636363636,-166.21232727272726,us20005a1v,pavdut,lts,3,10.0,4.3,51.4416,-173.4608,2016-03-15T22:55:11.310000Z,2016-03-15T14:55:11.310000Z,555.2983214366989,244.99987119297566,3A,0.12500852893720862,7.999454185260405,22.412744273115745,74.28008099959965
221,115.17685616946238,0.22504744377296704,4.443507481066182,0.29521929065362645,229.25074464788045,84.84013797313838,2016-03-16T15:19:33.220000Z,145.96331210822632,-0.10247522593200685,10,0.5,6,-1,peak,max mdccm,2016-03-16T15:19:33.228113Z,Taup,0.0,0.0,11,53.77933636363636,-166.21232727272726,us20005a9f,pavdut,lts,3,81.1,3.1,51.6198,179.9749,2016-03-16T15:17:31.000000Z,2016-03-16T07:17:31.000000Z,962.4843538830788,261.1401682776887,3A,0.12257221784096019,8.15845562407559,21.952961098328778,122.22811331817651
222,79.15240704660829,0.1933738717682663,5.17132946067487,0.7387029960836523,0.8844164050479564,8.245235532960578,2016-03-15T15:25:22.420000Z,166.32116469170745,-0.06869233885408682,10,0.5,6,-1,peak,max mdccm,2016-03-15T15:25:25.427116Z,Taup,0.0,0.0,11,53.77933636363636,-166.21232727272726,us20005as8,pavdut,lts,3,32.81,3.7,51.4859,-173.4702,2016-03-15T15:24:12.680000Z,2016-03-15T07:24:12.680000Z,553.3571961381666,245.47357173831574,3A,0.12468153291417947,8.020433953826329,22.35094551764566,72.7471161698807
223,106.31793538537482,0.13577985520750277,7.364862766069169,0.8070673965435421,1.3133438369336328,11.241504994282565,2016-03-15T14:42:54.060000Z,139.89546523087927,-0.01104662879938681,10,0.5,6,-1,peak,max mdccm,2016-03-15T14:42:57.070856Z,Taup,0.0,0.0,11,53.77933636363636,-166.21232727272726,us20005a23,pavdut,lts,3,29.47,3.6,51.5218,-173.577,2016-03-15T14:41:43.660000Z,2016-03-15T06:41:43.660000Z,557.7858306207842,246.21340061625412,3A,0.12473322640811596,8.017110025905122,22.360713210002388,73.41085615872852
224,134.89162866767128,0.37850045951235634,2.64200471853682,0.4830379351007285,0.08098276045701525,3.1760513353538613,2016-03-19T02:25:48.340000Z,111.7142004799822,-0.25384801131765,10,0.5,6,-1,peak,max mdccm,2016-03-19T02:25:51.343165Z,Taup,0.0,0.0,11,53.77933636363636,-166.21232727272726,us20005d26,pavdut,lts,3,16.47,3.0,51.3464,-174.1846,2016-03-19T02:24:31.490000Z,2016-03-18T18:24:31.490000Z,604.1575298804091,246.6058291476535,3A,0.12465244819470635,8.022305333610506,22.345450144603948,79.85316457660149
225,25.413015962882582,0.09304154796847619,10.747886528487406,0.6173677402340975,8.859053962187346,26.995735300103917,2016-03-15T11:07:55.520000Z,-140.90197729235797,0.031773558520695244,10,0.5,6,-1,peak,max mdccm,2016-03-15T11:07:55.525128Z,Taup,0.0,0.0,11,53.77933636363636,-166.21232727272726,us20005c4t,pavdut,lts,3,25.6,3.5,51.3947,-173.4533,2016-03-15T11:06:42.000000Z,2016-03-15T03:06:42.000000Z,557.5388697661623,244.5110386705246,3A,0.12481510648917143,8.011850713653454,22.37618618076422,73.52512772758865
226,4.041312029360597,0.07556500968690906,13.233638216197315,0.5277577854755401,9.97414374152889,34.891530283993745,2016-03-15T10:59:51.040000Z,-117.26232776092286,0.04847118048806419,10,0.5,6,-1,peak,max mdccm,2016-03-15T10:59:54.037437Z,Taup,0.0,0.0,11,53.77933636363636,-166.21232727272726,us10004xrb,pavdut,lts,3,49.74,4.3,51.6013,-173.5107,2016-03-15T10:58:42.140000Z,2016-03-15T02:58:42.140000Z,549.4440023563827,246.77898426843774,3A,0.12403619017497325,8.062163136334139,22.229062912218804,71.89743735919633
227,90.17275413433413,0.07840723353784604,12.753925306104755,0.6817361612063685,2.7830218869875747,10.77487703711617,2016-03-14T19:47:01.500000Z,-10.37904883413404,0.04730893094949165,10,0.5,6,-1,peak,max mdccm,2016-03-14T19:46:59.497983Z,Multiple triggers,67.45564772508077,0.2327272727272727,11,53.77933636363636,-166.21232727272726,us20005b50,pavdut,lts,3,26.2,3.3,54.1948,-161.3458,2016-03-14T19:46:14.000000Z,2016-03-14T11:46:14.000000Z,322.49041899421803,79.79370530020009,3A,0.1257161644873377,7.9544265773453615,22.546574136854595,44.037982911449554
228,56.02608830481489,1.386641756294103,0.7211668013464199,0.27548492395691176,35.09163175036003,84.54751344366187,2016-03-14T11:21:06.380000Z,12.81539823323476,-1.2608842196714716,10,0.5,6,-1,peak,max mdccm,2016-03-14T11:21:06.384276Z,Taup,0.0,0.0,11,53.77933636363636,-166.21232727272726,us20005b5a,pavdut,lts,3,28.3,3.3,54.5941,-162.3071,2016-03-14T11:20:28.950000Z,2016-03-14T03:20:28.950000Z,270.54686878588166,68.84148653804964,3A,0.1257575366226314,7.951809703467421,22.554402550719672,37.434275782965244
229,160.8132917300389,0.9565762969879975,1.0453949184698932,0.2664559320805385,3.9059249316229883,20.197753179659344,2016-03-14T07:29:19.980000Z,85.13356142921691,-0.8318856159201005,10,0.5,6,-1,peak,max mdccm,2016-03-14T07:29:22.984375Z,Taup,0.0,0.0,11,53.77933636363636,-166.21232727272726,us20005b58,pavdut,lts,3,20.2,4.4,51.3515,-173.9733,2016-03-14T07:28:05.000000Z,2016-03-13T23:28:05.000000Z,591.1216700647545,245.94685315925585,3A,0.12469068106789699,8.01984552041605,22.35267404799588,77.9843745319472
230,235.50495313429855,1.235039804346124,0.8096905026712375,0.28791825954783834,0.8723924274668842,27.43397689408033,2016-03-14T06:16:26.940000Z,10.478535664688309,-1.1103279721285737,10,0.5,6,-1,peak,max mdccm,2016-03-14T06:16:26.937629Z,Taup,0.0,0.0,11,53.77933636363636,-166.21232727272726,us20005b57,pavdut,lts,3,15.7,3.6,51.3307,-174.0411,2016-03-14T06:15:08.000000Z,2016-03-13T22:15:08.000000Z,596.3687161914613,245.98348879898685,3A,0.12471183221755024,8.018485353142568,22.356670609092546,78.93762891597413
231,277.51150890091395,1.8372360445396139,0.5442958747582085,0.2688062698126011,0.794212826366945,51.362617131790515,2016-03-14T01:14:45.180000Z,-33.31726013097247,-1.7124430253451834,10,0.5,6,-1,peak,max mdccm,2016-03-14T01:14:48.177508Z,Taup,0.0,0.0,11,53.77933636363636,-166.21232727272726,us20005b56,pavdut,lts,3,10.0,3.8,51.2074,-173.8528,2016-03-14T01:13:29.290000Z,2016-03-13T17:13:29.290000Z,592.1862676915547,244.19424876994148,3A,0.12479301919443044,8.013268742556638,22.37201215052254,78.88750817927789
232,166.59588665676674,0.0755453725534633,13.237078145220636,0.3860559086751889,60.365265591027985,72.5870284013975,2016-03-13T20:58:48.160000Z,83.7512464398526,0.048155314914890626,10,0.5,6,-1,peak,max mdccm,2016-03-13T20:58:51.168423Z,Taup,0.0,0.0,11,53.77933636363636,-166.21232727272726,us20005bkj,pavdut,lts,3,53.0,3.8,51.7701,-174.0852,2016-03-13T20:57:36.030000Z,2016-03-13T12:57:36.030000Z,576.0402319790048,250.3471330966193,3A,0.12370068746835393,8.084029446124362,22.16574009942097,75.13842322203384
233,240.4249673317351,0.15672450249030354,6.3806232217063155,0.5732975099208374,0.8488547473752073,4.695230557929335,2016-03-13T18:25:45.120000Z,1.4745623242943964,-0.028730522392502345,10,0.5,6,-1,peak,max mdccm,2016-03-13T18:25:43.115459Z,Multiple triggers,28.526066542199263,0.06000000000000001,11,53.77933636363636,-166.21232727272726,us20005bkb,pavdut,lts,3,13.2,3.2,52.6951,-169.4206,2016-03-13T18:25:05.000000Z,2016-03-13T10:25:05.000000Z,245.82624257895733,241.8995296560295,3A,0.1279939800978012,7.812867442952334,22.978248194204287,35.09545907333749
234,319.1607543286722,1.6479960402007674,0.6067975745124817,0.2905384721638048,2.7785029760822533,73.60161649583034,2016-03-13T16:52:50.020000Z,-77.20829379414667,-1.5281691902360732,10,0.5,6,-1,peak,max mdccm,2016-03-13T16:52:53.012728Z,Taup,0.0,0.0,11,53.77933636363636,-166.21232727272726,us20005bki,pavdut,lts,3,96.49,3.1,52.4486,-170.1034,2016-03-13T16:52:11.730000Z,2016-03-13T08:52:11.730000Z,299.635127964511,241.95246053452556,3A,0.11982684996469424,8.345375016489541,21.43662664816017,41.282727824314804
235,185.34873759422646,0.6265401278068524,1.5960669646179095,0.32468054477952424,54.617453618548346,81.96297496139306,2016-03-13T14:35:03.820000Z,-65.95570606069997,-0.500782591184221,10,0.5,6,-1,peak,max mdccm,2016-03-13T14:35:01.819396Z,STA/LTA trigger,28.680939217741646,0.07,11,53.77933636363636,-166.21232727272726,us20005bji,pavdut,lts,3,36.85,3.4,52.7598,-163.3313,2016-03-13T14:34:30.710000Z,2016-03-13T06:34:30.710000Z,223.1830834803939,119.3930315335265,3A,0.1257575366226314,7.951809703467421,22.554402550719672,31.249396457636323
236,3.5594134989233908,1.5229558845537992,0.6566178378128027,0.2901479581764635,0.9762000316089494,51.915348207383474,2016-03-13T14:20:01.680000Z,-116.86931817034781,-1.3980255006722904,10,0.5,6,-1,peak,max mdccm,2016-03-13T14:20:01.676184Z,Taup,0.0,0.0,11,53.77933636363636,-166.21232727272726,us10004x7d,pavdut,lts,3,10.0,4.5,51.5087,-173.7512,2016-03-13T14:18:45.680000Z,2016-03-13T06:18:45.680000Z,569.0303596372898,246.6900953285756,3A,0.12493038388150889,8.004457914324966,22.397973195430968,75.99618425497546
237,182.02276355474112,1.8715374742984274,0.534320051686309,0.295290784069298,0.8178309696925672,53.30055696076735,2016-03-13T12:28:54.820000Z,64.86729382691667,-1.7475510035930726,10,0.5,6,-1,peak,max mdccm,2016-03-13T12:28:57.811848Z,Taup,0.0,0.0,11,53.77933636363636,-166.21232727272726,us20005afe,pavdut,lts,3,43.79,4.2,51.3961,-174.1313,2016-03-13T12:27:39.760000Z,2016-03-13T04:27:39.760000Z,598.2007995343084,246.89005738165778,3A,0.1239864707053549,8.065396121940026,22.21967705157098,78.05184800085307
238,243.15812589514155,2.945778383417724,0.33946884994104315,0.2896271701945501,0.3631389276820167,28.10917864184472,2016-03-13T07:22:36.240000Z,3.4813153464612583,-2.8210408658943416,10,0.5,6,-1,peak,max mdccm,2016-03-13T07:22:36.239759Z,Taup,0.0,0.0,11,53.77933636363636,-166.21232727272726,us20005afc,pavdut,lts,3,18.0,3.1,51.42,-173.988,2016-03-13T07:21:18.480000Z,2016-03-12T23:21:18.480000Z,588.2120480638603,246.6394412416028,3A,0.12473751752338257,8.016834228022422,22.361524064176123,77.7597589177965
239,43.77940267541902,0.8067199584846872,1.2395875290830325,0.26204427757956167,0.3958087094108743,83.20580092694223,2016-03-14T06:24:57.120000Z,-148.08053709034255,-0.6839424434652378,10,0.5,6,-1,peak,max mdccm,2016-03-14T06:25:00.113485Z,Taup,0.0,0.0,11,53.77933636363636,-166.21232727272726,us20005aig,pavdut,lts,3,63.6,3.6,51.822,-176.007,2016-03-14T06:23:30.530000Z,2016-03-13T22:23:30.530000Z,694.9200180640279,255.69886558507648,3A,0.1227775150194494,8.144813810913083,21.991647188664615,89.58348461255409
240,143.92400467068455,0.5786654312263672,1.7281142885634233,0.28009016748359455,0.6058819298964344,3.3504029222074934,2016-03-13T04:20:39.280000Z,103.63585166376248,-0.45376815242474544,10,0.5,6,-1,peak,max mdccm,2016-03-13T04:20:42.280150Z,Taup,0.0,0.0,11,53.77933636363636,-166.21232727272726,us10004x57,pavdut,lts,3,10.0,5.4,51.5524,-173.8827,2016-03-13T04:19:25.580000Z,2016-03-12T20:19:25.580000Z,574.6659014824942,247.55985633444703,3A,0.12489727880162174,8.006579563581456,22.391716104474558,76.70015004777166
241,19.852604586851953,1.4738094223934843,0.6785137785155342,0.2618422917359862,1.9251600803323952,56.56586361857224,2016-03-13T03:56:34.500000Z,-134.03973255345602,-1.3490660042145843,10,0.5,6,-1,peak,max mdccm,2016-03-13T03:56:37.503838Z,Taup,0.0,0.0,11,53.77933636363636,-166.21232727272726,us10004x51,pavdut,lts,3,10.0,4.2,51.3,-174.0743,2016-03-13T03:55:17.630000Z,2016-03-12T19:55:17.630000Z,600.0915511412342,245.81287203339593,3A,0.12474341817889995,8.016455013008034,22.3626390666724,79.87383751718559
242,256.71056514160665,3.0756427743070063,0.325135288257043,0.2886500255409334,0.18904343621756375,21.89262085090259,2016-03-13T03:21:20.320000Z,-9.553246289481933,-2.9508044915012057,10,0.5,6,-1,peak,max mdccm,2016-03-13T03:21:20.315546Z,Taup,0.0,0.0,11,53.77933636363636,-166.21232727272726,us10004x4s,pavdut,lts,3,10.0,5.0,51.4779,-173.9784,2016-03-13T03:20:02.390000Z,2016-03-12T19:20:02.390000Z,584.4792921034704,247.15731885212472,3A,0.12483828280580053,8.010363307829284,22.38056614764529,77.92554583971503
243,28.057425606998322,3.5212852842906766,0.28398721468585547,0.27358002106138674,0.1877611645772659,22.81507557737092,2016-03-13T02:30:06.200000Z,-140.83898733929732,-3.3964919973342265,10,0.5,6,-1,peak,max mdccm,2016-03-13T02:30:06.192120Z,Taup,0.0,0.0,11,53.77933636363636,-166.21232727272726,us10004x4k,pavdut,lts,3,10.0,4.6,51.4494,-174.0792,2016-03-13T02:28:47.310000Z,2016-03-12T18:28:47.310000Z,592.1430928880307,247.218438267701,3A,0.1247932869564499,8.013251548931297,22.372062751115575,78.8821202565772
244,35.1192946554566,4.350151210726246,0.22987706669466618,0.2804656129556435,0.0928767002851361,13.890434466573197,2016-03-13T02:13:59.440000Z,-148.24076972873365,-4.225412408122389,10,0.5,6,-1,peak,max mdccm,2016-03-13T02:14:02.444464Z,Taup,0.0,0.0,11,53.77933636363636,-166.21232727272726,us20005bk2,pavdut,lts,3,10.0,3.0,51.3836,-174.1632,2016-03-13T02:12:42.480000Z,2016-03-12T18:12:42.480000Z,600.8180665350906,246.87852492672297,3A,0.12473880260385731,8.016751637225328,22.36176689540843,79.96446388959124
245,169.08160817678674,0.9285470442737231,1.0769513576796368,0.28595889087284454,2.9309669141240975,28.365821025784868,2016-03-13T01:34:59.780000Z,83.63106795892816,-0.8040202497507618,10,0.5,6,-1,peak,max mdccm,2016-03-13T01:35:02.787748Z,Taup,0.0,0.0,11,53.77933636363636,-166.21232727272726,us20005bk0,pavdut,lts,3,29.05,3.1,51.9099,-174.4281,2016-03-13T01:33:45.230000Z,2016-03-12T17:33:45.230000Z,590.9379896559246,252.71267613571493,3A,0.12452679452296136,8.030400234992085,22.32171117015568,77.55774824654439
246,248.5089691113733,1.0179370069037774,0.982379060018325,0.25442753243869964,0.7077647847113112,72.06463263710347,2016-03-13T00:44:43.740000Z,-2.131127167334256,-0.8932443894306493,10,0.5,6,-1,peak,max mdccm,2016-03-13T00:44:46.731486Z,Taup,0.0,0.0,11,53.77933636363636,-166.21232727272726,us20005bjy,pavdut,lts,3,23.7,4.1,51.4242,-173.8986,2016-03-13T00:43:30.000000Z,2016-03-12T16:43:30.000000Z,582.5759778745529,246.37784194403903,3A,0.12469261747312814,8.019720976789221,22.35303993169999,76.73148577822005
247,224.7931290620968,2.6988205343191907,0.3705322333529161,0.2585634299244973,0.3629356017686801,25.148428924796377,2016-03-12T23:57:21.220000Z,20.746253952302965,-2.574084091267892,10,0.5,6,-1,peak,max mdccm,2016-03-12T23:57:24.212556Z,Taup,0.0,0.0,11,53.77933636363636,-166.21232727272726,us20005acp,pavdut,lts,3,13.0,3.9,51.2925,-174.0141,2016-03-12T23:56:05.000000Z,2016-03-12T15:56:05.000000Z,596.8993766521659,245.53938301439976,3A,0.12473644305129852,8.01690328454167,22.36132103022787,79.21255642979287
248,276.1023202164407,3.2147801115235706,0.31106326570064324,0.26743464132928774,0.17497736149681212,28.620417272096063,2016-03-13T04:36:47.400000Z,-26.199127803862638,-3.090067782187719,10,0.5,6,-1,peak,max mdccm,2016-03-13T04:36:50.410614Z,Taup,0.0,0.0,11,53.77933636363636,-166.21232727272726,us20005bk5,pavdut,lts,3,10.0,3.3,51.6182,-174.4309,2016-03-13T04:35:29.930000Z,2016-03-12T20:35:29.930000Z,604.9563490663584,249.90319241257808,3A,0.12471232933585182,8.018453390498287,22.35676454218195,80.48061380457825
249,287.1027604139704,1.3475131480815872,0.7421077867950076,0.27164585891839016,1.7117854845294864,33.47084133450642,2016-03-12T22:43:48.660000Z,-41.629602057449915,-1.2227128771048617,10,0.5,6,-1,peak,max mdccm,2016-03-12T22:43:48.659020Z,Taup,0.0,0.0,11,53.77933636363636,-166.21232727272726,us20005acl,pavdut,lts,3,17.5,3.7,51.3686,-173.7896,2016-03-12T22:42:32.000000Z,2016-03-12T14:42:32.000000Z,579.1214908448754,245.47315835652046,3A,0.12480027097672564,8.01280311471834,22.373382569766655,76.65901955124716
250,228.65687235479413,1.0265119113396186,0.9741728166553664,0.26104812609520966,3.155785590538135,87.83479805152137,2016-03-12T22:32:05.820000Z,15.692574177442111,-0.9016934947936301,10,0.5,6,-1,peak,max mdccm,2016-03-12T22:32:08.813309Z,Taup,0.0,0.0,11,53.77933636363636,-166.21232727272726,us20005ac8,pavdut,lts,3,10.0,3.7,51.2391,-173.8147,2016-03-12T22:30:50.440000Z,2016-03-12T14:30:50.440000Z,588.0662761084526,244.34944653223624,3A,0.12481841654598845,8.011638247562267,22.376811722082937,78.37330927726576
251,37.21800747104379,3.960185363127905,0.25251343265663756,0.27179869231299464,0.20148823764889634,23.304047216760438,2016-03-12T21:30:37.580000Z,-150.59545352277303,-3.8355473336490915,10,0.5,6,-1,peak,max mdccm,2016-03-12T21:30:37.583608Z,Taup,0.0,0.0,11,53.77933636363636,-166.21232727272726,us10004x3g,pavdut,lts,3,24.2,4.4,51.4125,-174.0041,2016-03-12T21:29:20.000000Z,2016-03-12T13:29:20.000000Z,589.5979439820145,246.62255394827073,3A,0.12463802947881379,8.023233391779367,22.34272590013125,77.58360835260248
252,10.774665255546495,3.348717649674122,0.29862177245588745,0.29605511263276124,0.20868790061735248,31.02011519459579,2016-03-12T20:00:23.660000Z,-125.49642203067492,-3.223898897480539,10,0.5,6,-1,peak,max mdccm,2016-03-12T20:00:23.666470Z,Taup,0.0,0.0,11,53.77933636363636,-166.21232727272726,us20005a83,pavdut,lts,3,10.0,4.0,51.3125,-173.8848,2016-03-12T19:59:05.300000Z,2016-03-12T11:59:05.300000Z,588.0114860504818,245.2782432248716,3A,0.1248187521935835,8.011616703627057,22.376875153610115,78.36647045573156
253,230.6357640174732,2.7163909172406595,0.3681355263165919,0.2813104127810646,0.6924053029027019,35.60762371909263,2016-03-12T19:51:34.000000Z,14.707043531860108,-2.591573777081517,10,0.5,6,-1,peak,max mdccm,2016-03-12T19:51:37.009305Z,Taup,0.0,0.0,11,53.77933636363636,-166.21232727272726,us20005ad8,pavdut,lts,3,10.0,3.7,51.3164,-173.8929,2016-03-12T19:50:18.610000Z,2016-03-12T11:50:18.610000Z,588.2745472034156,245.34280754933332,3A,0.12481714015914266,8.011720175009566,22.376570507548777,78.39930522802818
254,336.0166166297296,0.8732506638371544,1.1451465672020171,0.2712991194414625,1.3288928462039573,15.443014881252765,2016-03-12T19:02:59.360000Z,-90.92742640806784,-0.7484492825963466,10,0.5,6,-1,peak,max mdccm,2016-03-12T19:02:59.363294Z,Taup,0.0,0.0,11,53.77933636363636,-166.21232727272726,us20005a81,pavdut,lts,3,15.0,4.0,51.3192,-173.813,2016-03-12T19:01:42.000000Z,2016-03-12T11:01:42.000000Z,583.3327401390819,245.08919022166174,3A,0.12480138124080788,8.012731830831832,22.37359238520775,77.3632943947439
255,236.26831684896092,0.4426974472323531,2.2588790747536036,0.29243299379107807,0.3287813551203037,84.84466469857824,2016-03-12T18:16:38.440000Z,8.98050079551669,-0.3179207202826205,10,0.5,6,-1,peak,max mdccm,2016-03-12T18:16:41.444731Z,Taup,0.0,0.0,11,53.77933636363636,-166.21232727272726,us20005ac1,pavdut,lts,3,21.08,3.2,51.367,-173.7303,2016-03-12T18:15:25.440000Z,2016-03-12T10:15:25.440000Z,575.6589421489881,245.2488176444776,3A,0.12477672694973262,8.014315044526361,22.368933342037323,76.00473052807665
256,231.50915022153026,2.8920471390196485,0.3457758300367752,0.2761149544723166,0.3546984035820521,25.504192862756014,2016-03-12T18:07:58.140000Z,16.367367890787648,-2.767255552118236,10,0.5,6,-1,peak,max mdccm,2016-03-12T18:08:01.136740Z,Taup,0.0,0.0,11,53.77933636363636,-166.21232727272726,us10004x1w,pavdut,lts,3,19.0,6.3,51.5648,-173.9423,2016-03-12T18:06:44.760000Z,2016-03-12T10:06:44.760000Z,577.6451215237576,247.8765181123179,3A,0.12479158690141241,8.013360714693194,22.37174148184208,76.37673960147926
257,71.97324133852027,2.66359422862307,0.37543255998003283,0.27181895511351956,0.3650546507061438,29.588291929049745,2016-03-12T18:02:20.860000Z,178.22347891492632,-2.5398452752775893,10,0.5,6,-1,peak,max mdccm,2016-03-12T18:02:20.860849Z,Taup,0.0,0.0,11,53.77933636363636,-166.21232727272726,us10004x1u,pavdut,lts,3,51.47,4.6,51.7414,-174.1299,2016-03-12T18:01:05.180000Z,2016-03-12T10:01:05.180000Z,580.2147625187159,250.1967202534466,3A,0.12374895334548065,8.080876427360266,22.174848047949567,75.6808485204719
258,59.01488662818093,0.6032381442944527,1.6577201051660948,0.2779537732127281,0.22701984098435027,81.55871512029589,2016-03-12T14:16:45.880000Z,-173.4373371412263,-0.47865542879710343,10,0.5,6,-1,peak,max mdccm,2016-03-12T14:16:48.885098Z,Taup,0.0,0.0,11,53.77933636363636,-166.21232727272726,us10004x0q,pavdut,lts,3,27.1,4.0,51.3315,-173.92,2016-03-12T14:15:31.490000Z,2016-03-12T06:15:31.490000Z,589.043170847114,245.5775494869546,3A,0.12458271549734924,8.026795659477154,22.33227547653434,77.3950983378179
259,353.9256979194991,1.6671761964038334,0.5998166253555206,0.27848185474057763,2.2324984812810422,69.0683193800254,2016-03-12T13:24:56.080000Z,-107.05665908862437,-1.5423666067324664,10,0.5,6,-1,peak,max mdccm,2016-03-12T13:24:56.082726Z,Taup,0.0,0.0,11,53.77933636363636,-166.21232727272726,us10004x0f,pavdut,lts,3,12.71,5.6,51.4497,-173.9725,2016-03-12T13:23:38.250000Z,2016-03-12T05:23:38.250000Z,585.6499859191003,246.86903883087473,3A,0.12480958967136706,8.01220485247227,22.37514360748106,77.8327259799138
260,216.06050029713037,1.797655303620619,0.5562801711684778,0.2653906589073048,2.951407601902234,73.64293803892656,2016-03-12T12:41:27.720000Z,29.66029744162546,-1.6729653720594846,10,0.5,6,-1,peak,max mdccm,2016-03-12T12:41:25.726814Z,STA/LTA trigger,21.176921093489668,0.034999999999999996,11,53.77933636363636,-166.21232727272726,us20005a7u,pavdut,lts,3,21.77,4.0,51.3487,-173.9149,2016-03-12T12:40:07.660000Z,2016-03-12T04:40:07.660000Z,587.7664256588146,245.72079773875583,3A,0.12468993156113445,8.019893727423439,22.352532428975906,77.47681391918572
261,207.62226139213658,1.358579571844621,0.7360628856226971,0.26597718638897183,0.8087877506970884,65.87240761807126,2016-03-12T11:57:09.400000Z,39.87332190085016,-1.2342574441381235,10,0.5,6,-1,peak,max mdccm,2016-03-12T11:57:09.404809Z,Taup,0.0,0.0,11,53.77933636363636,-166.21232727272726,us10004wzx,pavdut,lts,3,37.59,4.5,51.4967,-174.0267,2016-03-12T11:55:52.680000Z,2016-03-12T03:55:52.680000Z,586.4073741211997,247.49558329298674,3A,0.12432212770649737,8.043620379155863,22.283053370178795,76.72480872442979
262,207.7250141710299,1.9689389585387622,0.5078877614073647,0.27944694240155993,2.5379206414679047,61.112382494591486,2016-03-12T11:41:52.060000Z,-135.17538836015763,-1.840254551349736,10,0.5,6,-1,peak,max mdccm,2016-03-12T11:41:52.070448Z,Taup,0.0,0.0,11,53.77933636363636,-166.21232727272726,us20005abv,pavdut,lts,3,31.7,3.4,54.1456,-164.1302,2016-03-12T11:41:31.000000Z,2016-03-12T03:41:31.000000Z,142.6046396670742,72.54962581087226,3A,0.12868440718902627,7.770949269176696,23.10936410688745,21.070447738324134
263,137.8300153543187,1.576314098853175,0.6343913314786285,0.2557477584083961,1.3974326888891506,65.97049573062012,2016-03-12T02:40:41.760000Z,109.03736566619114,-1.45151398609276,10,0.5,6,-1,peak,max mdccm,2016-03-12T02:40:41.765674Z,Taup,0.0,0.0,11,53.77933636363636,-166.21232727272726,us20005a7j,pavdut,lts,3,4.6,3.4,51.398,-174.119,2016-03-12T02:39:21.650000Z,2016-03-11T18:39:21.650000Z,597.3512812712614,246.86738102050987,3A,0.12480011276041512,8.012813273011611,22.37335267039683,80.11567443108041
264,309.5143314595159,0.7137136329901205,1.4011221781073115,0.25189356341537644,21.101968475144336,10.128523131113326,2016-03-12T01:09:43.880000Z,109.02259523776308,-0.5885671404586547,10,0.5,6,-1,peak,max mdccm,2016-03-12T01:09:41.883122Z,STA/LTA trigger,25.387387035403222,0.036,11,53.77933636363636,-166.21232727272726,ak0163b3c70z,pavdut,lts,3,4.8,3.3,56.0745,-158.8694,2016-03-12T01:08:27.717000Z,2016-03-11T17:08:27.717000Z,535.2393340322106,58.536926697278986,3A,0.12514649253146579,7.990635452676138,22.438826162305073,72.32612195607946
265,306.3032085485068,0.8618718130206271,1.160265349083956,0.26920164000104047,0.877454290877169,14.270393199970016,2016-03-11T20:13:03.700000Z,125.39507277762868,-0.7362096970299806,10,0.5,6,-1,peak,max mdccm,2016-03-11T20:13:06.703923Z,Taup,0.0,0.0,11,53.77933636363636,-166.21232727272726,us20005bfc,pavdut,lts,3,21.22,3.4,54.6958,-160.7974,2016-03-11T20:12:16.800000Z,2016-03-11T12:12:16.800000Z,367.39722825546625,71.69828132613551,3A,0.12566211599064647,7.957847853480629,22.536347777425764,49.90392313193351
266,252.26249806535378,0.9392021814576228,1.0647334724542699,0.26659831415799234,0.4884016183131205,69.4948035268358,2016-03-11T18:06:26.280000Z,0.7034192785970959,-0.8160478781200331,10,0.5,6,-1,peak,max mdccm,2016-03-11T18:06:29.276438Z,Taup,0.0,0.0,11,53.77933636363636,-166.21232727272726,us200059zu,pavdut,lts,3,62.3,4.1,51.9478,-174.3824,2016-03-11T18:05:13.010000Z,2016-03-11T10:05:13.010000Z,586.3647053579732,252.96591734395088,3A,0.12315430333758967,8.119894903378304,22.06267645152034,76.26643790868079
267,88.2050910249942,2.448896010984881,0.4083472697551688,0.26218397487288775,0.6929129747893928,50.129444762435895,2016-03-18T02:03:45.280000Z,172.41051669166603,-2.32620926991414,10,0.5,6,-1,peak,max mdccm,2016-03-18T02:03:45.277896Z,Taup,0.0,0.0,11,53.77933636363636,-166.21232727272726,us20005bqm,pavdut,lts,3,67.22,4.0,51.5503,-179.9617,2016-03-18T02:01:43.090000Z,2016-03-17T18:01:43.090000Z,961.0155420889851,260.61560771666024,3A,0.12268674107074125,8.150840027802184,21.97454049461285,122.18789620068257
268,241.1774226473628,0.11854294773130311,8.43576120839059,0.5969820543320162,1.605827119196121,6.8365117838281435,2016-03-08T14:37:58.500000Z,4.1082912443825705,-0.004413447482515306,10,0.5,6,-1,peak,max mdccm,2016-03-08T14:37:56.501455Z,Multiple triggers,30.92260012990029,0.06571428571428573,11,53.77933636363636,-166.21232727272726,us10004wwh,pavdut,lts,3,105.35,3.0,52.9259,-169.1501,2016-03-08T14:37:23.050000Z,2016-03-08T06:37:23.050000Z,217.43958381873833,245.28571389174536,3A,0.1141295002487878,8.76197650756489,20.37083951044501,31.931455407963643
269,158.06191426679342,0.08810645108267359,11.349906706169136,0.7505314123971127,1.5159162649117874,11.25022184341853,2016-03-08T12:17:19.160000Z,-24.1926392928591,0.019144041475480447,10,0.5,6,-1,peak,max mdccm,2016-03-08T12:17:17.170899Z,Multiple triggers,122.79671986364251,0.36533333333333334,11,53.77933636363636,-166.21232727272726,us10004wwg,pavdut,lts,3,40.5,3.0,53.481,-165.694,2016-03-08T12:17:07.370000Z,2016-03-08T04:17:07.370000Z,47.731784498736346,133.86927497393432,3A,0.10725049255815404,9.323966502603927,19.093700476608348,9.500899185217275
270,23.20153043165078,1.4427365317409095,0.6931272467283601,0.25604787369936743,39.31023318625318,82.33876334768524,2016-03-12T23:55:20.660000Z,26.632698955556407,-1.3222369120522326,10,0.5,6,-1,peak,max mdccm,2016-03-12T23:55:20.658016Z,Taup,0.0,0.0,11,53.77933636363636,-166.21232727272726,ak0163bgpetl,pavdut,lts,3,142.5,3.4,57.7782,-156.5272,2016-03-12T23:53:44.091000Z,2016-03-12T15:53:44.091000Z,752.2198071377705,49.8342293872072,3A,0.12049961968867684,8.298781378593583,21.56298691078778,96.56701644210898
271,161.37454536173416,0.08383809772509034,11.927751548932493,0.7725079630705697,1.6499118813481068,11.178169130492421,2016-03-07T17:46:33.500000Z,-26.741932639293367,0.03129693577918842,10,0.5,6,-1,peak,max mdccm,2016-03-07T17:46:31.503242Z,Multiple triggers,119.65959285135061,0.22000000000000003,11,53.77933636363636,-166.21232727272726,us10004wkr,pavdut,lts,3,38.8,3.3,53.4219,-165.6088,2016-03-07T17:46:20.000000Z,2016-03-07T09:46:20.000000Z,56.38189976894172,134.6326127224408,3A,0.11513503350427876,8.685453676120545,20.558395655979428,10.363241679243423
272,232.37842818837908,0.08460852351000742,11.819140182510347,0.7551304976988268,2.6333037810829216,7.428696532909669,2016-03-07T12:09:17.760000Z,25.44487964715256,-0.024157353744347465,10,0.5,6,-1,peak,max mdccm,2016-03-07T12:09:15.751221Z,Multiple triggers,98.71109899777716,0.21571428571428575,11,53.77933636363636,-166.21232727272726,us10004wkx,pavdut,lts,3,91.67,3.3,53.6873,-166.9148,2016-03-07T12:09:01.300000Z,2016-03-07T04:09:01.300000Z,47.477141500641046,257.82330783553164,3A,0.06045116976565995,16.542277078781403,10.624757972351588,14.261221290745302
273,95.79099839631624,0.08241645999453608,12.133498576210341,0.4070466675290775,2.6696366184542937,11.44592306568751,2016-03-07T01:12:15.740000Z,-20.13718898520159,0.043296756976443765,10,0.5,6,-1,peak,max mdccm,2016-03-07T01:12:13.750557Z,STA/LTA trigger,27.82501250483248,0.11,11,53.77933636363636,-166.21232727272726,us10004wkw,pavdut,lts,3,2.5,3.2,54.4721,-160.7255,2016-03-07T01:11:23.000000Z,2016-03-06T17:11:23.000000Z,366.80967075515633,75.65380941111464,3A,0.12571321697097984,7.954613079632225,22.546016426293594,51.66055668972295
274,49.831756700200174,0.047268848175015345,21.15558213514001,0.7069439118468831,9.26884220874018,13.637093654846296,2016-03-06T13:20:05.260000Z,-7.619527636780731,0.06101067281689083,10,0.5,6,-1,peak,max mdccm,2016-03-06T13:20:03.252427Z,Multiple triggers,45.86630294142035,0.36727272727272725,11,53.77933636363636,-166.21232727272726,us10004vnc,pavdut,lts,3,204.99,5.0,56.2859,-162.0099,2016-03-06T13:19:09.410000Z,2016-03-06T05:19:09.410000Z,387.2546636081037,42.21222906341944,3A,0.10827952099190617,9.23535670309023,19.28410429386321,55.362426603106776
275,240.13771326721098,0.1467761782240074,6.813094686753707,0.732420147815844,0.7550291075431055,3.9054551642835236,2016-03-06T12:16:18.280000Z,3.358996687491498,-0.0215748767847104,10,0.5,6,-1,peak,max mdccm,2016-03-06T12:16:16.275761Z,Multiple triggers,23.87403584003691,0.046,11,53.77933636363636,-166.21232727272726,us10004w6b,pavdut,lts,3,45.67,3.7,52.2845,-170.8074,2016-03-06T12:15:28.510000Z,2016-03-06T04:15:28.510000Z,350.1997443810176,243.49670995470248,3A,0.125201301439297,7.987137421928821,22.449189095989677,47.105760863487106
276,253.6716806429813,0.1434499341737807,6.9710732581345205,0.5641081174403578,0.874873145118066,5.594670696208027,2016-03-06T10:57:55.340000Z,-7.3793766416869175,-0.028494731836353496,10,0.5,6,-1,peak,max mdccm,2016-03-06T10:57:53.350579Z,Multiple triggers,74.97238653329413,0.24133333333333334,11,53.77933636363636,-166.21232727272726,us10004w6a,pavdut,lts,3,70.07,3.5,53.2916,-168.0143,2016-03-06T10:57:33.420000Z,2016-03-06T02:57:33.420000Z,131.22574581744826,246.29230400129438,3A,0.11495520233742722,8.699040840837345,20.52483597033495,20.490578804268868
277,86.22441500102292,0.0812729614040615,12.304215113170793,0.748724733535429,2.322079626775772,9.12569869216145,2016-03-06T07:44:43.260000Z,-7.558438132023582,0.04528310813936924,10,0.5,6,-1,peak,max mdccm,2016-03-06T07:44:41.264143Z,Multiple triggers,55.15239117289429,0.14692307692307693,11,53.77933636363636,-166.21232727272726,us10004w68,pavdut,lts,3,26.7,3.5,54.1565,-162.527,2016-03-06T07:44:06.000000Z,2016-03-05T23:44:06.000000Z,245.44054041628794,78.66597686899934,3A,0.12655606954343074,7.9016360385372595,22.70558783867767,34.32414319774752
278,212.97321879581733,2.718404817947435,0.3678627971072617,0.2892276190541145,0.320925709637054,26.217862134214812,2016-03-05T17:41:57.520000Z,33.963773610818095,-2.5939888387758683,10,0.5,6,-1,peak,max mdccm,2016-03-05T17:41:57.520503Z,Taup,0.0,0.0,11,53.77933636363636,-166.21232727272726,us10004wc2,pavdut,lts,3,46.51,4.1,51.7712,-173.0569,2016-03-05T17:40:50.120000Z,2016-03-05T09:40:50.120000Z,512.8364424705048,246.93699240663543,3A,0.12441597917156694,8.037552785892732,22.300778858912235,67.40050258227832
279,101.70814169436642,0.07280826323489888,13.734704765223327,0.608048724357331,2.4668189581876536,11.29453906064873,2016-03-04T04:17:57.800000Z,8.037905086251385,0.05284938473998406,10,0.5,6,-1,peak,max mdccm,2016-03-04T04:17:55.807538Z,STA/LTA trigger,23.978677230484514,0.064,11,53.77933636363636,-166.21232727272726,us10004wr9,pavdut,lts,3,39.74,3.3,52.8495,-162.2396,2016-03-04T04:17:16.750000Z,2016-03-03T20:17:16.750000Z,284.23117610517795,109.74604678061782,3A,0.12565764797488294,7.958130811105782,22.53550243100916,38.87753812941804
280,100.74127044853117,0.0699242566659698,14.301188853204819,0.7268645395415951,2.5976070487055587,11.24402150032077,2016-03-04T03:04:34.740000Z,9.773706559725355,0.055773067330524145,10,0.5,6,-1,peak,max mdccm,2016-03-04T03:04:32.749655Z,Multiple triggers,33.64548897556214,0.12240000000000001,11,53.77933636363636,-166.21232727272726,us10004wr7,pavdut,lts,3,36.5,3.3,52.8046,-162.2115,2016-03-04T03:03:53.270000Z,2016-03-03T19:03:53.270000Z,287.9491187753571,110.51497700825652,3A,0.12569732399649394,7.955618848559519,22.543009296164254,39.39965530629061
281,113.47553692256085,0.07248056602092937,13.796801748364405,0.5957493712772036,2.1690844848268327,11.940644276989048,2016-03-03T21:52:09.580000Z,-5.618896782528026,0.05447333452725345,10,0.5,6,-1,peak,max mdccm,2016-03-03T21:52:07.589094Z,Multiple triggers,30.941494376550896,0.07818181818181819,11,53.77933636363636,-166.21232727272726,us10004vy7,pavdut,lts,3,10.4,3.1,52.959,-162.3228,2016-03-03T21:51:27.310000Z,2016-03-03T13:51:27.310000Z,274.4816534938329,107.85664014003282,3A,0.1269539005481828,7.87687495761873,22.780970973952076,38.979094142560555
282,155.97816709308995,0.28924722270458775,3.457250135885709,0.35784902741273,0.8834636285056756,20.99892765692553,2016-03-08T05:00:35.040000Z,109.26321095873294,-0.1741681828944014,10,0.5,6,-1,peak,max mdccm,2016-03-08T05:00:35.039510Z,Taup,0.0,0.0,11,53.77933636363636,-166.21232727272726,us10004wwa,pavdut,lts,3,230.4,3.0,52.286,-179.877,2016-03-08T04:58:37.430000Z,2016-03-07T20:58:37.430000Z,930.1299484845267,265.2413780518229,3A,0.11507903981018634,8.68967973359371,20.54794544965013,117.60950989096663
283,59.22194292322456,0.09032070264263327,11.071658775249375,0.6703130711023817,9.071393560306065,21.737743276503238,2016-03-08T15:44:02.680000Z,6.830934125364138,0.03243741403564347,10,0.5,6,-1,peak,max mdccm,2016-03-08T15:44:05.687515Z,Taup,0.0,0.0,11,53.77933636363636,-166.21232727272726,ak01634pq3t0,pavdut,lts,3,33.0,3.1,56.4981,-151.6522,2016-03-08T15:42:01.008000Z,2016-03-08T07:42:01.008000Z,974.4318244124457,66.05287704858871,3A,0.12275811667827674,8.146100861263537,21.98799132463868,124.67951462582347
284,194.68866345947174,3.627184776432878,0.2756959078835352,0.2554183011607726,0.13385378510033907,21.9261694839075,2016-03-03T09:10:49.080000Z,58.62019086534005,-3.503944210246889,10,0.5,6,-1,peak,max mdccm,2016-03-03T09:10:47.086747Z,STA/LTA trigger,26.368016829955465,0.04,11,53.77933636363636,-166.21232727272726,us10004vxy,pavdut,lts,3,50.1,3.2,51.7156,-175.3673,2016-03-03T09:09:24.000000Z,2016-03-03T01:09:24.000000Z,658.9127036408112,253.3088543248118,3A,0.12324056618598932,8.114211342479905,22.078943083665397,85.4267474575526
285,126.72322473638275,0.30734714530358875,3.2536498720761777,0.2566259719053916,1.3578976651621562,13.425203951153819,2016-03-03T07:50:25.060000Z,-53.9519489329376,-0.18456961177230669,10,0.5,6,-1,peak,max mdccm,2016-03-03T07:50:28.065403Z,Taup,0.0,0.0,11,53.77933636363636,-166.21232727272726,us10004vxx,pavdut,lts,3,6.07,3.1,55.4689,-151.7424,2016-03-03T07:48:24.380000Z,2016-03-02T23:48:24.380000Z,951.5099381688108,72.77127580344515,3A,0.12277753353128208,8.14481258287546,21.99165067749983,123.68540334814112
286,126.79287859022969,0.3856932533982419,2.5927339697784775,0.4750065587727223,0.09451096477541987,3.000488229637398,2016-03-01T09:46:12.000000Z,-64.84737879934733,-0.2579702328325971,10,0.5,6,-1,peak,max mdccm,2016-03-01T09:46:14.994347Z,Taup,0.0,0.0,11,53.77933636363636,-166.21232727272726,us10004vlj,pavdut,lts,3,13.2,3.2,54.797,-162.747,2016-03-01T09:45:39.050000Z,2016-03-01T01:45:39.050000Z,252.46542647627498,61.945499790882366,3A,0.12772302056564475,7.829442144190744,22.92682627241175,35.94434740998544
287,217.44242381530887,1.3071152807630857,0.7650434622845249,0.26729543604001227,2.0711403254325784,76.6827508027398,2016-03-02T04:25:31.780000Z,-142.12718168760517,-1.1813577441404544,10,0.5,6,-1,peak,max mdccm,2016-03-02T04:25:34.778391Z,Taup,0.0,0.0,11,53.77933636363636,-166.21232727272726,us10004uxp,pavdut,lts,3,13.1,3.3,54.3913,-161.6465,2016-03-02T04:24:52.000000Z,2016-03-01T20:24:52.000000Z,306.4009461139264,75.31524212770368,3A,0.1257575366226314,7.951809703467421,22.554402550719672,42.77839078811976
288,234.81882358647653,0.11012974384873535,9.080199091114869,0.4098840496943615,1.806814491006603,6.532358684796634,2016-02-29T13:11:44.660000Z,29.483408666937294,-0.008042913743328536,10,0.5,6,-1,peak,max mdccm,2016-02-29T13:11:42.661545Z,Multiple triggers,34.53489959909362,0.13333333333333333,11,53.77933636363636,-166.21232727272726,us10004uh4,pavdut,lts,3,222.7,3.1,53.3679,-171.2933,2016-02-29T13:10:52.000000Z,2016-02-29T05:10:52.000000Z,339.6094043595563,264.3022322534138,3A,0.10208683010540681,9.79558282853409,18.141500852397705,51.2415446872095
289,128.30115143579255,0.15979557687029597,6.257995493903359,0.6144231146559813,3.328349232282969,38.26103498122609,2016-02-28T18:09:13.740000Z,-51.8782737210899,-0.03404669518011402,10,0.5,6,-1,peak,max mdccm,2016-02-28T18:09:13.733978Z,Taup,0.0,0.0,11,53.77933636363636,-166.21232727272726,us10004uk5,pavdut,lts,3,13.7,3.4,54.3512,-161.5092,2016-02-28T18:08:30.000000Z,2016-02-28T10:08:30.000000Z,314.37459121766244,76.42287771470264,3A,0.12574888169018195,7.95235700356989,22.552764832174503,43.73397829647464
290,52.4032296606689,0.07166783319472342,13.953261252966492,0.5755470198918365,4.263928628680303,12.219637252596783,2016-02-28T16:08:51.360000Z,13.804795783132192,0.04991113463914165,10,0.5,6,-1,peak,max mdccm,2016-02-28T16:08:49.351979Z,Multiple triggers,32.57228979397176,0.09176470588235296,11,53.77933636363636,-166.21232727272726,us10004te2,pavdut,lts,3,88.08,3.7,54.925,-161.3119,2016-02-28T16:08:02.940000Z,2016-02-28T08:08:02.940000Z,343.1099219862113,66.2080254438011,3A,0.12157896783386507,8.225106840571945,21.765941777840233,46.36197907754813
291,229.0168198023249,0.1448139476943373,6.905412192137231,0.8209465043423522,0.8709135162811625,4.265918459242187,2016-02-28T11:14:14.460000Z,-6.9338083145486,-0.014150491027371453,10,0.5,6,-1,peak,max mdccm,2016-02-28T11:14:12.470872Z,Multiple triggers,53.11564011869114,0.12333333333333335,11,53.77933636363636,-166.21232727272726,us10004uks,pavdut,lts,3,24.58,4.1,53.0133,-167.3512,2016-02-28T11:13:54.530000Z,2016-02-28T03:13:54.530000Z,114.04884278254409,222.0830114877763,3A,0.13066345666696585,7.653249236692042,23.485910407737794,17.43087173001619
292,72.61294107879536,0.06816548536592915,14.670180878662467,0.57267316082819,4.206748268916915,13.377783760653813,2016-02-27T15:52:29.220000Z,-4.64138275145001,0.05458478325081875,10,0.5,6,-1,peak,max mdccm,2016-02-27T15:52:27.222127Z,STA/LTA trigger,25.282080048307147,0.042857142857142864,11,53.77933636363636,-166.21232727272726,us10004t60,pavdut,lts,3,74.4,3.0,54.7722,-161.592,2016-02-27T15:51:43.000000Z,2016-02-27T07:51:43.000000Z,320.5498569213238,67.97155832734533,3A,0.1227502686167479,8.146621683755413,21.986512284425217,43.44212683457457
293,149.87812502857935,0.3015714543466065,3.3159637146911973,0.5999567755495843,0.05280856042576065,1.1923692903926622,2016-02-27T00:18:32.600000Z,103.00651020170892,-0.17867054656120573,10,0.5,6,-1,peak,max mdccm,2016-02-27T00:18:35.596687Z,Taup,0.0,0.0,11,53.77933636363636,-166.21232727272726,us10004t2a,pavdut,lts,3,47.0,3.0,51.4592,-176.0943,2016-02-27T00:17:03.000000Z,2016-02-26T16:17:03.000000Z,716.5908582116576,252.88463523028827,3A,0.12290090778540073,8.136636400978553,22.014904330764658,92.59668739827627
294,146.8166707332736,0.3876670893834928,2.5795328708204264,0.5525361472182772,0.10046781526662296,2.8531282480946913,2016-02-26T17:59:48.540000Z,87.55454507617958,-0.26198689881787,10,0.5,6,-1,peak,max mdccm,2016-02-26T17:59:51.543218Z,Taup,0.0,0.0,11,53.77933636363636,-166.21232727272726,us10004u4p,pavdut,lts,3,39.72,3.6,52.3055,-169.465,2016-02-26T17:59:14.090000Z,2016-02-26T09:59:14.090000Z,272.8953113701397,234.37121580945322,3A,0.1256801905656228,7.95670340329297,22.539767531068513,37.45321838781026
295,151.60531641253058,0.3413965640759102,2.929144886700289,0.6143232317610708,0.1960678559833171,6.045027273361143,2016-02-26T16:10:47.740000Z,-106.33642219651108,-0.2239571334196807,10,0.5,6,-1,peak,max mdccm,2016-02-26T16:10:50.745348Z,Taup,0.0,0.0,11,53.77933636363636,-166.21232727272726,ak0162mj7nvs,pavdut,lts,3,192.8,3.0,58.4964,-156.4002,2016-02-26T16:09:07.929000Z,2016-02-26T08:09:07.929000Z,803.5817122836453,45.268894216019504,3A,0.11743943065622948,8.51502765648801,20.989095434856104,102.81634844623053
296,116.54070698322087,0.109774108398597,9.109616234539882,0.8239421866472361,3.0512702303248207,23.24309110310128,2016-02-26T14:44:37.680000Z,133.55449299050753,0.015152866879669782,10,0.5,6,-1,peak,max mdccm,2016-02-26T14:44:40.675432Z,Taup,0.0,0.0,11,53.77933636363636,-166.21232727272726,us10004szt,pavdut,lts,3,39.11,3.7,52.1215,-172.8177,2016-02-26T14:43:37.180000Z,2016-02-26T06:43:37.180000Z,480.54698226181716,250.0951999737284,3A,0.12492697527826678,8.004676314083204,22.397328932644484,63.4954322399981
297,198.76255941854845,0.11969017695303606,8.35490451645317,0.39993476346426904,1.6065367020415526,8.546553148897999,2016-02-25T23:16:36.240000Z,-15.443588412197414,0.010157649038649783,10,0.5,6,-1,peak,max mdccm,2016-02-25T23:16:34.247097Z,Multiple triggers,24.649755402330047,0.05333333333333334,11,53.77933636363636,-166.21232727272726,us10004uvq,pavdut,lts,3,10.0,3.7,52.0265,-166.3771,2016-02-25T23:16:03.820000Z,2016-02-25T15:16:03.820000Z,195.37805788311505,183.31897100635103,3A,0.12984782599168584,7.7013226241002295,23.33059424676017,28.847096840669963
298,89.9998146442336,0.0470605737813587,21.249209681249422,0.42409696134056174,11.104147549443237,27.382310908912558,2016-02-25T21:14:48.480000Z,-41.37214396963185,0.07557350589107603,10,0.5,6,-1,peak,max mdccm,2016-02-25T21:14:48.486541Z,Taup,0.0,0.0,11,53.77933636363636,-166.21232727272726,ak0162kyo75q,pavdut,lts,3,72.8,3.3,59.0749,-153.0644,2016-02-25T21:12:41.581000Z,2016-02-25T13:12:41.581000Z,1000.0905667610124,48.62767067460173,3A,0.12263407967243474,8.154340153007048,21.964617199529037,126.90554079578426
299,110.34463813199238,0.07590316523569324,13.174681146626979,0.7710236029451252,2.5797066485963205,13.884766918884537,2016-02-25T16:45:48.500000Z,-17.65950602410655,0.05351695323160277,10,0.5,6,-1,peak,max mdccm,2016-02-25T16:45:46.510614Z,Multiple triggers,32.100963246080696,0.0575,11,53.77933636363636,-166.21232727272726,us10004uvk,pavdut,lts,3,24.86,3.1,53.6775,-163.5879,2016-02-25T16:45:16.480000Z,2016-02-25T08:45:16.480000Z,173.5775251780046,92.68513210788583,3A,0.129420118467296,7.726773950162133,23.24922081094491,25.170613895161207
300,101.34693876848564,0.24863708200380089,4.021926222512188,0.2505269847659683,0.24898680324711522,38.72230326849852,2016-02-24T10:45:49.540000Z,139.34373060867483,-0.12317780100697989,10,0.5,6,-1,peak,max mdccm,2016-02-24T10:45:47.537531Z,Multiple triggers,25.339051244576606,0.045,11,53.77933636363636,-166.21232727272726,us10004tpa,pavdut,lts,3,36.7,3.0,52.0213,-171.0059,2016-02-24T10:45:00.000000Z,2016-02-24T02:45:00.000000Z,377.14208958683207,240.69066937716048,3A,0.125459280996821,7.970713621619901,22.49797670618416,50.59753067486173
301,100.84090954835773,0.05311874468653311,18.8257460883394,0.628662415845528,5.2927588070812925,16.899139834195694,2016-02-23T18:06:55.660000Z,-62.0235936396065,0.037238309434086604,10,0.5,6,-1,peak,max mdccm,2016-02-23T18:06:53.658425Z,Multiple triggers,52.59928773694211,0.1391666666666667,11,53.77933636363636,-166.21232727272726,us10004uby,pavdut,lts,3,86.83,3.2,54.3566,-165.4136,2016-02-23T18:06:38.060000Z,2016-02-23T10:06:38.060000Z,82.84143676281076,38.81731590875122,3A,0.09035705412061971,11.067204544595677,15.997118681680764,16.508425470551003
302,93.10162663980549,0.0532790138087622,18.76911617751343,0.44502397821907996,5.900784503601884,16.252646954255937,2016-02-23T06:51:00.540000Z,-36.57176265086221,0.05945490589032699,10,0.5,6,-1,peak,max mdccm,2016-02-23T06:50:58.537661Z,Multiple triggers,33.56143139250385,0.075,11,53.77933636363636,-166.21232727272726,us10004sx8,pavdut,lts,3,148.7,3.5,55.2661,-162.0906,2016-02-23T06:50:13.000000Z,2016-02-22T22:50:13.000000Z,313.9602176740744,56.52986398894327,3A,0.11273391969908919,8.870444695520325,20.110906869889007,44.787660950187615
303,335.65964188492654,1.8904289467022173,0.5289804738466699,0.2863609997846396,0.8817105166528434,60.89678307192233,2016-02-23T04:32:03.200000Z,97.21210631890034,-1.764747351410186,10,0.5,6,-1,peak,max mdccm,2016-02-23T04:32:03.210607Z,Taup,0.0,0.0,11,53.77933636363636,-166.21232727272726,us10004ubw,pavdut,lts,3,13.0,3.1,54.6419,-160.6798,2016-02-23T04:31:12.000000Z,2016-02-22T20:31:12.000000Z,373.4048970772704,72.87174820382687,3A,0.1256815952920314,7.956614472281472,22.540033312276588,51.21060718682458
304,70.86463907516105,0.05621503819308835,17.788834307382007,0.35272640589597987,4.3291644003790895,10.666861960035959,2016-02-22T22:22:54.560000Z,-23.241875830536003,0.06479265128331665,10,0.5,6,-1,peak,max mdccm,2016-02-22T22:22:52.565127Z,Multiple triggers,28.575392429726403,0.11,11,53.77933636363636,-166.21232727272726,ak0162g0pfwj,pavdut,lts,3,132.8,3.8,58.5302,-155.2873,2016-02-22T22:21:04.994000Z,2016-02-22T14:21:04.994000Z,858.9284365922038,47.62276324462504,3A,0.12100768947640501,8.263937641706542,21.658486073457897,109.47112651491315
305,83.25202577874506,0.07384754442815315,13.541411671080109,0.722311478349741,2.5450036634497986,8.752995530204146,2016-02-22T18:08:57.260000Z,-11.575101100270842,0.051574344839856914,10,0.5,6,-1,peak,max mdccm,2016-02-22T18:08:55.261792Z,Multiple triggers,33.17017714294138,0.09586206896551727,11,53.77933636363636,-166.21232727272726,us10004tps,pavdut,lts,3,19.1,3.7,54.8731,-159.5195,2016-02-22T18:07:55.000000Z,2016-02-22T10:07:55.000000Z,451.9475453328306,71.67692467847421,3A,0.12542188926801007,7.9730899114677785,22.490904332186272,60.64179150615382
306,166.78379128906872,3.216742474910084,0.3108735025572579,0.32445589315857143,0.14990477380743605,31.49226646453249,2016-03-21T15:44:59.700000Z,79.8984223648041,-3.092097724569156,10,0.5,6,-1,peak,max mdccm,2016-03-21T15:45:02.699343Z,Taup,0.0,0.0,11,53.77933636363636,-166.21232727272726,us20005bg8,pavdut,lts,3,17.15,4.3,51.3529,-174.1897,2016-03-21T15:43:42.900000Z,2016-03-21T07:43:42.900000Z,604.1079605771075,246.68221365387285,3A,0.12464475034092802,8.022800777929294,22.343995720279324,79.7993431390834
307,218.3696559394358,0.1066928790787229,9.372696740727694,0.34243960580737165,11.471408102040705,36.34451838033374,2016-02-22T02:34:23.200000Z,22.148916388381934,0.018504145037768552,10,0.5,6,-1,peak,max mdccm,2016-02-22T02:34:21.207210Z,STA/LTA trigger,35.26729479105383,0.08,11,53.77933636363636,-166.21232727272726,us10004rp4,pavdut,lts,3,34.87,3.1,51.6458,-171.8867,2016-02-22T02:33:16.800000Z,2016-02-21T18:33:16.800000Z,450.83255708241205,240.51857232781774,3A,0.12519702411649145,7.987410300340167,22.448380338051283,59.877210237899654
308,229.91205432658114,0.09913857563360944,10.086890936336847,0.5923874417201419,3.099478755956638,8.236764130051256,2016-03-15T19:00:08.020000Z,32.59852861727728,0.0152318129108025,10,0.5,6,-1,peak,max mdccm,2016-03-15T19:00:06.025816Z,Multiple triggers,31.502701198159947,0.07200000000000001,11,53.77933636363636,-166.21232727272726,us20005as4,pavdut,lts,3,218.48,4.0,52.6543,-175.6091,2016-03-15T18:58:40.330000Z,2016-03-15T10:58:40.330000Z,639.5676344243375,262.5105829438584,3A,0.11437038854441194,8.743521926671459,20.41575012643323,84.07581569637587
309,28.105086406025237,2.550283449847628,0.3921132766868511,0.26973048500502966,0.7738566464786039,40.587340027618765,2016-02-20T16:40:30.200000Z,-136.4775508775063,-2.4261815249031913,10,0.5,6,-1,peak,max mdccm,2016-02-20T16:40:33.194487Z,Taup,0.0,0.0,11,53.77933636363636,-166.21232727272726,us10004rei,pavdut,lts,3,26.0,4.6,51.556,-175.2575,2016-02-20T16:39:07.000000Z,2016-02-20T08:39:07.000000Z,659.4528982185147,251.62753552851893,3A,0.1241019249444368,8.057892739759858,22.241473047625675,86.194487219318
310,35.794297082529454,2.820444422319495,0.3545540525764424,0.2723512651121739,1.4872625063983966,53.77280505109425,2016-02-20T15:43:53.300000Z,-137.9769516757782,-2.704837682283232,10,0.5,6,-1,peak,max mdccm,2016-02-20T15:43:56.303499Z,Taup,0.0,0.0,11,53.77933636363636,-166.21232727272726,us10004s3s,pavdut,lts,3,192.1,4.2,52.418,-174.381,2016-02-20T15:42:41.080000Z,2016-02-20T07:42:41.080000Z,567.3931180818406,257.81734540675126,3A,0.11560674003626306,8.650014693661667,20.646459542805374,75.2234993650963
311,289.2843223001846,2.5624545188496524,0.39025082890014534,0.2921595701248759,0.20975562844699128,32.4388747539241,2016-03-20T17:03:50.700000Z,-43.20920637270157,-2.437755558766211,10,0.5,6,-1,peak,max mdccm,2016-03-20T17:03:50.698962Z,Taup,0.0,0.0,11,53.77933636363636,-166.21232727272726,us20005b96,pavdut,lts,3,10.0,4.1,51.2899,-174.1801,2016-03-20T17:02:29.960000Z,2016-03-20T09:02:29.960000Z,607.0280151190873,246.07511592748304,3A,0.12469896008344133,8.019313066691637,22.35423837443561,80.73896234365283
312,44.13570655150619,3.370118922539489,0.29672543402310236,0.28494205986647386,0.31237496941040166,26.422573365608542,2016-02-19T11:53:10.500000Z,-164.40287767615695,-3.2457968516837234,10,0.5,6,-1,peak,max mdccm,2016-02-19T11:53:10.491663Z,Taup,0.0,0.0,11,53.77933636363636,-166.21232727272726,us10004ss2,pavdut,lts,3,58.3,3.1,52.3712,-169.9856,2016-02-19T11:52:30.000000Z,2016-02-19T03:52:30.000000Z,297.4454906170998,239.73282887534924,3A,0.12432207085576552,8.043624057390163,22.283042633606108,40.49166279683885
313,240.59991019624982,0.16718394757701874,5.981435505578772,0.6764353453220794,0.5057645455190412,3.0804085581956997,2016-02-19T11:27:38.100000Z,-3.68361373603409,-0.041426410954387344,10,0.5,6,-1,peak,max mdccm,2016-02-19T11:27:36.106397Z,Multiple triggers,25.79537729854413,0.0688888888888889,11,53.77933636363636,-166.21232727272726,us10004r0k,pavdut,lts,3,25.7,4.4,52.3713,-169.62,2016-02-19T11:26:54.000000Z,2016-02-19T03:26:54.000000Z,276.9233057475572,236.91629646021573,3A,0.1257575366226314,7.951809703467421,22.554402550719672,38.326397151744125
314,37.43815484057069,1.8506570831587974,0.540348619471495,0.27672640714165947,0.9633645512887281,38.45892338923841,2016-02-19T11:27:09.180000Z,-149.52387917874165,-1.724899546536166,10,0.5,6,-1,peak,max mdccm,2016-02-19T11:27:12.185133Z,Taup,0.0,0.0,11,53.77933636363636,-166.21232727272726,us10004s1q,pavdut,lts,3,16.28,3.8,52.699,-170.3077,2016-02-19T11:26:30.620000Z,2016-02-19T03:26:30.620000Z,298.63872547784615,247.91427566182904,3A,0.1257575366226314,7.951809703467421,22.554402550719672,41.565132508021456
315,146.77597754685132,2.2930031783114573,0.43610929520664216,0.27254539698583263,0.45297910308453293,52.782999887837775,2016-02-19T11:26:22.480000Z,91.9255975028467,-2.1670034425781886,10,0.5,6,-1,peak,max mdccm,2016-02-19T11:26:22.484046Z,Taup,0.0,0.0,11,53.77933636363636,-166.21232727272726,us10004s2f,pavdut,lts,3,25.6,3.2,52.5086,-169.5136,2016-02-19T11:25:46.000000Z,2016-02-19T03:25:46.000000Z,262.24975146526435,238.70157504969802,3A,0.1259997357332685,7.9365245822175465,22.60024026041795,36.48404599864957
316,227.84836970841684,1.2328467517222914,0.8111308227101189,0.2602689732893278,1.1457329683646595,86.79420487862112,2016-03-19T17:39:10.420000Z,17.069217910860544,-1.1081706747145994,10,0.5,6,-1,peak,max mdccm,2016-03-19T17:39:08.417662Z,STA/LTA trigger,28.4087469939623,0.045000000000000005,11,53.77933636363636,-166.21232727272726,us20005bt9,pavdut,lts,3,10.0,4.0,51.1789,-174.1333,2016-03-19T17:37:47.310000Z,2016-03-19T09:37:47.310000Z,610.5464050740836,244.91758761927738,3A,0.12467607700769208,8.020784933249892,22.349914642250713,81.17766182867366
317,0.5645186007520238,1.522150357536712,0.6569653221501027,0.27491918519231495,2.0244325908233183,65.28093308677107,2016-02-19T06:07:18.980000Z,-130.99536276397293,-1.3964082120750587,10,0.5,6,-1,peak,max mdccm,2016-02-19T06:07:18.985435Z,Taup,0.0,0.0,11,53.77933636363636,-166.21232727272726,us10004qzn,pavdut,lts,3,22.0,4.4,51.9054,-169.6714,2016-02-19T06:06:36.000000Z,2016-02-18T22:06:36.000000Z,312.685851221788,229.5691558367791,3A,0.12574214546165316,7.952783025361724,22.55149019138322,42.98543540434936
318,169.73825424730992,1.0724605276943218,0.9324352497614954,0.2527810689937545,2.489846631837947,29.16465249883312,2016-02-21T23:43:38.380000Z,89.46515265359994,-0.9526616391860993,10,0.5,6,-1,peak,max mdccm,2016-02-21T23:43:38.388445Z,Taup,0.0,0.0,11,53.77933636363636,-166.21232727272726,us10004sdr,pavdut,lts,3,145.92,3.9,52.4227,-175.0233,2016-02-21T23:42:19.050000Z,2016-02-21T15:42:19.050000Z,608.7233508181416,259.20340690090984,3A,0.11979888850822248,8.347322854596971,21.43137727271142,79.33844535677457
319,104.744867778085,0.07758650498911654,12.888839368911839,0.7229720766813295,1.8790617619163656,9.782333978958093,2016-02-18T15:43:41.880000Z,2.511151493387871,0.057128560599192274,10,0.5,6,-1,peak,max mdccm,2016-02-18T15:43:39.881348Z,Multiple triggers,76.12428753148981,0.22695652173913047,11,53.77933636363636,-166.21232727272726,us10004qxv,pavdut,lts,3,14.48,3.9,53.5052,-164.7784,2016-02-18T15:43:22.060000Z,2016-02-18T07:43:22.060000Z,99.62036787371807,107.25601927147287,3A,0.1347150655883088,7.423074736540711,24.2601867265729,15.98134821392592
320,111.56286005606836,0.6380983902704379,1.5671564373891955,0.2707376134854523,1.3422940556913867,28.711702915562597,2016-02-17T07:10:36.820000Z,147.57498850557482,-0.5200729781143513,10,0.5,6,-1,peak,max mdccm,2016-02-17T07:10:36.814693Z,Taup,0.0,0.0,11,53.77933636363636,-166.21232727272726,us10004r3e,pavdut,lts,3,165.6,3.0,52.5041,-174.573,2016-02-17T07:09:21.000000Z,2016-02-16T23:09:21.000000Z,576.8129887713703,259.1378485616432,3A,0.11802541215608661,8.472751602659239,21.098814663425898,75.81469349731341
321,252.10897682382796,0.13815667530225414,7.2381591248648425,0.44509620196552246,0.8776426036726046,5.587061540920502,2016-02-17T06:31:14.680000Z,-23.036107960985646,-0.012407439850485397,10,0.5,6,-1,peak,max mdccm,2016-02-17T06:31:12.682091Z,STA/LTA trigger,27.403563508883447,0.05,11,53.77933636363636,-166.21232727272726,us10004qms,pavdut,lts,3,22.4,3.8,51.9377,-169.5596,2016-02-17T06:30:26.000000Z,2016-02-16T22:30:26.000000Z,304.6275629355944,229.0728688628423,3A,0.12574923545176875,7.952334631756477,22.55283177187813,41.95209071273648
322,24.13016509206784,0.37356721542815413,2.6768944347910097,0.2956955887296766,0.2890136099816929,62.38031131800258,2016-02-19T11:16:18.900000Z,38.63858495661901,-0.25078922693763317,10,0.5,6,-1,peak,max mdccm,2016-02-19T11:16:21.895155Z,Taup,0.0,0.0,11,53.77933636363636,-166.21232727272726,ak0162avi6fb,pavdut,lts,3,16.2,3.1,56.7763,-153.1908,2016-02-19T11:14:26.637000Z,2016-02-19T03:14:26.637000Z,890.5104404359287,62.76875004868685,3A,0.12277798849052093,8.144782401914044,21.99173642148549,115.25815474675547
323,231.74858302903021,0.12791256229049466,7.817840422342249,0.7712171164515904,1.057135822110851,4.565526206503961,2016-02-15T14:44:12.080000Z,-13.976693198161854,-0.012162946644989514,10,0.5,6,-1,peak,max mdccm,2016-02-15T14:44:10.085768Z,Multiple triggers,59.353730692521744,0.2888888888888889,11,53.77933636363636,-166.21232727272726,us200050ab,pavdut,lts,3,45.5,3.6,53.2561,-166.886,2016-02-15T14:43:58.050000Z,2016-02-15T06:43:58.050000Z,73.40240645339952,217.77188983086836,3A,0.11574961564550515,8.639337542705979,20.673143347212893,12.665768325856542
324,294.6880395476047,3.839702569810234,0.26043683900480397,0.2731795510844661,0.07338636383517225,20.57255168058512,2016-02-19T01:29:48.560000Z,-38.71310913557255,-3.7200325368014617,10,0.5,6,-1,peak,max mdccm,2016-02-19T01:29:51.551529Z,Taup,0.0,0.0,11,53.77933636363636,-166.21232727272726,us10004ssa,pavdut,lts,3,151.73,3.0,51.9661,-175.552,2016-02-19T01:28:26.030000Z,2016-02-18T17:28:26.030000Z,659.8837964399585,255.97493041203217,3A,0.11967003300877249,8.356310889683588,21.40718887919614,85.52152855720688
325,307.18650336133436,0.05824239656277666,17.169623144235633,0.47970808284175875,4.09099379908631,18.170906888665286,2016-02-15T02:47:58.380000Z,18.174189089075355,0.06739435453289216,10,0.5,6,-1,peak,max mdccm,2016-02-15T02:47:56.386510Z,Multiple triggers,23.787334098063518,0.05800000000000001,11,53.77933636363636,-166.21232727272726,us200050ep,pavdut,lts,3,20.0,3.0,56.5494,-169.7376,2016-02-15T02:47:01.000000Z,2016-02-14T18:47:01.000000Z,381.43905490850204,325.3606924504097,3A,0.12563675109566882,7.959454469166657,22.531548820291366,51.736510196710164
326,246.0212423855363,0.10273240255008786,9.734027192758813,0.6850478171349755,2.5113093856721225,8.371837969001263,2016-02-14T22:31:53.280000Z,3.9354512855749135,0.02062659443931872,10,0.5,6,-1,peak,max mdccm,2016-02-14T22:31:53.286680Z,Taup,0.0,0.0,11,53.77933636363636,-166.21232727272726,us200050b6,pavdut,lts,3,65.72,3.0,51.9785,-173.2648,2016-02-14T22:30:45.850000Z,2016-02-14T14:30:45.850000Z,515.0792364422107,249.95669367111122,3A,0.12335899698940658,8.106421293988591,22.101278696660792,67.43667955968041
327,165.91999032516915,0.09252317270050862,10.808103211472586,0.32652937287594647,26.648145101992075,65.27742692515298,2016-02-20T11:27:29.880000Z,94.02498753848033,0.03010347868836999,10,0.5,6,-1,peak,max mdccm,2016-02-20T11:27:32.888758Z,Taup,0.0,0.0,11,53.77933636363636,-166.21232727272726,us10004te7,pavdut,lts,3,77.02,3.2,51.4711,-179.8418,2016-02-20T11:25:31.390000Z,2016-02-20T03:25:31.390000Z,956.328434301423,259.94497786364946,3A,0.12262665138887861,8.154834113742202,21.96321750042997,121.49875763336902
328,130.54583510053826,0.16951100125007848,5.899322124377677,0.7661104825261744,1.0949319648154803,16.099614552585336,2016-02-13T16:46:32.740000Z,117.12260514137802,-0.0450861611914862,10,0.5,6,-1,peak,max mdccm,2016-02-13T16:46:35.742360Z,Taup,0.0,0.0,11,53.77933636363636,-166.21232727272726,us200050bk,pavdut,lts,3,45.0,3.1,51.7785,-173.2374,2016-02-13T16:45:27.000000Z,2016-02-13T08:45:27.000000Z,523.4299184236281,247.6684402419163,3A,0.12442484005859228,8.036980393377199,22.30245250839707,68.7423600332737
329,154.6416890379895,0.19390189414828787,5.157247196539724,0.40980754024276045,2.48785409870189,36.486190172072895,2016-02-13T01:39:32.700000Z,84.76570892800754,-0.06927736081217045,10,0.5,6,-1,peak,max mdccm,2016-02-13T01:39:35.709161Z,Taup,0.0,0.0,11,53.77933636363636,-166.21232727272726,us10004r8j,pavdut,lts,3,26.79,4.0,50.8846,-173.3617,2016-02-13T01:38:18.960000Z,2016-02-12T17:38:18.960000Z,583.7628442348094,239.40739796599703,3A,0.12462453333611742,8.02410226325951,22.340176013100972,76.74916054930877
330,120.48345315734477,0.08250470264726115,12.120521229867087,0.6750108228368801,1.728289602218374,11.722370948815296,2016-02-12T20:03:55.400000Z,-10.744990031934094,0.048242690435001484,10,0.5,6,-1,peak,max mdccm,2016-02-12T20:03:53.392339Z,Multiple triggers,80.32709197886223,0.1521739130434783,11,53.77933636363636,-166.21232727272726,us20004ztg,pavdut,lts,3,10.0,4.0,53.3186,-164.1508,2016-02-12T20:03:28.750000Z,2016-02-12T12:03:28.750000Z,145.9414632828785,109.73846312541069,3A,0.13074739308226263,7.648336050347312,23.501904331715004,22.4023394831251
331,91.89090099660348,0.8331857341745609,1.2002125804406654,0.29364687564174297,1.3969402559347082,40.98327312282504,2016-02-12T19:58:38.320000Z,154.9556096651608,-0.7080790040641263,10,0.5,6,-1,peak,max mdccm,2016-02-12T19:58:41.327727Z,Taup,0.0,0.0,11,53.77933636363636,-166.21232727272726,us10004qui,pavdut,lts,3,37.1,3.3,52.0011,-172.3429,2016-02-12T19:57:40.680000Z,2016-02-12T11:57:40.680000Z,457.4247795081306,246.84651066176428,3A,0.12510673011043458,7.993175100310568,22.431308610934927,60.6477273260534
332,176.9022458853583,0.0934734714241461,10.698222551962264,0.7401071860125378,3.3741081285216987,21.317104118049258,2016-02-22T05:45:03.400000Z,77.66921596693169,0.029305831158968246,10,0.5,6,-1,peak,max mdccm,2016-02-22T05:45:03.399062Z,Taup,0.0,0.0,11,53.77933636363636,-166.21232727272726,us10004smr,pavdut,lts,3,46.8,3.0,51.2214,-177.6948,2016-02-22T05:43:17.000000Z,2016-02-21T21:43:17.000000Z,828.9536709271646,254.57146185229,3A,0.12277930258311434,8.144695229255428,21.99198408250488,106.39906216883436
333,179.0105458188981,1.3882720319040216,0.7203199207496065,0.2732134814147243,17.128240927037652,38.70156329719006,2016-02-15T12:21:35.760000Z,78.73795395671607,-1.2655296113488026,10,0.5,6,-1,peak,max mdccm,2016-02-15T12:21:35.765931Z,Taup,0.0,0.0,11,53.77933636363636,-166.21232727272726,us10004swf,pavdut,lts,3,76.82,3.2,51.9744,-176.3808,2016-02-15T12:20:04.150000Z,2016-02-15T04:20:04.150000Z,712.7622470344875,257.74849977561416,3A,0.12274242055521906,8.147142572849315,21.985033259626903,91.61593055257707
334,147.7929394748145,0.09495111822288291,10.531734841212257,0.615226786823392,1.1817754075101075,10.391407108112958,2016-02-11T02:56:30.580000Z,-31.538795323890923,0.036229553791846336,10,0.5,6,-1,peak,max mdccm,2016-02-11T02:56:28.573151Z,Multiple triggers,39.017119844464155,0.09636363636363637,11,53.77933636363636,-166.21232727272726,us200050jg,pavdut,lts,3,24.2,3.6,53.4559,-165.1303,2016-02-11T02:56:14.130000Z,2016-02-10T18:56:14.130000Z,80.14177053671227,116.25414415092357,3A,0.13118067201472924,7.623074227640166,23.584495730634377,13.003150978010868
335,143.74252716978188,0.09006237304757019,11.103416067793466,0.6631171874344476,0.1822060868078923,1.4772635511596661,2016-02-11T02:35:56.400000Z,-30.582440845718253,0.022111090926373755,10,0.5,6,-1,peak,max mdccm,2016-02-11T02:35:54.398009Z,Multiple triggers,43.192330766389766,0.11200000000000002,11,53.77933636363636,-166.21232727272726,us200050cp,pavdut,lts,3,51.1,4.1,53.506,-165.1587,2016-02-11T02:35:40.000000Z,2016-02-10T18:35:40.000000Z,76.03308730071903,113.16008632406363,3A,0.11217346397394394,8.914764370941452,20.006641417276597,13.258008921106448
336,137.39218194177542,0.3811823497854274,2.6234163270227837,0.4630737499833219,0.14566078906721058,4.379356322763272,2016-03-19T01:50:31.460000Z,110.20656139208364,-0.25652574751921353,10,0.5,6,-1,peak,max mdccm,2016-03-19T01:50:31.467632Z,Taup,0.0,0.0,11,53.77933636363636,-166.21232727272726,us20005d0s,pavdut,lts,3,10.0,3.0,51.3878,-174.3758,2016-03-19T01:49:09.920000Z,2016-03-18T17:49:09.920000Z,613.514089978884,247.59874333385906,3A,0.12465660226621392,8.022037997349084,22.346235016771203,81.54763235273076
337,181.03989646315154,1.7427829053750175,0.573794932757168,0.2782136863709178,1.2879204984707973,60.39943842218716,2016-02-09T08:26:09.420000Z,77.34778459244524,-1.632115455520659,10,0.5,6,-1,peak,max mdccm,2016-02-09T08:26:09.428252Z,Taup,0.0,0.0,11,53.77933636363636,-166.21232727272726,us200050qu,pavdut,lts,3,220.06,3.0,52.6934,-173.2386,2016-02-09T08:25:02.830000Z,2016-02-09T00:25:02.830000Z,484.23445943812936,258.3876810555968,3A,0.11066744985435849,9.036080629995798,19.72680787236445,66.59825241481782
338,243.36955858399517,0.14754078370910206,6.777786960733815,0.5348707694183216,0.8384805366880719,4.551846292780795,2016-02-07T23:57:57.700000Z,-3.430989211242945,-0.021888466526247513,10,0.5,6,-1,peak,max mdccm,2016-02-07T23:57:55.698366Z,STA/LTA trigger,28.218592444744278,0.05,11,53.77933636363636,-166.21232727272726,us20004zc7,pavdut,lts,3,33.5,3.4,52.2305,-170.3645,2016-02-07T23:57:09.000000Z,2016-02-07T15:57:09.000000Z,327.6437961355594,239.93856937275223,3A,0.12565231718285455,7.958468434328656,22.534493854512167,44.458365796665106
339,239.2930311056025,0.15803786724612684,6.327597413363017,0.822422541347508,0.49922918399736194,2.7530479021834253,2016-02-07T15:10:29.980000Z,-2.481438825560417,-0.03240774462541701,10,0.5,6,-1,peak,max mdccm,2016-02-07T15:10:27.982547Z,Multiple triggers,27.857101977348528,0.05555555555555555,11,53.77933636363636,-166.21232727272726,us200050fp,pavdut,lts,3,41.8,3.9,52.4241,-169.4879,2016-02-07T15:09:47.910000Z,2016-02-07T07:09:47.910000Z,266.193683174141,236.81159228004208,3A,0.12563012262070983,7.959874424536719,22.53029476147838,36.59254686608696
340,145.845794835203,0.39187321524596586,2.5518457528982506,0.3047407825473144,0.1039362430413644,3.871349723395724,2016-02-11T23:28:27.500000Z,-89.8102347426962,-0.2691307946907468,10,0.5,6,-1,peak,max mdccm,2016-02-11T23:28:30.491209Z,Taup,0.0,0.0,11,53.77933636363636,-166.21232727272726,ak0161xuf7rn,pavdut,lts,3,69.1,3.3,57.4064,-154.8181,2016-02-11T23:26:45.315000Z,2016-02-11T15:26:45.315000Z,822.6140679399109,56.035560092506806,3A,0.12274242055521906,8.147142572849315,21.985033259626903,105.1762094659487
341,69.06235174132428,0.050047773376201615,19.980908890454522,0.723914368041181,7.682893410892374,13.781916570011504,2016-02-14T07:35:21.640000Z,-9.951135999461599,0.07274097797623547,10,0.5,6,-1,peak,max mdccm,2016-02-14T07:35:19.642396Z,Multiple triggers,26.21700395347723,0.060000000000000005,11,53.77933636363636,-166.21232727272726,ak01622jjtzy,pavdut,lts,3,56.0,4.5,56.624,-156.4178,2016-02-14T07:33:50.705000Z,2016-02-13T23:33:50.705000Z,698.5761045404794,59.11121574186267,3A,0.12278875135243708,8.144068483355843,21.993764861564095,90.17739567646345
342,106.10884109584606,0.07832746978470931,12.766913098924267,0.7831106661449689,1.9524266229532081,10.351272478584406,2016-02-05T20:30:16.140000Z,-17.453642473998798,0.04877987799162126,10,0.5,6,-1,peak,max mdccm,2016-02-05T20:30:14.131440Z,Multiple triggers,50.9627277549953,0.15217391304347827,11,53.77933636363636,-166.21232727272726,us20004zjq,pavdut,lts,3,36.21,3.3,53.7876,-163.653,2016-02-05T20:29:49.660000Z,2016-02-05T12:29:49.660000Z,168.69298746760643,88.65519862184728,3A,0.12710734777633056,7.867365793515646,22.810058097659404,24.3714401951672
343,336.7078778697553,0.19490269812266808,5.130765297926347,0.25917030463710083,0.22569788106058816,16.134276121278504,2016-02-09T16:10:44.440000Z,-77.66378994163449,-0.07215242950592018,10,0.5,6,-1,peak,max mdccm,2016-02-09T16:10:47.436030Z,Taup,0.0,0.0,11,53.77933636363636,-166.21232727272726,us20004z19,pavdut,lts,3,35.0,4.3,51.214,179.7153,2016-02-09T16:08:40.240000Z,2016-02-09T08:08:40.240000Z,995.5332350644973,259.0440879281208,3A,0.1227502686167479,8.146621683755413,21.986512284425217,127.19602950017133
344,114.85705147084076,0.2061253984218378,4.851415728756965,0.2557113745094282,0.2052488355199323,25.716550277636102,2016-02-09T12:14:12.680000Z,145.37134079122745,-0.08338683168008826,10,0.5,6,-1,peak,max mdccm,2016-02-09T12:14:10.683709Z,Multiple triggers,25.354246865008975,0.1,11,53.77933636363636,-166.21232727272726,us20004z01,pavdut,lts,3,44.67,5.3,51.4076,179.7,2016-02-09T12:12:06.310000Z,2016-02-09T04:12:06.310000Z,988.6085122879957,260.2283922620682,3A,0.12273856674174954,8.147398381342267,21.98430698583529,126.05370945481708
345,336.06287357346554,0.5751220558508972,1.7387613460946005,0.2463555208135459,0.7995444513785097,13.744596954933996,2016-02-06T12:55:49.620000Z,-78.05737962560579,-0.4523452805009235,10,0.5,6,-1,peak,max mdccm,2016-02-06T12:55:47.611062Z,STA/LTA trigger,22.702552509228795,0.055,11,53.77933636363636,-166.21232727272726,us10004rdy,pavdut,lts,3,31.5,3.3,51.3487,-179.1043,2016-02-06T12:53:49.120000Z,2016-02-06T04:53:49.120000Z,913.6136562178732,258.00549394785975,3A,0.12277677534997365,8.14486287939647,21.99150778682019,117.27106209153085
346,238.15356604170256,0.16513439825269505,6.0556735034075775,0.8037751737133253,0.5133632468204858,2.9642279439334516,2016-02-01T19:17:53.280000Z,-11.646342264818628,-0.039309836051978575,10,0.5,6,-1,peak,max mdccm,2016-02-01T19:17:51.287442Z,Multiple triggers,22.956734543165805,0.039999999999999994,11,53.77933636363636,-166.21232727272726,us20004wdd,pavdut,lts,3,10.0,4.1,51.8901,-169.3587,2016-02-01T19:17:05.650000Z,2016-02-01T11:17:05.650000Z,298.5485551786827,226.50722377688393,3A,0.12582456220071647,7.947573848139371,22.56708603862362,42.05744190694185
347,124.72915535549254,0.32455295367680714,3.081161297936636,0.6395044188413899,0.036445924935122775,0.8098841250709086,2016-02-01T08:31:16.900000Z,-59.22696098638191,-0.19974228962199347,10,0.5,6,-1,peak,max mdccm,2016-02-01T08:31:19.895091Z,Taup,0.0,0.0,11,53.77933636363636,-166.21232727272726,us20004w96,pavdut,lts,3,48.6,3.3,55.1756,-160.3117,2016-02-01T08:30:25.000000Z,2016-02-01T00:30:25.000000Z,412.70411852852175,65.50219436911063,3A,0.12481066405481366,8.01213588256229,22.375346644836775,54.89509067681697
348,233.5506395202505,4.409110176895932,0.2268031325776514,0.29009465435770826,0.10724194566241933,14.537485362320382,2016-01-31T14:30:05.260000Z,11.871973721990571,-4.283977561403513,10,0.5,6,-1,peak,max mdccm,2016-01-31T14:30:03.254317Z,STA/LTA trigger,24.549701006117758,0.07,11,53.77933636363636,-166.21232727272726,us20004ya1,pavdut,lts,3,41.5,3.0,52.0716,-171.8001,2016-01-31T14:29:12.000000Z,2016-01-31T06:29:12.000000Z,420.95249013277123,245.42261324224108,3A,0.12513261549241864,7.991521603419108,22.43620249928904,56.00431684403479
349,47.71134973124305,3.5680338795752053,0.2802663970553597,0.27692916219078156,0.21135733263128464,20.8280677564008,2016-01-31T12:52:43.480000Z,55.02639761984864,-3.442283888291273,10,0.5,6,-1,peak,max mdccm,2016-01-31T12:52:43.486208Z,Taup,0.0,0.0,11,53.77933636363636,-166.21232727272726,us20004y9t,pavdut,lts,3,41.6,3.5,53.4167,-163.7197,2016-01-31T12:52:19.000000Z,2016-01-31T04:52:19.000000Z,169.8805079421665,102.73774735109167,3A,0.12574999128393194,7.952286833500383,22.552974792549062,24.486208207951787
350,103.74241234327883,0.27833959780311784,3.5927335093274984,0.3896029975888442,0.4857839121123153,9.069246415853058,2016-01-31T04:29:34.340000Z,160.36514719610574,-0.16534512550951666,10,0.5,6,-1,peak,max mdccm,2016-01-31T04:29:37.343682Z,Taup,0.0,0.0,11,53.77933636363636,-166.21232727272726,us20004x1l,pavdut,lts,3,240.04,4.3,52.7304,-176.2077,2016-01-31T04:28:08.640000Z,2016-01-30T20:28:08.640000Z,676.6460612740793,264.10755953938457,3A,0.11299447229360118,8.84999044379474,20.15940291367553,88.70368228568756
351,357.6898351861197,4.419813057003084,0.22625391325443617,0.277311848320671,0.07655141152177423,20.798826358190325,2016-01-30T07:11:36.580000Z,73.42328219420301,-4.2940803318180025,10,0.5,6,-1,peak,max mdccm,2016-01-30T07:11:34.577121Z,STA/LTA trigger,23.70504241566151,0.045,11,53.77933636363636,-166.21232727272726,us20004yj5,pavdut,lts,3,19.9,3.2,54.6362,-161.4165,2016-01-30T07:10:47.000000Z,2016-01-29T23:10:47.000000Z,327.0578883545317,71.11311738032273,3A,0.12573272518508094,7.95337887195224,22.549707690135374,44.907120978239526
352,220.38876106948658,4.694686142362503,0.21300678462325723,0.2700515691412038,0.2014462909178733,25.36777533242838,2016-01-29T22:27:21.240000Z,-113.57971616893418,-4.567222004895262,10,0.5,6,-1,peak,max mdccm,2016-01-29T22:27:24.250419Z,Taup,0.0,0.0,11,53.77933636363636,-166.21232727272726,us20004yfx,pavdut,lts,3,32.58,3.5,53.256,-163.4945,2016-01-29T22:26:57.190000Z,2016-01-29T14:26:57.190000Z,189.43880714898916,106.8090449005524,3A,0.12746413746724075,7.845343952192102,22.8777144099928,27.060419422490572
353,43.99135837004786,0.17855069771477508,5.600650195147627,0.3038163893246302,28.026172242987837,54.17322979575337,2016-01-29T09:12:08.940000Z,-159.14118966542787,-0.05311805118612142,10,0.5,6,-1,peak,max mdccm,2016-01-29T09:12:06.931289Z,STA/LTA trigger,31.645001646107318,0.065,11,53.77933636363636,-166.21232727272726,us20004wuc,pavdut,lts,3,32.6,3.7,52.1073,-171.5733,2016-01-29T09:11:17.000000Z,2016-01-29T01:11:17.000000Z,405.4471212736536,244.85016870462002,3A,0.12543264652865366,7.972406129305113,22.492938952887616,54.251289461605886
354,127.42213433016161,2.2877293473064455,0.4371146443426064,0.2812329353190172,0.2980060302344347,43.30710454274791,2016-03-21T11:12:19.520000Z,118.51912609325166,-2.1630551540935214,10,0.5,6,-1,peak,max mdccm,2016-03-21T11:12:17.513584Z,Multiple triggers,27.14003137068378,0.065,11,53.77933636363636,-166.21232727272726,us20005bfa,pavdut,lts,3,10.0,4.0,51.2616,-174.2169,2016-03-21T11:11:01.110000Z,2016-03-21T03:11:01.110000Z,610.8345282472864,245.94126042341327,3A,0.1246741932129242,8.02090612523279,22.349558707262283,81.21358363188021
355,186.9783783832586,0.08780994853559256,11.388231250296927,0.3311090605767513,74.0354547762158,69.73375566867455,2016-03-03T05:29:51.840000Z,77.90805945584316,0.030308345830692127,10,0.5,6,-1,peak,max mdccm,2016-03-03T05:29:51.845386Z,Taup,0.0,0.0,11,53.77933636363636,-166.21232727272726,us10004ugc,pavdut,lts,3,181.6,3.1,52.2757,-179.6296,2016-03-03T05:27:56.000000Z,2016-03-02T21:27:56.000000Z,914.1928642197357,264.88643783910175,3A,0.11811829436628468,8.466089062368283,21.116213370710074,115.84538591650286
356,149.25952614758106,0.13775934624539915,7.259035609958825,0.8384643807193674,1.1939414055636455,15.399958983235194,2016-02-05T22:46:28.740000Z,115.26012185605543,-0.017680256627126287,10,0.5,6,-1,peak,max mdccm,2016-02-05T22:46:28.746736Z,Taup,0.0,0.0,11,53.77933636363636,-166.21232727272726,us200050cj,pavdut,lts,3,138.62,4.0,51.9973,179.1583,2016-02-05T22:44:22.010000Z,2016-02-05T14:44:22.010000Z,1002.5649486932807,264.51964800363646,3A,0.12007908961827286,8.327844616235552,21.483989686241056,126.73673553948596
357,103.01008735138856,0.0733888962979992,13.626039502480744,0.5226247147725308,3.0010889327305597,14.535155633415968,2016-01-27T20:24:32.960000Z,-8.48098417835115,0.05218900358216237,10,0.5,6,-1,peak,max mdccm,2016-01-27T20:24:30.968767Z,Multiple triggers,33.346914657985536,0.09333333333333337,11,53.77933636363636,-166.21232727272726,us20004wbu,pavdut,lts,3,24.02,3.3,53.3546,-160.3213,2016-01-27T20:23:39.090000Z,2016-01-27T12:23:39.090000Z,393.0426496669208,94.5291031730374,3A,0.12557789988016158,7.9631846125336985,22.520415000414985,52.988767034482066
358,223.04316853006753,3.0483633183701286,0.32804488689841305,0.2799315217958074,0.508066107545956,32.68598816121448,2016-02-05T01:50:08.060000Z,34.699844920300166,-2.926100733126243,10,0.5,6,-1,peak,max mdccm,2016-02-05T01:50:11.059818Z,Taup,0.0,0.0,11,53.77933636363636,-166.21232727272726,us200050d0,pavdut,lts,3,100.05,3.4,52.0546,-176.0253,2016-02-05T01:48:42.630000Z,2016-02-04T17:48:42.630000Z,686.7750521466626,257.7430134503677,3A,0.12226258524388532,8.179117086435179,21.89463399822971,88.42981822511591
359,251.19617100481275,3.8918742185086286,0.25694561125441545,0.2720076006301397,0.26590996438960396,30.474667926196943,2016-01-27T05:52:10.680000Z,177.26454853311247,-3.7666495322702005,10,0.5,6,-1,peak,max mdccm,2016-01-27T05:52:10.671428Z,Taup,0.0,0.0,11,53.77933636363636,-166.21232727272726,us20004y91,pavdut,lts,3,47.4,3.0,54.689,-161.8987,2016-01-27T05:51:30.000000Z,2016-01-26T21:51:30.000000Z,298.8890628472171,68.46071953792524,3A,0.1252246862384281,7.985645882122616,22.45361078672787,40.67142764477509
360,197.85760500655329,1.1677171036061207,0.8563718017932768,0.2841105822553317,0.6260111950359396,57.284003258076496,2016-01-26T18:21:01.760000Z,52.54105305099412,-1.0451276724720007,10,0.5,6,-1,peak,max mdccm,2016-01-26T18:21:04.763826Z,Taup,0.0,0.0,11,53.77933636363636,-166.21232727272726,us20004wfx,pavdut,lts,3,85.48,3.1,51.8526,-173.8268,2016-01-26T18:19:52.390000Z,2016-01-26T10:19:52.390000Z,556.0006632345139,250.3986580575474,3A,0.12258943113412009,8.157310061304884,21.956204357437464,72.37382576938576
361,319.4655099960309,1.495036632872784,0.6688799311080775,0.2539540559222986,2.7571071567979026,72.67067376185153,2016-01-27T07:01:51.380000Z,-67.9127234517438,-1.3710044789402047,10,0.5,6,-1,peak,max mdccm,2016-01-27T07:01:51.390921Z,Taup,0.0,0.0,11,53.77933636363636,-166.21232727272726,us20004wbf,pavdut,lts,3,28.2,3.4,51.5401,-175.282,2016-01-27T07:00:25.000000Z,2016-01-26T23:00:25.000000Z,661.7502049130292,251.5527865442871,3A,0.1240321539325793,8.062425494469558,22.22830094162778,86.390920665675
362,112.17079947705957,0.07336222202100101,13.630993888294922,0.7864639953543725,1.6163966087172739,8.78592979151054,2016-01-26T07:04:59.340000Z,-12.07092504526571,0.05667745504869365,10,0.5,6,-1,peak,max mdccm,2016-01-26T07:04:57.339414Z,Multiple triggers,50.7164699863774,0.21250000000000002,11,53.77933636363636,-166.21232727272726,us20004wh4,pavdut,lts,3,19.06,3.5,53.4853,-163.6944,2016-01-26T07:04:32.090000Z,2016-01-25T23:04:32.090000Z,169.74129282792742,100.09987443179386,3A,0.13003967706969466,7.6899606530401545,23.36711103538762,24.89941376706501
363,109.64736702860483,0.07504117005918837,13.326018227211206,0.7575498270157457,1.6218503869676297,8.761263054249923,2016-01-26T06:48:19.380000Z,-4.97912092767632,0.0540230214718615,10,0.5,6,-1,peak,max mdccm,2016-01-26T06:48:17.377991Z,Multiple triggers,73.655192209517,0.2041666666666667,11,53.77933636363636,-166.21232727272726,us20004um5,pavdut,lts,3,25.7,4.1,53.3383,-163.5822,2016-01-26T06:47:50.000000Z,2016-01-25T22:47:50.000000Z,181.0590723083747,104.66824610092853,3A,0.12906419153104987,7.748082470724834,23.18154181964052,26.117991425212843
364,89.89737079246868,0.07486539110926173,13.357306830075295,0.530984282206208,2.8578086798144726,11.21891057508003,2016-01-24T14:43:44.020000Z,-15.25867598893268,0.05087015038801239,10,0.5,6,-1,peak,max mdccm,2016-01-24T14:43:42.029570Z,Multiple triggers,25.515277112476813,0.06666666666666667,11,53.77933636363636,-166.21232727272726,us20004vrm,pavdut,lts,3,21.5,3.2,54.4491,-161.4403,2016-01-24T14:42:57.000000Z,2016-01-24T06:42:57.000000Z,320.78373845630455,74.638694803536,3A,0.12573554149727412,7.953200726635273,22.55024058927357,44.02957028363974
365,237.74371120056549,0.16040169967728607,6.234347902870798,0.5480977457085238,0.5101101923758735,2.9933084618525356,2016-01-24T12:22:58.680000Z,3.8992780692245503,-0.034925097161368546,10,0.5,6,-1,peak,max mdccm,2016-01-24T12:22:56.689370Z,STA/LTA trigger,24.335326125548193,0.035,11,53.77933636363636,-166.21232727272726,us20004vre,pavdut,lts,3,41.21,4.1,52.2671,-170.5392,2016-01-24T12:22:08.950000Z,2016-01-24T04:22:08.950000Z,335.50273617072503,241.64298926979004,3A,0.12547660251591752,7.969613298010229,22.501253068285937,45.299369534712355
366,299.89665886840595,0.05270282907659279,18.9743134765442,0.35027491139667094,48.61276381916095,21.28211413533407,2016-01-24T10:49:14.140000Z,142.96071652567514,0.07610299497936296,10,0.5,6,-1,peak,max mdccm,2016-01-24T10:49:17.137081Z,Taup,0.0,0.0,11,53.77933636363636,-166.21232727272726,us20004vra,pavdut,lts,3,23.27,3.4,53.9649,-163.1848,2016-01-24T10:48:48.480000Z,2016-01-24T02:48:48.480000Z,200.19299258480913,82.85737539408112,3A,0.12880582405595575,7.763624101077763,23.132435060487385,28.657081152928228
367,267.6268562913583,0.7665993856152808,1.3044623029503073,0.2855650216135658,1.3771170018118615,56.17580125326623,2016-01-26T12:12:46.560000Z,-10.618366269390378,-0.6438261638957294,10,0.5,6,-1,peak,max mdccm,2016-01-26T12:12:49.551440Z,Taup,0.0,0.0,11,53.77933636363636,-166.21232727272726,us20004vl1,pavdut,lts,3,23.0,3.8,51.249,-178.8985,2016-01-26T12:10:53.000000Z,2016-01-26T04:10:53.000000Z,904.6416880703114,257.00849002196793,3A,0.12277322171955138,8.145098629767016,21.990838053596264,116.55144029987557
368,127.8790522620215,0.09072699873502216,11.022077374350344,0.7396321615596906,1.1086357214917815,8.794422828764112,2016-01-23T23:21:22.240000Z,-14.651328773637431,0.030860389025949203,10,0.5,6,-1,peak,max mdccm,2016-01-23T23:21:20.250191Z,Multiple triggers,63.85778504478614,0.23600000000000004,11,53.77933636363636,-166.21232727272726,us20004veq,pavdut,lts,3,39.74,3.9,53.5,-165.1395,2016-01-23T23:21:07.770000Z,2016-01-23T15:21:07.770000Z,77.46863614645497,113.22772348838407,3A,0.12158738776097136,8.224537251889151,21.76752614107476,12.910190564854247
369,136.12909040991806,0.08929543728700874,11.198780479520494,0.6469149233734802,1.0636953338421895,8.958044651426093,2016-01-23T17:07:29.380000Z,-26.778323251203147,0.03856443091087643,10,0.5,6,-1,peak,max mdccm,2016-01-23T17:07:27.385078Z,Multiple triggers,38.34141982502502,0.17833333333333334,11,53.77933636363636,-166.21232727272726,us20004vae,pavdut,lts,3,19.01,3.5,53.024,-162.8674,2016-01-23T17:06:53.550000Z,2016-01-23T09:06:53.550000Z,237.80291891076843,109.35076715871492,3A,0.12785986819788517,7.821062340314067,22.952794380191268,33.685077818049976
370,244.53029391681076,0.15864633430326694,6.3033287493955505,0.5592901191669767,0.6693177149736749,3.8588961459130076,2016-01-23T04:39:56.380000Z,-5.7305444550624145,-0.03300026585803617,10,0.5,6,-1,peak,max mdccm,2016-01-23T04:39:54.389379Z,Multiple triggers,44.36794972530306,0.16142857142857145,11,53.77933636363636,-166.21232727272726,us20004vet,pavdut,lts,3,42.84,3.5,52.8517,-168.673,2016-01-23T04:39:27.000000Z,2016-01-22T20:39:27.000000Z,193.7690618827521,238.79974946174835,3A,0.12564606844523077,7.958864231680284,22.533311613697684,27.489379203468747
371,43.83021208649899,0.09427435674525483,10.607338352911473,0.533011624639538,1.771341592048322,6.169220301732224,2016-01-23T00:21:34.240000Z,27.081020819568153,0.03143772810178547,10,0.5,6,-1,peak,max mdccm,2016-01-23T00:21:32.232620Z,Multiple triggers,24.988358335200456,0.042857142857142864,11,53.77933636363636,-166.21232727272726,us20004ve9,pavdut,lts,3,30.64,3.2,54.6014,-161.703,2016-01-23T00:20:47.580000Z,2016-01-22T16:20:47.580000Z,308.18220124494184,70.91123290606714,3A,0.1257120848470403,7.954684716403727,22.545802213500515,42.09261966246524
372,235.9422405888377,0.16120075885650748,6.203444742404395,0.7295610294355178,0.5517915450825779,3.053045903861687,2016-01-22T01:02:54.260000Z,-11.436516103681527,-0.03544322223387608,10,0.5,6,-1,peak,max mdccm,2016-01-22T01:02:52.252529Z,Multiple triggers,29.505957162065833,0.06625,11,53.77933636363636,-166.21232727272726,us10004ge9,pavdut,lts,3,37.18,3.6,52.3801,-168.4264,2016-01-22T01:02:23.200000Z,2016-01-21T17:02:23.200000Z,215.0671147424219,224.50572448515618,3A,0.1257575366226314,7.951809703467421,22.554402550719672,30.222528880111216
373,234.56112728357323,0.14769296622840286,6.77080314341801,0.7811565489730643,0.7243128259791214,3.6464336550593544,2016-01-21T23:58:07.880000Z,-14.185167545438276,-0.018576018218102314,10,0.5,6,-1,peak,max mdccm,2016-01-21T23:58:05.887313Z,Multiple triggers,27.48458707820229,0.060000000000000005,11,53.77933636363636,-166.21232727272726,us10004g83,pavdut,lts,3,10.0,4.1,52.254,-168.3002,2016-01-21T23:57:31.730000Z,2016-01-21T15:57:31.730000Z,220.09042556206677,220.37595973813495,3A,0.12911694801030055,7.7449166465755,23.191571224262024,32.04731343496351
374,77.51902462068728,0.07862235464127297,12.719028888954794,0.29809392882741614,1.2129096582762657,69.4891882695724,2016-01-21T12:30:28.100000Z,-2.093643312060351,0.04706109892091466,10,0.5,6,-1,peak,max mdccm,2016-01-21T12:30:31.094906Z,Taup,0.0,0.0,11,53.77933636363636,-166.21232727272726,us10004g4x,pavdut,lts,3,32.6,3.1,54.4033,-161.4905,2016-01-21T12:29:48.000000Z,2016-01-21T04:29:48.000000Z,316.6032387383285,75.42538130862692,3A,0.12568345356218763,7.956496831185532,22.540384906998803,43.09490637408731
375,93.54760267359143,0.07680543836220727,13.019911367266644,0.7370714228997423,2.167112111610715,9.10654350304793,2016-01-20T05:27:49.980000Z,-0.4197954267374939,0.048926236514511307,10,0.5,6,-1,peak,max mdccm,2016-01-20T05:27:47.990418Z,Multiple triggers,72.05516059951113,0.24,11,53.77933636363636,-166.21232727272726,us10004gs2,pavdut,lts,3,13.04,3.0,53.502,-161.0818,2016-01-20T05:27:01.210000Z,2016-01-19T21:27:01.210000Z,340.6546049782605,93.12780724685392,3A,0.12573167487671857,7.953445311060336,22.549508952602434,47.09041789713354
376,237.23643557143367,0.22292023346229511,4.485909531263526,0.34068831368634994,1.0977937067893568,8.268911380973123,2016-01-19T18:17:15.080000Z,-5.9145411288223215,-0.09948934437127198,10,0.5,6,-1,peak,max mdccm,2016-01-19T18:17:13.076037Z,STA/LTA trigger,25.28138441217373,0.04,11,53.77933636363636,-166.21232727272726,us10004fnw,pavdut,lts,3,66.8,4.0,52.0678,-169.5835,2016-01-19T18:16:32.100000Z,2016-01-19T10:16:32.100000Z,296.0599083413967,231.32189444261135,3A,0.12343088909102314,8.101699723337145,22.11483900663762,40.3660374587931
377,68.63918490411959,0.054720874486828525,18.274561753224592,0.48558414669869593,6.279127048354402,13.822628074517866,2016-01-24T10:44:30.380000Z,-7.590270497763527,0.06805406188958789,10,0.5,6,-1,peak,max mdccm,2016-01-24T10:44:30.388607Z,Taup,0.0,0.0,11,53.77933636363636,-166.21232727272726,ak01613v3qsp,pavdut,lts,3,27.2,3.6,56.9862,-153.4231,2016-01-24T10:42:36.572000Z,2016-01-24T02:42:36.572000Z,884.0124815692025,61.04891440635607,3A,0.12277493637641641,8.14498487650683,21.99116120517114,113.81660692678656
378,87.10080244156467,0.3028538248716024,3.301922967041803,0.2960666630195776,2.4763417888800667,28.99170760864149,2016-01-18T16:00:23.820000Z,157.25360464316464,-0.17760837430446746,10,0.5,6,-1,peak,max mdccm,2016-01-18T16:00:23.817060Z,Taup,0.0,0.0,11,53.77933636363636,-166.21232727272726,us10004fy5,pavdut,lts,3,42.56,3.0,52.181,-171.2611,2016-01-18T15:59:32.600000Z,2016-01-18T07:59:32.600000Z,382.810420740134,244.35440708472927,3A,0.12524545056713493,7.984321949195058,22.457537106710706,51.217059925459374
379,229.63403591062558,0.1652425512675762,6.051710000414521,0.382145248955115,0.5221363193159418,3.0029002762202595,2016-01-18T15:11:19.060000Z,13.50601728389023,-0.03994634187963175,10,0.5,6,-1,peak,max mdccm,2016-01-18T15:11:19.069176Z,Taup,0.0,0.0,11,53.77933636363636,-166.21232727272726,us10004fcs,pavdut,lts,3,41.61,4.6,52.1246,-171.1836,2016-01-18T15:10:28.020000Z,2016-01-18T07:10:28.020000Z,381.3902067640188,243.14005319451581,3A,0.12529620938794445,7.9810874158513565,22.467135543485927,51.04917577415873
380,225.2166703731899,2.1730035377279457,0.46019253196687493,0.28057543547362623,6.537393933196744,84.6430686247131,2016-01-18T00:54:16.440000Z,13.565906196587378,-2.047288639663867,10,0.5,6,-1,peak,max mdccm,2016-01-18T00:54:19.447135Z,Taup,0.0,0.0,11,53.77933636363636,-166.21232727272726,us10004fxy,pavdut,lts,3,17.28,3.6,52.087,-170.5327,2016-01-18T00:53:31.980000Z,2016-01-17T16:53:31.980000Z,346.1189875835686,238.7825765697773,3A,0.12571489806407857,7.954506708427561,22.54633451191125,47.46713464746175
381,249.65457985121793,2.4170843643829985,0.41372159562798994,0.30084779016914415,0.5056061740816892,33.141600853142805,2016-01-18T00:45:55.840000Z,-150.14028246134006,-2.2914973910242873,10,0.5,6,-1,peak,max mdccm,2016-01-18T00:45:55.846614Z,Taup,0.0,0.0,11,53.77933636363636,-166.21232727272726,us10004fxx,pavdut,lts,3,28.49,3.4,53.0927,-160.6817,2016-01-18T00:45:05.250000Z,2016-01-17T16:45:05.250000Z,375.3154585616943,99.51429738987788,3A,0.125586973358711,7.9626092838763185,22.522131516071767,50.596613795718945
382,110.48779527498249,0.07658600208042035,13.057216368990433,0.7174157363450495,1.5133112616410616,8.376041036536009,2016-01-17T22:32:26.060000Z,-7.948752293730081,0.054141031917801175,10,0.5,6,-1,peak,max mdccm,2016-01-17T22:32:24.063651Z,Multiple triggers,28.922212734755483,0.07928571428571429,11,53.77933636363636,-166.21232727272726,us10004giv,pavdut,lts,3,25.2,3.2,53.568,-164.6893,2016-01-17T22:32:06.000000Z,2016-01-17T14:32:06.000000Z,103.36275470719063,102.53904298125241,3A,0.13072703399822153,7.649527182063998,23.498024768757947,16.023650529374223
383,117.8168053793687,0.08273343615109273,12.087011570192013,0.6886415823182753,1.48215278582665,9.804853888987736,2016-01-17T17:49:58.940000Z,-17.17294654776066,0.045867438764387466,10,0.5,6,-1,peak,max mdccm,2016-01-17T17:49:56.934227Z,Multiple triggers,34.96740584608136,0.10857142857142861,11,53.77933636363636,-166.21232727272726,us10004gjp,pavdut,lts,3,31.9,3.3,53.6053,-164.7367,2016-01-17T17:49:41.000000Z,2016-01-17T09:49:41.000000Z,99.38150611403768,100.64385883160803,3A,0.1286008749154802,7.775996863607854,23.093494073502676,15.50422672576387
384,110.24679411460335,0.21166383670120106,4.724472614618941,0.7363165022108316,0.7645428808681634,11.693551391466826,2016-01-28T02:33:21.900000Z,147.83399308298215,-0.08887508534876398,10,0.5,6,-1,peak,max mdccm,2016-01-28T02:33:24.907193Z,Taup,0.0,0.0,11,53.77933636363636,-166.21232727272726,us20004xwb,pavdut,lts,3,13.44,3.3,51.5347,-178.4102,2016-01-28T02:31:33.040000Z,2016-01-27T18:31:33.040000Z,861.1170592330657,258.0807871975855,3A,0.12278875135243708,8.144068483355843,21.993764861564095,111.86719252651703
385,102.80387478627,0.18580368551625584,5.382024566528368,0.5959297694108706,1.5783813530929076,16.928563121824112,2016-02-02T05:06:27.780000Z,-49.01502129207719,-0.06309189963519714,10,0.5,6,-1,peak,max mdccm,2016-02-02T05:06:27.780411Z,Taup,0.0,0.0,11,53.77933636363636,-166.21232727272726,ak0161inqitk,pavdut,lts,3,55.2,3.1,58.3417,-152.4282,2016-02-02T05:04:21.200000Z,2016-02-01T21:04:21.200000Z,994.9729391203091,53.78885349419281,3A,0.1227117858810587,8.149176485535575,21.97926007792867,126.58041145291486
386,229.79237976740302,0.13387290845140962,7.469771229800084,0.46368738011086497,1.1117715687994085,5.816290212457801,2016-02-28T17:23:43.400000Z,18.58191980629249,-0.009387648214456992,10,0.5,6,-1,peak,max mdccm,2016-02-28T17:23:41.408801Z,STA/LTA trigger,25.08833134616158,0.055,11,53.77933636363636,-166.21232727272726,us10004ter,pavdut,lts,3,13.4,4.3,51.3683,-174.6855,2016-02-28T17:22:13.000000Z,2016-02-28T09:22:13.000000Z,633.481299859121,248.3742995736955,3A,0.12448526023695262,8.033079563769563,22.313865241431134,83.73880106220997
387,203.22035825610465,1.8759678892489446,0.533058164657795,0.2970444986634697,1.1657976978924258,49.514215760571005,2016-03-15T23:53:23.940000Z,-142.07163591090227,-1.7530842181930315,10,0.5,6,-1,peak,max mdccm,2016-03-15T23:53:21.947357Z,STA/LTA trigger,25.384602798772274,0.06,11,53.77933636363636,-166.21232727272726,ak0163gfb1bm,pavdut,lts,3,40.5,3.4,56.5771,-155.4897,2016-03-15T23:51:49.948000Z,2016-03-15T15:51:49.948000Z,749.7368967641183,61.14872234520237,3A,0.12288367105591311,8.137777716170211,22.01165531244752,96.83935673334358
388,126.8186922315715,1.3297984093489401,0.751993680372646,0.2721767283209769,2.5886743409822683,70.48661953136562,2016-01-16T17:53:13.100000Z,123.93933123741795,-1.2064983263650102,10,0.5,6,-1,peak,max mdccm,2016-01-16T17:53:13.104048Z,Taup,0.0,0.0,11,53.77933636363636,-166.21232727272726,us10004f2u,pavdut,lts,3,65.81,3.4,51.9952,-173.455,2016-01-16T17:52:04.310000Z,2016-01-16T09:52:04.310000Z,526.0927150667895,250.75802346898945,3A,0.12330008298392998,8.110294622675417,22.090167290663334,68.79404832679656
389,216.48997527288782,0.1576779336848618,6.3420415059384245,0.637155542873241,0.6763800702035736,3.880302612519557,2016-01-15T07:27:12.700000Z,-8.75255658368468,-0.02683267129627459,10,0.5,6,-1,peak,max mdccm,2016-01-15T07:27:10.692703Z,Multiple triggers,85.23744473017291,0.2369230769230769,11,53.77933636363636,-166.21232727272726,us10004etf,pavdut,lts,3,25.7,4.1,53.1669,-166.7472,2016-01-15T07:26:58.000000Z,2016-01-14T23:26:58.000000Z,76.85869121645277,207.73741868920314,3A,0.1308452623885872,7.642615267415472,23.52055559357349,12.552702575779119
390,222.9525633669868,0.14890437565188264,6.715719371053665,0.7920304612317278,0.7382236749556967,3.804567743400554,2016-01-14T23:43:41.220000Z,-10.260768778148702,-0.018772919326018184,10,0.5,6,-1,peak,max mdccm,2016-01-14T23:43:39.220008Z,Multiple triggers,30.367174232116298,0.12,11,53.77933636363636,-166.21232727272726,us10004eql,pavdut,lts,3,17.96,4.3,52.4978,-167.552,2016-01-14T23:43:14.350000Z,2016-01-14T15:43:14.350000Z,168.45205233099884,212.6917945888381,3A,0.13013145632586445,7.684537069160914,23.384583784772083,24.790007987825977
391,239.62393575100305,0.1567954691516509,6.37773530963966,0.7200240129014304,0.5046666676367244,2.771985009133232,2016-01-12T19:40:44.500000Z,8.487522893408311,-0.03114036650564675,10,0.5,6,-1,peak,max mdccm,2016-01-12T19:40:42.504961Z,Multiple triggers,59.86722605076849,0.28526315789473683,11,53.77933636363636,-166.21232727272726,us10004es1,pavdut,lts,3,37.72,3.9,52.6944,-170.3595,2016-01-12T19:40:02.260000Z,2016-01-12T11:40:02.260000Z,302.02380496661294,248.11145864441136,3A,0.12565510264600416,7.9582920147477205,22.53502085833302,41.144961284704166
392,71.42749634718808,0.05724633774041276,17.468366352701285,0.6222349622838361,4.341124528334467,10.928990134621131,2016-01-12T17:32:40.540000Z,-20.22194833421355,0.061758442495620326,10,0.5,6,-1,peak,max mdccm,2016-01-12T17:32:38.535638Z,Multiple triggers,34.05616630413245,0.09666666666666668,11,53.77933636363636,-166.21232727272726,ak016k4r8e5,pavdut,lts,3,152.2,3.2,56.7685,-158.967,2016-01-12T17:31:25.736000Z,2016-01-12T09:31:25.736000Z,567.6769748634296,51.205548012974546,3A,0.11900478023603309,8.403023794645966,21.282373029627934,74.51963821146646
393,128.51076644588258,0.07687290490417424,13.00848460516157,0.6237414830838806,1.5740136810640326,10.84467512124337,2016-01-12T17:04:05.800000Z,-15.015434320570506,0.051302632491915925,10,0.5,6,-1,peak,max mdccm,2016-01-12T17:04:03.809587Z,Multiple triggers,61.122963585118434,0.20476190476190476,11,53.77933636363636,-166.21232727272726,us10004es0,pavdut,lts,3,20.52,3.1,52.9299,-163.1308,2016-01-12T17:03:31.690000Z,2016-01-12T09:03:31.690000Z,225.89145459214467,113.49533212531207,3A,0.12817553739609017,7.801800720443117,23.012714566131688,32.07958689425402
394,102.98742457102622,0.12636214109061936,7.913762709060619,0.5124365149330431,5.148271266399495,36.29437972007801,2016-01-12T11:42:35.460000Z,153.1389679600133,-0.011223937324455799,10,0.5,6,-1,peak,max mdccm,2016-01-12T11:42:38.468768Z,Taup,0.0,0.0,11,53.77933636363636,-166.21232727272726,us10004esd,pavdut,lts,3,200.5,4.0,52.2203,-174.5441,2016-01-12T11:41:21.000000Z,2016-01-12T03:41:21.000000Z,585.259402609368,256.1263925310395,3A,0.11513820376616356,8.685214527325089,20.558987349177258,77.46876793915281
395,194.45660469712698,0.11680795897476962,8.561060468627817,0.5151305479110809,1.1512359523123106,6.601806363594733,2016-01-12T09:40:25.180000Z,-13.541748792839286,0.011465449034742309,10,0.5,6,-1,peak,max mdccm,2016-01-12T09:40:23.189584Z,Multiple triggers,44.22342194100074,0.06166666666666667,11,53.77933636363636,-166.21232727272726,us10004esc,pavdut,lts,3,23.7,3.5,51.857,-166.2619,2016-01-12T09:39:53.000000Z,2016-01-12T01:39:53.000000Z,213.9490933584129,180.9148559042877,3A,0.12827340800951192,7.7958480679475395,23.03129772514377,30.409584255124013
396,60.26598353032182,1.0311370389439516,0.9698031999938235,0.2671728551099932,0.5591567156636206,81.29306363469186,2016-01-16T20:41:35.320000Z,-5.657354013492352,-0.9083617399724624,10,0.5,6,-1,peak,max mdccm,2016-01-16T20:41:38.316477Z,Taup,0.0,0.0,11,53.77933636363636,-166.21232727272726,ak016qsqp2e,pavdut,lts,3,54.8,3.1,57.5472,-155.0587,2016-01-16T20:39:53.661000Z,2016-01-16T12:39:53.661000Z,816.2856891779663,54.60862951682946,3A,0.12277529897148916,8.144960821738415,21.991229541485456,104.65547666428117
397,240.57129840639806,0.12337195115143351,8.105570112711803,0.5927182795925828,0.8551691134195343,3.741600733573989,2016-01-11T20:43:37.640000Z,6.298615551499495,-0.008516451420736385,10,0.5,6,-1,peak,max mdccm,2016-01-11T20:43:35.650406Z,Multiple triggers,29.79726463802749,0.057857142857142864,11,53.77933636363636,-166.21232727272726,us10004dvw,pavdut,lts,3,114.79,3.0,52.8357,-169.6659,2016-01-11T20:42:58.030000Z,2016-01-11T12:42:58.030000Z,252.9996660851593,246.86991395789755,3A,0.11485549973069713,8.706592216695851,20.506232866775893,36.410405687556505
398,87.14924568889938,0.07160743495400852,13.965030316227251,0.7021743037603568,2.5716348792739936,9.04575097149251,2016-01-11T18:14:44.740000Z,-11.642785612478406,0.05408181705233801,10,0.5,6,-1,peak,max mdccm,2016-01-11T18:14:42.732071Z,Multiple triggers,27.800684770632042,0.0875,11,53.77933636363636,-166.21232727272726,us10004dvy,pavdut,lts,3,33.2,3.2,54.3893,-161.5803,2016-01-11T18:14:00.000000Z,2016-01-11T10:14:00.000000Z,310.5823279316027,75.50646007642099,3A,0.12568925200634654,7.956129772731134,22.541482009620722,42.322071019060225
399,84.67087040711118,3.5941888589560382,0.27822689325525823,0.2790499314987097,0.2003598689097552,29.083758381472222,2016-01-14T06:58:51.340000Z,-25.835694253885833,-3.4714194579352338,10,0.5,6,-1,peak,max mdccm,2016-01-14T06:58:49.349689Z,STA/LTA trigger,22.599904824384975,0.075,11,53.77933636363636,-166.21232727272726,ak016n9fpbi,pavdut,lts,3,68.5,3.1,56.8198,-155.7128,2016-01-14T06:57:12.461000Z,2016-01-13T22:57:12.461000Z,746.8086587782099,58.83517615322535,3A,0.12276940102080425,8.145352112865176,21.99011799099756,95.87868927372303
400,143.10298584645844,0.08810557294342913,11.350019829529744,0.6465146392767178,1.148728298995274,9.531483124237411,2016-01-11T02:50:05.740000Z,-11.28548905075857,0.038411487915891857,10,0.5,6,-1,peak,max mdccm,2016-01-11T02:50:03.742842Z,Multiple triggers,42.8027373747657,0.16222222222222224,11,53.77933636363636,-166.21232727272726,us10004dvp,pavdut,lts,3,35.01,3.8,52.5349,-163.9702,2016-01-11T02:49:34.560000Z,2016-01-10T18:49:34.560000Z,204.12649582521487,131.81749679569987,3A,0.126517060859321,7.904072329912383,22.698198501751122,28.882841980681132
401,241.51923479988858,0.11532120513079606,8.671432100157215,0.5631747560210626,1.1570060252882781,4.869318494416859,2016-01-10T16:25:50.640000Z,-37.14656312980384,0.02458013920100942,10,0.5,6,-1,peak,max mdccm,2016-01-10T16:25:48.631041Z,Multiple triggers,117.76107360885818,0.16761904761904764,11,53.77933636363636,-166.21232727272726,us10004epq,pavdut,lts,3,16.4,3.0,53.1716,-166.6699,2016-01-10T16:25:33.000000Z,2016-01-10T08:25:33.000000Z,74.14783417159273,204.37267167008474,3A,0.13990134433180548,7.147894144807426,25.258258396840898,12.391041394161398
402,107.20371762403204,1.1768458060442712,0.8497289915671259,0.28848559213562314,3.9936381661650096,33.36988412444475,2016-01-10T00:32:37.380000Z,-8.99451264312836,-1.0511134000555868,10,0.5,6,-1,peak,max mdccm,2016-01-10T00:32:40.381310Z,Taup,0.0,0.0,11,53.77933636363636,-166.21232727272726,us10004epl,pavdut,lts,3,10.0,3.4,53.2274,-161.103,2016-01-10T00:31:52.550000Z,2016-01-09T16:31:52.550000Z,344.46362355671386,98.20920498090369,3A,0.1257324059886844,7.953399063165922,22.549647292314656,47.831309726570915
403,193.81484263159177,0.06026843908920094,16.592432376088908,0.5629835464766199,3.2265094975722812,9.564685204217966,2016-01-08T21:41:11.900000Z,-41.11629177053237,-0.03914214151741434,10,0.5,6,-1,peak,max mdccm,2016-01-08T21:41:09.893453Z,Multiple triggers,29.44351588605769,0.10333333333333332,11,53.77933636363636,-166.21232727272726,us10004e9b,pavdut,lts,3,70.03,3.6,53.6912,-166.1357,2016-01-08T21:40:58.730000Z,2016-01-08T13:40:58.730000Z,11.03622649730844,152.6985508610594,3A,0.021126297571786603,47.334370663010226,3.6944249389902315,10.163453356738176
404,22.45436723956834,3.9325194729523543,0.254289904189399,0.2889114026696402,0.14984732233580603,22.68276109283417,2016-01-08T19:08:10.960000Z,-120.19036091365359,-3.8178623887738588,10,0.5,6,-1,peak,max mdccm,2016-01-08T19:08:13.967128Z,Taup,0.0,0.0,11,53.77933636363636,-166.21232727272726,us10004cep,pavdut,lts,3,203.35,4.3,52.7858,-174.6357,2016-01-08T19:06:57.930000Z,2016-01-08T11:06:57.930000Z,572.2368959717273,262.26400632591475,3A,0.11465708417849542,8.721659086003127,20.46921803424019,76.0371282940187
405,110.30859182809897,0.07719646206478453,12.9539615320814,0.7695011528755382,1.4506474885324439,8.076506529848047,2016-01-08T17:46:49.640000Z,-15.176179194379245,0.045967243717317904,10,0.5,6,-1,peak,max mdccm,2016-01-08T17:46:47.642094Z,Multiple triggers,112.08673997689849,0.2246153846153847,11,53.77933636363636,-166.21232727272726,us10004ced,pavdut,lts,3,42.12,4.0,53.6922,-164.7461,2016-01-08T17:46:33.060000Z,2016-01-08T09:46:33.060000Z,97.2399015247885,95.13241263371972,3A,0.12316370578210244,8.1192750222145,22.06444938467133,15.402094171632957
406,93.38608697264033,0.06084872037127884,16.43419933727989,0.6569394406438304,3.4737261800736983,11.537094379141564,2016-01-08T12:44:01.560000Z,-25.425787237424515,0.0589353765081081,10,0.5,6,-1,peak,max mdccm,2016-01-08T12:43:59.559026Z,Multiple triggers,68.34019397172293,0.2579310344827586,11,53.77933636363636,-166.21232727272726,us10004e8x,pavdut,lts,3,90.95,4.0,54.6323,-162.3136,2016-01-08T12:43:21.350000Z,2016-01-08T04:43:21.350000Z,271.49311551512983,67.96029973521581,3A,0.11978409687938694,8.34835363000583,21.428600426001,37.76902572523838
407,244.81806879351313,0.1553536255120294,6.436927343691556,0.7617096746140346,0.5319501925914554,3.0190504302921113,2016-01-07T20:39:02.900000Z,-7.383128823569592,-0.03012593607529604,10,0.5,6,-1,peak,max mdccm,2016-01-07T20:39:00.899300Z,Multiple triggers,27.148561470190117,0.056521739130434796,11,53.77933636363636,-166.21232727272726,us10004dj8,pavdut,lts,3,47.84,4.3,52.4257,-169.558,2016-01-07T20:38:20.790000Z,2016-01-07T12:38:20.790000Z,269.97129622098146,237.43493996994354,3A,0.12522768943673335,7.985454371137408,22.454178653614232,37.04930019449356
408,119.47277683070257,0.07941410281661353,12.59222184136794,0.6986762542345963,1.8333259970473277,11.816353451309567,2016-01-07T19:12:13.000000Z,-20.968958726681706,0.05082430242259488,10,0.5,6,-1,peak,max mdccm,2016-01-07T19:12:10.991644Z,Multiple triggers,116.3809857318453,0.27142857142857146,11,53.77933636363636,-166.21232727272726,us10004dj9,pavdut,lts,3,27.55,3.4,53.6442,-164.7868,2016-01-07T19:11:55.970000Z,2016-01-07T11:11:55.970000Z,95.31704275310094,98.50381810402088,3A,0.1302384052392084,7.678226696367355,23.404947410247935,14.961643746834056
409,226.84246131526902,0.14589802778891123,6.854102246308799,0.5506293901598556,0.7465203313443842,3.700310453854911,2016-01-12T03:15:03.300000Z,26.67473792727003,-0.023109276436474147,10,0.5,6,-1,peak,max mdccm,2016-01-12T03:15:01.307891Z,Multiple triggers,28.854522569175792,0.06000000000000001,11,53.77933636363636,-166.21232727272726,us10004dw5,pavdut,lts,3,63.7,3.9,51.8261,-175.047,2016-01-12T03:13:36.000000Z,2016-01-11T19:13:36.000000Z,633.7235934053004,253.51719924253905,3A,0.12278875135243708,8.144068483355843,21.993764861564095,82.06789069927245
410,220.10956959599105,0.1487891230490152,6.72092139201985,0.42322808817369895,0.9214053605842794,5.077410261565944,2016-01-06T04:24:19.760000Z,-19.883768855997573,-0.020997146928600025,10,0.5,6,-1,peak,max mdccm,2016-01-06T04:24:17.759682Z,Multiple triggers,31.445948323433967,0.076,11,53.77933636363636,-166.21232727272726,us10004bp9,pavdut,lts,3,32.99,4.3,52.3138,-167.0914,2016-01-06T04:23:52.710000Z,2016-01-05T20:23:52.710000Z,173.42012291185853,200.22580073999347,3A,0.12779197612041518,7.825217438203827,22.939910606020867,25.009682186235192
411,320.4544972737732,0.20715223121727816,4.8273677484608815,0.2758195302984223,0.884847665946735,4.555224743686324,2016-01-06T02:59:42.440000Z,-76.07679305325166,-0.10076703428006563,10,0.5,6,-1,peak,max mdccm,2016-01-06T02:59:40.449366Z,Multiple triggers,35.02855719920693,0.09500000000000001,11,53.77933636363636,-166.21232727272726,us10004c4p,pavdut,lts,3,99.59,3.7,53.1887,-168.2049,2016-01-06T02:59:15.130000Z,2016-01-05T18:59:15.130000Z,147.70112771215128,244.37770422052154,3A,0.10638519693721253,9.399804002714681,18.933762018392915,23.899366152512524
412,23.55720623051917,2.1847205503974156,0.4577244443542645,0.2972384440795942,2.5293521227731017,64.63104907338924,2016-01-05T11:08:24.180000Z,-126.94879880063729,-2.074525078410281,10,0.5,6,-1,peak,max mdccm,2016-01-05T11:08:24.187092Z,Taup,0.0,0.0,11,53.77933636363636,-166.21232727272726,us10004bka,pavdut,lts,3,225.0,3.0,52.556,-173.213,2016-01-05T11:07:17.070000Z,2016-01-05T03:07:17.070000Z,487.3426844504854,256.6084074298819,3A,0.1101954719871347,9.074783037516731,19.63921045156518,67.11709240210962
413,251.34662819145194,0.7325744720748277,1.365048931022342,0.2953407267138735,2.4825829161567836,70.25272733715329,2016-01-05T07:21:30.760000Z,-20.23601517620031,-0.6069767518639216,10,0.5,6,-1,peak,max mdccm,2016-01-05T07:21:30.751657Z,Taup,0.0,0.0,11,53.77933636363636,-166.21232727272726,us10004bg7,pavdut,lts,3,40.48,4.6,52.0226,-169.6421,2016-01-05T07:20:49.600000Z,2016-01-04T23:20:49.600000Z,302.40354965750146,231.11061301525163,3A,0.12559772021090607,7.961927957934117,22.524164627216273,41.15165738292675
414,228.11832815782986,0.47572433616805904,2.1020576917610754,0.27896525947418216,0.200046166686894,87.54472640935307,2016-01-05T02:05:27.220000Z,-152.04755540091423,-0.34996679954542764,10,0.5,6,-1,peak,max mdccm,2016-01-05T02:05:27.223770Z,Taup,0.0,0.0,11,53.77933636363636,-166.21232727272726,us10004ce5,pavdut,lts,3,7.8,3.0,54.351,-161.679,2016-01-05T02:04:44.330000Z,2016-01-04T18:04:44.330000Z,303.4979861355171,76.07077275691564,3A,0.1257575366226314,7.951809703467421,22.554402550719672,42.89376983497434
415,128.99459594279767,0.08839821467652707,11.312445660348118,0.34806353027988884,1.6512587917061792,13.498754156546056,2016-01-05T01:08:05.300000Z,-4.471293561342236,0.03876161488704548,10,0.5,6,-1,peak,max mdccm,2016-01-05T01:08:03.299637Z,Multiple triggers,29.333649113933493,0.144,11,53.77933636363636,-166.21232727272726,us10004cdw,pavdut,lts,3,29.54,3.0,52.6422,-163.5654,2016-01-05T01:07:32.610000Z,2016-01-04T17:07:32.610000Z,217.43502041455886,124.52330238145544,3A,0.12715982956357255,7.864118750647254,22.82000785638802,30.689637434748896
416,236.20946631333834,0.1364507415268156,7.328652001524504,0.7594809305886633,0.871013056438557,4.0688269186456125,2016-01-11T05:53:59.540000Z,19.988649492416812,-0.012348843200378504,10,0.5,6,-1,peak,max mdccm,2016-01-11T05:53:57.538129Z,Multiple triggers,26.19135839315983,0.09500000000000001,11,53.77933636363636,-166.21232727272726,us10004dvn,pavdut,lts,3,25.8,3.3,51.987,-175.568,2016-01-11T05:52:28.040000Z,2016-01-10T21:52:28.040000Z,660.0600799204218,256.19811580575515,3A,0.1241018983264371,8.057894468057244,22.24146802216344,86.27812934965715
417,306.95304192041544,1.2700901301668737,0.7873456979534301,0.2554898394964541,1.718495506659213,64.99786599504463,2016-01-07T02:53:57.900000Z,-53.136984575461724,-1.1465660764231014,10,0.5,6,-1,peak,max mdccm,2016-01-07T02:54:00.894825Z,Taup,0.0,0.0,11,53.77933636363636,-166.21232727272726,us10004bys,pavdut,lts,3,44.42,5.1,51.775,-175.3586,2016-01-07T02:52:35.740000Z,2016-01-06T18:52:35.740000Z,655.7030064243194,253.81605734495372,3A,0.1235240537437723,8.095589237010584,22.13241369208238,85.15482471943886
418,104.01543408852962,0.1634893716667475,6.1166055616041755,0.3064159292344926,0.22058092406159155,36.558167659947216,2016-01-04T08:46:32.040000Z,-14.717042149006602,-0.03803349379479673,10,0.5,6,-1,peak,max mdccm,2016-01-04T08:46:35.047267Z,Taup,0.0,0.0,11,53.77933636363636,-166.21232727272726,us10004by5,pavdut,lts,3,15.4,3.5,53.635,-159.403,2016-01-04T08:45:34.430000Z,2016-01-04T00:45:34.430000Z,449.76902803878573,89.29839193952301,3A,0.12545587787195078,7.9709298357520675,22.497333014871106,60.61726680177695
419,22.93980454700761,1.4337746749547027,0.6974596618758055,0.29237936692847993,0.7183469762359755,33.773406696061784,2016-01-04T01:12:58.140000Z,48.714704141289474,-1.3090273581005045,10,0.5,6,-1,peak,max mdccm,2016-01-04T01:12:58.139606Z,Taup,0.0,0.0,11,53.77933636363636,-166.21232727272726,ak0166mt9m6,pavdut,lts,3,19.2,3.4,55.1235,-157.4973,2016-01-04T01:11:40.942000Z,2016-01-03T17:11:40.942000Z,584.3247641480444,71.6545086882971,3A,0.12474731685419811,8.016204478119379,22.36337577492049,77.19760647164159
420,167.93610263020886,2.2985572974894146,0.43505550246332514,0.2641192689236977,0.38044682524270956,45.071059790584,2016-01-04T12:17:07.020000Z,90.7775891425855,-2.176112341202208,10,0.5,6,-1,peak,max mdccm,2016-01-04T12:17:05.014763Z,STA/LTA trigger,27.223166529181967,0.095,11,53.77933636363636,-166.21232727272726,us10004bb5,pavdut,lts,3,93.64,4.1,51.82,-177.5827,2016-01-04T12:15:23.590000Z,2016-01-04T04:15:23.590000Z,796.3050023755202,258.7136917727944,3A,0.12244495628720636,8.166935007550693,21.928985285686363,101.82476346748238
421,217.66870523315959,0.13956536172554324,7.16510162433076,0.4449967375406521,1.4373081308461244,7.519902678945726,2016-01-03T20:03:14.440000Z,26.184872429782985,-0.014778359956114928,10,0.5,6,-1,peak,max mdccm,2016-01-03T20:03:14.441198Z,Taup,0.0,0.0,11,53.77933636363636,-166.21232727272726,us10004b1x,pavdut,lts,3,40.3,3.0,51.626,-172.675,2016-01-03T20:02:08.790000Z,2016-01-03T12:02:08.790000Z,497.9963597790849,243.85357766294257,3A,0.12478700176942831,8.013655154947324,22.370875006519423,65.65119817634823
422,187.86951379644245,1.667938122484869,0.5995426248248437,0.28680179451496657,2.2734714802730096,65.84205779982966,2016-01-04T10:56:02.580000Z,-138.2610252085278,-1.5470275415535093,10,0.5,6,-1,peak,max mdccm,2016-01-04T10:56:02.586819Z,Taup,0.0,0.0,11,53.77933636363636,-166.21232727272726,ak0166sfcez,pavdut,lts,3,135.9,3.1,57.9462,-156.1201,2016-01-04T10:54:22.353000Z,2016-01-04T02:54:22.353000Z,782.6331146909854,49.60848858791466,3A,0.12091058093135977,8.270574769363602,21.64022822182917,100.23381881959052
423,235.76546430351266,0.12679717471644597,7.88661105609238,0.6569352487860195,0.8421259082415462,3.6548929465072604,2016-01-19T06:01:17.960000Z,16.92095973820014,-0.003376468926950746,10,0.5,6,-1,peak,max mdccm,2016-01-19T06:01:15.954191Z,Multiple triggers,25.57855629735567,0.04181818181818182,11,53.77933636363636,-166.21232727272726,us10004fi6,pavdut,lts,3,45.51,4.5,51.6432,-175.3735,2016-01-19T05:59:47.530000Z,2016-01-18T21:59:47.530000Z,662.6181227478808,252.6864240417128,3A,0.12342070578949522,8.10236818533178,22.11291814995718,85.98419080362223
424,78.45024937053643,0.08857555647178589,11.289796415995779,0.7536387262839858,1.7032634587062487,7.3578362344306925,2016-01-03T09:28:25.800000Z,19.68400121694134,0.037061972591770104,10,0.5,6,-1,peak,max mdccm,2016-01-03T09:28:23.791610Z,Multiple triggers,43.61876407442722,0.08315789473684211,11,53.77933636363636,-166.21232727272726,us10004c9w,pavdut,lts,3,28.63,3.2,53.211,-160.9461,2016-01-03T09:27:36.320000Z,2016-01-03T01:27:36.320000Z,355.0919303407457,98.13425058747777,3A,0.125637529063556,7.95940518293807,22.53169600685244,48.05161001051495
425,237.8457174723693,0.17047009591524792,5.866131503188494,0.6382914328869355,0.5931494009517699,3.3787031279953794,2016-01-03T02:35:54.480000Z,-10.569620862663726,-0.04471255929261653,10,0.5,6,-1,peak,max mdccm,2016-01-03T02:35:52.477639Z,STA/LTA trigger,24.315091819744293,0.088,11,53.77933636363636,-166.21232727272726,us10004ca1,pavdut,lts,3,9.78,3.5,51.865,-169.4807,2016-01-03T02:35:06.990000Z,2016-01-02T18:35:06.990000Z,306.4177646074381,227.27609660970558,3A,0.1257575366226314,7.951809703467421,22.554402550719672,43.067638881716995
426,245.1814266751133,0.14558233291265116,6.868965347601595,0.7521827312816255,0.7767064433546009,4.131886966579884,2016-01-02T22:14:37.260000Z,-14.992204984318619,-0.016628944082565544,10,0.5,6,-1,peak,max mdccm,2016-01-02T22:14:35.255626Z,Multiple triggers,28.223316898096698,0.1142857142857143,11,53.77933636363636,-166.21232727272726,us10004c9n,pavdut,lts,3,25.9,4.0,52.7039,-168.3002,2016-01-02T22:14:09.000000Z,2016-01-02T14:14:09.000000Z,183.71005600496574,230.18922169079468,3A,0.1289533888300856,7.754739980642478,23.16047983728906,26.455626433543497
427,163.9745949000434,0.0781299643733968,12.799186688743703,0.6568587888737679,1.6286191152197906,10.079419085603632,2016-01-02T21:53:24.560000Z,-22.906112555818112,0.017168867886235797,10,0.5,6,-1,peak,max mdccm,2016-01-02T21:53:22.554303Z,Multiple triggers,52.39388156993016,0.37545454545454543,11,53.77933636363636,-166.21232727272726,us10004c9m,pavdut,lts,3,55.01,3.9,53.4037,-165.706,2016-01-02T21:53:12.080000Z,2016-01-02T13:53:12.080000Z,53.58994697910209,141.0684823442253,3A,0.0952988322596326,10.493308011115973,16.897559518124964,11.174303304001276
428,8.671932967824034,1.585834424688308,0.6305828555818793,0.26042410192122345,10.666944797441754,78.92455412014729,2016-01-01T23:14:22.520000Z,76.23399901195734,-1.4603645162893264,10,0.5,6,-1,peak,max mdccm,2016-01-01T23:14:25.511208Z,Taup,0.0,0.0,11,53.77933636363636,-166.21232727272726,us10004bmy,pavdut,lts,3,33.66,3.4,53.9447,-160.2874,2016-01-01T23:13:33.210000Z,2016-01-01T15:13:33.210000Z,390.1355903050517,84.90593197978136,3A,0.1254699083989817,7.97003849576506,22.499986868117624,52.30120839104738
429,133.90376660341653,0.9193735587892304,1.0876971503476243,0.2647376686901817,4.2889032965946825,6.669835145060233,2016-01-01T22:38:05.280000Z,-68.57613199833492,-0.7944973443091756,10,0.5,6,-1,peak,max mdccm,2016-01-01T22:38:08.274580Z,Taup,0.0,0.0,11,53.77933636363636,-166.21232727272726,ak01620upih,pavdut,lts,3,9.4,4.0,55.6689,-157.8326,2016-01-01T22:36:50.977000Z,2016-01-01T14:36:50.977000Z,578.9934943967799,65.32763460508161,3A,0.12487621448005479,8.007930126355006,22.38773494736299,77.29758014464268
430,297.98116356969285,2.762786957567781,0.3619533519444257,0.2777338445812125,0.24157213650903636,40.68336013107046,2016-01-01T20:25:05.660000Z,137.66128094902666,-2.6371192828387766,10,0.5,6,-1,peak,max mdccm,2016-01-01T20:25:05.668564Z,Taup,0.0,0.0,11,53.77933636363636,-166.21232727272726,us10004as7,pavdut,lts,3,21.9,3.1,54.467,-160.782,2016-01-01T20:24:16.340000Z,2016-01-01T12:24:16.340000Z,363.1034375006097,75.6424445187195,3A,0.12566767472900425,7.957495848924136,22.537399495253364,49.32856376616544
431,216.56760354574908,0.15438443640680388,6.477336856449663,0.5883572088964563,0.7429752162004317,4.277515413619426,2015-12-31T22:23:28.740000Z,30.924496258898813,-0.029859961718916958,10,0.5,6,-1,peak,max mdccm,2015-12-31T22:23:28.746837Z,Taup,0.0,0.0,11,53.77933636363636,-166.21232727272726,us10004amq,pavdut,lts,3,39.85,5.0,51.6783,-173.489,2015-12-31T22:22:17.350000Z,2015-12-31T14:22:17.350000Z,544.0161255602735,247.4920998046479,3A,0.12452447468788692,8.030549837744264,22.321272935978048,71.3968372060592
432,138.38152868035704,0.37142938452981905,2.692301798539362,0.6215390434155021,0.12050272776964399,4.094826741478499,2015-12-31T23:36:16.820000Z,108.56772532430944,-0.24693531156711857,10,0.5,6,-1,peak,max mdccm,2015-12-31T23:36:19.824430Z,Taup,0.0,0.0,11,53.77933636363636,-166.21232727272726,us10004bv9,pavdut,lts,3,39.66,3.6,51.6156,-173.5178,2015-12-31T23:35:07.790000Z,2015-12-31T15:35:07.790000Z,549.1043335622516,246.9492540046665,3A,0.12449407296270047,8.032510915596832,22.31552995012824,72.03442983458164
433,139.75524812698123,0.21592869802003992,4.631158383158462,0.777784835289784,0.48269102282891385,10.276013889594452,2015-12-30T21:00:11.620000Z,112.20888089204448,-0.09130312736318913,10,0.5,6,-1,peak,max mdccm,2015-12-30T21:00:14.621375Z,Taup,0.0,0.0,11,53.77933636363636,-166.21232727272726,us10004bcm,pavdut,lts,3,24.7,3.2,51.8499,-174.3709,2015-12-30T20:58:57.000000Z,2015-12-30T12:58:57.000000Z,590.0805558253327,251.96412901902573,3A,0.12462557065685079,8.024035474657456,22.340371997125033,77.62137520980119
434,145.6711424164396,0.39573082139139976,2.5269702179981186,0.34432414832124564,0.07979322080744344,2.977843033612146,2016-02-03T19:33:13.280000Z,114.28326884852049,-0.2729648566515942,10,0.5,6,-1,peak,max mdccm,2016-02-03T19:33:13.272156Z,Taup,0.0,0.0,11,53.77933636363636,-166.21232727272726,us200050dm,pavdut,lts,3,39.2,3.2,51.5193,-179.6451,2016-02-03T19:31:12.830000Z,2016-02-03T11:31:12.830000Z,941.6539863861983,259.9544112649601,3A,0.12276596473980558,8.145580105360915,21.98947038026877,120.44215635933078
435,146.72801333316028,0.028818259945456868,34.70022138368724,0.618022829898199,10.983624942191526,26.504327172690665,2015-12-30T20:01:58.080000Z,-95.89415379247785,0.025246302449621855,10,0.5,6,-1,peak,max mdccm,2015-12-30T20:01:56.077581Z,Multiple triggers,53.386017465838975,0.17857142857142858,11,53.77933636363636,-166.21232727272726,us10004bcl,pavdut,lts,3,104.3,3.2,54.0483,-165.6485,2015-12-30T20:01:41.000000Z,2015-12-30T12:01:41.000000Z,47.632518929238984,50.833859540682425,3A,0.05406456239507872,18.496404219319565,9.49124612333194,15.657580874316164
436,207.63044209906116,0.1288640038024565,7.76011896644901,0.5080183862310271,3.7874350675492487,21.97135144440034,2015-12-30T07:37:29.980000Z,43.46671180804634,-0.004307388270042206,10,0.5,6,-1,peak,max mdccm,2015-12-30T07:37:29.972322Z,Taup,0.0,0.0,11,53.77933636363636,-166.21232727272726,us10004baw,pavdut,lts,3,54.6,3.0,52.5474,-171.5387,2015-12-30T07:36:39.000000Z,2015-12-29T23:36:39.000000Z,381.6003460862898,251.0971539071075,3A,0.12455661553241429,8.028477618194135,22.327344704206062,50.9723216274386
437,237.1358067167523,0.16104027314032954,6.209626825015417,0.6366163659468211,0.7258840713433976,3.9369429225708927,2015-12-29T19:47:16.880000Z,5.343163150353746,-0.035555770946907844,10,0.5,6,-1,peak,max mdccm,2015-12-29T19:47:14.871605Z,Multiple triggers,26.791523948478687,0.054285714285714284,11,53.77933636363636,-166.21232727272726,us10004aaa,pavdut,lts,3,39.5,4.0,52.2362,-170.7616,2015-12-29T19:46:24.780000Z,2015-12-29T11:46:24.780000Z,350.25099882536324,242.47896986710606,3A,0.1254845021934217,7.969111583664737,22.502747316578258,47.17160467450617
438,10.43042637793394,0.741028790508296,1.3494752333631561,0.28358968021211106,0.3326429967715888,49.70763086462796,2015-12-29T14:37:28.240000Z,116.53091071526029,-0.6111679320597949,10,0.5,6,-1,peak,max mdccm,2015-12-29T14:37:28.231388Z,Taup,0.0,0.0,11,53.77933636363636,-166.21232727272726,us10004agu,pavdut,lts,3,10.0,3.1,52.7039,-163.9085,2015-12-29T14:36:59.450000Z,2015-12-29T06:36:59.450000Z,194.87204247643416,126.96133709319423,3A,0.12986085844850098,7.700549741834417,23.33307451675139,28.781388155305073
439,302.0280519207269,1.3419440611446334,0.7451875446633993,0.2578790458011207,2.110306551426487,68.49410124187068,2015-12-29T11:48:57.820000Z,141.74827723770295,-1.2145055213112985,10,0.5,6,-1,peak,max mdccm,2015-12-29T11:48:57.820371Z,Taup,0.0,0.0,11,53.77933636363636,-166.21232727272726,us10004agt,pavdut,lts,3,36.07,3.3,53.9008,-164.0138,2015-12-29T11:48:36.420000Z,2015-12-29T03:48:36.420000Z,145.3462948033525,83.77632915842989,3A,0.12743853983333492,7.846919788219541,22.87285933249909,21.400370883049078
440,68.3202826666847,0.11318002936575185,8.835481008477268,0.2816841064925119,0.31918055564525677,77.14828398253792,2015-12-29T02:17:52.940000Z,166.72527969632478,0.012577507256879547,10,0.5,6,-1,peak,max mdccm,2015-12-29T02:17:50.938504Z,Multiple triggers,26.61958768343676,0.07500000000000001,11,53.77933636363636,-166.21232727272726,us10004agz,pavdut,lts,3,24.4,3.4,52.307,-169.539,2015-12-29T02:17:10.000000Z,2015-12-28T18:17:10.000000Z,276.774511937774,235.04556236300948,3A,0.1257575366226314,7.951809703467421,22.554402550719672,38.358504459313046
441,108.6467095672781,0.07918568984510382,12.628544399324085,0.6674847067890546,1.3830349509561932,7.704757484369168,2015-12-28T18:04:50.140000Z,-9.80325646996505,0.03689854367405104,10,0.5,6,-1,peak,max mdccm,2015-12-28T18:04:48.148266Z,Multiple triggers,71.07057757608034,0.1,11,53.77933636363636,-166.21232727272726,us10004bc9,pavdut,lts,3,53.5,3.3,53.6405,-164.8007,2015-12-28T18:04:32.000000Z,2015-12-28T10:04:32.000000Z,94.48141587939074,98.84345309731306,3A,0.11608423351915487,8.614434274874991,20.73565578323005,15.48826612711994
442,112.01272901401953,0.07643032840274583,13.083811373026549,0.6776309464081626,1.781485432435706,10.026835556127992,2015-12-28T03:22:13.100000Z,-8.76370131934334,0.04462408941595285,10,0.5,6,-1,peak,max mdccm,2015-12-28T03:22:11.101435Z,Multiple triggers,27.568491068839393,0.08,11,53.77933636363636,-166.21232727272726,us10004bcd,pavdut,lts,3,45.6,3.6,53.5728,-164.7982,2015-12-28T03:21:54.000000Z,2015-12-27T19:21:54.000000Z,96.23481638674998,103.24902769467619,3A,0.12105441781869868,8.260747670503727,21.667272520516985,15.381434679114683
443,155.08712793309329,0.26038107000033384,3.840524965961304,0.36453033555770886,0.9736719263175098,21.575013606431725,2015-12-28T07:54:41.060000Z,86.80821776728311,-0.13540336010627485,10,0.5,6,-1,peak,max mdccm,2015-12-28T07:54:44.056035Z,Taup,0.0,0.0,11,53.77933636363636,-166.21232727272726,us10004bjg,pavdut,lts,3,50.84,4.0,52.5548,-169.8064,2015-12-28T07:54:06.220000Z,2015-12-27T23:54:06.220000Z,276.2611440200753,241.8953457003764,3A,0.124977709894059,8.001426821212192,22.40691863093768,37.83603520891772
444,38.84228235614535,3.0716193121319497,0.3255611774708891,0.28469815327703446,0.22329586041348198,20.569114225385135,2016-01-17T14:42:20.420000Z,-132.10481754474893,-2.951667146923917,10,0.5,6,-1,peak,max mdccm,2016-01-17T14:42:20.426451Z,Taup,0.0,0.0,11,53.77933636363636,-166.21232727272726,us10004gjh,pavdut,lts,3,145.7,4.5,52.4502,179.7385,2016-01-17T14:40:20.000000Z,2016-01-17T06:40:20.000000Z,950.6536584986169,266.7374648113964,3A,0.11995216520803251,8.336656518585592,21.460155166762277,120.4264508122653
445,222.33978632983423,0.09600594801208376,10.41602130603549,0.3009924330748661,15.53677969526405,35.65440087059184,2015-12-26T04:05:03.240000Z,6.390041523879802,0.029692252413204723,10,0.5,6,-1,peak,max mdccm,2015-12-26T04:05:03.232918Z,Taup,0.0,0.0,11,53.77933636363636,-166.21232727272726,us100049lw,pavdut,lts,3,42.07,3.8,52.7278,-168.1561,2015-12-26T04:04:38.140000Z,2015-12-25T20:04:38.140000Z,174.70542405850088,228.72982785371403,3A,0.12569820042528848,7.955563378127854,22.543175124676075,25.0929184774634
446,114.22323727814916,0.2594226572028292,3.8547134270471664,0.4722058302507314,0.8184897187819369,15.234152809800435,2015-12-25T07:12:10.480000Z,141.80433204506068,-0.14447122539402477,10,0.5,6,-1,peak,max mdccm,2015-12-25T07:12:13.471944Z,Taup,0.0,0.0,11,53.77933636363636,-166.21232727272726,us10004a5u,pavdut,lts,3,186.2,4.0,52.464,-173.419,2015-12-25T07:11:05.710000Z,2015-12-24T23:11:05.710000Z,503.9328964419393,256.02756932320983,3A,0.11495143180880443,8.6993261785836,20.52413240161764,67.76194360524377
447,74.17753123811997,0.04981904745872296,20.072643918544195,0.3256367700614283,14.05539139559271,25.739161840392143,2016-01-03T20:35:04.640000Z,-24.334144744290114,0.07275034146404841,10,0.5,6,-1,peak,max mdccm,2016-01-03T20:35:04.648360Z,Taup,0.0,0.0,11,53.77933636363636,-166.21232727272726,ak0165apsta,pavdut,lts,3,83.6,3.5,58.5487,-154.1077,2016-01-03T20:33:07.827000Z,2016-01-03T12:33:07.827000Z,918.4824348378568,49.84338649382986,3A,0.12256938892277136,8.158643922342478,21.95242809208037,116.82135954294898
448,127.43113368636511,0.1804381159689259,5.542066290318697,0.7540858834976044,0.5948264406572612,9.56938999958021,2016-01-03T18:53:27.160000Z,-64.8071667870555,-0.057500494650604486,10,0.5,6,-1,peak,max mdccm,2016-01-03T18:53:27.158522Z,Taup,0.0,0.0,11,53.77933636363636,-166.21232727272726,ak01659mw4z,pavdut,lts,3,47.0,3.0,56.3062,-155.9585,2016-01-03T18:51:55.076000Z,2016-01-03T10:51:55.076000Z,712.407910838501,62.62396689930962,3A,0.12293762131832141,8.134206512835545,22.02182485600358,92.08252247416559
449,240.3776027050783,0.13079145507101203,7.645759422563646,0.6977915283881833,0.811594094834069,3.726709558514017,2015-12-22T21:03:32.740000Z,6.350307439785041,-0.03285032676582103,10,0.5,6,-1,peak,max mdccm,2015-12-22T21:03:30.743272Z,Multiple triggers,107.70776660168403,0.41625,11,53.77933636363636,-166.21232727272726,us100049c1,pavdut,lts,3,97.0,3.8,53.3695,-167.7663,2015-12-22T21:03:09.000000Z,2015-12-22T13:03:09.000000Z,112.58962479770257,246.72791014486333,3A,0.097941128305191,10.210215231377918,17.380766070808487,20.1232722142061
450,86.13147201590346,0.0716888472191645,13.949171158281242,0.6619783948437682,1.627321070828124,5.820166781219626,2015-12-22T17:06:02.340000Z,-7.465815591612682,0.05498361627835123,10,0.5,6,-1,peak,max mdccm,2015-12-22T17:06:00.346200Z,Multiple triggers,43.64979789721039,0.12285714285714286,11,53.77933636363636,-166.21232727272726,us100049bw,pavdut,lts,3,24.62,3.0,54.1632,-162.4491,2015-12-22T17:05:24.660000Z,2015-12-22T09:05:24.660000Z,250.58365816141497,78.66565642429076,3A,0.12667246349751574,7.89437556031751,22.727638483176,35.04620025089427
451,133.18894528145765,0.3916258996857205,2.55345726828205,0.5637580278803107,0.06904737605242883,2.607737955816958,2015-12-31T21:23:27.940000Z,119.88760705551397,-0.2677801259622629,10,0.5,6,-1,peak,max mdccm,2015-12-31T21:23:27.940423Z,Taup,0.0,0.0,11,53.77933636363636,-166.21232727272726,us10004am7,pavdut,lts,3,35.0,4.1,51.6856,-175.3806,2015-12-31T21:22:01.870000Z,2015-12-31T13:22:01.870000Z,661.1152789710704,253.0765523369716,3A,0.12384577372345758,8.074558944845046,22.19312018898681,86.07042284173531
452,178.66411160423664,0.09616038838016672,10.399292440942887,0.279416830133235,0.33130652277682254,43.32648244361697,2015-12-27T20:07:40.420000Z,73.53494715294556,0.02695400141720672,10,0.5,6,-1,peak,max mdccm,2015-12-27T20:07:40.411130Z,Taup,0.0,0.0,11,53.77933636363636,-166.21232727272726,us10004aj4,pavdut,lts,3,50.2,3.5,51.553,-175.491,2015-12-27T20:06:13.100000Z,2015-12-27T12:06:13.100000Z,674.2282450634804,252.1990587571822,3A,0.12311438979737344,8.122527363745537,22.0551505670101,87.31113019770342
453,91.06025969282996,0.07259578501848649,13.77490442103974,0.6392407973147328,2.0666313779956758,7.388492974379744,2015-12-22T11:24:20.120000Z,-18.491038348503167,0.05274630392429061,10,0.5,6,-1,peak,max mdccm,2015-12-22T11:24:18.111848Z,STA/LTA trigger,20.57792530492086,0.024,11,53.77933636363636,-166.21232727272726,us100049bz,pavdut,lts,3,17.3,3.3,54.8545,-159.1395,2015-12-22T11:23:14.000000Z,2015-12-22T03:23:14.000000Z,475.34920118496944,72.56922134432679,3A,0.1253420889427771,7.978166060855534,22.475811888654192,63.69184801248224
454,132.54136959202265,0.355361882694366,2.814032817526645,0.6512249826190741,,,2015-12-21T09:26:57.900000Z,97.06380378213782,-0.22809722455318254,10,0.5,6,-1,peak,max mdccm,2015-12-21T09:26:57.894263Z,Taup,0.0,0.0,11,53.77933636363636,-166.21232727272726,us10004994,pavdut,lts,3,11.1,3.8,52.19,-169.1799,2015-12-21T09:26:20.000000Z,2015-12-21T01:26:20.000000Z,266.4285346783359,229.6051733741605,3A,0.12726465814118348,7.857641034093149,22.839883957485196,37.89426314540558
455,171.45277282257712,2.8114681531039585,0.35568604926076264,0.27329117708275963,0.18953972559566878,32.63292146918823,2015-12-21T06:52:19.360000Z,68.4145090600658,-2.686005707827964,10,0.5,6,-1,peak,max mdccm,2015-12-21T06:52:22.366633Z,Taup,0.0,0.0,11,53.77933636363636,-166.21232727272726,us1000498w,pavdut,lts,3,35.43,3.7,51.9495,-171.0374,2015-12-21T06:51:30.960000Z,2015-12-20T22:51:30.960000Z,383.3617021427283,239.8672818826429,3A,0.12546244527599443,7.970512592833521,22.49857522320558,51.40663338685682
456,235.67703263925296,0.8374074423504828,1.1941618254468138,0.29910211377509105,0.454653864163841,82.0261470388437,2015-12-20T09:11:15.920000Z,-139.57579780220914,-0.7117978230389329,10,0.5,6,-1,peak,max mdccm,2015-12-20T09:11:18.923925Z,Taup,0.0,0.0,11,53.77933636363636,-166.21232727272726,us10004a5a,pavdut,lts,3,29.31,3.2,53.3079,-160.7815,2015-12-20T09:10:29.810000Z,2015-12-20T01:10:29.810000Z,363.7251237311508,96.10123483704382,3A,0.1256096193115499,7.961173718070883,22.52641575794613,49.11392516061974
457,211.15228519050493,0.7818832016882389,1.2789634025143453,0.2738445269790537,0.45370313565368575,70.65016517673047,2015-12-20T01:44:40.620000Z,3.5200040770009764,-0.6561396338405885,10,0.5,6,-1,peak,max mdccm,2015-12-20T01:44:40.619334Z,Taup,0.0,0.0,11,53.77933636363636,-166.21232727272726,us1000491v,pavdut,lts,3,23.52,4.0,51.4828,-168.7264,2015-12-20T01:43:58.420000Z,2015-12-19T17:43:58.420000Z,307.0153385606555,214.6722892675059,3A,0.12574356784765037,7.952693065076616,22.551759336736403,42.199333787214194
458,219.02376707715035,0.9773401622520691,1.0231852108642667,0.2879542299183688,1.5434729393823063,81.71782529145347,2015-12-26T04:34:35.400000Z,39.239273709632016,-0.8545820455737924,10,0.5,6,-1,peak,max mdccm,2015-12-26T04:34:35.393951Z,Taup,0.0,0.0,11,53.77933636363636,-166.21232727272726,us10004aaw,pavdut,lts,3,46.57,3.3,51.3601,-179.2159,2015-12-26T04:32:37.770000Z,2015-12-25T20:32:37.770000Z,920.3348526682445,258.26304078678237,3A,0.12275811667827674,8.146100861263537,21.98799132463868,117.62395104100459
459,55.30282366783422,0.16392976225241962,6.100173551525052,0.3538111377852007,31.42847536048142,61.061149662649115,2015-12-19T20:22:16.860000Z,-159.9597725063827,-0.04550626575180089,10,0.5,6,-1,peak,max mdccm,2015-12-19T20:22:14.864138Z,Multiple triggers,32.45607551983072,0.09230769230769233,11,53.77933636363636,-166.21232727272726,us100048f3,pavdut,lts,3,140.57,4.2,52.5825,-172.6307,2015-12-19T20:21:14.050000Z,2015-12-19T12:21:14.050000Z,449.12023162711006,255.34305116145148,3A,0.11842349650061873,8.444270179058387,21.17339825458764,60.214138440585735
460,10.381093656293217,3.080773222443011,0.32459383661060703,0.27958655870835775,0.2606629262281877,34.411222533743086,2015-12-18T06:53:57.160000Z,-125.4895084867801,-2.955935134444078,10,0.5,6,-1,peak,max mdccm,2015-12-18T06:53:55.163293Z,STA/LTA trigger,37.31398623125463,0.05333333333333334,11,53.77933636363636,-166.21232727272726,us10004886,pavdut,lts,3,12.4,3.8,51.314,-173.771,2015-12-18T06:52:32.920000Z,2015-12-17T22:52:32.920000Z,581.1218485033897,244.89158516951315,3A,0.12483808799893295,8.010375807810734,22.3805293315732,77.29329340886022
461,4.369998562393391,1.579314880724945,0.6331859543683745,0.28307051360199015,5.578132786689988,75.29622740044744,2015-12-23T18:37:21.920000Z,-115.08159245925611,-1.4565352688156243,10,0.5,6,-1,peak,max mdccm,2015-12-23T18:37:21.930510Z,Taup,0.0,0.0,11,53.77933636363636,-166.21232727272726,us10004b5t,pavdut,lts,3,25.39,4.2,50.2622,-178.1578,2015-12-23T18:35:25.200000Z,2015-12-23T10:35:25.200000Z,907.0848435508702,249.28840610313728,3A,0.12277961190932078,8.144674709825217,21.992042379862767,116.73051003958363
462,71.25526496767247,0.07852175384503787,12.73532430227543,0.6514341309274947,1.816223501883167,5.562071917671858,2015-12-16T05:44:29.060000Z,7.784260989373564,0.05053333175352387,10,0.5,6,-1,peak,max mdccm,2015-12-16T05:44:27.056006Z,Multiple triggers,35.83754330132912,0.10153846153846155,11,53.77933636363636,-166.21232727272726,us100049fb,pavdut,lts,3,28.2,3.0,54.0345,-163.7537,2015-12-16T05:44:03.000000Z,2015-12-15T21:44:03.000000Z,164.05387031788433,79.03952595704604,3A,0.12905508559856174,7.7486291637556715,23.179810789279372,23.876006214495238
463,95.14980067681086,0.05058709379604349,19.76788791290896,0.5785349550992906,3.948449979924481,11.261100025358559,2015-12-23T04:41:14.720000Z,-44.720539726814536,0.07142332165792145,10,0.5,6,-1,peak,max mdccm,2015-12-23T04:41:12.726397Z,Multiple triggers,23.71405244999964,0.039999999999999994,11,53.77933636363636,-166.21232727272726,ak015gehh2il,pavdut,lts,3,111.2,3.5,57.7689,-156.3047,2015-12-23T04:39:37.254000Z,2015-12-22T20:39:37.254000Z,762.9326343664177,50.42926094999632,3A,0.12201041545396493,8.196021596019435,21.847149093397356,97.77239664721564
464,227.4095996703088,0.1460618575218852,6.8464143683108025,0.8834217652607902,0.5677292858326459,2.7965445630774752,2015-12-14T21:12:24.600000Z,0.6327028901735616,-0.021388996764747592,10,0.5,6,-1,peak,max mdccm,2015-12-14T21:12:22.592767Z,Multiple triggers,35.98654152284913,0.17538461538461536,11,53.77933636363636,-166.21232727272726,us20004h58,pavdut,lts,3,46.67,5.2,52.835,-167.9241,2015-12-14T21:12:01.830000Z,2015-12-14T13:12:01.830000Z,155.1230426027917,228.04230256048237,3A,0.1246728607571376,8.020991849605483,22.349306945972245,22.6727673395954
465,300.2020678892896,1.3814038202437962,0.7239012845813005,0.28494486473297537,4.727656420150273,75.17438017469433,2015-12-13T20:51:28.100000Z,-47.4484878581996,-1.2583572254878663,10,0.5,6,-1,peak,max mdccm,2015-12-13T20:51:28.107801Z,Taup,0.0,0.0,11,53.77933636363636,-166.21232727272726,us1000487k,pavdut,lts,3,64.4,3.3,51.9337,-174.3559,2015-12-13T20:50:12.000000Z,2015-12-13T12:50:12.000000Z,585.3246354852965,252.75358003109,3A,0.12304659475592987,8.127002636550476,22.04236841288242,76.10780092868315
466,86.08630188794518,0.23026421160178281,4.3428372696031134,0.8231285873901275,0.5432564541904215,6.005227869551362,2015-12-22T15:09:12.080000Z,166.0230380141275,-0.10613002483529997,10,0.5,6,-1,peak,max mdccm,2015-12-22T15:09:12.086028Z,Taup,0.0,0.0,11,53.77933636363636,-166.21232727272726,us100048x2,pavdut,lts,3,25.0,3.4,51.6056,-175.2758,2015-12-22T15:07:46.000000Z,2015-12-22T07:07:46.000000Z,658.2376064164453,252.1093399020727,3A,0.12413418676648284,8.055798535830965,22.24756419263199,86.08602778896639
467,237.29932231607916,0.1134225893243267,8.81658588432103,0.6709255911086917,1.9329137399481495,7.401502635916728,2015-12-12T06:56:09.940000Z,-20.48978147620599,0.013468679254722282,10,0.5,6,-1,peak,max mdccm,2015-12-12T06:56:07.931456Z,Multiple triggers,32.360780537543924,0.07666666666666667,11,53.77933636363636,-166.21232727272726,us20004hjy,pavdut,lts,3,32.4,3.8,52.259,-168.049,2015-12-12T06:55:36.960000Z,2015-12-11T22:55:36.960000Z,209.31202456404188,216.80954083987316,3A,0.12689126857904898,7.88076288619523,22.76910037622453,29.591455878837788
468,100.98024625172809,0.0434324624418716,23.02425291539394,0.6289291267738136,5.862569818151654,14.516154591545245,2015-12-22T07:43:47.720000Z,-54.707879625190955,0.07439999748928056,10,0.5,6,-1,peak,max mdccm,2015-12-22T07:43:45.714419Z,Multiple triggers,26.241475187226687,0.05578947368421053,11,53.77933636363636,-166.21232727272726,ak015gcvqlob,pavdut,lts,3,185.8,3.2,58.277,-156.571,2015-12-22T07:42:07.315000Z,2015-12-21T23:42:07.315000Z,781.0988960134342,46.272366626537135,3A,0.11783245993115216,8.486625846428785,21.06267734115372,100.1394193028877
469,180.74050631293687,3.606165953675051,0.27730282323277383,0.2940965225525427,0.12812309926155957,26.478044272781972,2015-12-20T01:12:26.880000Z,84.96414796696104,-3.4943873849604348,10,0.5,6,-1,peak,max mdccm,2015-12-20T01:12:26.886806Z,Taup,0.0,0.0,11,53.77933636363636,-166.21232727272726,us100048ez,pavdut,lts,3,250.91,4.5,52.9272,-176.0274,2015-12-20T01:10:59.850000Z,2015-12-19T17:10:59.850000Z,659.8626171144746,265.7046542798979,3A,0.11177856871461626,8.946258764084883,19.933217810700448,87.03680589813348
470,92.62748551615897,0.049377843287540864,20.251998334085247,0.4121394033197936,5.359988639147973,12.65277914666703,2015-12-10T11:44:47.160000Z,-41.962071992531264,0.06236791841486595,10,0.5,6,-1,peak,max mdccm,2015-12-10T11:44:45.160969Z,Multiple triggers,30.347410739974908,0.08399999999999999,11,53.77933636363636,-166.21232727272726,us100048ip,pavdut,lts,3,186.0,3.8,55.9756,-161.214,2015-12-10T11:43:50.000000Z,2015-12-10T03:43:50.000000Z,403.2117105182756,50.66541352362771,3A,0.11174576170240681,8.948885262092778,19.9271194789419,56.32096931000152
471,135.82967344499738,0.2181691465609489,4.583599540829824,0.5285305038717895,0.7869840911493509,14.980742363950583,2016-02-17T02:57:51.360000Z,115.76425857290872,-0.09402134283489914,10,0.5,6,-1,peak,max mdccm,2016-02-17T02:57:51.354189Z,Taup,0.0,0.0,11,53.77933636363636,-166.21232727272726,us10004ql3,pavdut,lts,3,21.42,3.9,51.5298,-175.3322,2016-02-17T02:56:24.200000Z,2016-02-16T18:56:24.200000Z,665.3861342715784,251.5939320179061,3A,0.12414780372604976,8.054914948045685,22.250135201788513,87.15418884524843
472,237.20128204411145,0.1299741340199929,7.693838528258076,0.6284504146026128,0.7796002534372608,3.4080691962156493,2015-12-08T06:23:56.420000Z,19.853253900947948,-0.027076260964432886,10,0.5,6,-1,peak,max mdccm,2015-12-08T06:23:54.413974Z,Multiple triggers,32.585967820455295,0.09857142857142857,11,53.77933636363636,-166.21232727272726,ak015fppi8et,pavdut,lts,3,210.3,3.0,53.0318,-170.9309,2015-12-08T06:23:05.491000Z,2015-12-07T22:23:05.491000Z,324.5871172603807,257.0545359450594,3A,0.10289787305556,9.718373862402842,18.290710112133688,49.00297386833257
473,217.39465475041925,1.0406324226733703,0.9609541065720534,0.29312287102569085,3.1840048193185124,75.12544692999518,2015-12-17T03:31:41.360000Z,44.52973446131307,-0.9259456315164865,10,0.5,6,-1,peak,max mdccm,2015-12-17T03:31:41.357326Z,Taup,0.0,0.0,11,53.77933636363636,-166.21232727272726,us10004804,pavdut,lts,3,220.3,3.0,52.505,-176.121,2015-12-17T03:30:12.910000Z,2015-12-16T19:30:12.910000Z,677.448192479705,261.9243892117323,3A,0.11468679115688384,8.719399940591826,20.47475936407935,88.4473259940826
474,155.13050001794036,0.15363718361426015,6.508841001086816,0.41659326555524534,2.3661294033468816,28.218811158077358,2016-01-28T02:38:47.980000Z,103.504417296567,-0.030848432261823072,10,0.5,6,-1,peak,max mdccm,2016-01-28T02:38:50.982666Z,Taup,0.0,0.0,11,53.77933636363636,-166.21232727272726,us20004xvc,pavdut,lts,3,4.8,3.3,51.5979,-178.48,2016-01-28T02:36:58.000000Z,2016-01-27T18:36:58.000000Z,863.0598405560165,258.6349173145074,3A,0.12278875135243708,8.144068483355843,21.993764861564095,112.98266606636027
475,116.51303148571435,0.08098541054392214,12.347903076414655,0.5816113076188704,10.838380085775373,45.50771082692842,2015-12-07T04:31:01.520000Z,125.01988292776372,0.04373924722960561,10,0.5,6,-1,peak,max mdccm,2015-12-07T04:31:04.530548Z,Taup,0.0,0.0,11,53.77933636363636,-166.21232727272726,us20004gqg,pavdut,lts,3,51.3,3.0,51.9823,-171.2561,2015-12-07T04:30:12.000000Z,2015-12-06T20:30:12.000000Z,393.9351155560191,241.53291441347807,3A,0.12472465777352774,8.01766080461634,22.359094084884624,52.53054758805148
476,208.00431202291077,0.16596244029008234,6.025459726020662,0.7622957575950098,0.42005255624157245,2.77114993700917,2015-12-07T01:02:12.520000Z,-7.8232773750061995,-0.03789353296252437,10,0.5,6,-1,peak,max mdccm,2015-12-07T01:02:10.524537Z,Multiple triggers,40.97484248545584,0.12333333333333335,11,53.77933636363636,-166.21232727272726,us20004g5f,pavdut,lts,3,33.99,3.0,52.5825,-166.9332,2015-12-07T01:01:48.750000Z,2015-12-06T17:01:48.750000Z,141.64473569106676,200.18103464790457,3A,0.12806890732755796,7.80829649340515,22.99247112110907,20.934536780411094
477,103.00419926136567,0.07784949575744321,12.845298357688973,0.7034006641643247,1.6312741903975594,8.199527548284095,2015-12-05T20:42:16.460000Z,-10.525704733251075,0.047894514707639585,10,0.5,6,-1,peak,max mdccm,2015-12-05T20:42:14.466723Z,Multiple triggers,70.36292620995036,0.32769230769230767,11,53.77933636363636,-166.21232727272726,us20004h7p,pavdut,lts,3,10.0,3.5,53.5448,-161.197,2015-12-05T20:41:28.040000Z,2015-12-05T12:41:28.040000Z,332.49785776960624,92.47849452811458,3A,0.1257440104650828,7.952665071690908,22.551843089373005,46.326722925427624
478,163.55064051348356,0.24112983556572457,4.147143374663111,0.322723668833723,2.459802064544206,37.82564743251547,2015-12-11T15:51:25.580000Z,-98.72109607497734,-0.11827825417458336,10,0.5,6,-1,peak,max mdccm,2015-12-11T15:51:28.590509Z,Taup,0.0,0.0,11,53.77933636363636,-166.21232727272726,ak015futmtk2,pavdut,lts,3,7.1,3.2,56.3752,-153.91,2015-12-11T15:49:39.226000Z,2015-12-11T07:49:39.226000Z,835.8135368015807,64.82954443850622,3A,0.1228515813911412,8.139903358802915,22.00560680486041,109.36450919663321
479,79.95656812135962,0.08287779703504834,12.065957780913363,0.8669463326415,2.0544600488844624,8.305218314213107,2015-12-05T11:42:22.720000Z,22.789210075554763,0.04703158517076887,10,0.5,6,-1,peak,max mdccm,2015-12-05T11:42:20.716928Z,Multiple triggers,73.61187157752472,0.17151515151515154,11,53.77933636363636,-166.21232727272726,us20004h7m,pavdut,lts,3,14.56,3.5,53.3814,-163.4982,2015-12-05T11:41:52.270000Z,2015-12-05T03:41:52.270000Z,185.1286996703059,102.74577819691439,3A,0.12990938220581721,7.697673432205892,23.34230971538216,27.166927824501055
480,244.292623855947,1.878404587369132,0.5323666726136921,0.286968011386635,8.522466849651517,76.28097789252979,2015-12-11T14:01:19.200000Z,-178.92568941556385,-1.7555334117052204,10,0.5,6,-1,peak,max mdccm,2015-12-11T14:01:17.191607Z,STA/LTA trigger,37.74644256360165,0.155,11,53.77933636363636,-166.21232727272726,ak015fusi2vs,pavdut,lts,3,3.9,3.0,56.3096,-153.8619,2015-12-11T13:59:31.120000Z,2015-12-11T05:59:31.120000Z,836.8259746879672,65.36693444038313,3A,0.12287117566391148,8.138605287991155,22.009300053878523,109.90160681570174
481,110.5335499458651,0.0716703802602205,13.952765373494662,0.8967389190651168,1.7332437211857767,8.97131437586333,2015-12-05T08:55:10.280000Z,-10.220777456923997,0.05706300240484034,10,0.5,6,-1,peak,max mdccm,2015-12-05T08:55:08.289834Z,Multiple triggers,57.4349224002615,0.3105263157894737,11,53.77933636363636,-166.21232727272726,us20004h7k,pavdut,lts,3,27.4,3.1,53.4566,-163.52,2015-12-05T08:54:43.000000Z,2015-12-05T00:54:43.000000Z,181.73690558681344,100.3127724889411,3A,0.12873338266506085,7.767992880306774,23.11866967550909,26.169834310899546
482,114.78004860248078,0.07368439740034935,13.571394152369885,0.9088581481634762,1.342419601337073,7.627738745708626,2015-12-05T03:07:38.060000Z,-16.518879282909893,0.05468379996067518,10,0.5,6,-1,peak,max mdccm,2015-12-05T03:07:36.064885Z,Multiple triggers,55.37723720860187,0.15241379310344824,11,53.77933636363636,-166.21232727272726,us20004h78,pavdut,lts,3,30.63,3.5,53.531,-163.6572,2015-12-05T03:07:11.350000Z,2015-12-04T19:07:11.350000Z,171.1724012599736,98.26116931957088,3A,0.12836819736102453,7.790091475598009,23.04929827315735,24.754885132348612
483,142.97154276650008,0.09017365417814985,11.089713609968264,0.7353761604880233,0.22492252355376507,1.9037509315351429,2015-12-04T22:00:16.400000Z,-11.888702968845905,0.002262940479647299,10,0.5,6,-1,peak,max mdccm,2015-12-04T22:00:14.391366Z,Multiple triggers,121.91814385756578,0.3533333333333333,11,53.77933636363636,-166.21232727272726,us20004h5t,pavdut,lts,3,59.05,3.5,53.4535,-165.5893,2015-12-04T22:00:03.760000Z,2015-12-04T14:00:03.760000Z,54.90926037015909,131.08283979765417,3A,0.09243659465779715,10.818226306389022,16.375523335226777,11.63136629362089
484,239.98713224014875,1.2395541215289663,0.8067417006096669,0.31685266372548276,36.57710044374513,76.57097433777373,2015-12-07T16:33:16.220000Z,17.726912991519043,-1.1167759012760787,10,0.5,6,-1,peak,max mdccm,2015-12-07T16:33:16.213246Z,Taup,0.0,0.0,11,53.77933636363636,-166.21232727272726,us20004gqi,pavdut,lts,3,31.19,3.0,51.5144,-178.2791,2015-12-07T16:31:26.310000Z,2015-12-07T08:31:26.310000Z,853.5041217168709,257.7140452316678,3A,0.1227782202528875,8.144767027411623,21.991780100647052,109.90324596783789
485,110.28788496464699,0.20834810210350702,4.799659751655437,0.6661782939642774,0.9616655976455502,14.322584892766969,2015-12-04T17:09:11.580000Z,135.57500378960026,-0.08557004944983873,10,0.5,6,-1,peak,max mdccm,2015-12-04T17:09:11.581081Z,Taup,0.0,0.0,11,53.77933636363636,-166.21232727272726,us100043ea,pavdut,lts,3,10.0,3.2,49.8876,-177.6696,2015-12-04T17:07:14.730000Z,2015-12-04T09:07:14.730000Z,899.1983881019964,245.86288875424722,3A,0.12277805265366828,8.14477814549474,21.991748514010297,116.85108071757435
486,82.35636893406809,0.07357578728820567,13.591427789727529,0.7177578250957783,2.3187497116014786,7.855572193767017,2015-12-04T04:05:38.680000Z,19.780855355398558,0.05218174933442572,10,0.5,6,-1,peak,max mdccm,2015-12-04T04:05:36.676342Z,Multiple triggers,85.96723888541922,0.3742857142857142,11,53.77933636363636,-166.21232727272726,us20004h5r,pavdut,lts,3,10.0,3.2,53.1315,-161.8282,2015-12-04T04:04:53.780000Z,2015-12-03T20:04:53.780000Z,299.9697317232708,102.13722428946664,3A,0.1257575366226314,7.951809703467421,22.554402550719672,42.23634219672489
487,242.76159132862722,0.1713134812192642,5.837252228387674,0.3161722148865586,0.5664626664399104,3.4134796630010555,2015-12-03T10:51:23.540000Z,-4.148316327528761,-0.04699059730681841,10,0.5,6,-1,peak,max mdccm,2015-12-03T10:51:21.544350Z,Multiple triggers,31.750960155202353,0.072,11,53.77933636363636,-166.21232727272726,us1000430f,pavdut,lts,3,56.76,4.3,52.5292,-169.4529,2015-12-03T10:50:47.900000Z,2015-12-03T02:50:47.900000Z,257.55167616973927,238.61327500109846,3A,0.1243228839124458,8.043571453058059,22.283196183900372,35.52434993282997
488,158.4410606618283,3.4893302748770614,0.28658794703382806,0.2892542087237751,0.09644462877645493,26.013352820827237,2015-12-03T09:41:02.420000Z,-82.22669463786151,-3.3636713729654106,10,0.5,6,-1,peak,max mdccm,2015-12-03T09:41:00.412719Z,STA/LTA trigger,25.341791270535328,0.04,11,53.77933636363636,-166.21232727272726,us100044pm,pavdut,lts,3,23.74,3.5,54.4339,-160.7832,2015-12-03T09:40:08.640000Z,2015-12-03T01:40:08.640000Z,362.4077239016188,76.21436602396678,3A,0.12565890191165058,7.958051397767977,22.535739674715344,49.15271938599486
489,78.05505991170162,0.07282895451749918,13.73080262685526,0.3052053864046016,5.63452547439968,12.683525017343356,2015-12-03T04:40:26.240000Z,-6.962176148461509,0.05282531790258865,10,0.5,6,-1,peak,max mdccm,2015-12-03T04:40:24.248165Z,Multiple triggers,30.262050274577817,0.065,11,53.77933636363636,-166.21232727272726,us20004h94,pavdut,lts,3,13.9,3.0,54.7695,-160.5437,2015-12-03T04:39:30.000000Z,2015-12-02T20:39:30.000000Z,385.24718199016155,71.09288376324011,3A,0.12565427242008784,7.958344596965205,22.534863781110086,52.6281647627587
490,228.13214643841388,0.09658422921207346,10.353657198053153,0.5920285781734277,1.337580190687273,4.325989320601593,2015-12-02T18:36:58.820000Z,31.868545726748835,0.01711166122383863,10,0.5,6,-1,peak,max mdccm,2015-12-02T18:36:56.821618Z,Multiple triggers,31.955099348911755,0.1168421052631579,11,53.77933636363636,-166.21232727272726,us100042sb,pavdut,lts,3,214.02,4.3,52.5851,-174.5751,2015-12-02T18:35:39.330000Z,2015-12-02T10:35:39.330000Z,574.2945918982509,260.0006921651627,3A,0.11369589043591209,8.795392658133746,20.290031278516295,76.53161769776344
491,321.4972417450716,0.877653845371471,1.1394013770619844,0.3078969399142572,1.161749473395864,2.1499246523465843,2015-12-02T12:36:22.680000Z,-92.76066901546685,-0.7522663213646336,10,0.5,6,-1,peak,max mdccm,2015-12-02T12:36:22.672789Z,Taup,0.0,0.0,11,53.77933636363636,-166.21232727272726,us1000452u,pavdut,lts,3,10.0,3.2,50.8443,-171.2945,2015-12-02T12:35:18.320000Z,2015-12-02T04:35:18.320000Z,476.01210392477213,228.73657272960477,3A,0.12538752400683742,7.97527511545303,22.484404711296555,64.352788998882
492,223.05863914311806,4.132182089349684,0.2420028881537934,0.2697657873326902,0.09346028696256775,12.476187132853795,2015-12-01T15:44:42.240000Z,-99.24374404852396,-4.006433858047735,10,0.5,6,-1,peak,max mdccm,2015-12-01T15:44:45.231842Z,Taup,0.0,0.0,11,53.77933636363636,-166.21232727272726,us1000437s,pavdut,lts,3,35.64,3.6,52.4763,-163.125,2015-12-01T15:44:10.280000Z,2015-12-01T07:44:10.280000Z,252.42759199419024,123.81489509459409,3A,0.12574823130194912,7.952398134322705,22.552641764076682,34.951841738710776
493,17.248583451565878,1.310763935604565,0.7629138800944878,0.2654882723778665,9.255320480139043,74.81073435730657,2015-12-01T05:53:00.140000Z,175.15782442805767,-1.1827985402808572,10,0.5,6,-1,peak,max mdccm,2015-12-01T05:53:00.150350Z,Taup,0.0,0.0,11,53.77933636363636,-166.21232727272726,us1000437p,pavdut,lts,3,2.0,3.5,51.496,-167.016,2015-12-01T05:52:21.860000Z,2015-11-30T21:52:21.860000Z,259.84329355791374,192.40640787962357,3A,0.1279653953237078,7.814612672983575,22.97282253531559,38.29035044171719
494,230.96759797286927,1.8388042970599867,0.5438316636516851,0.2860655323583316,65.53460118558273,89.60600377560752,2015-11-30T23:52:37.700000Z,-122.83443283034205,-1.7080143236966645,10,0.5,6,-1,peak,max mdccm,2015-11-30T23:52:37.700730Z,Taup,0.0,0.0,11,53.77933636363636,-166.21232727272726,us20004fli,pavdut,lts,3,4.09,3.3,53.3444,-164.0894,2015-11-30T23:52:14.310000Z,2015-11-30T15:52:14.310000Z,148.7591445209035,108.13316514252722,3A,0.13078997336332226,7.64584604067541,23.510018665350195,23.390730068066247
495,94.8559193312621,0.05647494982262685,17.706965710297048,0.32148901608454467,13.969778286495398,33.36176667189511,2015-11-30T16:51:18.360000Z,-8.333136680489076,0.06831454714984769,10,0.5,6,-1,peak,max mdccm,2015-11-30T16:51:16.359444Z,Multiple triggers,37.85836603161158,0.11333333333333334,11,53.77933636363636,-166.21232727272726,us20004fm7,pavdut,lts,3,17.49,3.7,53.7719,-157.3958,2015-11-30T16:49:59.520000Z,2015-11-30T08:49:59.520000Z,580.8823616214407,86.52278265077301,3A,0.12478949697247455,8.013494919532972,22.37134653684944,76.8794443663808
496,137.63063788113675,0.12903278466473442,7.749968371203471,0.7291060876721529,3.1462716791028296,28.239724674078786,2015-12-04T06:00:04.420000Z,-65.07910339681071,-0.0062575257009154645,10,0.5,6,-1,peak,max mdccm,2015-12-04T06:00:04.426228Z,Taup,0.0,0.0,11,53.77933636363636,-166.21232727272726,us20004h5x,pavdut,lts,3,23.7,3.2,55.494,-151.879,2015-12-04T05:58:03.180000Z,2015-12-03T21:58:03.180000Z,943.1855081273205,72.55153448432604,3A,0.12277525896381895,8.144963475863596,21.991222001456595,121.24622779501465
497,237.51842832706927,0.162176100323339,6.166136674924649,0.6683259518999332,0.579914518840194,3.2891092855146837,2015-11-30T06:43:36.880000Z,-3.573757494303692,-0.034316033455701334,10,0.5,6,-1,peak,max mdccm,2015-11-30T06:43:34.890531Z,Multiple triggers,25.994554881128924,0.0575,11,53.77933636363636,-166.21232727272726,us1000423u,pavdut,lts,3,27.2,3.1,52.6428,-168.7189,2015-11-30T06:43:04.000000Z,2015-11-29T22:43:04.000000Z,209.84164902271965,233.94467083276558,3A,0.12786006686763768,7.821050187899655,22.952832083241947,29.780530615927354
498,111.01379842988786,0.12186484606203128,8.205811867115337,0.8133366733814396,2.729127452099817,22.272436690528593,2015-11-30T01:57:31.780000Z,-60.211604061221706,-0.0007898111239599825,10,0.5,6,-1,peak,max mdccm,2015-11-30T01:57:31.782039Z,Taup,0.0,0.0,11,53.77933636363636,-166.21232727272726,ak015fcef8yl,pavdut,lts,3,133.2,3.1,57.7933,-156.0662,2015-11-30T01:55:52.292000Z,2015-11-29T17:55:52.292000Z,776.487709596053,50.80219436866615,3A,0.1210750349380713,8.259340998840019,21.67114937922167,99.49003887887201
499,135.26160488149503,0.22053015547475494,4.534527252507535,0.8745179695629948,0.5046561655315762,10.426622095356493,2015-11-29T21:46:20.220000Z,113.83775198793069,-0.09590479164160437,10,0.5,6,-1,peak,max mdccm,2015-11-29T21:46:20.227762Z,Taup,0.0,0.0,11,53.77933636363636,-166.21232727272726,us100042vh,pavdut,lts,3,41.39,3.1,51.9062,-173.2485,2015-11-29T21:45:12.150000Z,2015-11-29T13:45:12.150000Z,517.6105935656633,249.09935686942575,3A,0.12462536383315057,8.024048791053545,22.34033292129964,68.07776175089705
500,222.85957794338572,0.12963556064104376,7.713932774734275,0.7159650300310757,0.7842213266337934,3.5240624689913034,2015-11-28T19:14:45.160000Z,17.22767931055853,-0.00535945666878572,10,0.5,6,-1,peak,max mdccm,2015-11-28T19:14:43.160486Z,Multiple triggers,28.879609365845724,0.08,11,53.77933636363636,-166.21232727272726,us100042iz,pavdut,lts,3,24.0,3.4,50.627,-174.0908,2015-11-28T19:13:20.000000Z,2015-11-28T11:13:20.000000Z,642.2055597276542,240.08725725394424,3A,0.12427610397225804,8.046599209637506,22.274361805184576,84.14048574373223
501,26.141230036999502,0.8957706424342615,1.116357193044968,0.2669409339268367,1.1234364964317671,65.56762828852271,2015-11-28T04:00:29.400000Z,60.94088221281572,-0.7701311684233045,10,0.5,6,-1,peak,max mdccm,2015-11-28T04:00:32.392569Z,Taup,0.0,0.0,11,53.77933636363636,-166.21232727272726,us100042it,pavdut,lts,3,28.62,3.1,53.8209,-160.8343,2015-11-28T03:59:44.440000Z,2015-11-27T19:59:44.440000Z,354.30100067919824,87.08211224981522,3A,0.125639474010957,7.959281968283234,22.532063979178854,47.95256915818783
502,106.72232842102835,0.041812028141644,23.91656287545685,0.5410631535866672,8.087992602100593,20.1814435132776,2015-12-05T00:39:19.800000Z,-56.17488778181418,0.07985045274427796,10,0.5,6,-1,peak,max mdccm,2015-12-05T00:39:17.804012Z,Multiple triggers,27.298685697316074,0.04499999999999999,11,53.77933636363636,-166.21232727272726,ak015fknenhn,pavdut,lts,3,123.6,3.3,58.0555,-155.3514,2015-12-05T00:37:33.551000Z,2015-12-04T16:37:33.551000Z,827.8127201216937,50.54744063921417,3A,0.12166248088592196,8.219460861871294,21.78165705951613,105.72301198636958
503,289.963821055229,0.8810457426190729,1.1350148484087936,0.30092952313063487,1.1122762034580487,30.622495123926484,2015-11-28T02:51:12.660000Z,-35.8808836234943,-0.7577211200294034,10,0.5,6,-1,peak,max mdccm,2015-11-28T02:51:15.655298Z,Taup,0.0,0.0,11,53.77933636363636,-166.21232727272726,us100042iq,pavdut,lts,3,41.94,3.9,51.6661,-175.8746,2015-11-28T02:49:45.810000Z,2015-11-27T18:49:45.810000Z,693.2326556182767,254.0829374317347,3A,0.12332462258966952,8.10868080518875,22.094795447543284,89.84529796125757
504,283.24401866691517,0.7184352383664112,1.391913907610956,0.28633742079053,0.9083347887621736,37.32958308156162,2015-11-27T18:31:15.840000Z,153.23077135861718,-0.5956464870139742,10,0.5,6,-1,peak,max mdccm,2015-11-27T18:31:15.841956Z,Taup,0.0,0.0,11,53.77933636363636,-166.21232727272726,us100043fj,pavdut,lts,3,15.04,3.3,54.8935,-152.8723,2015-11-27T18:29:22.380000Z,2015-11-27T10:29:22.380000Z,875.157205051222,76.47479002553233,3A,0.12278875135243708,8.144068483355843,21.993764861564095,113.4619555801065
505,147.74473797087649,0.08777943845621103,11.392189533074449,0.4194326123854362,1.1494232527207249,9.30227888490694,2015-11-26T18:39:14.980000Z,-16.46998699854248,0.04218677680658872,10,0.5,6,-1,peak,max mdccm,2015-11-26T18:39:12.988495Z,STA/LTA trigger,27.414024800670973,0.07,11,53.77933636363636,-166.21232727272726,us100042i7,pavdut,lts,3,11.62,3.0,52.6462,-164.1243,2015-11-26T18:38:43.010000Z,2015-11-26T10:38:43.010000Z,188.03245486277692,131.274750972334,3A,0.12996621526279975,7.69430730884898,23.353127183725096,27.758495237237824
506,232.9215334932943,0.12063758785613564,8.289290409159486,0.5826312426992132,0.9921378711684072,4.084051822275654,2015-11-25T02:24:33.080000Z,31.496119023386257,-0.006676363628436113,10,0.5,6,-1,peak,max mdccm,2015-11-25T02:24:31.076270Z,Multiple triggers,35.60347466578382,0.13090909090909092,11,53.77933636363636,-166.21232727272726,us10004375,pavdut,lts,3,209.54,3.5,52.985,-174.6232,2015-11-25T02:23:16.150000Z,2015-11-24T18:23:16.150000Z,566.2743088019935,264.41765251668056,3A,0.11396122422769953,8.774914509534893,20.339474301733713,75.50627017698103
507,342.020270433357,1.4825740909433391,0.6745025466914205,0.27735905069330175,1.059193553993764,59.0032082068727,2015-11-28T02:54:32.580000Z,-87.36826569254202,-1.3592807094123027,10,0.5,6,-1,peak,max mdccm,2015-11-28T02:54:30.572389Z,STA/LTA trigger,23.647838744662455,0.04,11,53.77933636363636,-166.21232727272726,us100042ip,pavdut,lts,3,42.76,3.4,51.7246,-175.9072,2015-11-28T02:52:59.450000Z,2015-11-27T18:52:59.450000Z,692.7231605162403,254.65200474081496,3A,0.12329338153103639,8.11073544728978,22.0889034265092,89.7623885722823
508,247.854145447809,0.4378518822227322,2.283877358077239,0.28373884808278105,0.4303432719677126,72.93515109582108,2015-11-24T06:42:13.140000Z,-177.49515692482217,-0.3150737141902619,10,0.5,6,-1,peak,max mdccm,2015-11-24T06:42:13.144688Z,Taup,0.0,0.0,11,53.77933636363636,-166.21232727272726,ak015f2k315k,pavdut,lts,3,17.3,3.1,55.812,-151.9811,2015-11-24T06:40:11.764000Z,2015-11-23T22:40:11.764000Z,941.0354917208494,70.35898852298683,3A,0.12277816803247026,8.144770491570922,21.99177025890981,121.38068834723727
509,82.87371793203192,0.0572508161495374,17.4669999007181,0.31871547613016155,6.385080545494197,18.10490425630033,2015-11-23T02:33:17.480000Z,-6.4937143114595415,0.03170823584077099,10,0.5,6,-1,peak,max mdccm,2015-11-23T02:33:17.489850Z,Taup,0.0,0.0,11,53.77933636363636,-166.21232727272726,us100041bj,pavdut,lts,3,90.9,3.8,53.952,-164.9584,2015-11-23T02:33:00.470000Z,2015-11-22T18:33:00.470000Z,84.69949881745214,76.38000362057237,3A,0.08895905199030839,11.241126986255932,15.74313375056285,17.019849722157737
510,69.25280511431049,0.6472456024418805,1.5450085658786614,0.25460251213388796,0.32618074230634064,71.3207966341663,2015-11-23T15:17:59.220000Z,-164.9119799545984,-0.5290709801294909,10,0.5,6,-1,peak,max mdccm,2015-11-23T15:17:57.211129Z,STA/LTA trigger,31.96403250469209,0.07999999999999999,11,53.77933636363636,-166.21232727272726,us100041bx,pavdut,lts,3,179.52,3.1,52.1271,-179.9983,2015-11-23T15:15:58.250000Z,2015-11-23T07:15:58.250000Z,943.0234806952514,264.3408251597121,3A,0.11817462231238951,8.462053700129823,21.12676572252042,119.26112893675388
511,108.30465650785229,0.056223758786935654,17.78607516778767,0.800582168995747,3.076010831374772,11.346084734609605,2015-11-22T14:49:02.560000Z,-57.68909418328428,0.05392093816647554,10,0.5,6,-1,peak,max mdccm,2015-11-22T14:49:05.551248Z,Taup,0.0,0.0,11,53.77933636363636,-166.21232727272726,us100042b2,pavdut,lts,3,197.1,3.0,55.9681,-161.2426,2015-11-22T14:48:09.000000Z,2015-11-22T06:48:09.000000Z,401.2716498718014,50.615562324567996,3A,0.1101446969534112,9.078966374776792,19.62978963582018,56.551248357930525
512,87.41078699576576,0.06365196313996674,15.710434536026199,0.5322826424242876,2.953653967684448,10.207932886344594,2015-11-22T15:46:08.640000Z,-14.610427190877743,0.059121363525530435,10,0.5,6,-1,peak,max mdccm,2015-11-22T15:46:06.636296Z,Multiple triggers,29.415688591862256,0.05157894736842106,11,53.77933636363636,-166.21232727272726,us100040cz,pavdut,lts,3,8.13,3.8,55.4864,-151.3203,2015-11-22T15:43:59.530000Z,2015-11-22T07:43:59.530000Z,978.2665537597264,72.80035980488802,3A,0.12277332666549717,8.145091667382738,21.990857832137436,126.74629640035901
513,207.8702380321339,0.16308851488765888,6.131639623359347,0.8120262435071804,0.46219850919229266,3.041066638462155,2015-11-21T23:48:55.520000Z,-16.298645637253998,-0.03274207263547785,10,0.5,6,-1,peak,max mdccm,2015-11-21T23:48:53.511341Z,Multiple triggers,32.20135685812326,0.0851851851851852,11,53.77933636363636,-166.21232727272726,us100041d9,pavdut,lts,3,26.1,3.9,52.712,-166.572,2015-11-21T23:48:34.910000Z,2015-11-21T15:48:34.910000Z,121.18666932389944,191.5715923948799,3A,0.13034644225218103,7.671862635616105,23.425521396667094,18.341340736361236
514,95.70760498397135,0.07033029973803807,14.21862275185429,0.6720014732824535,2.14717189946495,8.338559906587193,2015-11-20T11:25:53.300000Z,-19.40551086688896,0.056357603966879236,10,0.5,6,-1,peak,max mdccm,2015-11-20T11:25:53.296308Z,Taup,0.0,0.0,11,53.77933636363636,-166.21232727272726,us1000414i,pavdut,lts,3,22.75,3.1,54.2637,-162.394,2015-11-20T11:25:17.490000Z,2015-11-20T03:25:17.490000Z,255.9672462846327,76.30209411708238,3A,0.1266879037049173,7.893413425872209,22.73056387223681,35.80630752733765
515,51.67880545081982,0.055897164092633345,17.889995248109365,0.7071041726289601,3.8623084791189743,7.054049878434995,2015-11-22T14:07:50.540000Z,1.2614257261446085,0.06683084930910473,10,0.5,6,-1,peak,max mdccm,2015-11-22T14:07:53.535244Z,Taup,0.0,0.0,11,53.77933636363636,-166.21232727272726,ak015ezdkhro,pavdut,lts,3,65.9,3.6,58.0371,-154.1567,2015-11-22T14:06:00.201000Z,2015-11-22T06:06:00.201000Z,888.6967283189532,52.940231176964424,3A,0.12272801340173807,8.148098973350105,21.982318165926813,113.33424433336965
516,113.11060308540874,0.14034626213087412,7.12523429421648,0.7745824670069782,1.338505857448618,12.856810131961936,2016-01-28T04:29:34.940000Z,144.28439055701045,-0.017595993514126218,10,0.5,6,-1,peak,max mdccm,2016-01-28T04:29:34.942187Z,Taup,0.0,0.0,11,53.77933636363636,-166.21232727272726,us20004xwd,pavdut,lts,3,51.8,3.0,51.232,-179.1876,2016-01-28T04:27:37.000000Z,2016-01-27T20:27:37.000000Z,923.9651945687488,257.3949936424192,3A,0.1227502686167479,8.146621683755413,21.986512284425217,117.94218712486301
517,102.61142408001541,0.2135094671196059,4.683633065506224,0.7372858134321714,0.5468926272723555,7.436792142693264,2015-11-20T08:28:00.180000Z,153.68647701904058,-0.0907383079349452,10,0.5,6,-1,peak,max mdccm,2015-11-20T08:28:00.190644Z,Taup,0.0,0.0,11,53.77933636363636,-166.21232727272726,us1000413y,pavdut,lts,3,69.9,3.1,51.7823,-176.4524,2015-11-20T08:26:27.000000Z,2015-11-20T00:26:27.000000Z,725.0632376096821,256.297901099056,3A,0.1227711591846607,8.145235466058402,21.990449340414244,93.19064396621822
518,210.17071000781414,1.4623898556183919,0.6838121832957711,0.24134187217456712,0.8513292325787355,69.59710825933735,2015-11-19T04:53:45.280000Z,37.14969066290047,-1.3378530902650363,10,0.5,6,-1,peak,max mdccm,2015-11-19T04:53:48.284622Z,Taup,0.0,0.0,11,53.77933636363636,-166.21232727272726,us100040n4,pavdut,lts,3,41.07,3.7,51.7076,-173.3524,2015-11-19T04:52:38.140000Z,2015-11-18T20:52:38.140000Z,534.1550521062911,247.3204006707146,3A,0.12453676535335549,8.029757294262792,22.32359475018126,70.14462178621395
519,143.79242005307051,0.09047488018734896,11.052791647021483,0.7247129670170337,0.20851641356615147,1.6266625214567227,2015-11-18T19:08:24.240000Z,-25.780693070580753,0.03761726031297709,10,0.5,6,-1,peak,max mdccm,2015-11-18T19:08:22.245001Z,Multiple triggers,116.1041821471715,0.36380952380952375,11,53.77933636363636,-166.21232727272726,us10003zd7,pavdut,lts,3,30.45,4.3,53.4607,-165.2216,2015-11-18T19:08:09.510000Z,2015-11-18T11:08:09.510000Z,74.53430099207873,118.01172698248978,3A,0.12809214050032605,7.806880235539936,22.996881620685972,12.295000607880896
520,89.15299519894955,0.08251520950772988,12.118977894691303,0.6329546363169343,2.0986194293974414,9.075721537163474,2015-11-18T02:44:34.260000Z,-7.6715807692216345,0.04385509389351326,10,0.5,6,-1,peak,max mdccm,2015-11-18T02:44:32.258830Z,Multiple triggers,34.65973817733442,0.12320000000000002,11,53.77933636363636,-166.21232727272726,us10003ztf,pavdut,lts,3,36.2,3.8,54.008,-163.19,2015-11-18T02:44:04.360000Z,2015-11-17T18:44:04.360000Z,200.3037637424566,81.4814144297279,3A,0.12637030340124314,7.913251555825281,22.67040209933784,28.378829981291396
521,237.00001270409007,0.13300806733579373,7.518340955029354,0.7579559646910382,0.8060000921879458,3.6888436536875133,2015-12-15T11:28:32.140000Z,12.678750815295587,-0.00936769049197178,10,0.5,6,-1,peak,max mdccm,2015-12-15T11:28:30.135805Z,STA/LTA trigger,22.416077305643412,0.048571428571428564,11,53.77933636363636,-166.21232727272726,us20004hal,pavdut,lts,3,47.66,4.6,51.5346,-174.6196,2015-12-15T11:27:06.700000Z,2015-12-15T03:27:06.700000Z,620.8275332243344,249.67876351938565,3A,0.12364037684382195,8.087972760412756,22.154360091662358,80.77580500236549
522,144.1973552623519,0.08983162389333985,11.131937247258652,0.7088268080730956,0.22824044574696334,1.7904223031193567,2015-11-17T13:15:02.800000Z,-23.371513712906676,0.03889816342421781,10,0.5,6,-1,peak,max mdccm,2015-11-17T13:15:00.810574Z,Multiple triggers,48.50013210630803,0.14,11,53.77933636363636,-166.21232727272726,us1000408n,pavdut,lts,3,10.0,3.2,52.6769,-163.2733,2015-11-17T13:14:25.980000Z,2015-11-17T05:14:25.980000Z,231.44006968845318,120.82584154944522,3A,0.12872978731755766,7.768209835794612,23.117986520791256,33.51057435064514
523,218.334672567452,0.9089920084226474,1.1001196828289797,0.277460540693422,0.6370759560372371,75.97461260848482,2015-12-12T22:38:27.200000Z,-156.99138948852288,-0.7862141598340804,10,0.5,6,-1,peak,max mdccm,2015-12-12T22:38:30.196643Z,Taup,0.0,0.0,11,53.77933636363636,-166.21232727272726,ak015fwl9ff2,pavdut,lts,3,41.3,4.6,56.7604,-154.4195,2015-12-12T22:36:44.948000Z,2015-12-12T14:36:44.948000Z,818.401347182818,61.34328307892913,3A,0.12277784858856695,8.144791682667746,21.991710054829706,105.2486430410675
524,127.57235041803585,0.5783026837731614,1.7291982694520036,0.28160210153196713,0.5547668208659979,13.001251330440894,2015-11-16T20:50:30.760000Z,-51.38145977021554,-0.4525582507903855,10,0.5,6,-1,peak,max mdccm,2015-11-16T20:50:30.752388Z,Taup,0.0,0.0,11,53.77933636363636,-166.21232727272726,us1000414x,pavdut,lts,3,35.49,3.4,54.244,-162.6109,2015-11-16T20:49:57.150000Z,2015-11-16T12:49:57.150000Z,241.6696279733565,76.19089064782031,3A,0.12574443298277596,7.95263834969916,22.551923038758666,33.60238805008601
525,188.47425796941536,3.481998592437108,0.28719138547959133,0.29506496254151016,0.19835884997949682,31.80217799224971,2016-01-17T06:13:09.600000Z,-138.64937956656848,-3.3605715362607564,10,0.5,6,-1,peak,max mdccm,2016-01-17T06:13:07.610257Z,STA/LTA trigger,26.5378190777325,0.07500000000000001,11,53.77933636363636,-166.21232727272726,ak016s7rxe1,pavdut,lts,3,127.1,3.1,57.8211,-156.403,2016-01-17T06:11:32.253000Z,2016-01-16T22:11:32.253000Z,761.0150275555317,49.82487840284688,3A,0.12142705617635179,8.235396883439824,21.737359825056313,97.60725653886071
526,200.85874132907395,1.5410650552414835,0.648901872506155,0.28783787666339006,2.026150930652678,57.44246598918326,2015-11-16T08:38:56.340000Z,39.22777289675926,-1.413530233891001,10,0.5,6,-1,peak,max mdccm,2015-11-16T08:38:56.346354Z,Taup,0.0,0.0,11,53.77933636363636,-166.21232727272726,us1000414v,pavdut,lts,3,20.0,3.0,52.6472,-169.3303,2015-11-16T08:38:22.000000Z,2015-11-16T00:38:22.000000Z,243.40824280637744,240.0865142258332,3A,0.12753482135048252,7.840995811268423,22.891121852790228,34.34635354883791
527,211.21748094505665,0.10866749035834941,9.202384233797348,0.6879786627844606,2.3630040487522583,10.051297973766623,2015-11-15T05:44:01.520000Z,34.121724236213396,0.016145407336872655,10,0.5,6,-1,peak,max mdccm,2015-11-15T05:44:01.526736Z,Taup,0.0,0.0,11,53.77933636363636,-166.21232727272726,us10003zz5,pavdut,lts,3,25.7,3.2,51.4566,-173.5132,2015-11-15T05:42:48.000000Z,2015-11-14T21:42:48.000000Z,557.5834249987963,245.33920518127005,3A,0.12481289769522207,8.011992498098062,22.3757687599225,73.52673634323502
528,153.07907487708312,0.18274001033586895,5.4722553542710175,0.37920098275498815,2.3804158323577744,32.27414048432658,2015-11-19T16:44:26.560000Z,102.5528217595172,-0.05995941977490789,10,0.5,6,-1,peak,max mdccm,2015-11-19T16:44:29.564010Z,Taup,0.0,0.0,11,53.77933636363636,-166.21232727272726,us100040x2,pavdut,lts,3,31.6,3.0,51.1489,-178.4981,2015-11-19T16:42:36.000000Z,2015-11-19T08:42:36.000000Z,883.4530390612631,255.6318966366003,3A,0.12278059056096106,8.144609790775489,21.992226822216974,113.56401014119234
529,138.79288422635034,0.23670817314587975,4.224611202519462,0.7271228747897341,0.4359343151902293,10.476721489057667,2015-11-19T20:22:13.020000Z,-79.26562855101687,-0.11392994190674609,10,0.5,6,-1,peak,max mdccm,2015-11-19T20:22:13.011055Z,Taup,0.0,0.0,11,53.77933636363636,-166.21232727272726,ak015euim43g,pavdut,lts,3,50.3,3.2,56.9753,-154.5808,2015-11-19T20:20:28.128000Z,2015-11-19T12:20:28.128000Z,817.3052336662465,59.52725567533347,3A,0.12277823123913366,8.14476629861455,21.99178217117345,104.88305456928046
530,107.57940754217947,0.0768899099005456,13.005607644663193,0.6444865569201867,2.0115815859855433,10.543643912030575,2015-11-14T23:19:57.680000Z,-17.06714564231146,0.04876258765930867,10,0.5,6,-1,peak,max mdccm,2015-11-14T23:19:55.680379Z,Multiple triggers,30.10755403991569,0.1,11,53.77933636363636,-166.21232727272726,us10003zww,pavdut,lts,3,25.7,3.0,53.627,-160.778,2015-11-14T23:19:06.070000Z,2015-11-14T15:19:06.070000Z,359.20280893794074,90.51226189986801,3A,0.12565249755985428,7.958457009767374,22.534527981403567,48.67037872921209
531,238.93829247264404,0.1583917686899217,6.31345939420417,0.7927075315089187,0.4815047220234958,2.6608748085174057,2015-11-14T22:03:41.940000Z,-0.042457125475721114,-0.030643349592026137,10,0.5,6,-1,peak,max mdccm,2015-11-14T22:03:39.937230Z,Multiple triggers,25.657715734125105,0.09272727272727273,11,53.77933636363636,-166.21232727272726,us10003yfl,pavdut,lts,3,16.4,4.0,52.596,-169.322,2015-11-14T22:03:04.900000Z,2015-11-14T14:03:04.900000Z,246.0402696352127,238.89583534716832,3A,0.12774841909789555,7.827885519535743,22.931645503136707,34.89722977205567
532,109.92476202985517,0.08232946178299418,12.146320142791923,0.7787332042008764,1.2988932513862999,7.67385499513901,2015-11-14T21:25:20.640000Z,-17.817330819176846,0.04838661520258501,10,0.5,6,-1,peak,max mdccm,2015-11-14T21:25:18.649282Z,Multiple triggers,100.82132171611133,0.45999999999999996,11,53.77933636363636,-166.21232727272726,us10003zwm,pavdut,lts,3,17.1,3.1,53.717,-164.161,2015-11-14T21:24:57.810000Z,2015-11-14T13:24:57.810000Z,135.50094024553914,92.10743121067833,3A,0.1307160769855792,7.650168388317847,23.495936882199317,20.539281591820668
533,58.5692294858938,0.06671763452052917,14.98854099349547,0.6553971918110318,2.3381570898944766,5.361367949433372,2015-11-14T11:15:16.480000Z,2.527068680882678,0.0467576492141111,10,0.5,6,-1,peak,max mdccm,2015-11-14T11:15:14.486957Z,Multiple triggers,92.94466312747375,0.27,11,53.77933636363636,-166.21232727272726,us10003zwj,pavdut,lts,3,93.61,3.2,54.5388,-163.7701,2015-11-14T11:14:47.840000Z,2015-11-14T03:14:47.840000Z,180.53792688117576,61.09629816677649,3A,0.11347528373464028,8.812491734662505,20.248934831757254,27.1969571234038
534,26.089720410270388,0.16792843384422634,5.954917681943127,0.4386657631878364,4.233877180541224,28.36457939067151,2015-11-14T02:36:24.460000Z,48.689121263529955,-0.04218168515046142,10,0.5,6,-1,peak,max mdccm,2015-11-14T02:36:27.454474Z,Taup,0.0,0.0,11,53.77933636363636,-166.21232727272726,us10003zwh,pavdut,lts,3,15.1,3.0,54.4302,-161.54,2015-11-14T02:35:43.870000Z,2015-11-13T18:35:43.870000Z,314.025817567901,74.77884167380034,3A,0.12574674869376493,7.952491896512823,22.552361221636136,43.58447381129485
535,80.40645854863396,0.03911479177145439,25.56577587944085,0.4745402271515559,17.975311802569387,22.469066312134203,2015-12-08T18:08:36.040000Z,-33.20916471589672,0.081263950893319,10,0.5,6,-1,peak,max mdccm,2015-12-08T18:08:34.041075Z,STA/LTA trigger,20.955127482415687,0.06,11,53.77933636363636,-166.21232727272726,ak015fpwjvcx,pavdut,lts,3,142.1,3.0,58.7069,-154.9749,2015-12-08T18:06:42.576000Z,2015-12-08T10:06:42.576000Z,884.9147228059834,47.19729383273724,3A,0.1203787426647734,8.30711451094622,21.540275574128522,112.55507544619964
536,329.254349856778,1.6767864661031824,0.5963788593332219,0.28157928131614673,0.4132388383109608,44.353351058410865,2015-11-13T14:27:04.140000Z,-82.85003189945147,-1.5517778669369329,10,0.5,6,-1,peak,max mdccm,2015-11-13T14:27:04.136656Z,Taup,0.0,0.0,11,53.77933636363636,-166.21232727272726,us100040kr,pavdut,lts,3,18.68,3.0,51.6101,-173.3799,2015-11-13T14:25:52.310000Z,2015-11-13T06:25:52.310000Z,541.0539018399223,246.40431795732653,3A,0.12500859916624946,7.999449691217608,22.412757548604464,71.82665565184595
537,352.88449665676353,0.3400897955757714,2.9403998973477043,0.27461784503509773,0.3582215206455499,32.48416996577342,2015-11-13T07:07:24.840000Z,-106.9593288574512,-0.21534217283979107,10,0.5,6,-1,peak,max mdccm,2015-11-13T07:07:27.831453Z,Taup,0.0,0.0,11,53.77933636363636,-166.21232727272726,us10003y42,pavdut,lts,3,33.9,3.8,51.5872,-173.3128,2015-11-13T07:06:17.000000Z,2015-11-12T23:06:17.000000Z,538.2629016717887,245.92516779931233,3A,0.12474762273598035,8.016184822346718,22.36343357564958,70.83145342611431
538,333.62692716371373,1.5270371629188286,0.6548629098774305,0.2838718732740243,1.0611083168866564,60.66074664631816,2015-11-12T22:58:52.600000Z,-100.01432256347854,-1.4000271275520237,10,0.5,6,-1,peak,max mdccm,2015-11-12T22:58:55.605300Z,Taup,0.0,0.0,11,53.77933636363636,-166.21232727272726,us1000400x,pavdut,lts,3,25.5,3.6,52.4684,-169.0495,2015-11-12T22:58:22.000000Z,2015-11-12T14:58:22.000000Z,239.46794499305113,233.6126046002352,3A,0.127010035366805,7.8733936032062335,22.791611048582958,33.6052998749869
539,43.49006986633094,1.7864372378651594,0.5597733739557662,0.29202225294977796,5.6990471990163245,62.536586617781666,2015-11-12T17:42:41.660000Z,-158.41558712072015,-1.663025279760625,10,0.5,6,-1,peak,max mdccm,2015-11-12T17:42:44.664997Z,Taup,0.0,0.0,11,53.77933636363636,-166.21232727272726,us10003yqf,pavdut,lts,3,69.6,3.3,52.3039,-171.0438,2015-11-12T17:41:56.000000Z,2015-11-12T09:41:56.000000Z,363.1789713542765,245.0744827456108,3A,0.12341195810453441,8.102942497298063,22.11126811177517,48.66499704239947
540,241.3889876922131,0.12170686634287048,8.21646329454262,0.6292265193789457,0.7217570257809371,2.982348491915502,2015-11-17T23:54:44.420000Z,15.87920795225881,0.0010659982224042741,10,0.5,6,-1,peak,max mdccm,2015-11-17T23:54:42.422675Z,Multiple triggers,27.582155760792077,0.050666666666666665,11,53.77933636363636,-166.21232727272726,us10003z5i,pavdut,lts,3,49.83,4.7,51.4547,-178.261,2015-11-17T23:52:50.480000Z,2015-11-17T15:52:50.480000Z,854.8389023262707,257.2681956444719,3A,0.12277286456527475,8.145122324390575,21.990770742864587,109.50267520086373
541,135.473809451973,0.6416153254626319,1.558566262860005,0.28854990943955294,9.57495250017935,4.736910144787302,2015-11-12T16:05:35.000000Z,-57.315131174273645,-0.5140997340347073,10,0.5,6,-1,peak,max mdccm,2015-11-12T16:05:34.993269Z,Taup,0.0,0.0,11,53.77933636363636,-166.21232727272726,us10003znk,pavdut,lts,3,11.39,3.3,54.1961,-162.3077,2015-11-12T16:04:57.910000Z,2015-11-12T08:04:57.910000Z,260.2555382528932,78.15867827769937,3A,0.12751559142792457,7.84217826857062,22.887474156252715,37.08326909217203
542,257.09928308368757,0.6993526226607859,1.429893829804139,0.33689591141590813,1.1175740720166654,68.14453534937613,2015-12-07T16:23:29.700000Z,-1.6509032230397338,-0.5765866579209803,10,0.5,6,-1,peak,max mdccm,2015-12-07T16:23:32.694082Z,Taup,0.0,0.0,11,53.77933636363636,-166.21232727272726,us20004gqh,pavdut,lts,3,77.29,3.6,51.9674,-175.3107,2015-12-07T16:22:09.470000Z,2015-12-07T08:22:09.470000Z,644.4154532657128,255.44837986064783,3A,0.12276596473980558,8.145580105360915,21.98947038026877,83.22408182528147
543,172.56076238243932,0.9574805195101261,1.0444076716167845,0.2793445789435143,59.80841087640755,34.25624850271454,2015-11-16T22:44:22.180000Z,-124.12867591321492,-0.8365651339279065,10,0.5,6,-1,peak,max mdccm,2015-11-16T22:44:22.175856Z,Taup,0.0,0.0,11,53.77933636363636,-166.21232727272726,ak015eplbo7k,pavdut,lts,3,135.2,3.0,58.2948,-155.6043,2015-11-16T22:42:36.322000Z,2015-11-16T14:42:36.322000Z,829.1031630241815,48.432086469224394,3A,0.1209153855822196,8.270246132739027,21.641131513400055,105.85385573228966
544,116.54239605705874,0.10203523987203619,9.800535591959346,0.3004437555335472,11.399791109878551,31.308097155147593,2015-11-12T06:51:39.940000Z,124.60975568491887,0.023163750657635707,10,0.5,6,-1,peak,max mdccm,2015-11-12T06:51:37.950934Z,Multiple triggers,36.29312711661569,0.065,11,53.77933636363636,-166.21232727272726,us10003zp2,pavdut,lts,3,4.7,3.4,51.3138,-172.8122,2015-11-12T06:50:27.000000Z,2015-11-11T22:50:27.000000Z,524.7873133132636,241.1521517419776,3A,0.1251989905296719,7.987284847660191,22.44875214767067,71.03093441032635
545,239.1399238403983,4.6610368359774075,0.21454453916374222,0.2782340356503775,0.10323279693771763,15.141258173251515,2015-11-12T04:26:56.900000Z,6.978311815660362,-4.536006059040388,10,0.5,6,-1,peak,max mdccm,2015-11-12T04:26:56.905580Z,Taup,0.0,0.0,11,53.77933636363636,-166.21232727272726,us10003znj,pavdut,lts,3,15.03,3.1,51.5774,-173.3935,2015-11-12T04:25:44.500000Z,2015-11-11T20:25:44.500000Z,543.6632791706253,246.11823565605866,3A,0.12503077693701975,7.998030760887921,22.416949905484007,72.405579887691
546,241.28273432487094,0.0943383518718044,10.600142785607403,0.4003009223649474,2.3600706848696396,7.730714612999321,2015-11-12T04:08:46.020000Z,11.566436921755155,0.007109980211268213,10,0.5,6,-1,peak,max mdccm,2015-11-12T04:08:44.013965Z,Multiple triggers,27.972645280055644,0.045,11,53.77933636363636,-166.21232727272726,us10003zp0,pavdut,lts,3,161.3,3.2,53.1423,-169.4134,2015-11-12T04:08:06.000000Z,2015-11-11T20:08:06.000000Z,224.10174873600099,252.8491712466261,3A,0.1014483320830726,9.857234510086709,18.02412460100603,35.76396478580274
547,96.52329025249713,0.06545960524574028,15.276596860704014,0.4482441990907704,2.7640038797453776,9.375737538470332,2015-12-05T18:15:41.860000Z,-26.08359011400239,0.05808777355416753,10,0.5,6,-1,peak,max mdccm,2015-12-05T18:15:44.866283Z,Taup,0.0,0.0,11,53.77933636363636,-166.21232727272726,ak015fkxzglk,pavdut,lts,3,2.9,3.1,55.5513,-154.7434,2015-12-05T18:14:03.604000Z,2015-12-05T10:14:03.604000Z,764.8828385625914,70.43970013849474,3A,0.1235473787999078,8.094060834908998,22.13681410017434,101.26228309003614
548,55.56892854221837,1.6497406494306117,0.6061558829535649,0.29319095513774607,1.3078302304732228,85.02997974092523,2015-11-12T02:42:10.380000Z,-171.92574571659225,-1.5244838421838491,10,0.5,6,-1,peak,max mdccm,2015-11-12T02:42:13.382740Z,Taup,0.0,0.0,11,53.77933636363636,-166.21232727272726,us10003xpf,pavdut,lts,3,10.0,4.0,51.5728,-172.7638,2015-11-12T02:41:05.230000Z,2015-11-11T18:41:05.230000Z,506.3330142066697,243.64318282562613,3A,0.12525680724676264,7.98359803335835,22.459684584517067,68.15274015091494
549,225.15975099066077,0.8243388048132988,1.2130934442986534,0.2712239505359435,0.21028778972347031,84.58614924218395,2015-11-11T13:58:16.180000Z,41.896886880453735,-0.7587379447482456,10,0.5,6,-1,peak,max mdccm,2015-11-11T13:58:16.185314Z,Taup,0.0,0.0,11,53.77933636363636,-166.21232727272726,us1000401p,pavdut,lts,3,148.7,3.9,53.73,-167.576,2015-11-11T13:57:53.190000Z,2015-11-11T05:57:53.190000Z,90.11491409940867,267.0566378711145,3A,0.06560086006505321,15.243702582684863,11.541790652668544,22.99531398846547
550,86.28805535112076,0.0756932401383366,13.211219366120472,0.7519913807377847,1.3745442771874137,5.141786361116942,2015-11-11T09:58:13.200000Z,-10.959121910096485,0.049699376181477475,10,0.5,6,-1,peak,max mdccm,2015-11-11T09:58:11.203759Z,Multiple triggers,71.94929862553646,0.22692307692307695,11,53.77933636363636,-166.21232727272726,us10003xch,pavdut,lts,3,44.53,4.6,54.389,-161.6609,2015-11-11T09:57:30.230000Z,2015-11-11T01:57:30.230000Z,305.4338615837143,75.32893344102428,3A,0.12539261631981408,7.974951231972849,22.485367818827903,41.50375907623759
551,158.2528770162917,0.09623135060003407,10.391623870647887,0.3266175016090789,44.22124696137549,70.29334781431592,2015-11-10T06:16:07.660000Z,87.748376925201,0.028646994024202357,10,0.5,6,-1,peak,max mdccm,2015-11-10T06:16:10.657500Z,Taup,0.0,0.0,11,53.77933636363636,-166.21232727272726,us10003w74,pavdut,lts,3,36.53,4.1,51.7456,-172.8832,2015-11-10T06:15:04.210000Z,2015-11-09T22:15:04.210000Z,503.714916497374,246.00125394149273,3A,0.12487834462423643,8.007793529046506,22.388137539467984,66.44750031907436
552,113.99895626136959,0.6189268811038156,1.6156997385806955,0.30403441154481387,0.6087889158953445,26.574645487107233,2015-11-16T09:33:43.380000Z,141.73596050448754,-0.49614599214274635,10,0.5,6,-1,peak,max mdccm,2015-11-16T09:33:43.383142Z,Taup,0.0,0.0,11,53.77933636363636,-166.21232727272726,us1000414w,pavdut,lts,3,41.7,3.3,51.3051,-177.9909,2015-11-16T09:31:55.000000Z,2015-11-16T01:31:55.000000Z,844.0210695951611,255.73491676585712,3A,0.12278088896106922,8.144589996551298,21.992283060476698,108.38314238567007
553,113.83305791326143,0.20866517364782852,4.792366557956312,0.3156326871212473,2.513712987600555,37.71991981888577,2015-11-09T23:55:23.220000Z,128.68951970481214,-0.0842136004564801,10,0.5,6,-1,peak,max mdccm,2015-11-09T23:55:23.217528Z,Taup,0.0,0.0,11,53.77933636363636,-166.21232727272726,us10003w58,pavdut,lts,3,44.4,5.0,51.4111,-172.9033,2015-11-09T23:54:14.380000Z,2015-11-09T15:54:14.380000Z,524.1159532809548,242.52257761807354,3A,0.12445157319134842,8.035253989617848,22.307501999553224,68.83752823138171
554,75.4855057204839,1.3914460432005527,0.718676807402346,0.2558196932943067,3.00065066611099,55.63782565933411,2015-11-09T17:58:14.600000Z,166.28740226807054,-1.2663012101498499,10,0.5,6,-1,peak,max mdccm,2015-11-09T17:58:17.598337Z,Taup,0.0,0.0,11,53.77933636363636,-166.21232727272726,us10003vme,pavdut,lts,3,3.9,3.1,51.299,-172.9952,2015-11-09T17:57:05.000000Z,2015-11-09T09:57:05.000000Z,536.3026955395002,241.77290798855446,3A,0.12514483305070273,7.99074141235098,22.438512409887768,72.59833717891027
555,126.49823111535756,3.388911087138035,0.29508003434947266,0.27447342788379164,0.1035648557641813,27.707518128850836,2015-11-09T17:25:19.300000Z,118.79398494725285,-3.264100020570352,10,0.5,6,-1,peak,max mdccm,2015-11-09T17:25:19.309817Z,Taup,0.0,0.0,11,53.77933636363636,-166.21232727272726,us10003z65,pavdut,lts,3,32.51,3.6,51.5622,-173.2117,2015-11-09T17:24:09.020000Z,2015-11-09T09:24:09.020000Z,533.5837705238296,245.29221606261038,3A,0.12481106656768252,8.01211004360515,22.37542271193436,70.28981741733558
556,73.16488185664525,0.12022169212959412,8.317966435891124,0.7572910266141868,3.1758153973982566,13.573888200392332,2015-11-15T05:01:20.120000Z,-176.67021404553344,0.002556043431053548,10,0.5,6,-1,peak,max mdccm,2015-11-15T05:01:23.112310Z,Taup,0.0,0.0,11,53.77933636363636,-166.21232727272726,us10003zz4,pavdut,lts,3,34.98,3.6,51.3979,-178.0517,2015-11-15T04:59:34.540000Z,2015-11-14T20:59:34.540000Z,843.8321006785031,256.4946678111118,3A,0.12277773556064767,8.144799180679113,21.991688752998986,108.57231017648287
557,220.0660471639834,0.11734748899146331,8.521699173918813,0.7361428279516329,3.0949555539472984,11.387491918554275,2015-11-09T16:08:38.960000Z,24.059864036709655,0.007882834995145208,10,0.5,6,-1,peak,max mdccm,2015-11-09T16:08:38.951751Z,Taup,0.0,0.0,11,53.77933636363636,-166.21232727272726,us10003z5w,pavdut,lts,3,10.0,4.1,51.5792,-172.8657,2015-11-09T16:07:30.090000Z,2015-11-09T08:07:30.090000Z,511.9940540441757,244.12591120069305,3A,0.12523032398660852,7.9852863760612385,22.454676815651645,68.86175077135971
558,75.21516353251161,0.1505693366033805,6.641458497184801,0.6241756163918969,1.7887003563061663,10.585815520859882,2015-11-14T11:39:52.760000Z,-178.16875290334707,-0.02778058525094343,10,0.5,6,-1,peak,max mdccm,2015-11-14T11:39:55.762145Z,Taup,0.0,0.0,11,53.77933636363636,-166.21232727272726,us10003zx2,pavdut,lts,3,12.5,3.2,51.4593,-178.1191,2015-11-14T11:38:05.730000Z,2015-11-14T03:38:05.730000Z,845.5237456284111,257.04641062916454,3A,0.12278875135243708,8.144068483355843,21.993764861564095,110.03214479063055
559,226.191161933729,0.1600973314094723,6.246200303253987,0.8441470464187656,0.46843909186233335,2.6146069959663407,2015-11-09T16:04:58.820000Z,19.391678106511307,-0.03494858904429324,10,0.5,6,-1,peak,max mdccm,2015-11-09T16:04:56.830214Z,Multiple triggers,29.960340290724467,0.06592592592592593,11,53.77933636363636,-166.21232727272726,us10003vyx,pavdut,lts,3,15.0,6.5,51.6394,-173.0746,2015-11-09T16:03:46.070000Z,2015-11-09T08:03:46.070000Z,521.0588188530447,245.5828400402403,3A,0.12514874236517906,7.990491802802459,22.439251531891777,69.58021373692998
560,174.7476364570744,0.0755648536078196,13.233665550256793,0.669868742598005,5.169417742707979,28.1449385302532,2015-11-09T15:31:38.180000Z,67.2652805183669,0.049549724564143846,10,0.5,6,-1,peak,max mdccm,2015-11-09T15:31:38.182466Z,Taup,0.0,0.0,11,53.77933636363636,-166.21232727272726,us10003xvf,pavdut,lts,3,16.81,3.9,51.3768,-172.8649,2015-11-09T15:30:28.370000Z,2015-11-09T07:30:28.370000Z,523.9556502279316,242.0129169754413,3A,0.12511457817196345,7.992673712455413,22.432792346622698,69.81246636797498
561,201.68431032825572,0.09579103843557553,10.439389908822756,0.48123214916738655,2.5033019333371183,12.967275026591011,2015-11-09T15:03:43.040000Z,35.3129785572857,0.02990249648164199,10,0.5,6,-1,peak,max mdccm,2015-11-09T15:03:43.046366Z,Taup,0.0,0.0,11,53.77933636363636,-166.21232727272726,us10003z5u,pavdut,lts,3,20.7,3.0,51.9747,-170.5149,2015-11-09T15:02:55.000000Z,2015-11-09T07:02:55.000000Z,352.39081542740104,236.99728888554142,3A,0.12569353491721752,7.955858673706693,22.542292369276044,48.04636572432867
562,108.62473271006479,0.24123751180602976,4.145292299333875,0.7828100671689401,0.4557236584314399,6.539837759635077,2015-11-09T15:01:54.820000Z,134.5586386423102,-0.11606427569467864,10,0.5,6,-1,peak,max mdccm,2015-11-09T15:01:57.812891Z,Taup,0.0,0.0,11,53.77933636363636,-166.21232727272726,us10004012,pavdut,lts,3,3.86,3.2,51.4254,-173.0299,2015-11-09T15:00:45.910000Z,2015-11-09T07:00:45.910000Z,530.6871873210008,243.183371352375,3A,0.12517323611135112,7.988928233112261,22.443882578399144,71.90289078260523
563,221.28365926584632,0.1476874807200983,6.771054629168127,0.6376248165649777,1.5274949114922713,7.373855962358078,2015-11-09T14:07:01.840000Z,26.177429876401135,-0.02335887640659874,10,0.5,6,-1,peak,max mdccm,2015-11-09T14:07:01.835641Z,Taup,0.0,0.0,11,53.77933636363636,-166.21232727272726,us100048gz,pavdut,lts,3,44.14,4.7,51.6702,-173.5042,2015-11-09T14:05:50.350000Z,2015-11-09T06:05:50.350000Z,545.3692953422859,247.46108914224746,3A,0.12432860431349955,8.043201365620256,22.28427651834966,71.48564061331886
564,199.44841701876612,0.09685078519350916,10.325161515231773,0.6417712271018311,5.450119678538096,24.72390758850119,2015-11-09T14:07:01.600000Z,46.67892434282635,0.027599236337147087,10,0.5,6,-1,peak,max mdccm,2015-11-09T14:07:01.608317Z,Taup,0.0,0.0,11,53.77933636363636,-166.21232727272726,us10003xv9,pavdut,lts,3,40.82,4.7,51.5547,-173.4601,2015-11-09T14:05:49.620000Z,2015-11-09T06:05:49.620000Z,548.9261137922169,246.12734136159247,3A,0.12445002153065625,8.0353541743154,22.307208908936655,71.98831687273676
565,106.42335145829935,0.18209708712959563,5.491576036514608,0.4523031444169432,2.2241823139541004,24.778331583336865,2015-11-09T13:52:41.360000Z,140.52755860776597,-0.05740563028368166,10,0.5,6,-1,peak,max mdccm,2015-11-09T13:52:44.369565Z,Taup,0.0,0.0,11,53.77933636363636,-166.21232727272726,us10003xv8,pavdut,lts,3,35.0,4.4,51.6443,-173.4345,2015-11-09T13:51:33.040000Z,2015-11-09T05:51:33.040000Z,542.5115270138875,246.95091006606532,3A,0.12469145684591397,8.019795624296366,22.35282063111107,71.32956458572913
566,357.2249993358082,2.451941059924893,0.40784014605580754,0.3172875058987698,0.36919263731483265,43.24968084544139,2015-11-12T17:45:50.800000Z,-107.38841252877498,-2.327791830778284,10,0.5,6,-1,peak,max mdccm,2015-11-12T17:45:48.800238Z,STA/LTA trigger,31.60857448945706,0.085,11,53.77933636363636,-166.21232727272726,us10003xty,pavdut,lts,3,25.6,3.0,51.4106,-175.0629,2015-11-12T17:44:22.000000Z,2015-11-12T09:44:22.000000Z,654.5317991437761,249.83658680703323,3A,0.12414922914660913,8.05482246546283,22.250404337233253,85.6002378917864
567,86.93585125786603,0.34759750668308115,2.876890601265851,0.2695269475807282,0.5152631582251257,55.58416379343117,2015-11-12T11:15:27.640000Z,-39.700381552920476,-0.2262785862704852,10,0.5,6,-1,peak,max mdccm,2015-11-12T11:15:25.647852Z,Multiple triggers,27.12262837982408,0.060000000000000005,11,53.77933636363636,-166.21232727272726,ak015eisgabe,pavdut,lts,3,125.4,3.5,58.8439,-154.5536,2015-11-12T11:13:29.868000Z,2015-11-12T03:13:29.868000Z,913.6638386000794,47.23546970494557,3A,0.12131892041259594,8.242737378465618,21.717017705153694,116.14985156372065
568,231.34732131245596,0.1238362773418042,8.075178142184217,0.5867399856232216,0.84620433845586,3.496312480305278,2015-11-12T17:30:07.680000Z,19.28922363287768,-5.90175512650698e-05,10,0.5,6,-1,peak,max mdccm,2015-11-12T17:30:05.689676Z,Multiple triggers,30.44419612004794,0.10999999999999999,11,53.77933636363636,-166.21232727272726,us10003xtq,pavdut,lts,3,39.43,5.2,51.5005,-175.0682,2015-11-12T17:28:39.080000Z,2015-11-12T09:28:39.080000Z,650.3500761302719,250.63654494533364,3A,0.12377725979053913,8.079028423251899,22.18018985275761,84.60967602741434
569,89.78752545691651,0.07165368140467629,13.95601705866766,0.5608545392916662,2.1636962881605006,7.943507444093882,2015-11-09T03:36:59.640000Z,-1.4767080144724787,0.05389155857377398,10,0.5,6,-1,peak,max mdccm,2015-11-09T03:36:57.647698Z,Multiple triggers,35.80970074559416,0.26,11,53.77933636363636,-166.21232727272726,us10003xuj,pavdut,lts,3,12.2,4.2,53.7168,-159.7192,2015-11-09T03:35:59.940000Z,2015-11-08T19:35:59.940000Z,428.2658886521332,88.31081744244402,3A,0.12554523997845027,7.965256191088162,22.514236594746844,58.167697609773256
570,92.60060172066227,0.2554310021202479,3.914951559126857,0.2908053708649875,4.639844109234524,44.708020734486894,2015-11-08T22:20:24.000000Z,150.92637514418504,-0.13064971678483872,10,0.5,6,-1,peak,max mdccm,2015-11-08T22:20:23.998421Z,Taup,0.0,0.0,11,53.77933636363636,-166.21232727272726,us10003z2q,pavdut,lts,3,37.6,4.0,51.5233,-172.8641,2015-11-08T22:19:16.150000Z,2015-11-08T14:19:16.150000Z,515.145923123042,243.52697686484728,3A,0.12478128533540916,8.014022273548662,22.3697947509464,67.84842067048832
571,109.57356916225797,0.6436837607342373,1.5535579130648254,0.26331503089762676,1.4773935523616573,29.153725857973043,2015-11-08T22:20:31.200000Z,132.06157159035007,-0.5191600194535055,10,0.5,6,-1,peak,max mdccm,2015-11-08T22:20:29.199140Z,STA/LTA trigger,28.733316565092203,0.075,11,53.77933636363636,-166.21232727272726,us10003z3q,pavdut,lts,3,41.5,3.5,51.304,-172.95,2015-11-08T22:19:14.170000Z,2015-11-08T14:19:14.170000Z,533.3706895609216,241.63514075260804,3A,0.12452374128073168,8.030597135252762,22.321134390173263,70.0391399186056
572,169.7129292390956,0.21815708909844575,4.583852874699566,0.32604537764784663,1.9129896909284174,23.800307751733953,2015-11-08T20:58:21.860000Z,73.07048010081633,-0.09317571717444836,10,0.5,6,-1,peak,max mdccm,2015-11-08T20:58:21.852112Z,Taup,0.0,0.0,11,53.77933636363636,-166.21232727272726,us10003z3n,pavdut,lts,3,25.8,3.6,51.4094,-172.9712,2015-11-08T20:57:12.000000Z,2015-11-08T12:57:12.000000Z,528.1939795971522,242.7834093399119,3A,0.12498137192399739,8.001192374557318,22.407610841980066,69.85211188805506
573,113.60166476218018,0.12558706676407527,7.962603361686718,0.2898699444224093,123.71484482316359,32.74988648329101,2015-11-08T19:12:24.540000Z,130.53975748909602,-0.0005521681851109739,10,0.5,6,-1,peak,max mdccm,2015-11-08T19:12:24.539482Z,Taup,0.0,0.0,11,53.77933636363636,-166.21232727272726,us10003vsn,pavdut,lts,3,14.4,4.4,51.431,-173.26,2015-11-08T19:11:12.050000Z,2015-11-08T11:11:12.050000Z,543.95281364234,244.1414222512762,3A,0.1250348985789643,7.997767114342576,22.417729050663777,72.4894818493168
574,53.545214694932724,0.24068386760302946,4.154827699749882,0.2593260928840052,0.7214450499440228,87.23934520992958,2015-11-08T17:58:04.820000Z,-171.46814499793652,-0.11554731295267259,10,0.5,6,-1,peak,max mdccm,2015-11-08T17:58:02.827451Z,STA/LTA trigger,23.256214782052915,0.065,11,53.77933636363636,-166.21232727272726,us10003z3m,pavdut,lts,3,1.8,4.0,51.307,-173.05,2015-11-08T17:56:46.920000Z,2015-11-08T09:56:46.920000Z,538.9991121376169,242.07706969699623,3A,0.12513655465035686,7.991270039310997,22.436947251320568,73.45745143848605
575,139.01007222891056,0.14197905882345857,7.043292217082752,0.30334804954091266,19.377115374622147,67.95447852540352,2015-11-08T11:40:07.440000Z,105.26980297506827,-0.017179696074380996,10,0.5,6,-1,peak,max mdccm,2015-11-08T11:40:07.434179Z,Taup,0.0,0.0,11,53.77933636363636,-166.21232727272726,us10003z14,pavdut,lts,3,37.79,4.7,51.5941,-172.8644,2015-11-08T11:39:00.100000Z,2015-11-08T03:39:00.100000Z,511.0608232525514,244.2798752039788,3A,0.12479936274907757,8.012861427911348,22.373210934993864,67.33417933848249
576,227.80375145664289,0.155711297657189,6.422141585394663,0.6983325910856467,0.445009087669864,2.364098695925861,2015-11-08T11:34:28.280000Z,16.30022552130481,-0.030614813816385505,10,0.5,6,-1,peak,max mdccm,2015-11-08T11:34:26.280534Z,Multiple triggers,30.79232772669022,0.06857142857142859,11,53.77933636363636,-166.21232727272726,us10003vq9,pavdut,lts,3,20.0,5.7,51.5345,-172.9785,2015-11-08T11:33:14.590000Z,2015-11-08T03:33:14.590000Z,521.2620597932702,244.1039769779477,3A,0.1250964838408035,7.9938297967878125,22.429371499647637,69.27053415751725
577,234.71423110334433,0.15588522233549792,6.414976256362446,0.3076057767322034,11.379229263544955,89.89237460788263,2015-11-08T10:47:31.340000Z,8.762064339022032,-0.030736204780871468,10,0.5,6,-1,peak,max mdccm,2015-11-08T10:47:29.345088Z,Multiple triggers,31.310996412154424,0.11,11,53.77933636363636,-166.21232727272726,us10003vq1,pavdut,lts,3,16.0,5.6,51.5002,-172.9113,2015-11-08T10:46:17.430000Z,2015-11-08T02:46:17.430000Z,519.2851801355204,243.47629544236636,3A,0.12514901755462646,7.99047423255647,22.439303561258306,69.2850880002429
578,73.96773533432156,2.6038971656878833,0.3840397436493332,0.2738618491452553,0.4778748715137827,35.52810048344213,2015-11-12T08:25:09.400000Z,-3.0011690724414564,-2.4804051794980935,10,0.5,6,-1,peak,max mdccm,2015-11-12T08:25:07.400179Z,STA/LTA trigger,25.613455284158277,0.065,11,53.77933636363636,-166.21232727272726,ak015eiqq4oj,pavdut,lts,3,31.9,3.4,55.4117,-155.4999,2015-11-12T08:23:30.113000Z,2015-11-12T00:23:30.113000Z,715.0511192168726,70.9665662618801,3A,0.12349198618978968,8.097691444229763,22.12636418507495,92.84717926216658
579,284.11606206725287,0.5751217695878742,1.7387622115514576,0.31892874458230186,0.5836704629144518,40.14389179569193,2015-11-07T01:52:21.140000Z,149.7803076423205,-0.44942307645747404,10,0.5,6,-1,peak,max mdccm,2015-11-07T01:52:24.143452Z,Taup,0.0,0.0,11,53.77933636363636,-166.21232727272726,us10003z0f,pavdut,lts,3,28.32,3.4,54.4955,-161.3751,2015-11-07T01:51:39.740000Z,2015-11-06T17:51:39.740000Z,325.9805382429014,73.89636970957338,3A,0.12569869313040014,7.955532194456449,22.543268349171456,44.40345174424221
580,237.137628425211,0.09172027731683045,10.902714527843042,0.7024797731692204,1.5754519797336455,4.988826314299843,2015-11-06T23:11:56.960000Z,0.728532366385906,-0.022250590174270155,10,0.5,6,-1,peak,max mdccm,2015-11-06T23:11:54.969055Z,Multiple triggers,105.76826325620834,0.3283333333333333,11,53.77933636363636,-166.21232727272726,us10003z4k,pavdut,lts,3,79.83,4.0,53.5437,-166.8378,2015-11-06T23:11:41.940000Z,2015-11-06T15:11:41.940000Z,48.96348637358871,237.8661607915969,3A,0.0694696871425603,14.39476757607786,12.232697090471843,13.109055117013106
581,235.0815670895205,0.16002718193657567,6.2489383859570475,0.43646980961000353,0.6370603338823155,4.411722431346959,2015-11-06T21:23:12.440000Z,-6.247529044554852,-0.0330727517094703,10,0.5,6,-1,peak,max mdccm,2015-11-06T21:23:10.435470Z,Multiple triggers,42.53068782467504,0.12,11,53.77933636363636,-166.21232727272726,us10003vew,pavdut,lts,3,10.0,4.0,52.1132,-169.2352,2015-11-06T21:22:32.390000Z,2015-11-06T13:22:32.390000Z,275.03595729059623,228.83403804496564,3A,0.12695443022710537,7.876842093742824,22.781071368068883,39.08546976311669
582,230.38099267807144,1.4268888131981021,0.7008254537777815,0.2727915720710552,0.645611538545674,88.57004792380278,2015-11-06T16:55:03.100000Z,2.833462018103745,-1.3011398781727626,10,0.5,6,-1,peak,max mdccm,2015-11-06T16:55:03.107402Z,Taup,0.0,0.0,11,53.77933636363636,-166.21232727272726,us10003z4r,pavdut,lts,3,32.3,4.2,52.2896,-169.3693,2015-11-06T16:54:26.000000Z,2015-11-06T08:54:26.000000Z,268.9125478121016,233.21445469617518,3A,0.12574893502533957,7.952353630656917,22.552774924392093,37.10740238739536
583,29.552799165512795,2.223768179226597,0.44968716134241543,0.2684964519779239,4.354432145672235,68.97919741703603,2015-11-06T13:30:57.740000Z,-161.8682225701407,-2.097181641371611,10,0.5,6,-1,peak,max mdccm,2015-11-06T13:31:00.748271Z,Taup,0.0,0.0,11,53.77933636363636,-166.21232727272726,us10003v7l,pavdut,lts,3,10.0,4.5,52.0276,-169.2611,2015-11-06T13:30:20.660000Z,2015-11-06T05:30:20.660000Z,282.9462007522081,227.68457659537214,3A,0.12658653785498605,7.899734181414864,22.711359667294897,40.088271064848904
584,254.7641976080979,1.2022815317683515,0.8317519429323431,0.29467168300144847,0.5704131369798954,65.80940414037889,2015-11-06T04:15:26.500000Z,-26.795626750846537,-1.075533299038939,10,0.5,6,-1,peak,max mdccm,2015-11-06T04:15:29.493025Z,Taup,0.0,0.0,11,53.77933636363636,-166.21232727272726,us10003z4n,pavdut,lts,3,10.0,4.3,52.0582,-169.2397,2015-11-06T04:14:49.840000Z,2015-11-05T20:14:49.840000Z,279.5100881005497,227.96857085725136,3A,0.12674823272941238,7.889656356273175,22.741994750597964,39.65302503264484
585,22.961520012314566,1.5569717591158359,0.6422724074121128,0.277636676921529,9.298655815152411,74.73474830527138,2015-11-06T02:18:13.740000Z,-151.5365408156797,-1.4311925444576803,10,0.5,6,-1,peak,max mdccm,2015-11-06T02:18:13.739378Z,Taup,0.0,0.0,11,53.77933636363636,-166.21232727272726,us10003vbh,pavdut,lts,3,19.94,3.2,52.1532,-169.4369,2015-11-06T02:17:34.470000Z,2015-11-05T18:17:34.470000Z,282.24343189657947,231.4249791966349,3A,0.12577921465815564,7.950439209831392,22.55850463466049,39.269378238032274
586,0.19694740283807732,2.2298105386236933,0.448468595281297,0.2656842761945092,0.3021136538241553,36.20449983764851,2015-11-06T01:45:02.500000Z,-128.2294562332475,-2.1040082457982754,10,0.5,6,-1,peak,max mdccm,2015-11-06T01:45:02.501688Z,Taup,0.0,0.0,11,53.77933636363636,-166.21232727272726,us10003z4m,pavdut,lts,3,20.05,3.4,52.1756,-169.4544,2015-11-06T01:44:23.330000Z,2015-11-05T17:44:23.330000Z,281.51728421571454,231.96749116959057,3A,0.12580229282541777,7.948980718401936,22.562871796334047,39.171688353467935
587,238.0736526243362,2.3820784853397012,0.41980144909347644,0.28652025873002945,26.346276596049687,78.74135707431395,2015-11-06T01:31:52.940000Z,-3.895846183941927,-2.2562824545202957,10,0.5,6,-1,peak,max mdccm,2015-11-06T01:31:52.945967Z,Taup,0.0,0.0,11,53.77933636363636,-166.21232727272726,us10003v31,pavdut,lts,3,22.17,4.7,52.278,-169.4998,2015-11-06T01:31:14.500000Z,2015-11-05T17:31:14.500000Z,276.65586573095237,234.17780644039428,3A,0.12579603081940557,7.949376411053962,22.561686801535323,38.445966672333675
588,110.37054026527989,0.07511955268168492,13.312113348670303,0.6450790387355287,1.5597760495566355,8.696604975248192,2015-11-05T23:07:19.960000Z,-4.587801111803941,0.05062313653477864,10,0.5,6,-1,peak,max mdccm,2015-11-05T23:07:17.970521Z,Multiple triggers,35.80975639768474,0.133,11,53.77933636363636,-166.21232727272726,us10003v20,pavdut,lts,3,21.14,3.9,52.972,-161.9326,2015-11-05T23:06:36.120000Z,2015-11-05T15:06:36.120000Z,298.6097094063188,105.78273915347594,3A,0.12574268921646356,7.95274863478162,22.55159308117024,41.26052109223866
589,227.399268321053,0.13131569297900247,7.615236056819965,0.5033837856882413,1.406043050274484,6.1411117921489335,2015-11-06T01:10:36.040000Z,6.182952290455461,-0.0050503728312131235,10,0.5,6,-1,peak,max mdccm,2015-11-06T01:10:34.050199Z,Multiple triggers,35.79566616036037,0.07666666666666666,11,53.77933636363636,-166.21232727272726,us10003v2p,pavdut,lts,3,18.83,5.3,52.27,-169.449,2015-11-06T01:09:56.500000Z,2015-11-05T17:09:56.500000Z,274.5075998776266,233.58222061150846,3A,0.12626532014778935,7.9198310258868645,22.650521340754743,38.36019912635209
590,263.53011910364023,4.363036160364028,0.22919819209487494,0.2648503843828214,0.10009608447587472,19.05723685068652,2015-11-05T18:54:56.080000Z,173.56410787126333,-4.237293207747566,10,0.5,6,-1,peak,max mdccm,2015-11-05T18:54:59.081373Z,Taup,0.0,0.0,11,53.77933636363636,-166.21232727272726,us10003y9d,pavdut,lts,3,18.5,3.0,54.315,-161.538,2015-11-05T18:54:16.000000Z,2015-11-05T10:54:16.000000Z,311.86525307957504,77.09422697490353,3A,0.12574295261646218,7.9527319757646655,22.551642921988645,43.08137259796953
591,220.66968270776874,3.286678440914681,0.30425854490398535,0.26228295837675686,0.2853694629198937,25.167766250037744,2015-11-05T03:16:27.640000Z,-2.597663131843319,-3.1609532116225028,10,0.5,6,-1,peak,max mdccm,2015-11-05T03:16:27.650491Z,Taup,0.0,0.0,11,53.77933636363636,-166.21232727272726,us10003y98,pavdut,lts,3,29.3,3.3,51.5945,-168.9205,2015-11-05T03:15:46.000000Z,2015-11-04T19:15:46.000000Z,304.3353965850492,218.07201957592542,3A,0.12572522929217816,7.953853062188956,22.548289336504503,41.65049096560833
592,228.7682923992154,0.11664670427866179,8.572895446844873,0.638920904835388,0.8389829093946264,3.4005330663376014,2015-11-04T00:18:27.620000Z,30.724578206924605,-0.024161312050613185,10,0.5,6,-1,peak,max mdccm,2015-11-04T00:18:25.617636Z,Multiple triggers,43.078723782654635,0.07266666666666668,11,53.77933636363636,-166.21232727272726,us10003y90,pavdut,lts,3,203.4,3.2,53.3521,-169.623,2015-11-04T00:17:45.020000Z,2015-11-03T16:17:45.020000Z,230.90291730773242,259.49287060614,3A,0.09248539222804861,10.812518343807422,16.384411564277087,39.347636244291934
593,98.99991353603048,0.08707128507930796,11.484842552733207,0.29085820480218455,12.111986412475625,42.56785845673919,2015-11-03T11:22:27.260000Z,145.98217922941274,0.03802700590742396,10,0.5,6,-1,peak,max mdccm,2015-11-03T11:22:30.270990Z,Taup,0.0,0.0,11,53.77933636363636,-166.21232727272726,us200041jf,pavdut,lts,3,10.0,4.6,51.514,-173.2607,2015-11-03T11:21:18.000000Z,2015-11-03T03:21:18.000000Z,539.2323777168951,244.9820927654432,3A,0.12509829098673192,7.993714319455101,22.4297131481483,72.27098952765698
594,328.657408986199,1.186555230832428,0.8427757714223296,0.2713452610548097,2.601247307869988,69.72262861126481,2015-11-03T02:54:59.840000Z,-82.78412164395269,-1.0615324899060206,10,0.5,6,-1,peak,max mdccm,2015-11-03T02:54:59.836670Z,Taup,0.0,0.0,11,53.77933636363636,-166.21232727272726,us10003wa8,pavdut,lts,3,17.6,3.1,51.5731,-173.3382,2015-11-03T02:53:48.000000Z,2015-11-02T18:53:48.000000Z,540.5700734266003,245.87328734224633,3A,0.12502274092640744,7.998544845442424,22.41543081012914,71.83667034487027
595,200.46485572273696,0.6316023635434912,1.5832746324597018,0.27176237292367356,1.2829735608128094,59.62000364323822,2015-11-03T00:32:03.180000Z,43.03367913382587,-0.5064328445193247,10,0.5,6,-1,peak,max mdccm,2015-11-03T00:32:06.187485Z,Taup,0.0,0.0,11,53.77933636363636,-166.21232727272726,us10003v6f,pavdut,lts,3,10.0,3.2,51.477,-172.9766,2015-11-03T00:30:55.760000Z,2015-11-02T16:30:55.760000Z,524.4998868508546,243.49853485656283,3A,0.12516951902416656,7.98916547571721,22.4431797766621,70.42748479623296
596,139.58482697663493,0.1363736856408863,7.332792945358288,0.4714329004221842,2.7589764343107217,31.7047065206188,2015-11-02T20:45:08.200000Z,104.50576346653855,-0.011306720314420982,10,0.5,6,-1,peak,max mdccm,2015-11-02T20:45:11.206126Z,Taup,0.0,0.0,11,53.77933636363636,-166.21232727272726,us200041eh,pavdut,lts,3,10.0,3.9,51.4245,-173.2637,2015-11-02T20:43:58.270000Z,2015-11-02T12:43:58.270000Z,544.549983858169,244.09059044317348,3A,0.12506696532646533,7.995716513866598,22.423791020011915,72.93612626266861
597,149.09835407656206,0.19370327756184935,5.162535257983441,0.739467942100569,1.0304871387415706,17.15474155068742,2015-11-02T18:34:08.600000Z,96.16695579848243,-0.06863212943596089,10,0.5,6,-1,peak,max mdccm,2015-11-02T18:34:11.600532Z,Taup,0.0,0.0,11,53.77933636363636,-166.21232727272726,us200041di,pavdut,lts,3,13.81,4.2,51.5395,-173.2668,2015-11-02T18:32:59.790000Z,2015-11-02T10:32:59.790000Z,538.1578682495931,245.2653098750445,3A,0.12507114812588846,7.995449110241359,22.42458176523999,71.81053188652668
598,82.73626534093353,0.11565158491595219,8.646660577342999,0.7445284651431229,2.533268411949962,13.261094523681606,2015-11-02T11:17:43.560000Z,163.49847027036765,0.009470841317540127,10,0.5,6,-1,peak,max mdccm,2015-11-02T11:17:46.565786Z,Taup,0.0,0.0,11,53.77933636363636,-166.21232727272726,us10003x79,pavdut,lts,3,10.0,4.2,51.6298,-173.2768,2015-11-02T11:16:34.980000Z,2015-11-02T03:16:34.980000Z,533.7554751476011,246.2347356113012,3A,0.12512242623349232,7.992172387497419,22.434276098173168,71.5857859405278
599,214.2723518247724,0.13088311860859744,7.640404741504319,0.6391610954170519,1.8265476217142633,9.433542379752993,2015-11-02T10:35:57.960000Z,29.99441303536497,-0.006009355632761018,10,0.5,6,-1,peak,max mdccm,2015-11-02T10:36:00.955536Z,Taup,0.0,0.0,11,53.77933636363636,-166.21232727272726,us2000420e,pavdut,lts,3,28.8,3.3,51.4739,-173.18,2015-11-02T10:34:50.150000Z,2015-11-02T02:34:50.150000Z,536.7201207885267,244.26676486013736,3A,0.12487376297583642,8.008087336917235,22.387271620429498,70.80553615937976
600,220.8095655910239,0.1457987711946454,6.858768368253065,0.6570018975093204,1.009308919190945,3.797211274321967,2015-11-02T10:33:28.580000Z,24.721683788783366,-0.020702549361955064,10,0.5,6,-1,peak,max mdccm,2015-11-02T10:33:28.582575Z,Taup,0.0,0.0,11,53.77933636363636,-166.21232727272726,us200041ae,pavdut,lts,3,10.0,4.5,51.5583,-173.2865,2015-11-02T10:32:16.430000Z,2015-11-02T02:32:16.430000Z,538.2857956887277,245.53124937980726,3A,0.12509622183269034,7.993846539485802,22.429321965987143,72.15257530562127
601,327.5856125035382,0.5672530996396746,1.762881508510418,0.27574407146466684,0.9914727931771525,3.612362982834611,2015-11-10T05:31:22.880000Z,-75.1246566507073,-0.4437936206793746,10,0.5,6,-1,peak,max mdccm,2015-11-10T05:31:22.885697Z,Taup,0.0,0.0,11,53.77933636363636,-166.21232727272726,us10003zpv,pavdut,lts,3,46.2,3.4,51.655,-175.2427,2015-11-10T05:29:58.000000Z,2015-11-09T21:29:58.000000Z,653.8432809308806,252.4609558528309,3A,0.1234594789603,8.099823589256868,22.120231998848652,84.8856969203655
602,72.99873704858891,0.4616536738110695,2.166125944032338,0.2581694939412028,0.38251349524565925,70.96806024323692,2015-11-10T21:54:07.800000Z,176.44181958882984,-0.33754537100271653,10,0.5,6,-1,peak,max mdccm,2015-11-10T21:54:10.798311Z,Taup,0.0,0.0,11,53.77933636363636,-166.21232727272726,us10003x6d,pavdut,lts,3,26.7,3.2,51.3664,-175.058,2015-11-10T21:52:45.000000Z,2015-11-10T13:52:45.000000Z,656.4916812598734,249.44055663741875,3A,0.12410830280835293,8.057478648662146,22.242677189670015,85.79831050738316
603,214.99590084783495,0.15841288773905035,6.312617705999245,0.7569908214759259,0.6881002864865167,3.9701184668236635,2015-11-02T08:32:27.340000Z,30.503126348103137,-0.03331010039345966,10,0.5,6,-1,peak,max mdccm,2015-11-02T08:32:27.348035Z,Taup,0.0,0.0,11,53.77933636363636,-166.21232727272726,us200041a3,pavdut,lts,3,10.0,5.3,51.5608,-173.2709,2015-11-02T08:31:15.330000Z,2015-11-02T00:31:15.330000Z,537.2103681047439,245.49902719593808,3A,0.1251027873455907,7.993427014839774,22.43056320725686,72.01803540032478
604,214.4755128643077,0.1001146871669862,9.988544421379961,0.6016986449379087,3.013288497226764,11.307252328640402,2015-11-02T08:29:00.040000Z,31.051470843287802,0.02499989100497725,10,0.5,6,-1,peak,max mdccm,2015-11-02T08:29:00.031297Z,Taup,0.0,0.0,11,53.77933636363636,-166.21232727272726,us200041a2,pavdut,lts,3,10.0,5.0,51.5746,-173.2402,2015-11-02T08:27:48.340000Z,2015-11-02T00:27:48.340000Z,534.5987833286428,245.5269837075955,3A,0.12511457817196345,7.992673712455413,22.432792346622698,71.69129683678773
605,234.19829540057526,0.15102646987774193,6.6213558511267205,0.6248937844825325,0.5852903081988816,2.9440412065929706,2015-11-02T08:25:40.180000Z,11.8318932154977,-0.025927886733013578,10,0.5,6,-1,peak,max mdccm,2015-11-02T08:25:38.185003Z,Multiple triggers,26.464372565725924,0.124,11,53.77933636363636,-166.21232727272726,us200041a1,pavdut,lts,3,10.0,5.1,51.5908,-173.3314,2015-11-02T08:24:22.540000Z,2015-11-02T00:24:22.540000Z,539.1845223896671,246.03018861607296,3A,0.12509858314472835,7.993695650757975,22.429768381919168,72.26500309255653
606,231.59361492233904,0.22357695251443874,4.472732939391055,0.6317531273716424,0.3592704835927263,2.6927158780273146,2015-11-02T08:21:02.800000Z,12.868945766136477,-0.09850976640095421,10,0.5,6,-1,peak,max mdccm,2015-11-02T08:21:02.800928Z,Taup,0.0,0.0,11,53.77933636363636,-166.21232727272726,us200041zq,pavdut,lts,3,10.0,4.4,51.4518,-173.2896,2015-11-02T08:19:49.870000Z,2015-11-02T00:19:49.870000Z,544.5084184974515,244.46256068847552,3A,0.12506718611348452,7.995702398650046,22.423832758998962,72.93092779574522
607,227.98437894429014,0.13953340882172055,7.166742419929573,0.7296565570271769,0.7859733837334617,3.7240507442365924,2015-11-02T08:16:49.880000Z,17.9593491671221,-0.01446443734071265,10,0.5,6,-1,peak,max mdccm,2015-11-02T08:16:47.886307Z,Multiple triggers,25.560625293243632,0.03636363636363637,11,53.77933636363636,-166.21232727272726,us200041a0,pavdut,lts,3,13.0,5.8,51.5815,-173.3339,2015-11-02T08:15:33.540000Z,2015-11-02T00:15:33.540000Z,539.84740023735,245.94372811141224,3A,0.1250689714810079,7.995588259489709,22.42417027672975,72.08630699504876
608,112.51934905890653,0.07366059960067199,13.575778712380686,0.8110401696772965,1.5111397964495374,8.013896860743529,2015-11-02T05:41:43.640000Z,-28.44111617467604,0.05554890986239548,10,0.5,6,-1,peak,max mdccm,2015-11-02T05:41:41.631146Z,Multiple triggers,36.7211709125378,0.07440000000000001,11,53.77933636363636,-166.21232727272726,us200041et,pavdut,lts,3,10.9,3.1,53.935,-162.9412,2015-11-02T05:41:09.000000Z,2015-11-01T21:41:09.000000Z,215.91707323220203,84.0782328842305,3A,0.12920950946306747,7.7393684424274864,23.209169672492752,31.431145868022217
609,237.4231700730693,0.16338460146974865,6.120527828230828,0.6065637056357585,0.4409803278700566,2.5509409277587167,2015-11-01T23:21:14.100000Z,16.80346792133409,-0.034949593406280316,10,0.5,6,-1,peak,max mdccm,2015-11-01T23:21:12.101237Z,Multiple triggers,27.889324384886308,0.105,11,53.77933636363636,-166.21232727272726,us10003vgr,pavdut,lts,3,17.5,3.2,53.182,-169.47,2015-11-01T23:20:36.300000Z,2015-11-01T15:20:36.300000Z,226.2375301345205,254.22663799440338,3A,0.12843500806346833,7.786039142114843,23.061987106634994,32.291237088229614
610,243.0014900921716,0.17722277779132561,5.642615539958804,0.6338995146996595,0.4230065536380696,2.5729586649953546,2015-11-01T23:21:11.340000Z,-4.924004443330205,-0.05186236466615357,10,0.5,6,-1,peak,max mdccm,2015-11-01T23:21:09.335865Z,STA/LTA trigger,27.099377705448717,0.041666666666666664,11,53.77933636363636,-166.21232727272726,us10003ya8,pavdut,lts,3,46.1,3.3,52.6327,-169.1418,2015-11-01T23:20:34.000000Z,2015-11-01T15:20:34.000000Z,233.63319852057518,238.0774856488414,3A,0.12536041312517204,7.976999876360511,22.479277351668774,32.495864632620595
611,246.5464994520055,0.1624301022836084,6.156494307034089,0.5841217771138466,0.6151204542584314,3.7080526927503,2015-11-01T19:38:11.860000Z,-0.9614378872176133,-0.04340929011486007,10,0.5,6,-1,peak,max mdccm,2015-11-01T19:38:09.867754Z,Multiple triggers,29.212098133882403,0.08,11,53.77933636363636,-166.21232727272726,us200041y2,pavdut,lts,3,97.07,3.6,52.6953,-169.9313,2015-11-01T19:37:30.310000Z,2015-11-01T11:37:30.310000Z,276.0201899798942,245.58506156478788,3A,0.11902081216874834,8.40189191939133,21.285379720070637,38.47775370578229
612,181.50515456100766,1.8318775048174112,0.545888028741132,0.2728945207195779,0.45651096148465914,41.513881927997346,2015-11-01T13:47:15.500000Z,-100.67633960803049,-1.7061433174519596,10,0.5,6,-1,peak,max mdccm,2015-11-01T13:47:18.500006Z,Taup,0.0,0.0,11,53.77933636363636,-166.21232727272726,us10003ya5,pavdut,lts,3,23.25,3.0,54.1387,-161.4117,2015-11-01T13:46:34.960000Z,2015-11-01T05:46:34.960000Z,317.57920210138946,80.82881495297717,3A,0.1257341873654516,7.953286381001999,22.549984361854456,43.540005681594046
613,85.0513589029078,0.07981431677448206,12.5290805010025,0.6951452872897205,2.1167882967251908,6.999930175173972,2015-10-31T23:57:10.340000Z,-11.656850482431366,0.04590735570815263,10,0.5,6,-1,peak,max mdccm,2015-10-31T23:57:08.342877Z,Multiple triggers,50.12594783104658,0.17636363636363636,11,53.77933636363636,-166.21232727272726,us10003vee,pavdut,lts,3,29.7,3.0,54.4797,-161.693,2015-10-31T23:56:26.000000Z,2015-10-31T15:56:26.000000Z,305.48889045911875,73.39450842047641,3A,0.1257216724826347,7.9540780857661995,22.547616331224464,41.782876998418864
614,90.40715702002029,0.08143992391719544,12.27898986026505,0.7257282367034078,2.4137655990028364,8.651773603198109,2015-10-31T23:25:05.700000Z,-14.891949799136228,0.04430203859929892,10,0.5,6,-1,peak,max mdccm,2015-10-31T23:25:03.694591Z,Multiple triggers,31.90499793971874,0.07375,11,53.77933636363636,-166.21232727272726,us10003ved,pavdut,lts,3,18.3,3.2,54.3801,-161.6593,2015-10-31T23:24:21.000000Z,2015-10-31T15:24:21.000000Z,305.3487687544993,75.51520722088408,3A,0.12574196251649436,7.952794596066717,22.551455574348694,42.27459142541617
615,77.94570673109541,0.05418382379306399,18.45569267719361,0.4243171372975657,123.3810341227389,63.790142488385555,2015-11-09T17:10:08.500000Z,172.59893845023868,0.06943641041313411,10,0.5,6,-1,peak,max mdccm,2015-11-09T17:10:11.501559Z,Taup,0.0,0.0,11,53.77933636363636,-166.21232727272726,us10003xvl,pavdut,lts,3,43.25,4.1,51.4953,-175.0513,2015-11-09T17:08:47.080000Z,2015-11-09T09:08:47.080000Z,649.5569826120792,250.5446451813341,3A,0.1236202342061981,8.089290611858926,22.150559583725833,84.42155891926106
616,100.32681845915863,0.18103017079007758,5.5239410957613195,0.47256120870124263,2.8147618215915515,26.192980092732938,2015-11-09T09:21:53.480000Z,148.8223129263003,-0.05687329071447102,10,0.5,6,-1,peak,max mdccm,2015-11-09T09:21:53.476313Z,Taup,0.0,0.0,11,53.77933636363636,-166.21232727272726,us10003xv3,pavdut,lts,3,25.6,4.0,51.3523,-174.9982,2015-11-09T09:20:28.000000Z,2015-11-09T01:20:28.000000Z,653.5336441602556,249.14913138545893,3A,0.12415688007560656,8.054326102516752,22.25184892757804,85.4763125218493
617,248.53986929642173,0.13754853802159855,7.270160878358264,0.40309453052862354,0.76407278847151,4.052546484415359,2015-10-30T17:48:28.200000Z,-19.74143216205411,-0.03578711374116664,10,0.5,6,-1,peak,max mdccm,2015-10-30T17:48:26.194992Z,Multiple triggers,32.22179081158299,0.12222222222222223,11,53.77933636363636,-166.21232727272726,us10003utc,pavdut,lts,3,76.65,3.2,53.2191,-167.2696,2015-10-30T17:48:08.330000Z,2015-10-30T09:48:08.330000Z,93.86140619219326,228.79843713436762,3A,0.10176142428043192,9.826906483189758,18.081671098133494,16.784992097338485
618,246.12621828299098,0.28525545339080405,3.505629736830958,0.34649643111374323,2.4446415521814866,13.108154541158171,2015-10-29T11:45:52.740000Z,6.097290623829963,-0.16555708325550278,10,0.5,6,-1,peak,max mdccm,2015-10-29T11:45:52.746680Z,Taup,0.0,0.0,11,53.77933636363636,-166.21232727272726,us20004220,pavdut,lts,3,132.8,3.1,52.2394,-173.0322,2015-10-29T11:44:48.000000Z,2015-10-29T03:44:48.000000Z,488.55247469894107,252.22350890682094,3A,0.11969837013530125,8.354332635186664,21.41250790168116,64.74667958578675
619,88.67907620953827,0.07041878666025803,14.20075589806159,0.6350598857453047,2.2159236244829117,6.628080744696547,2015-11-09T10:36:01.440000Z,-37.03008964817337,0.051664167555702134,10,0.5,6,-1,peak,max mdccm,2015-11-09T10:35:59.436303Z,Multiple triggers,27.638784329345267,0.05411764705882354,11,53.77933636363636,-166.21232727272726,ak015edtdato,pavdut,lts,3,108.0,3.3,57.5673,-156.4114,2015-11-09T10:34:24.127000Z,2015-11-09T02:34:24.127000Z,745.9634450249564,51.64898656136489,3A,0.12208295421596016,8.191151716651921,21.86080690770562,95.68930326071013
620,233.37824076799848,0.11138571851080475,8.97781163841931,0.5233533535421514,1.0936885003700425,4.5155757585014555,2015-10-27T23:21:47.240000Z,-33.26817047209195,0.019433183717531693,10,0.5,6,-1,peak,max mdccm,2015-10-27T23:21:45.245429Z,Multiple triggers,103.23244256668289,0.22428571428571428,11,53.77933636363636,-166.21232727272726,us200041pr,pavdut,lts,3,24.8,3.6,52.971,-166.702,2015-10-27T23:21:27.480000Z,2015-10-27T15:21:27.480000Z,95.68282586592153,200.11007029590652,3A,0.13081890222833645,7.64415526323987,23.515531794907957,15.025429063551941
621,148.3514158338458,0.26496773815734814,3.774044368398394,0.30769239675793236,0.7901928225071413,23.075278816576173,2015-10-27T14:54:45.300000Z,81.38847801330917,-0.13922582573353837,10,0.5,6,-1,peak,max mdccm,2015-10-27T14:54:48.303511Z,Taup,0.0,0.0,11,53.77933636363636,-166.21232727272726,us200040r6,pavdut,lts,3,25.7,3.8,52.024,-169.485,2015-10-27T14:54:07.790000Z,2015-10-27T06:54:07.790000Z,294.31571891242487,229.73989384715495,3A,0.12574191242380978,7.952797764277089,22.55144609577093,40.513511113882004
622,141.92626545279137,0.37894709287265593,2.6388908077361792,0.35263290840436484,0.08069480167907472,3.2963778208830945,2015-10-27T14:39:41.540000Z,89.3622727562049,-0.2532369879726307,10,0.5,6,-1,peak,max mdccm,2015-10-27T14:39:44.541607Z,Taup,0.0,0.0,11,53.77933636363636,-166.21232727272726,us10003rv4,pavdut,lts,3,35.0,3.8,52.1106,-169.5008,2015-10-27T14:39:05.020000Z,2015-10-27T06:39:05.020000Z,288.6584775415682,231.28853820899627,3A,0.12571010490002518,7.954810003501952,22.545427582189706,39.52160723460658
623,236.21731766178885,0.15388483113452875,6.498366295283406,0.8246245346223222,0.47719430293564047,2.527119625942305,2015-10-27T13:20:08.920000Z,-3.3271552128034614,-0.02816843222960022,10,0.5,6,-1,peak,max mdccm,2015-10-27T13:20:06.916507Z,Multiple triggers,27.031948339712677,0.03428571428571429,11,53.77933636363636,-166.21232727272726,us10003rud,pavdut,lts,3,35.0,4.7,52.1906,-169.5287,2015-10-27T13:19:27.480000Z,2015-10-27T05:19:27.480000Z,284.3224243829443,232.8901624489854,3A,0.12571639890492853,7.9544117450917255,22.54661849197782,38.97650702133607
624,141.33654954298038,0.08624965108627429,11.594249801656755,0.727372629151754,12.943926535486856,52.57435845572553,2015-11-30T08:41:55.020000Z,115.39362278528648,0.026022806798510406,10,0.5,6,-1,peak,max mdccm,2015-11-30T08:41:58.021425Z,Taup,0.0,0.0,11,53.77933636363636,-166.21232727272726,us20004fly,pavdut,lts,3,255.0,3.1,51.8396,-176.4335,2015-11-30T08:40:24.000000Z,2015-11-30T00:40:24.000000Z,721.5001836042395,256.73017232826686,3A,0.1122724578847847,8.906903962378838,20.02505290478652,94.02142482967332
625,101.1950185521157,0.20788875625487127,4.810264961006364,0.6146507455076264,0.5759701867277678,7.649890319427925,2015-10-25T03:03:59.940000Z,158.60826286488447,-0.09249843228592503,10,0.5,6,-1,peak,max mdccm,2015-10-25T03:04:02.946506Z,Taup,0.0,0.0,11,53.77933636363636,-166.21232727272726,us200040zl,pavdut,lts,3,192.18,4.1,52.6181,-174.2944,2015-10-25T03:02:49.150000Z,2015-10-24T19:02:49.150000Z,555.0225619920403,259.80328141700016,3A,0.11539032396894625,8.666237909767194,20.60605005330572,73.79650579720297
626,88.88656336226518,0.06795855063500972,14.714851783269745,0.6591191552092833,2.3986932538130787,6.952598067436668,2015-10-24T20:21:30.080000Z,-16.588342935387175,0.05769695143814335,10,0.5,6,-1,peak,max mdccm,2015-10-24T20:21:28.088731Z,Multiple triggers,37.16617744200253,0.1285714285714286,11,53.77933636363636,-166.21232727272726,us200040wp,pavdut,lts,3,11.1,3.7,54.7064,-160.4574,2015-10-24T20:20:35.000000Z,2015-10-24T12:20:35.000000Z,388.9889645213039,72.298220426878,3A,0.12565550207315307,7.958266717344604,22.53509642928177,53.32873127277852
627,239.8804084060319,0.14353957685586308,6.966719715247326,0.3716341718718549,1.18953141670201,4.15360167955663,2015-10-24T01:12:41.840000Z,-16.206817408767222,-0.01749649212666049,10,0.5,6,-1,peak,max mdccm,2015-10-24T01:12:39.833809Z,Multiple triggers,29.56990843167229,0.045000000000000005,11,53.77933636363636,-166.21232727272726,us200040wc,pavdut,lts,3,33.83,3.1,52.2905,-168.496,2015-10-24T01:12:09.300000Z,2015-10-23T17:12:09.300000Z,225.6349529006385,223.67359099726468,3A,0.1260430847292026,7.93379503642307,22.608445941188652,31.623808650438576
628,230.62386996489556,0.14319794629826763,6.983340374987611,0.7682878751964352,0.7287141771578987,3.5249232112088293,2015-10-24T00:07:02.120000Z,-7.304918620143383,-0.015343391608560047,10,0.5,6,-1,peak,max mdccm,2015-10-24T00:07:00.129208Z,Multiple triggers,39.823025983838846,0.08857142857142856,11,53.77933636363636,-166.21232727272726,us10003r4j,pavdut,lts,3,24.11,4.2,52.2954,-168.4616,2015-10-24T00:06:27.710000Z,2015-10-23T16:06:27.710000Z,223.66686741235108,223.31895134475218,3A,0.12785455468970758,7.821387375889088,22.951785999745322,31.639207562467806
629,242.85479025285002,0.16190602157549167,6.176422533696386,0.6590269683213545,0.5758271781175166,2.5353005546169243,2015-10-23T17:12:37.140000Z,-6.593185195210253,-0.036489232118141396,10,0.5,6,-1,peak,max mdccm,2015-10-23T17:12:35.137057Z,Multiple triggers,22.342908217846993,0.048571428571428564,11,53.77933636363636,-166.21232727272726,us10003urg,pavdut,lts,3,38.09,4.1,51.7902,-170.7981,2015-10-23T17:11:42.290000Z,2015-10-23T09:11:42.290000Z,380.3123597067606,236.26160505763977,3A,0.12541678945735027,7.973414120444089,22.48993976804259,50.96705663237271
630,245.233091921447,0.8088225056384339,1.236365201300454,0.29282945087607665,0.42099169059296376,75.99966246948955,2015-11-04T14:09:50.500000Z,7.381043658938296,-0.6851062468842007,10,0.5,6,-1,peak,max mdccm,2015-11-04T14:09:50.492244Z,Taup,0.0,0.0,11,53.77933636363636,-166.21232727272726,us2000421n,pavdut,lts,3,32.0,3.1,51.5409,-175.7001,2015-11-04T14:08:21.000000Z,2015-11-04T06:08:21.000000Z,687.9380746076157,252.6141355803853,3A,0.12371625875423319,8.083011966814613,22.168678393872646,89.49224426477991
631,78.92369875364972,0.10287496074410411,9.720538338648272,0.6059163292992632,2.953190671716849,12.989999240841342,2015-11-04T02:53:49.980000Z,178.22846115686025,0.019913790608332968,10,0.5,6,-1,peak,max mdccm,2015-11-04T02:53:49.989876Z,Taup,0.0,0.0,11,53.77933636363636,-166.21232727272726,us10003y8z,pavdut,lts,3,18.1,4.0,51.4613,-178.1702,2015-11-04T02:52:00.000000Z,2015-11-03T18:52:00.000000Z,848.722552279908,257.15215991050997,3A,0.12278875135243708,8.144068483355843,21.993764861564095,109.9898761957623
632,318.59603412614706,0.5534225290940767,1.8069376424500585,0.2588442334422921,0.3088423293632525,1.9775676223299001,2015-10-22T15:37:31.300000Z,112.94954815433925,-0.42868521985225994,10,0.5,6,-1,peak,max mdccm,2015-10-22T15:37:29.304539Z,Multiple triggers,42.62920248006225,0.095,11,53.77933636363636,-166.21232727272726,us20004110,pavdut,lts,3,53.22,3.0,54.469,-162.3464,2015-10-22T15:36:55.940000Z,2015-10-22T07:36:55.940000Z,264.11618386001004,71.54558228048631,3A,0.12473730924181682,8.016847614224156,22.361484706938164,36.32453871092288
633,234.46853825529672,0.1590926570243954,6.285645225264289,0.7099624446946647,0.4696661148117922,2.555226620965726,2015-10-22T11:27:27.640000Z,3.598373007613759,-0.033599425174287934,10,0.5,6,-1,peak,max mdccm,2015-10-22T11:27:25.639114Z,Multiple triggers,29.966226454601873,0.1,11,53.77933636363636,-166.21232727272726,us2000404h,pavdut,lts,3,44.0,3.6,52.4325,-169.6189,2015-10-22T11:26:47.000000Z,2015-10-22T03:26:47.000000Z,272.9332105208099,238.06691126291048,3A,0.12549323185010747,7.968557230197301,22.504398576762455,37.42911362586689
634,233.07690676826314,0.1666735651773969,5.999751663892607,0.7566831034881374,0.296317118434001,1.671577492715329,2015-10-21T04:51:24.760000Z,4.85751878043456,-0.04151605898994906,10,0.5,6,-1,peak,max mdccm,2015-10-21T04:51:22.767992Z,Multiple triggers,26.25740620274505,0.1472,11,53.77933636363636,-166.21232727272726,us10003q5a,pavdut,lts,3,48.68,4.5,52.4541,-169.5517,2015-10-21T04:50:45.990000Z,2015-10-20T20:50:45.990000Z,267.80814998496,237.9344255486977,3A,0.12515750618744784,7.989932289816517,22.440908494986697,36.777992470882936
635,190.0728271802243,0.1053553476914958,9.491687151260944,0.42322054961224775,1.1638788181910638,7.04414637098202,2015-10-20T12:50:17.640000Z,-12.883389239803819,0.018962466708996442,10,0.5,6,-1,peak,max mdccm,2015-10-20T12:50:17.638897Z,Taup,0.0,0.0,11,53.77933636363636,-166.21232727272726,us2000400b,pavdut,lts,3,55.01,3.9,51.7363,-166.0508,2015-10-20T12:49:45.850000Z,2015-10-20T04:49:45.850000Z,227.61371736264996,177.18943794042048,3A,0.12431781440049224,8.043899458998537,22.282238781011404,31.788897452730083
636,84.55760239486881,1.158017090034854,0.8635451139757375,0.28008245028724654,0.8206289943675923,56.01599935360801,2015-11-08T06:01:18.760000Z,171.61873236615708,-1.035228338682417,10,0.5,6,-1,peak,max mdccm,2015-11-08T06:01:16.751489Z,Multiple triggers,46.081127553402766,0.11499999999999999,11,53.77933636363636,-166.21232727272726,us10003z3g,pavdut,lts,3,45.6,3.0,51.5708,-177.2238,2015-11-08T05:59:37.000000Z,2015-11-07T21:59:37.000000Z,783.3586574622245,256.1763347610259,3A,0.12278875135243708,8.144068483355843,21.993764861564095,100.83148861089322
637,307.86098051268084,1.7744857074701794,0.5635435640818229,0.2536344522041938,0.6150023520024449,53.59107565666176,2015-10-20T06:04:38.840000Z,-71.00886096022029,-1.6487699112313843,10,0.5,6,-1,peak,max mdccm,2015-10-20T06:04:38.839197Z,Taup,0.0,0.0,11,53.77933636363636,-166.21232727272726,us10003rvp,pavdut,lts,3,36.43,3.5,52.3718,-169.6111,2015-10-20T06:04:00.890000Z,2015-10-19T22:04:00.890000Z,276.3993244919278,236.85211955246055,3A,0.12571579623879506,7.954449877567626,22.54650445905149,37.94919663494899
638,231.5452533323333,0.11856752079918192,8.434012900494919,0.6025876035427166,1.0058606624788569,3.9972974453294796,2015-11-02T09:07:58.740000Z,20.509849186470063,0.0041984439406236584,10,0.5,6,-1,peak,max mdccm,2015-11-02T09:07:56.738027Z,Multiple triggers,27.24480167818708,0.05333333333333334,11,53.77933636363636,-166.21232727272726,us10003x5s,pavdut,lts,3,20.7,3.1,50.2019,-179.6385,2015-11-02T09:05:48.000000Z,2015-11-02T01:05:48.000000Z,1002.4887999748333,252.05510251880335,3A,0.12276596473980558,8.145580105360915,21.98947038026877,128.69802683216554
639,88.9713275829181,0.09615131384752594,10.40027390146506,0.5417315506280415,2.941848331654363,13.431723074480118,2015-11-02T05:16:37.580000Z,-32.87289802458088,0.02657895916811534,10,0.5,6,-1,peak,max mdccm,2015-11-02T05:16:40.582858Z,Taup,0.0,0.0,11,53.77933636363636,-166.21232727272726,ak015e25ifp3,pavdut,lts,3,46.0,3.5,58.038,-152.0412,2015-11-02T05:14:32.871000Z,2015-11-01T21:14:32.871000Z,1002.4005976453508,56.098429558337216,3A,0.12273027301564128,8.147948956917546,21.982743997025516,127.71185780929869
640,339.3820487955045,0.24126854638505776,4.144759086847683,0.37206609626374015,2.3836293220628475,34.75573913176312,2015-10-31T10:47:00.720000Z,75.03048243871564,-0.11711012126195008,10,0.5,6,-1,peak,max mdccm,2015-10-31T10:47:00.713450Z,Taup,0.0,0.0,11,53.77933636363636,-166.21232727272726,ak015dyxljsy,pavdut,lts,3,12.9,3.5,57.0073,-157.0974,2015-10-31T10:45:31.221000Z,2015-10-31T02:45:31.221000Z,679.4315132329103,54.41253123422011,3A,0.12415842512310768,8.054225873181485,22.252140653529217,89.49244980734036
641,19.12517561769522,1.3049017950639685,0.7663411942436468,0.2848462528892024,0.5398445841038089,58.55157386921843,2015-10-31T07:11:09.000000Z,44.608670561167315,-1.1821213544589384,10,0.5,6,-1,peak,max mdccm,2015-10-31T07:11:12.003122Z,Taup,0.0,0.0,11,53.77933636363636,-166.21232727272726,ak015dyvlkdm,pavdut,lts,3,70.5,3.2,56.0531,-156.6314,2015-10-31T07:09:46.343000Z,2015-10-30T23:09:46.343000Z,663.7896600967426,63.73384617886254,3A,0.12278044060503003,8.144619738064634,21.992198560638457,85.66012168317877
642,239.37071047001768,0.1643926088029328,6.082998544045004,0.800180267964003,0.5504550848861034,2.785724388168717,2015-10-18T06:02:41.260000Z,-6.589701603041846,-0.03867994929741694,10,0.5,6,-1,peak,max mdccm,2015-10-18T06:02:39.266910Z,Multiple triggers,26.02266983795441,0.05,11,53.77933636363636,-166.21232727272726,us10003rn6,pavdut,lts,3,38.6,3.5,52.308,-169.2865,2015-10-18T06:01:59.000000Z,2015-10-17T22:01:59.000000Z,263.2513121254666,232.78100886697584,3A,0.12571265950551586,7.9546483539004536,22.54591094642787,36.25690979688347
643,143.85711919012158,0.09011733776521651,11.096643829018882,0.7687266100878106,0.20688010469270068,1.6930423005513546,2015-10-18T14:55:26.800000Z,-22.221202283319542,0.04058902170510499,10,0.5,6,-1,peak,max mdccm,2015-10-18T14:55:24.794009Z,Multiple triggers,116.22398743334236,0.20761904761904765,11,53.77933636363636,-166.21232727272726,us10003rmr,pavdut,lts,3,25.7,3.3,53.4887,-165.4283,2015-10-18T14:55:13.000000Z,2015-10-18T06:55:13.000000Z,61.123343230896324,121.63591690680204,3A,0.1307063594703215,7.650737148922447,23.49408521268668,10.494009399023573
644,238.98785602698666,0.1582374850029398,6.319615102460846,0.6524316258896186,0.4237539466286475,2.4675252991742695,2015-10-18T00:33:32.520000Z,-7.127779478422582,-0.032479948380308404,10,0.5,6,-1,peak,max mdccm,2015-10-18T00:33:30.511710Z,Multiple triggers,28.962166054301434,0.06869565217391306,11,53.77933636363636,-166.21232727272726,us10003pfz,pavdut,lts,3,25.6,4.4,52.1886,-169.418,2015-10-18T00:32:49.000000Z,2015-10-17T16:32:49.000000Z,278.6861042046369,231.86007654856408,3A,0.1257575366226314,7.951809703467421,22.554402550719672,38.551709799054926
645,113.37394519697301,0.07643086963739062,13.083718721823775,0.7640261299636232,1.1821837720397133,6.838874657477987,2015-10-17T01:52:20.160000Z,-29.427440804862073,0.0511626232292087,10,0.5,6,-1,peak,max mdccm,2015-10-17T01:52:18.162830Z,Multiple triggers,72.96618024459042,0.2952,11,53.77933636363636,-166.21232727272726,us10003pag,pavdut,lts,3,31.11,4.7,53.9281,-163.2528,2015-10-17T01:51:50.110000Z,2015-10-16T17:51:50.110000Z,195.44121241446427,83.94650439211094,3A,0.12759349286659932,7.837390273855997,22.902251774950834,27.852830206594437
646,106.0019986022001,0.08031813401849715,12.450488450960545,0.7667807247156964,1.394402919980311,7.360837791799042,2015-10-17T00:30:26.340000Z,-18.968505228433997,0.04938308681199914,10,0.5,6,-1,peak,max mdccm,2015-10-17T00:30:24.339904Z,Multiple triggers,70.32232464333848,0.29090909090909095,11,53.77933636363636,-166.21232727272726,us20003zxx,pavdut,lts,3,10.34,3.8,53.834,-163.1727,2015-10-17T00:29:53.970000Z,2015-10-16T16:29:53.970000Z,200.32540620786128,87.0334933737661,3A,0.1297012208304963,7.710027658929119,23.302696297046857,29.45990427367114
647,242.69139700057997,0.13567054129295716,7.370796861793838,0.6527177341212606,0.6798912100127517,3.3022942819131345,2015-10-15T09:48:16.900000Z,10.87761337663295,-0.012550050394013815,10,0.5,6,-1,peak,max mdccm,2015-10-15T09:48:14.909230Z,Multiple triggers,23.594010241756443,0.045,11,53.77933636363636,-166.21232727272726,us10003ny2,pavdut,lts,3,63.75,3.8,52.0239,-174.3213,2015-10-15T09:46:56.680000Z,2015-10-15T01:46:56.680000Z,579.1678464135863,253.56901037721292,3A,0.12312049089894335,8.122124860765823,22.056300932285083,75.35922988081632
648,147.67146034960155,0.10796042153410287,9.262653718743742,0.6846679839081392,0.7084639512115425,7.165233624322212,2015-10-14T21:00:37.820000Z,-34.01699575485304,-0.004920068866037755,10,0.5,6,-1,peak,max mdccm,2015-10-14T21:00:35.830214Z,Multiple triggers,104.12227496730665,0.22125,11,53.77933636363636,-166.21232727272726,us10003nrl,pavdut,lts,3,57.0,3.3,53.5334,-165.2837,2015-10-14T21:00:23.000000Z,2015-10-14T13:00:23.000000Z,67.22058087260335,113.65446459474852,3A,0.10304035266806512,9.704935727669787,18.316935619767868,12.68021387959054
649,237.5461697829873,0.16604519287781785,6.022456794252615,0.6010774409402202,0.4886231595749657,2.6341845763280105,2015-10-13T20:18:02.820000Z,0.9965336021160738,-0.041158342851104604,10,0.5,6,-1,peak,max mdccm,2015-10-13T20:18:00.819382Z,Multiple triggers,22.37295565018695,0.039999999999999994,11,53.77933636363636,-166.21232727272726,us10003nea,pavdut,lts,3,10.0,4.6,50.8609,-173.2039,2015-10-13T20:16:42.840000Z,2015-10-13T12:16:42.840000Z,576.4212528096755,238.54270338510338,3A,0.12488685002671325,8.007248159322621,22.38974505160719,76.91938243707321
650,235.17119612913928,0.15297006316467138,6.537226822764046,0.41150694098682233,0.6029390748907972,3.2850364866233974,2015-10-28T17:41:08.240000Z,26.144455843787682,-0.0358079628632539,10,0.5,6,-1,peak,max mdccm,2015-10-28T17:41:08.241137Z,Taup,0.0,0.0,11,53.77933636363636,-166.21232727272726,us200040tr,pavdut,lts,3,190.31,4.0,52.389,-176.3857,2015-10-28T17:39:37.790000Z,2015-10-28T09:39:37.790000Z,698.360549555894,261.31565197292696,3A,0.11716210030141748,8.5351832839062,20.937196191427134,90.45113695865099
651,109.69154361100783,0.07015056152018274,14.255053392727211,0.7643934626854109,1.6275778381343766,8.10167244122178,2015-10-12T19:31:37.440000Z,-37.41356815302265,0.055149279452769526,10,0.5,6,-1,peak,max mdccm,2015-10-12T19:31:35.433996Z,Multiple triggers,34.44544570452846,0.08571428571428573,11,53.77933636363636,-166.21232727272726,us10003n2x,pavdut,lts,3,28.62,4.9,54.8364,-159.4649,2015-10-12T19:30:34.610000Z,2015-10-12T11:30:34.610000Z,454.4817746817312,72.27797545798516,3A,0.12529984097295227,7.980856098738896,22.46782229767372,60.52399641221024
652,242.3958400826249,0.16905741668362978,5.915150128381397,0.6222030991968803,0.4315500648768569,2.6102120145989716,2015-10-12T08:50:03.480000Z,-12.576031295974389,-0.04290175166065946,10,0.5,6,-1,peak,max mdccm,2015-10-12T08:50:01.481376Z,Multiple triggers,37.29005279719726,0.115,11,53.77933636363636,-166.21232727272726,us10003my5,pavdut,lts,3,19.8,4.2,52.1456,-169.28,2015-10-12T08:49:21.000000Z,2015-10-12T00:49:21.000000Z,274.81237032057726,229.8198087866505,3A,0.12615566502297032,7.926714981986112,22.629758939470282,38.3413764491308
653,124.30069378492328,0.14252666986640744,7.016230723255628,0.4828175562426518,2.0396358386361393,24.26881057595557,2015-10-21T00:26:44.700000Z,128.11248009037251,-0.01888863626801232,10,0.5,6,-1,peak,max mdccm,2015-10-21T00:26:47.702156Z,Taup,0.0,0.0,11,53.77933636363636,-166.21232727272726,us2000400n,pavdut,lts,3,41.03,3.1,51.6283,-175.3168,2015-10-21T00:25:21.970000Z,2015-10-20T16:25:21.970000Z,659.7456860970467,252.4131738752958,3A,0.12363803359839512,8.088126047428341,22.153917963413303,85.73215612034933
654,154.86873161674987,0.25570944998715817,3.910688478858409,0.7881557247382347,0.17450875249270625,4.589797493830815,2015-10-23T14:14:41.980000Z,95.59558207132318,-0.13228346467985075,10,0.5,6,-1,peak,max mdccm,2015-10-23T14:14:41.987268Z,Taup,0.0,0.0,11,53.77933636363636,-166.21232727272726,us2000406l,pavdut,lts,3,20.72,3.8,51.0615,-176.3752,2015-10-23T14:13:03.850000Z,2015-10-23T06:13:03.850000Z,753.7748953609497,250.46431368807308,3A,0.1234259853073074,8.102021608417294,22.113914012032755,98.13726823068885
655,251.31643538865478,0.15102700438034433,6.621332417357718,0.5405407354939559,0.745601778968608,3.4569204601558567,2015-10-19T04:07:55.660000Z,8.659065351881509,-0.02810649206585107,10,0.5,6,-1,peak,max mdccm,2015-10-19T04:07:53.655847Z,Multiple triggers,29.201018597334663,0.05142857142857143,11,53.77933636363636,-166.21232727272726,us10003pl2,pavdut,lts,3,6.1,4.2,51.8687,-178.1256,2015-10-19T04:06:02.000000Z,2015-10-18T20:06:02.000000Z,829.6295744939675,259.9755007405363,3A,0.12292051231449326,8.135338693036772,22.018599755405845,108.71584732690913
656,52.37598127340016,1.2310261435437373,0.8123304328219337,0.2940100042671976,0.3471024489377264,88.19762047507663,2015-10-10T06:32:16.820000Z,37.39878458252525,-1.1050627942297404,10,0.5,6,-1,peak,max mdccm,2015-10-10T06:32:19.816199Z,Taup,0.0,0.0,11,53.77933636363636,-166.21232727272726,us10003nru,pavdut,lts,3,2.2,3.2,53.7016,-161.6094,2015-10-10T06:31:36.000000Z,2015-10-09T22:31:36.000000Z,303.78482554427364,89.77476585592542,3A,0.12596334931399691,7.938817167422532,22.593352927397365,43.816198629390314
657,257.8505548935809,0.31087880989630634,3.2166875585169348,0.291129405447682,1.7409292373177792,17.601275057978768,2015-10-10T05:52:26.140000Z,-11.757828179513467,-0.19330194951757002,10,0.5,6,-1,peak,max mdccm,2015-10-10T05:52:24.143725Z,Multiple triggers,25.778263904909075,0.0775,11,53.77933636363636,-166.21232727272726,us10003ns1,pavdut,lts,3,72.7,3.0,53.178,-168.3952,2015-10-10T05:51:58.000000Z,2015-10-09T21:51:58.000000Z,159.6237734889345,246.09272671406745,3A,0.11757686037873631,8.505074865741603,21.014820536809168,23.903724990581765
658,115.34280965858181,0.07686191984538512,13.010343769861496,0.49226169951541787,1.659229229726729,9.600076075217174,2015-10-09T09:47:10.220000Z,-27.161017012052923,0.04900156252631335,10,0.5,6,-1,peak,max mdccm,2015-10-09T09:47:08.228084Z,Multiple triggers,32.99972216811285,0.09666666666666666,11,53.77933636363636,-166.21232727272726,us10003nep,pavdut,lts,3,40.7,3.6,53.8003,-164.1844,2015-10-09T09:46:47.000000Z,2015-10-09T01:46:47.000000Z,133.6676937772543,88.1817926465289,3A,0.12586348237169848,7.945116257365361,22.5744515761347,19.928084474556876
659,89.01716539167296,0.06544182850573867,15.280746623886111,0.7535556347798438,3.7219316448877944,10.344503853985572,2015-10-18T15:32:39.460000Z,-33.49406943877207,0.057324136234066916,10,0.5,6,-1,peak,max mdccm,2015-10-18T15:32:39.470231Z,Taup,0.0,0.0,11,53.77933636363636,-166.21232727272726,ak015ddii0jg,pavdut,lts,3,45.8,3.4,57.8091,-153.467,2015-10-18T15:30:42.522000Z,2015-10-18T07:30:42.522000Z,914.6702506291977,55.52309595290088,3A,0.12276596473980558,8.145580105360915,21.98947038026877,116.94823148754946
660,264.6772933017536,2.890038605597158,0.3460161390450955,0.26119616843857685,0.22844374249590466,27.246775463837153,2015-10-08T20:11:33.860000Z,-20.73592070289095,-2.7647277305065674,10,0.5,6,-1,peak,max mdccm,2015-10-08T20:11:36.866874Z,Taup,0.0,0.0,11,53.77933636363636,-166.21232727272726,us10003ne7,pavdut,lts,3,10.0,3.1,51.649,-172.6352,2015-10-08T20:10:30.220000Z,2015-10-08T12:10:30.220000Z,494.31344306307903,243.94137259886264,3A,0.1253108750905905,7.980153352828108,22.469908935416786,66.64687363124993
661,71.11777489772169,0.007401779906673838,135.10263917714533,0.7633477839368934,25.786886266819806,72.9762770676198,2015-10-13T08:24:52.660000Z,-171.41265748825168,0.10921210307919399,10,0.5,6,-1,peak,max mdccm,2015-10-13T08:24:55.659326Z,Taup,0.0,0.0,11,53.77933636363636,-166.21232727272726,us10003pm7,pavdut,lts,3,196.16,3.1,52.268,-176.0678,2015-10-13T08:23:27.080000Z,2015-10-13T00:23:27.080000Z,681.7385667552187,259.70511740947,3A,0.11661388298586783,8.575308311457116,20.834656356384073,88.57932640009312
662,153.40824403047594,1.6384630446721837,0.610328077433126,0.3029625755904468,0.42747283036146844,43.98164215074803,2015-10-10T08:49:40.620000Z,104.21081989640561,-1.5156742933197467,10,0.5,6,-1,peak,max mdccm,2015-10-10T08:49:40.618505Z,Taup,0.0,0.0,11,53.77933636363636,-166.21232727272726,us10003nrf,pavdut,lts,3,13.2,3.2,51.5391,-178.1263,2015-10-10T08:47:51.000000Z,2015-10-10T00:47:51.000000Z,842.6395820270678,257.61906392688155,3A,0.12278875135243708,8.144068483355843,21.993764861564095,109.61850486065984
663,32.93833915845562,0.6492475184791006,1.5402446240265302,0.2588128372582641,0.3529532329215068,72.3647374099788,2015-10-10T14:36:31.700000Z,26.248399605027828,-0.5263895388972784,10,0.5,6,-1,peak,max mdccm,2015-10-10T14:36:31.696131Z,Taup,0.0,0.0,11,53.77933636363636,-166.21232727272726,ak015d09mosm,pavdut,lts,3,41.0,4.0,56.7942,-155.6289,2015-10-10T14:34:54.781000Z,2015-10-10T06:34:54.781000Z,750.4678166726101,59.186738763483454,3A,0.12285797958182217,8.139479449391484,22.006812764603087,96.91513066975806
664,228.5740034460282,0.15731297887782184,6.356754586515437,0.8908438370365733,0.5188340335511157,2.777665742323336,2015-10-08T10:06:01.100000Z,-8.11551660495914,-0.029831931897047748,10,0.5,6,-1,peak,max mdccm,2015-10-08T10:05:59.107856Z,Multiple triggers,30.206005838677385,0.11117647058823531,11,53.77933636363636,-166.21232727272726,us10003ndz,pavdut,lts,3,25.9,3.3,52.2139,-168.3586,2015-10-08T10:05:26.000000Z,2015-10-08T02:05:26.000000Z,226.06748038356906,220.45848684106906,3A,0.1274810469807741,7.844303319463747,22.880921715642724,31.887855571653784
665,230.291814350906,0.15816148141941797,6.322651956883018,0.8880703992193704,0.3951598623660333,2.1007689276695203,2015-10-08T09:05:16.940000Z,-9.001873357114818,-0.029848969946324133,10,0.5,6,-1,peak,max mdccm,2015-10-08T09:05:14.944948Z,Multiple triggers,44.229269129230296,0.13897435897435895,11,53.77933636363636,-166.21232727272726,us10003l3i,pavdut,lts,3,19.22,4.6,52.2355,-168.3918,2015-10-08T09:04:42.070000Z,2015-10-08T01:04:42.070000Z,225.63573061651465,221.2899409937912,3A,0.12831251147309383,7.793472269535403,23.038723202132967,32.114947569838456
666,237.4017159111574,0.15002335443956435,6.665628853158603,0.7966186829119234,0.6014202064016945,3.1169285591821563,2015-10-08T04:47:50.040000Z,-11.476326812394149,-0.027699733215299033,10,0.5,6,-1,peak,max mdccm,2015-10-08T04:47:48.045301Z,Multiple triggers,31.894451005853252,0.09032258064516131,11,53.77933636363636,-166.21232727272726,us10003nfz,pavdut,lts,3,68.2,3.1,52.3152,-168.6378,2015-10-08T04:47:15.000000Z,2015-10-07T20:47:15.000000Z,230.20966033422843,225.92538909876325,3A,0.12232362122426532,8.1750359414771,21.90612977237996,32.28530117886699
667,10.705931945107295,3.099503125609655,0.32263235734059975,0.2842563693512162,0.27359979028758147,35.52953406028567,2015-10-09T03:41:46.160000Z,-116.8793036513008,-2.9759260504501053,10,0.5,6,-1,peak,max mdccm,2015-10-09T03:41:46.155579Z,Taup,0.0,0.0,11,53.77933636363636,-166.21232727272726,us10003psq,pavdut,lts,3,43.92,3.5,51.7899,-175.3076,2015-10-09T03:40:21.470000Z,2015-10-08T19:40:21.470000Z,651.8144358677127,253.82662829380646,3A,0.12357707515954965,8.09211578044638,22.14241669084549,84.68557903323395
668,227.98285134768037,0.14804770329185743,6.754579623762388,0.8761935225708374,0.5772814075691914,2.9103867826415524,2015-10-08T00:06:27.940000Z,-6.41231137067291,-0.020545364929006826,10,0.5,6,-1,peak,max mdccm,2015-10-08T00:06:25.946646Z,Multiple triggers,42.66554723386337,0.14838709677419354,11,53.77933636363636,-166.21232727272726,us10003l21,pavdut,lts,3,25.0,5.1,52.2166,-168.4385,2015-10-08T00:05:53.000000Z,2015-10-07T16:05:53.000000Z,229.29160701382332,221.57053997700746,3A,0.1275023383628506,7.842993413612268,22.884960258338513,32.32664622281962
669,238.51006389675945,0.15349216885987635,6.514990357018828,0.8393410987691892,0.34982757517007235,1.8897047019102615,2015-10-07T23:43:58.640000Z,-15.905409976123707,-0.02457584605805227,10,0.5,6,-1,peak,max mdccm,2015-10-07T23:43:56.642602Z,Multiple triggers,33.901789140862924,0.10875,11,53.77933636363636,-166.21232727272726,us10003l1m,pavdut,lts,3,9.33,5.1,52.2555,-168.4638,2015-10-07T23:43:23.160000Z,2015-10-07T15:43:23.160000Z,227.10817940567165,222.60465392063574,3A,0.12891632280182408,7.756969623910577,23.15343486367178,33.0126023463676
670,70.99950472698856,0.13981611887465709,7.1522511713866415,0.4193277467233525,4.1932450539100765,24.284862514902983,2015-10-07T06:11:27.260000Z,169.7661701882816,-0.014310429287885534,10,0.5,6,-1,peak,max mdccm,2015-10-07T06:11:27.259906Z,Taup,0.0,0.0,11,53.77933636363636,-166.21232727272726,us10003n68,pavdut,lts,3,25.6,3.3,51.8551,-171.4295,2015-10-07T06:10:32.000000Z,2015-10-06T22:10:32.000000Z,411.6439025287792,240.76567491527015,3A,0.12550568958677155,7.967766268545336,22.5067550569032,55.2599064988894
671,237.3916891246638,0.16144292701713672,6.194139430424554,0.6981225815735461,0.3837466266701024,2.1455871914543536,2015-10-07T05:55:25.680000Z,-0.4374012292328473,-0.03575910836688015,10,0.5,6,-1,peak,max mdccm,2015-10-07T05:55:23.682820Z,Multiple triggers,22.116412266616056,0.030000000000000002,11,53.77933636363636,-166.21232727272726,us10003n67,pavdut,lts,3,41.5,3.0,52.5413,-169.2362,2015-10-07T05:54:45.000000Z,2015-10-06T21:54:45.000000Z,244.69766018485151,236.95428789543095,3A,0.12568381865025657,7.956473719045126,22.540453983733062,33.89282043062747
672,115.46852662051117,0.0470214268228398,21.26690038070619,0.42118032159649593,6.24658533899604,20.66208977043749,2015-10-07T04:09:05.700000Z,118.51931763284301,0.0799962872039314,10,0.5,6,-1,peak,max mdccm,2015-10-07T04:09:08.710646Z,Taup,0.0,0.0,11,53.77933636363636,-166.21232727272726,us10003n64,pavdut,lts,3,20.5,3.1,52.3965,-169.2353,2015-10-07T04:08:33.000000Z,2015-10-06T20:08:33.000000Z,254.3372156440653,233.9878442533542,3A,0.1270177140267712,7.872917629341311,22.793066564790983,35.710646480936376
673,230.07445318748194,0.11366980969369823,8.797410699416691,0.5730672216100555,1.2386177212173473,4.540215702133054,2015-10-08T13:25:07.760000Z,27.802531957582687,0.009080458923049664,10,0.5,6,-1,peak,max mdccm,2015-10-08T13:25:05.757481Z,Multiple triggers,23.37548026171318,0.049999999999999996,11,53.77933636363636,-166.21232727272726,us10003l46,pavdut,lts,3,46.35,4.9,51.1922,-179.628,2015-10-08T13:23:01.890000Z,2015-10-08T05:23:01.890000Z,954.0434674271711,257.8769851450646,3A,0.1227502686167479,8.146621683755413,21.986512284425217,121.76748096134979
674,116.69595353916355,0.06882298602348927,14.530029250092408,0.7482555106358766,1.3071188242793204,7.226746736379795,2015-10-07T02:25:21.380000Z,-20.083296293237765,0.05684833335470699,10,0.5,6,-1,peak,max mdccm,2015-10-07T02:25:19.378869Z,Multiple triggers,49.40754299849642,0.11214285714285717,11,53.77933636363636,-166.21232727272726,us10003n61,pavdut,lts,3,10.0,3.3,53.2459,-160.5067,2015-10-07T02:24:26.100000Z,2015-10-06T18:24:26.100000Z,383.02670265547005,96.61265724592579,3A,0.12567131937819626,7.957265070088045,22.53808907019917,52.67886895685382
675,234.97897115626523,0.14588312265592301,6.8548025418853955,0.6168132825664345,0.5863616541508785,2.970780556355976,2015-10-06T23:10:58.600000Z,-6.490895584890524,-0.020139422880392555,10,0.5,6,-1,peak,max mdccm,2015-10-06T23:10:56.603781Z,Multiple triggers,51.362848055854926,0.21529411764705883,11,53.77933636363636,-166.21232727272726,us10003kuh,pavdut,lts,3,41.1,3.4,52.6199,-168.3296,2015-10-06T23:10:29.000000Z,2015-10-06T15:10:29.000000Z,191.47762072721488,228.4880755713747,3A,0.12574369977553046,7.952684721263455,22.55178430029327,27.20378087988084
676,143.57132018893665,0.325346029374014,3.073650543466174,0.748836307170626,0.0887403893934331,2.7677178600125387,2015-10-06T13:23:35.120000Z,108.09212721971426,-0.2016099472822796,10,0.5,6,-1,peak,max mdccm,2015-10-06T13:23:38.111126Z,Taup,0.0,0.0,11,53.77933636363636,-166.21232727272726,us10003kpg,pavdut,lts,3,59.39,4.2,52.1107,-173.3324,2015-10-06T13:22:30.850000Z,2015-10-06T05:22:30.850000Z,513.1070293995136,251.6634474086509,3A,0.12373608209173441,8.081717014917512,22.172419137339073,67.26112637953827
677,112.72106781601488,0.322414310864646,3.101599297246498,0.3157501521834337,1.014027450572699,21.87862921901555,2015-10-06T10:49:36.020000Z,-39.23343396115342,-0.19687375122408668,10,0.5,6,-1,peak,max mdccm,2015-10-06T10:49:36.026488Z,Taup,0.0,0.0,11,53.77933636363636,-166.21232727272726,us10003mst,pavdut,lts,3,13.4,3.0,54.7058,-159.8394,2015-10-06T10:48:38.000000Z,2015-10-06T02:48:38.000000Z,427.9163615519679,73.48763385486147,3A,0.12554055964055932,7.96555314762929,22.51335121892766,58.02648805341472
678,86.7392556921746,0.07588965132077019,13.17702720458159,0.5138013389949028,1.5882919598461829,6.412010913424751,2015-10-07T04:08:52.340000Z,-20.8138728986371,0.04841113630196976,10,0.5,6,-1,peak,max mdccm,2015-10-07T04:08:50.336650Z,Multiple triggers,23.430899834014724,0.07333333333333335,11,53.77933636363636,-166.21232727272726,ak015cv4wgym,pavdut,lts,3,26.7,3.3,55.7527,-157.0136,2015-10-07T04:07:29.263000Z,2015-10-06T20:07:29.263000Z,630.93217189104,65.9253827935375,3A,0.12430078762273995,8.04500131596155,22.279023236178237,82.62365036943466
679,181.75384262795615,0.17448137356500898,5.731270791649378,0.34735144304916293,4.1761526883971305,44.01551247351961,2015-10-06T00:10:19.760000Z,-127.76302347208787,-0.05028657080058768,10,0.5,6,-1,peak,max mdccm,2015-10-06T00:10:22.767351Z,Taup,0.0,0.0,11,53.77933636363636,-166.21232727272726,ak015cteznhn,pavdut,lts,3,4.2,3.9,57.0721,-157.0507,2015-10-06T00:08:51.635000Z,2015-10-05T16:08:51.635000Z,685.3459717868732,53.99081915586827,3A,0.1241948027644213,8.051866726636286,22.2590094218756,91.13235081760126
680,233.45918044914197,0.11782686408408947,8.48702889424546,0.7461172478850543,0.8257265753331353,3.3108590773369997,2015-10-05T17:37:55.340000Z,28.747372163307375,0.004637998470435806,10,0.5,6,-1,peak,max mdccm,2015-10-05T17:37:53.342405Z,Multiple triggers,29.140632360954324,0.05904761904761906,11,53.77933636363636,-166.21232727272726,us10003kgq,pavdut,lts,3,90.82,5.7,51.9487,-179.2558,2015-10-05T17:35:54.870000Z,2015-10-05T09:35:54.870000Z,900.3609136439459,262.20655261244934,3A,0.12246486255452528,8.165607498679615,21.93273531854357,114.57240506683199
681,48.732265955505454,0.4489110022026466,2.2276130348629364,0.31198488444452505,0.2537934554497416,86.6631476852709,2015-10-08T17:21:36.840000Z,-170.4335272076114,-0.32507651397333626,10,0.5,6,-1,peak,max mdccm,2015-10-08T17:21:34.835339Z,Multiple triggers,31.970485695777214,0.07500000000000001,11,53.77933636363636,-166.21232727272726,us10003ne3,pavdut,lts,3,34.9,3.4,50.369,-174.1509,2015-10-08T17:20:08.130000Z,2015-10-08T09:20:08.130000Z,662.9057387331964,238.29873874789405,3A,0.12383448822931034,8.075294809215437,22.190990244941883,86.29533867202534
682,114.55787368459681,0.13814124293983154,7.238967731277454,0.7855392901749431,1.454775131231266,15.905123175594241,2015-09-30T21:56:05.620000Z,131.39007392374202,-0.013726029073729162,10,0.5,6,-1,peak,max mdccm,2015-09-30T21:56:08.614737Z,Taup,0.0,0.0,11,53.77933636363636,-166.21232727272726,us10003kkp,pavdut,lts,3,31.1,4.0,51.3113,-174.0836,2015-09-30T21:54:50.000000Z,2015-09-30T13:54:50.000000Z,600.0155124750921,245.94794760833884,3A,0.12441521386610238,8.037602226655462,22.300634308512564,78.61473747733928
683,80.37042021351937,0.07855407108934022,12.730084973733462,0.44454624400975706,1.3059538931527719,5.2128125115339685,2015-09-30T13:41:46.160000Z,-6.744197766659795,0.04637200941286651,10,0.5,6,-1,peak,max mdccm,2015-09-30T13:41:44.161795Z,Multiple triggers,35.7522645793064,0.11500000000000002,11,53.77933636363636,-166.21232727272726,ak015cjpp0y1,pavdut,lts,3,29.6,3.5,54.8568,-158.3553,2015-09-30T13:40:34.015000Z,2015-09-30T05:40:34.015000Z,524.8654186708867,73.62622244685956,3A,0.12492608050220673,8.004733647129317,22.39715981081057,69.29679465196412
684,217.79061604931485,0.14463456427154095,6.913976648918942,0.6504661575092512,0.6549255319352456,3.364502081808382,2015-09-30T06:09:11.100000Z,-5.955488609105203,-0.03366881225350407,10,0.5,6,-1,peak,max mdccm,2015-09-30T06:09:09.093799Z,Multiple triggers,98.15095932775415,0.2866666666666667,11,53.77933636363636,-166.21232727272726,us10003lba,pavdut,lts,3,51.5,3.0,53.2144,-166.7952,2015-09-30T06:08:56.000000Z,2015-09-29T22:08:56.000000Z,73.82036609935928,211.83512744020965,3A,0.11096575201803688,9.011789509951281,19.78219646047877,13.033798923294537
685,143.32835800650685,0.08338454821445007,11.992629586817209,0.321050870640473,0.4066707929171546,1.3560754339620473,2015-09-30T01:27:40.980000Z,103.19956907873024,0.04120458830641596,10,0.5,6,-1,peak,max mdccm,2015-09-30T01:27:40.972635Z,Taup,0.0,0.0,11,53.77933636363636,-166.21232727272726,us10003kkm,pavdut,lts,3,25.5,4.1,51.389,-174.0418,2015-09-30T01:26:23.000000Z,2015-09-29T17:26:23.000000Z,593.1711355614109,246.52792708523708,3A,0.12458913652086603,8.026381977794037,22.333488554882518,77.97263499436946
686,160.93702758242307,0.01915492453077814,52.20589610745788,0.6197518413594668,183.35915400899776,29.472472906927237,2015-10-08T04:36:58.940000Z,-110.0613233940778,0.10417592906090087,10,0.5,6,-1,peak,max mdccm,2015-10-08T04:37:01.931269Z,Taup,0.0,0.0,11,53.77933636363636,-166.21232727272726,ak015cwslsvz,pavdut,lts,3,16.6,3.2,57.7649,-156.1229,2015-10-08T04:35:21.274000Z,2015-10-07T20:35:21.274000Z,771.9707419786694,50.87570418834527,3A,0.12333085359167902,8.10827113311627,22.095970635440683,100.65726932749442
687,87.495448862373,0.19944096253802338,5.014015111410978,0.3071492598291829,0.37681388393334103,53.78198264564651,2015-10-08T13:19:00.980000Z,169.29455589570443,-0.07667270462187216,10,0.5,6,-1,peak,max mdccm,2015-10-08T13:19:03.982711Z,Taup,0.0,0.0,11,53.77933636363636,-166.21232727272726,us10003ne0,pavdut,lts,3,27.2,3.8,50.9969,-179.6927,2015-10-08T13:17:00.000000Z,2015-10-08T05:17:00.000000Z,966.8161233317588,256.79000475807743,3A,0.12276825791615122,8.145427954862601,21.98990255810218,123.9827107142295
688,143.59810616042893,0.09062455757034031,11.034536629034875,0.5928758590116388,0.2183098695216268,1.7372392385063051,2015-09-28T18:08:20.740000Z,-31.21064542694154,0.01595047899928298,10,0.5,6,-1,peak,max mdccm,2015-09-28T18:08:18.732675Z,Multiple triggers,67.48134973354863,0.11200000000000002,11,53.77933636363636,-166.21232727272726,us10003klf,pavdut,lts,3,42.38,3.3,53.6064,-165.5147,2015-09-28T18:08:08.780000Z,2015-09-28T10:08:08.780000Z,49.94133793499228,112.38746073348737,3A,0.10657503656962329,9.383060350598337,18.968838204703403,9.862674554766656
689,116.20001150729055,0.0867545235934914,11.5267764558968,0.3317130009886011,2.6210870141561076,16.52775013427984,2015-09-29T09:00:01.300000Z,-3.9722286043049166,0.038480108454026246,10,0.5,6,-1,peak,max mdccm,2015-09-29T09:00:01.308568Z,Taup,0.0,0.0,11,53.77933636363636,-166.21232727272726,us10003iwl,pavdut,lts,3,43.98,3.3,53.2406,-164.0917,2015-09-29T08:59:38.940000Z,2015-09-29T00:59:38.940000Z,152.92583475365723,112.22778290298564,3A,0.12523463204751764,7.985011682875157,22.455491422572223,22.368567653600493
690,0.9290131233487955,0.33627649949085126,2.9737433377416433,0.268203599635819,0.40161807348039524,37.54723713636196,2015-09-28T10:38:27.480000Z,-106.04077481428567,-0.21348774813841417,10,0.5,6,-1,peak,max mdccm,2015-09-28T10:38:27.490775Z,Taup,0.0,0.0,11,53.77933636363636,-166.21232727272726,us10003ije,pavdut,lts,3,71.9,3.4,52.071,-174.654,2015-09-28T10:37:09.890000Z,2015-09-28T02:37:09.890000Z,598.2800355463967,254.88823830906313,3A,0.12278875135243708,8.144068483355843,21.993764861564095,77.6007751623211
691,195.97946138457007,1.8499851586546332,0.5405448769801111,0.2785109735712826,0.7910096355147721,45.1594670752622,2015-09-29T14:47:14.600000Z,55.690733111643084,-1.7263374075554816,10,0.5,6,-1,peak,max mdccm,2015-09-29T14:47:17.591926Z,Taup,0.0,0.0,11,53.77933636363636,-166.21232727272726,us10003k4r,pavdut,lts,3,25.22,3.1,51.3345,-176.0062,2015-09-29T14:45:44.230000Z,2015-09-29T06:45:44.230000Z,717.0414632243862,251.67019449621316,3A,0.12364775109915153,8.087490400032532,22.155751490019856,93.36192598659652
692,160.8476243566927,0.18410673037249425,5.431631955967869,0.6300847994596421,0.8813306839962269,12.325267617770919,2015-09-27T19:42:26.800000Z,97.7197125801082,-0.06152394564379801,10,0.5,6,-1,peak,max mdccm,2015-09-27T19:42:26.800282Z,Taup,0.0,0.0,11,53.77933636363636,-166.21232727272726,us10003kjf,pavdut,lts,3,86.8,3.1,52.2723,-175.4414,2015-09-27T19:41:04.000000Z,2015-09-27T11:41:04.000000Z,641.0327666209738,258.56733693680087,3A,0.12258278472869624,8.15775234844949,21.95495205982628,82.80028225670216
693,32.669454112671815,1.232780006166315,0.811174739205731,0.2647451221150472,5.911879417658596,72.21553268944604,2015-09-28T16:36:08.040000Z,-130.54543901526984,-1.1184878849342001,10,0.5,6,-1,peak,max mdccm,2015-09-28T16:36:06.042760Z,Multiple triggers,30.716783318087064,0.08,11,53.77933636363636,-166.21232727272726,us10003lbh,pavdut,lts,3,218.63,4.2,52.6279,-175.5269,2015-09-28T16:34:41.930000Z,2015-09-28T08:34:41.930000Z,634.9667981842841,262.124015097402,3A,0.11429212123211485,8.749509495664263,20.401156727442693,83.55275977892394
694,125.36664447290252,0.13959833604969923,7.163409165879915,0.3704280612833001,3.264478200694035,35.67348991467583,2015-09-27T14:48:30.780000Z,-68.00311208792223,-0.016886550168640532,10,0.5,6,-1,peak,max mdccm,2015-09-27T14:48:30.784505Z,Taup,0.0,0.0,11,53.77933636363636,-166.21232727272726,ak015cerpqyz,pavdut,lts,3,78.7,3.0,56.9826,-155.8167,2015-09-27T14:46:54.831000Z,2015-09-27T06:46:54.831000Z,748.1637289319235,57.363532384980296,3A,0.1227117858810587,8.149176485535575,21.97926007792867,95.9535052612038
695,79.45207165721223,0.06811132123624383,14.68184703878382,0.2934618951669727,16.801659702638304,49.40258263537942,2015-09-25T20:24:51.200000Z,173.7176748814918,0.05512958323053081,10,0.5,6,-1,peak,max mdccm,2015-09-25T20:24:51.192922Z,Taup,0.0,0.0,11,53.77933636363636,-166.21232727272726,us10003lbr,pavdut,lts,3,60.03,4.1,51.9461,-174.4651,2015-09-25T20:23:34.240000Z,2015-09-25T12:23:34.240000Z,591.6555063344474,253.16974653870406,3A,0.12324090446677465,8.114189069990125,22.079006877143293,76.95292190926666
696,227.48096752103567,0.14154401798197205,7.064940039552688,0.6868075242511995,0.6050277501328716,2.919347838969202,2015-09-25T11:53:54.740000Z,1.665470023293807,-0.01582330687430719,10,0.5,6,-1,peak,max mdccm,2015-09-25T11:53:52.749210Z,Multiple triggers,28.20321740303293,0.08600000000000001,11,53.77933636363636,-166.21232727272726,us10003klu,pavdut,lts,3,20.32,3.8,51.746,-169.8922,2015-09-25T11:53:03.400000Z,2015-09-25T03:53:03.400000Z,335.9360401544688,229.14643754432947,3A,0.12572071110766486,7.954138909885888,22.54743442426016,45.99921005392569
697,233.06634122575178,0.17198851923052183,5.8143415878804525,0.7018150492086046,0.3944806223434614,2.3064228139483873,2015-09-25T06:54:57.220000Z,-3.1574047837504793,-0.04624070583993911,10,0.5,6,-1,peak,max mdccm,2015-09-25T06:54:55.213253Z,Multiple triggers,28.22209825022071,0.08700000000000001,11,53.77933636363636,-166.21232727272726,us10003klq,pavdut,lts,3,25.7,3.8,52.0181,-169.514,2015-09-25T06:54:14.000000Z,2015-09-24T22:54:14.000000Z,296.22244814288695,229.9089364420013,3A,0.12574781339058272,7.952424563391177,22.55256268589439,40.75325287641321
698,91.55136095086834,0.06487434198396773,15.414414534595636,0.7319140960670029,2.9351653855889355,9.413376858934953,2015-09-25T03:40:10.720000Z,-16.727243966976232,0.060883194638663665,10,0.5,6,-1,peak,max mdccm,2015-09-25T03:40:08.721284Z,Multiple triggers,29.528311915806523,0.05294117647058824,11,53.77933636363636,-166.21232727272726,us10003klp,pavdut,lts,3,31.61,3.3,54.3085,-162.52,2015-09-25T03:39:33.710000Z,2015-09-24T19:39:33.710000Z,248.9080919556367,74.82411698389213,3A,0.1257575366226314,7.951809703467421,22.554402550719672,34.611283927836006
699,111.15871400243256,0.07410929624323903,13.493583810563168,0.8129081318598286,1.5291524873578641,8.208435369537057,2015-09-24T20:20:17.780000Z,-19.79723770736112,0.04498299876285343,10,0.5,6,-1,peak,max mdccm,2015-09-24T20:20:15.782967Z,Multiple triggers,120.36019432765252,0.28933333333333333,11,53.77933636363636,-166.21232727272726,us10003j0m,pavdut,lts,3,51.4,3.9,53.7469,-164.641,2015-09-24T20:19:59.000000Z,2015-09-24T12:19:59.000000Z,103.68584722766695,91.36147629507144,3A,0.11909229500609246,8.3968488469287,21.2987866351122,16.48296671952379
700,236.53388367616355,0.1267826109703876,7.88751700525846,0.35172374062160194,1.1628645058034945,4.97798302392286,2015-09-23T21:45:34.120000Z,15.826986278364245,-0.008247581897392095,10,0.5,6,-1,peak,max mdccm,2015-09-23T21:45:34.120425Z,Taup,0.0,0.0,11,53.77933636363636,-166.21232727272726,us10003izy,pavdut,lts,3,156.5,3.0,52.0103,-173.9334,2015-09-23T21:44:21.000000Z,2015-09-23T13:44:21.000000Z,555.3177108326863,252.3608699545278,3A,0.1185350290729955,8.436324754129737,21.194301319017644,73.12042538838357
701,252.59687087696278,1.2980328814156374,0.7703965086842776,0.2519980925564682,2.082023061245709,68.16280213560631,2015-09-27T06:18:22.680000Z,163.19540981908256,-1.175330177587423,10,0.5,6,-1,peak,max mdccm,2015-09-27T06:18:20.677496Z,Multiple triggers,30.447394593435373,0.07,11,53.77933636363636,-166.21232727272726,ak015cemru2r,pavdut,lts,3,79.6,3.2,57.0903,-156.1828,2015-09-27T06:16:47.397000Z,2015-09-26T22:16:47.397000Z,733.088111402469,55.79228069604536,3A,0.12270270382821456,8.14977966092755,21.97754858725969,94.10049643623012
702,50.5297147532375,0.041508639217814176,24.09137034708746,0.7174343976076997,6.031608195021585,8.19100853813589,2015-09-23T00:21:07.600000Z,-18.31457029655172,0.042089806507920914,10,0.5,6,-1,peak,max mdccm,2015-09-23T00:21:05.608170Z,Multiple triggers,103.97459836773989,0.2127272727272727,11,53.77933636363636,-166.21232727272726,us10003izl,pavdut,lts,3,153.2,3.4,54.8066,-165.0862,2015-09-23T00:20:40.000000Z,2015-09-22T16:20:40.000000Z,135.83297765235326,32.21514445668579,3A,0.08359844572573509,11.961944882094361,14.77211916336034,26.868169769983684
703,239.73073747795092,0.15755071700467058,6.347162482100003,0.7607871877056571,0.5528741487424664,3.051168522771775,2015-09-23T15:23:19.200000Z,13.301994263299264,-0.03458176302738282,10,0.5,6,-1,peak,max mdccm,2015-09-23T15:23:17.203935Z,Multiple triggers,29.655946670826303,0.07538461538461538,11,53.77933636363636,-166.21232727272726,us20003nc6,pavdut,lts,3,63.62,4.1,51.8901,-174.621,2015-09-23T15:21:55.890000Z,2015-09-23T07:21:55.890000Z,603.9779487620013,253.0327317412502,3A,0.12296895397728776,8.132133905804379,22.027731350349352,78.41393476062721
704,109.16880470603684,0.08234936361036814,12.143384674245324,0.6627512838573001,1.3894571943905722,8.108388904893275,2015-09-22T13:48:43.760000Z,-22.692086625208788,0.041069333540863645,10,0.5,6,-1,peak,max mdccm,2015-09-22T13:48:41.760865Z,Multiple triggers,43.46740710036318,0.13846153846153847,11,53.77933636363636,-166.21232727272726,us10003jg5,pavdut,lts,3,47.97,3.1,53.8355,-164.2125,2015-09-22T13:48:22.270000Z,2015-09-22T05:48:22.270000Z,131.88858584408342,86.47671808082804,3A,0.12341869715123178,8.102500051306201,22.11253926745495,19.810865312683507
705,212.5735028809816,0.15975691415584908,6.2595099891855766,0.7262362164877787,0.5034852573111173,3.058650787999312,2015-09-22T11:53:33.580000Z,-14.971101067489826,-0.029402244056941196,10,0.5,6,-1,peak,max mdccm,2015-09-22T11:53:31.577476Z,Multiple triggers,85.24528256626301,0.3018181818181818,11,53.77933636363636,-166.21232727272726,us10003jfy,pavdut,lts,3,27.2,3.9,52.9783,-166.633,2015-09-22T11:53:16.000000Z,2015-09-22T03:53:16.000000Z,93.44177582564967,197.60240181349178,3A,0.1303546700989079,7.671378395889001,23.42708839458547,14.717476037429819
706,111.41990500030596,0.07938507600875798,12.596826132529964,0.7404526688734729,1.3589778095631218,7.915405137197922,2015-09-21T19:28:17.460000Z,-26.39094212181371,0.0459340770289277,10,0.5,6,-1,peak,max mdccm,2015-09-21T19:28:15.459657Z,Multiple triggers,96.17348177556788,0.29333333333333333,11,53.77933636363636,-166.21232727272726,us20003mja,pavdut,lts,3,42.69,4.7,53.8695,-164.0951,2015-09-21T19:27:55.910000Z,2015-09-21T11:27:55.910000Z,139.77785053346307,85.02896287849225,3A,0.12531915303768568,7.979626224407074,22.47147438043885,20.709657256232795
707,226.04334576832218,0.1367347320521301,7.313430794004482,0.5607119644432534,0.689889649054344,3.395969651655207,2015-09-20T12:22:34.860000Z,-19.296175459981043,-0.010246806831352595,10,0.5,6,-1,peak,max mdccm,2015-09-20T12:22:32.860868Z,Multiple triggers,32.44435800127797,0.12000000000000002,11,53.77933636363636,-166.21232727272726,us10003ijw,pavdut,lts,3,35.03,3.5,53.0636,-166.8099,2015-09-20T12:22:19.380000Z,2015-09-20T04:22:19.380000Z,89.01362328396506,206.74717030834114,3A,0.1264879252207775,7.9058929795437525,22.692679656119573,14.2208682384437
708,89.16682865533141,1.7232960415619185,0.5802833499772011,0.27472157137123077,2.4753691861149134,66.07411788721953,2015-09-19T11:47:19.780000Z,149.9871440473347,-1.5975617016433452,10,0.5,6,-1,peak,max mdccm,2015-09-19T11:47:19.788223Z,Taup,0.0,0.0,11,53.77933636363636,-166.21232727272726,us20003nvm,pavdut,lts,3,35.08,3.0,52.4874,-169.6212,2015-09-19T11:46:42.660000Z,2015-09-19T03:46:42.660000Z,269.6361200241168,239.15397270266612,3A,0.12573433991857325,7.953276731301962,22.55001322777414,37.12822260697348
709,132.1028323646489,1.3075729533506064,0.7647756841693136,0.2869144081313509,2.4538047675223336,70.07431248125425,2015-09-22T16:33:15.780000Z,-86.08374178182555,-1.1903705066169803,10,0.5,6,-1,peak,max mdccm,2015-09-22T16:33:18.775207Z,Taup,0.0,0.0,11,53.77933636363636,-166.21232727272726,ak015c6j4md2,pavdut,lts,3,197.1,3.2,58.5075,-156.0621,2015-09-22T16:31:33.986000Z,2015-09-22T08:31:33.986000Z,820.2463624786376,46.01909058282333,3A,0.11720244673362609,8.532245084206881,20.94474545140617,104.78920651397021
710,235.97266505728197,0.1188055262070175,8.417116879374024,0.5772843923418166,0.7751642787494619,3.2730986226276,2015-09-18T03:58:19.860000Z,20.931897521961332,0.00012078599045749205,10,0.5,6,-1,peak,max mdccm,2015-09-18T03:58:17.865927Z,Multiple triggers,42.68196384650948,0.17666666666666667,11,53.77933636363636,-166.21232727272726,us20003l37,pavdut,lts,3,119.9,4.1,52.8964,-171.6144,2015-09-18T03:57:25.890000Z,2015-09-17T19:57:25.890000Z,372.9133581072134,256.9045625792433,3A,0.11892631219747499,8.408568142090525,21.26765771762503,50.64592739916749
711,234.62321431255089,1.5785012445078814,0.6335123291662422,0.303472313341143,0.6499601992387358,85.95038743592588,2015-09-19T11:42:52.520000Z,26.922742268884804,-1.455764646925227,10,0.5,6,-1,peak,max mdccm,2015-09-19T11:42:55.522089Z,Taup,0.0,0.0,11,53.77933636363636,-166.21232727272726,us10003jui,pavdut,lts,3,59.45,3.6,51.8235,-179.3827,2015-09-19T11:40:59.080000Z,2015-09-19T03:40:59.080000Z,913.0828562526175,261.5459565814357,3A,0.12273659758265444,8.147529096417802,21.983935887668622,116.44208865476593
712,321.48034943779356,0.029001402958125602,34.48109049910016,0.4748719232859324,9.308606712034228,8.00946871978806,2015-09-17T11:37:47.880000Z,-62.151734104616196,0.09376959164231964,10,0.5,6,-1,peak,max mdccm,2015-09-17T11:37:47.890630Z,Taup,0.0,0.0,11,53.77933636363636,-166.21232727272726,us20003n5y,pavdut,lts,3,19.7,3.0,51.3369,-179.9839,2015-09-17T11:35:43.000000Z,2015-09-17T03:35:43.000000Z,970.9590707438192,259.32861533317737,3A,0.12277099460044524,8.145246385389903,21.99041832229195,124.89062992818552
713,166.56057383996352,0.2188083395449781,4.570209719060734,0.6889409699938661,0.45728896478325254,7.02520777322826,2015-10-24T11:16:22.160000Z,85.93329779624264,-0.09485664306810393,10,0.5,6,-1,peak,max mdccm,2015-10-24T11:16:25.162817Z,Taup,0.0,0.0,11,53.77933636363636,-166.21232727272726,us20004084,pavdut,lts,3,34.96,4.0,51.6801,-175.1678,2015-10-24T11:15:00.720000Z,2015-10-24T03:15:00.720000Z,647.9685306353566,252.4938716362062,3A,0.12395169647687418,8.067658841495334,22.213112872445745,84.44281707006495
714,68.09792098923958,0.06225997401745941,16.061683541974695,0.6394787831822385,3.2306066929178483,7.601641825207167,2015-09-16T12:36:55.060000Z,2.7643566068359178,0.06329688004948816,10,0.5,6,-1,peak,max mdccm,2015-09-16T12:36:53.062801Z,STA/LTA trigger,27.26341654772464,0.034999999999999996,11,53.77933636363636,-166.21232727272726,us20003n9x,pavdut,lts,3,20.6,3.0,54.836,-160.192,2015-09-16T12:35:56.080000Z,2015-09-16T04:35:56.080000Z,408.99122786061236,70.86227759607549,3A,0.12555685406694758,7.964519399847298,22.516433647184574,55.16280114732173
715,272.7215954282702,0.6800849347077838,1.4704045759073845,0.2735398398866248,0.7194108969130463,47.85200632020664,2015-10-20T11:23:38.980000Z,137.78327268554585,-0.5589878389520577,10,0.5,6,-1,peak,max mdccm,2015-10-20T11:23:41.983815Z,Taup,0.0,0.0,11,53.77933636363636,-166.21232727272726,ak015dgr52vd,pavdut,lts,3,132.6,3.1,57.9888,-155.5845,2015-10-20T11:21:58.172000Z,2015-10-20T03:21:58.172000Z,812.1736751797052,50.504868113816,3A,0.12109709575572605,8.257836356514893,21.675297827488556,103.8118154630254
716,108.02808378524108,0.048540361449870215,20.601412311952895,0.5603504361658119,6.074343607623319,19.068699362210566,2015-10-18T20:53:20.440000Z,-52.20179526043091,0.07423116474403268,10,0.5,6,-1,peak,max mdccm,2015-10-18T20:53:18.444128Z,STA/LTA trigger,23.859123721477477,0.05,11,53.77933636363636,-166.21232727272726,ak015ddllngy,pavdut,lts,3,47.2,3.6,57.6221,-154.0568,2015-10-18T20:51:27.864000Z,2015-10-18T12:51:27.864000Z,874.0845340580383,55.82628852481016,3A,0.1227715261939029,8.145211116954105,21.990518508296134,111.93012806251461
717,213.15117918067023,0.1422065302567732,7.032025872471286,0.6234638943105054,0.6383644780813,3.4260808810454364,2015-09-15T20:01:35.020000Z,-10.096684576057356,-0.012596250555489297,10,0.5,6,-1,peak,max mdccm,2015-09-15T20:01:33.017354Z,Multiple triggers,41.859582445606485,0.11333333333333334,11,53.77933636363636,-166.21232727272726,us20003mm5,pavdut,lts,3,28.3,3.3,53.1461,-166.66,2015-09-15T20:01:20.000000Z,2015-09-15T12:01:20.000000Z,76.49098188896407,203.05449460461287,3A,0.12961027970128391,7.715437404384323,23.285393768601864,12.517353834837955
718,213.00841156201966,0.108309829644431,9.232772346544055,0.6306418639471929,1.8286674461676151,11.310993339362767,2015-09-14T02:33:28.740000Z,33.93908880867775,0.015816624847422356,10,0.5,6,-1,peak,max mdccm,2015-09-14T02:33:28.749154Z,Taup,0.0,0.0,11,53.77933636363636,-166.21232727272726,us20003j8x,pavdut,lts,3,40.81,3.9,51.4066,-174.119,2015-09-14T02:32:10.800000Z,2015-09-13T18:32:10.800000Z,596.8819038147552,246.9475003706974,3A,0.12412645449185336,8.056300359933601,22.246104287965533,77.94915392078491
719,238.29047332825064,0.1816717172132901,5.504434126231981,0.8394312695627894,0.18459627847186688,1.2075197253523697,2015-09-13T23:02:22.760000Z,-10.207936029318233,-0.055914180590658696,10,0.5,6,-1,peak,max mdccm,2015-09-13T23:02:20.752635Z,Multiple triggers,23.12789463982624,0.06533333333333334,11,53.77933636363636,-166.21232727272726,us20003lm7,pavdut,lts,3,18.15,3.7,52.0069,-169.3363,2015-09-13T23:01:36.340000Z,2015-09-13T15:01:36.340000Z,288.2401098593512,228.0825372989324,3A,0.1257575366226314,7.951809703467421,22.554402550719672,40.13263464022986
720,237.64022014558873,0.18087017394475363,5.5288275462456715,0.7179951635380208,0.3690902273574248,2.3163012631725906,2015-09-13T22:32:02.740000Z,13.153361386679165,-0.03586561787870676,10,0.5,6,-1,peak,max mdccm,2015-09-13T22:32:00.744682Z,Multiple triggers,106.4581400893836,0.2375,11,53.77933636363636,-166.21232727272726,us20003lmr,pavdut,lts,3,4.0,3.3,53.5185,-167.4384,2015-09-13T22:31:45.000000Z,2015-09-13T14:31:45.000000Z,86.11506336504486,250.7935815322679,3A,0.14500455606604687,6.8963350333938385,26.248416058072305,14.904681555264524
721,232.7909400947218,0.12652885509765188,7.90333556111153,0.6963844627618682,0.7022486669880705,3.022690987854844,2015-09-13T08:00:31.800000Z,26.938129305345853,-0.011222945984710686,10,0.5,6,-1,peak,max mdccm,2015-09-13T08:00:29.804336Z,Multiple triggers,47.91229378270352,0.14810810810810807,11,53.77933636363636,-166.21232727272726,us20003j4s,pavdut,lts,3,192.57,4.7,52.6189,-174.2532,2015-09-13T07:59:16.310000Z,2015-09-12T23:59:16.310000Z,552.3242097222789,259.72906940006766,3A,0.1153059091129412,8.672582417441488,20.590290907522572,73.4943361681718
722,239.36895548012217,0.16174211219389212,6.182681717431925,0.7309167947069658,0.2997252615217034,1.7724939495664387,2015-09-13T00:59:13.560000Z,-8.764745141070563,-0.03517062521843703,10,0.5,6,-1,peak,max mdccm,2015-09-13T00:59:11.558133Z,Multiple triggers,37.7002924889564,0.09217391304347829,11,53.77933636363636,-166.21232727272726,us20003j3p,pavdut,lts,3,10.0,4.2,52.1199,-169.4088,2015-09-13T00:58:28.870000Z,2015-09-12T16:58:28.870000Z,283.26111501240246,230.6042103390516,3A,0.1265714869754551,7.900673555284385,22.708508441896253,40.12813262297956
723,125.94052193792626,0.10002457545337112,9.997543058467409,0.2859925402887727,4.445492549232309,11.60282387544899,2015-09-16T16:55:41.020000Z,122.02947391472259,0.023874561139231407,10,0.5,6,-1,peak,max mdccm,2015-09-16T16:55:39.027427Z,Multiple triggers,28.783829925517626,0.055,11,53.77933636363636,-166.21232727272726,us20003n9y,pavdut,lts,3,43.66,3.9,51.43,-174.3711,2015-09-16T16:54:23.300000Z,2015-09-16T08:54:23.300000Z,610.9723107800266,247.96999585264885,3A,0.12389913659260253,8.071081264174891,22.203191955615434,79.63742695238209
724,240.0295340581078,0.15350409548703395,6.514484169475903,0.7443667239316208,0.6774745904408821,2.776863928966037,2015-09-12T19:40:35.360000Z,-9.783300722903988,-0.027813205965086546,10,0.5,6,-1,peak,max mdccm,2015-09-12T19:40:33.365363Z,Multiple triggers,27.98714017249383,0.05,11,53.77933636363636,-166.21232727272726,us20003mqq,pavdut,lts,3,35.6,3.0,52.0245,-169.5403,2015-09-12T19:39:49.000000Z,2015-09-12T11:39:49.000000Z,297.0703800384147,230.2462333352038,3A,0.1256908895219474,7.956026119342452,22.54179183959666,40.56536324150451
725,39.99989708809278,0.08209884378369577,12.180439503322125,0.642855100558146,2.0407810259295323,5.859832340278814,2015-09-12T17:37:33.120000Z,25.708589046026674,0.04326464374458573,10,0.5,6,-1,peak,max mdccm,2015-09-12T17:37:31.121730Z,STA/LTA trigger,22.26640391765555,0.044,11,53.77933636363636,-166.21232727272726,us20003mqe,pavdut,lts,3,13.67,3.3,55.3505,-159.3556,2015-09-12T17:36:25.360000Z,2015-09-12T09:36:25.360000Z,476.50995869455755,65.70848613411945,3A,0.1253634875282815,7.976804249119218,22.479858790214088,64.10173034249742
726,120.0791763497943,0.0768599889792526,13.010670613938515,0.7333821255659095,0.9654984428563784,6.160958610669667,2015-09-12T12:17:23.040000Z,-37.01377620859435,0.053831298338346614,10,0.5,6,-1,peak,max mdccm,2015-09-12T12:17:21.044041Z,Multiple triggers,84.00907393569132,0.2074074074074074,11,53.77933636363636,-166.21232727272726,us20003mqk,pavdut,lts,3,18.17,3.9,53.9086,-164.1707,2015-09-12T12:17:00.390000Z,2015-09-12T04:17:00.390000Z,135.1446268682683,83.06540014119994,3A,0.13069128731759921,7.651619480722166,23.491213270129595,20.434041301638608
727,110.9358432419852,0.07474083354965681,13.379567132277343,0.7330662445156446,1.525534427932623,8.297905446108103,2015-09-12T12:14:48.720000Z,-27.037987596791226,0.05271484702445477,10,0.5,6,-1,peak,max mdccm,2015-09-12T12:14:46.712348Z,Multiple triggers,78.01519636542035,0.46941176470588236,11,53.77933636363636,-166.21232727272726,us20003j0g,pavdut,lts,3,36.07,4.3,53.8895,-164.2012,2015-09-12T12:14:27.850000Z,2015-09-12T04:14:27.850000Z,132.96601478783356,83.89785564519397,3A,0.12745568057411158,7.845864503610967,22.876110380373138,19.82234758078927
728,204.6765270864796,0.384008261160996,2.6041106432883447,0.29461503533494343,0.2671141670973014,64.85554281771272,2015-09-12T00:02:38.920000Z,25.470880572564482,-0.2581059190564011,10,0.5,6,-1,peak,max mdccm,2015-09-12T00:02:41.927687Z,Taup,0.0,0.0,11,53.77933636363636,-166.21232727272726,us20003ivk,pavdut,lts,3,10.0,4.3,52.0208,-169.5358,2015-09-12T00:02:00.050000Z,2015-09-11T16:02:00.050000Z,297.120382673888,230.1474076590441,3A,0.12590234210459486,7.942663998809794,22.58180606865029,41.87768718682303
729,226.7847616108487,0.5806607297555715,1.7221760466235576,0.3018772825703649,0.3986123281431273,85.08869633251169,2015-09-16T01:18:13.880000Z,20.939227895141585,-0.45658419965904196,10,0.5,6,-1,peak,max mdccm,2015-09-16T01:18:16.872110Z,Taup,0.0,0.0,11,53.77933636363636,-166.21232727272726,us20003n9u,pavdut,lts,3,39.86,3.7,51.4169,-174.331,2015-09-16T01:16:57.370000Z,2015-09-15T17:16:57.370000Z,609.2221834395295,247.7239895059903,3A,0.12407653009652951,8.059541955452948,22.23667859764668,79.50211044910681
730,2.802422755653538,0.5745693794014847,1.7404338550753895,0.2528320542524765,0.46084471031790564,42.22882100717672,2015-10-11T17:43:36.760000Z,-104.36772975002657,-0.45181126272320793,10,0.5,6,-1,peak,max mdccm,2015-10-11T17:43:34.753473Z,Multiple triggers,33.28804403268806,0.08499999999999999,11,53.77933636363636,-166.21232727272726,us10003p9j,pavdut,lts,3,64.6,3.0,51.7466,-177.7374,2015-10-11T17:41:49.000000Z,2015-10-11T09:41:49.000000Z,809.1684405708351,258.43469300562697,3A,0.12275811667827674,8.146100861263537,21.98799132463868,103.59347317939815
731,305.62779740534614,1.319353522484158,0.7579469664181743,0.31203713218420215,71.56157956918808,86.44342160955827,2015-09-11T13:05:23.000000Z,-76.22585679503237,-1.1932541405709503,10,0.5,6,-1,peak,max mdccm,2015-09-11T13:05:23.010663Z,Taup,0.0,0.0,11,53.77933636363636,-166.21232727272726,us20003lsw,pavdut,lts,3,10.0,3.3,52.0201,-169.4548,2015-09-11T13:04:41.640000Z,2015-09-11T05:04:41.640000Z,293.09636689571863,229.40194061031377,3A,0.12609938191320766,7.930252986396755,22.619103359649436,41.37066279289524
732,143.94823842623796,0.09084393728188819,11.007889243032322,0.6017549658294086,0.18721263812783118,1.3927588131381015,2015-09-11T08:27:58.400000Z,-27.374024575935323,0.03784166154996765,10,0.5,6,-1,peak,max mdccm,2015-09-11T08:27:56.392153Z,STA/LTA trigger,26.222842446254027,0.04666666666666667,11,53.77933636363636,-166.21232727272726,us20003lsu,pavdut,lts,3,10.0,3.2,52.8035,-163.1257,2015-09-11T08:27:21.140000Z,2015-09-11T00:27:21.140000Z,232.69547216131917,116.57421385030264,3A,0.12868559883185585,7.770877309329908,23.10959051692071,33.67215300535563
733,152.40709083054585,0.20009658916211462,4.997586436567483,0.8931516626226695,0.3172535592152905,5.831389398327843,2015-09-16T08:57:36.220000Z,98.9951937610349,-0.0759816543503056,10,0.5,6,-1,peak,max mdccm,2015-09-16T08:57:36.220210Z,Taup,0.0,0.0,11,53.77933636363636,-166.21232727272726,us20003k5g,pavdut,lts,3,27.8,3.8,51.5634,-175.147,2015-09-16T08:56:11.000000Z,2015-09-16T00:56:11.000000Z,652.1880690795531,251.40228459158075,3A,0.12411493481180902,8.05704810235983,22.243929324289095,85.22021042783227
734,64.60217611078161,2.816428584326242,0.35505959766390605,0.28479058576694755,0.6078026753010838,37.18596079583685,2015-09-11T04:02:33.340000Z,162.78745795356326,-2.6906889522962723,10,0.5,6,-1,peak,max mdccm,2015-09-11T04:02:33.347620Z,Taup,0.0,0.0,11,53.77933636363636,-166.21232727272726,us20003lst,pavdut,lts,3,30.5,3.2,51.9969,-169.2808,2015-09-11T04:01:54.000000Z,2015-09-10T20:01:54.000000Z,286.3155715425971,227.38963406434485,3A,0.12573963202996993,7.952941994944369,22.551014598517636,39.34762002251681
735,224.88440039261502,1.690226417169411,0.591636712006123,0.27691356348770535,1.1217365479224217,84.3107986441382,2015-09-11T02:52:09.780000Z,1.5865006707151394,-1.5644688805467797,10,0.5,6,-1,peak,max mdccm,2015-09-11T02:52:09.790711Z,Taup,0.0,0.0,11,53.77933636363636,-166.21232727272726,us20003lss,pavdut,lts,3,10.0,3.0,51.8795,-169.3714,2015-09-11T02:51:27.550000Z,2015-09-10T18:51:27.550000Z,300.0044738577401,226.47090106333016,3A,0.1257575366226314,7.951809703467421,22.554402550719672,42.240711009314346
736,248.5770211135948,0.1660609748399187,6.0218844371110745,0.7448898480325535,0.500076260816257,3.15721462963171,2015-09-10T17:00:23.260000Z,-17.474210824226816,-0.040303438217287296,10,0.5,6,-1,peak,max mdccm,2015-09-10T17:00:21.257558Z,STA/LTA trigger,23.881347508432007,0.052000000000000005,11,53.77933636363636,-166.21232727272726,us20003ht3,pavdut,lts,3,21.38,4.9,52.1265,-169.451,2015-09-10T16:59:37.630000Z,2015-09-10T08:59:37.630000Z,284.92992151078624,231.102810289368,3A,0.1257575366226314,7.951809703467421,22.554402550719672,39.527557555766904
737,236.12704946176035,0.18201814505687444,5.493957757274882,0.4813523638003307,0.5435104856963253,3.0019067280819627,2015-09-11T02:47:04.400000Z,-4.103679719014593,-0.05628466079838959,10,0.5,6,-1,peak,max mdccm,2015-09-11T02:47:02.410998Z,STA/LTA trigger,26.986190517313382,0.04,11,53.77933636363636,-166.21232727272726,us20003lsr,pavdut,lts,3,30.01,4.4,52.102,-169.6,2015-09-11T02:46:21.850000Z,2015-09-10T18:46:21.850000Z,294.41537694599134,232.02336974274576,3A,0.12573348425848485,7.9533308561161355,22.54985132087105,40.380998160533785
738,350.26711316005316,1.7804066470612183,0.5616694375134039,0.30049681994802163,1.0448351110481136,60.22608361619244,2015-09-10T14:12:40.140000Z,-120.81689280937533,-1.6543337063395507,10,0.5,6,-1,peak,max mdccm,2015-09-10T14:12:40.138748Z,Taup,0.0,0.0,11,53.77933636363636,-166.21232727272726,us20003k1q,pavdut,lts,3,10.0,3.1,52.0184,-169.463,2015-09-10T14:11:58.700000Z,2015-09-10T06:11:58.700000Z,293.63635814266195,229.45022035067782,3A,0.12607294072166775,7.931916192926031,22.614097769453497,41.43874794456122
739,196.13153636795414,0.16836579384710082,5.93944872738305,0.31974433052538137,1.6451659637681846,47.1753451930192,2015-09-10T12:03:10.800000Z,40.165344330441854,-0.04244062217915759,10,0.5,6,-1,peak,max mdccm,2015-09-10T12:03:10.798983Z,Taup,0.0,0.0,11,53.77933636363636,-166.21232727272726,us20003hqf,pavdut,lts,3,10.0,4.6,52.2441,-169.8266,2015-09-10T12:02:28.980000Z,2015-09-10T04:02:28.980000Z,296.65414935906,236.296880698396,3A,0.12592517166794323,7.941224036104054,22.586126915824217,41.81898323416895
740,214.98102630091722,0.06492717232506191,15.401872038927523,0.5310206635753422,14.431602048188209,26.091646478213562,2015-09-13T00:25:39.660000Z,42.11509454941461,0.05784497192540278,10,0.5,6,-1,peak,max mdccm,2015-09-13T00:25:39.670884Z,Taup,0.0,0.0,11,53.77933636363636,-166.21232727272726,us20003llv,pavdut,lts,3,64.2,3.4,51.7209,-177.107,2015-09-13T00:24:00.930000Z,2015-09-12T16:24:00.930000Z,769.5867576094805,257.09612085033183,3A,0.12277214425046469,8.14517011252913,21.990634989535078,98.74088396359873
741,224.1502504377081,0.14503761465650508,6.89476314381146,0.6104210839270544,0.6933969682707453,3.5165263303589995,2015-09-10T10:30:38.140000Z,4.8462763326607785,-0.01907643697789757,10,0.5,6,-1,peak,max mdccm,2015-09-10T10:30:38.137203Z,Taup,0.0,0.0,11,53.77933636363636,-166.21232727272726,us20003k1y,pavdut,lts,3,16.8,3.6,52.057,-169.348,2015-09-10T10:29:58.330000Z,2015-09-10T02:29:58.330000Z,284.94860813426266,228.9965267703689,3A,0.1259611776786075,7.938954036707407,22.592941884486578,39.80720344805324
742,237.77760162343793,0.1669124507912307,5.99116480082586,0.8327282652845234,0.3949068526886701,2.2676612584338045,2015-09-10T10:27:30.260000Z,-6.384212426143847,-0.041154914168599316,10,0.5,6,-1,peak,max mdccm,2015-09-10T10:27:28.255206Z,Multiple triggers,29.75341015591421,0.06352941176470589,11,53.77933636363636,-166.21232727272726,us20003hq5,pavdut,lts,3,20.0,6.0,52.0985,-169.5349,2015-09-10T10:26:44.810000Z,2015-09-10T02:26:44.810000Z,291.30240025088455,231.39338919729408,3A,0.1257575366226314,7.951809703467421,22.554402550719672,40.4052063689236
743,239.4531932760225,0.16295320266751004,6.1367311818989005,0.6525611023258342,0.34756663021504464,1.974067163053661,2015-09-09T23:26:58.860000Z,1.5660427367291447,-0.037455747501653175,10,0.5,6,-1,peak,max mdccm,2015-09-09T23:26:56.866868Z,Multiple triggers,27.70958460043356,0.05800000000000001,11,53.77933636363636,-166.21232727272726,us20003kce,pavdut,lts,3,44.1,3.0,52.5669,-169.6562,2015-09-09T23:26:18.000000Z,2015-09-09T15:26:18.000000Z,266.86214589823555,241.01923601275163,3A,0.12549745516585686,7.968289067522561,22.50519744608451,36.66686818532965
744,116.05416362594252,0.07352251056497408,13.60127656571615,0.7790733764391939,1.2736590041475626,7.45260020238365,2015-09-09T19:21:41.400000Z,-12.738157328490615,0.05547305395780139,10,0.5,6,-1,peak,max mdccm,2015-09-09T19:21:39.395424Z,Multiple triggers,61.51869284725883,0.2141666666666667,11,53.77933636363636,-166.21232727272726,us20003kba,pavdut,lts,3,25.6,3.2,53.3684,-163.5234,2015-09-09T19:21:12.000000Z,2015-09-09T11:21:12.000000Z,183.8896849805904,103.31600629745189,3A,0.12899556452277547,7.752204532764689,23.168496432629677,26.48542362792824
745,37.4922895869347,3.7807964824708877,0.26449453300021686,0.25979369397044244,0.17777517271162502,20.528874950019457,2015-09-11T19:16:13.340000Z,-150.06753533945306,-3.6565656687352415,10,0.5,6,-1,peak,max mdccm,2015-09-11T19:16:16.349667Z,Taup,0.0,0.0,11,53.77933636363636,-166.21232727272726,us20003lsn,pavdut,lts,3,20.32,4.1,51.1827,-174.9048,2015-09-11T19:14:50.190000Z,2015-09-11T11:14:50.190000Z,656.8619008970361,247.42475424748164,3A,0.12423081373564628,8.049532720021652,22.265809288128345,86.15966670744407
746,231.50626359922137,3.794790285174077,0.2635191736172918,0.27451240361192825,0.12062634504829793,14.02263714663971,2015-09-11T18:48:27.120000Z,16.82192410257312,-3.6702291220516847,10,0.5,6,-1,peak,max mdccm,2015-09-11T18:48:30.123784Z,Taup,0.0,0.0,11,53.77933636363636,-166.21232727272726,us20003n00,pavdut,lts,3,6.37,4.0,51.3698,-174.6657,2015-09-11T18:47:05.880000Z,2015-09-11T10:47:05.880000Z,632.1888000727868,248.3281877017945,3A,0.1245611631223923,8.028184507376606,22.328203816608777,84.2437841874776
747,271.6405994866665,0.04761482529306785,21.001862210877167,0.29511232606382737,0.19888503591485635,48.933002261810316,2015-09-10T14:23:36.020000Z,-23.636219966254544,0.07670856889748609,10,0.5,6,-1,peak,max mdccm,2015-09-10T14:23:36.021580Z,Taup,0.0,0.0,11,53.77933636363636,-166.21232727272726,us20003k1r,pavdut,lts,3,20.0,3.1,51.286,-174.803,2015-09-10T14:22:11.310000Z,2015-09-10T06:22:11.310000Z,645.0544531917095,248.00437952041193,3A,0.12432339419055394,8.043538438688957,22.283292552856665,84.71157989489724
748,116.52286566578482,0.1765548066565792,5.6639636095839805,0.5254012867737398,0.9029360538828204,13.188847702305566,2015-09-09T11:25:49.860000Z,-62.467388424004994,-0.052360353982770225,10,0.5,6,-1,peak,max mdccm,2015-09-09T11:25:49.856827Z,Taup,0.0,0.0,11,53.77933636363636,-166.21232727272726,ak015bky4epx,pavdut,lts,3,3.8,3.3,57.0674,-157.0399,2015-09-09T11:24:18.613000Z,2015-09-09T03:24:18.613000Z,685.6730214376688,54.055477241779826,3A,0.12419445267380896,8.05188942397012,22.258943316717268,91.24382740347619
749,115.69351023301724,0.0648735200474781,15.414609832611884,0.6828160868542577,1.2077414825065524,6.137769766855683,2015-09-08T12:19:56.940000Z,-29.505097897599626,0.06079817679882213,10,0.5,6,-1,peak,max mdccm,2015-09-08T12:19:54.942112Z,Multiple triggers,95.67233335832512,0.4,11,53.77933636363636,-166.21232727272726,us20003h89,pavdut,lts,3,41.9,4.0,53.8674,-162.5788,2015-09-08T12:19:21.000000Z,2015-09-08T04:19:21.000000Z,239.45328815977675,86.1884123354176,3A,0.12567169684630022,7.957241169608986,22.538160488119242,33.232112424842384
750,103.53314183334658,0.13587984888098564,7.3594429802161425,0.6887083062621236,1.4357270300263814,13.468425018342145,2015-09-08T19:49:38.880000Z,-49.21407086922562,-0.011682675944178003,10,0.5,6,-1,peak,max mdccm,2015-09-08T19:49:41.888894Z,Taup,0.0,0.0,11,53.77933636363636,-166.21232727272726,ak015bjfhnnb,pavdut,lts,3,4.2,3.5,57.0398,-157.0246,2015-09-08T19:48:10.795000Z,2015-09-08T11:48:10.795000Z,685.0363247974137,54.31907096412097,3A,0.12419717293680764,8.051713065230613,22.25945696574795,91.09389352573727
751,88.59492338743075,0.046330735938154614,21.583943784853048,0.7622960300476386,5.607699461050421,12.884922552885968,2015-09-08T11:36:15.940000Z,-33.986272485188636,0.07787497219330305,10,0.5,6,-1,peak,max mdccm,2015-09-08T11:36:13.935765Z,Multiple triggers,24.7368661976708,0.05,11,53.77933636363636,-166.21232727272726,ak015bjan8vz,pavdut,lts,3,4.5,4.7,57.0067,-157.0177,2015-09-08T11:34:38.077000Z,2015-09-08T03:34:38.077000Z,683.6781298906495,54.60865090224213,3A,0.12420570813145768,8.051159765874957,22.26106862158502,90.87876494160915
752,241.36481727078376,0.14985118196854932,6.673287369931319,0.6687887402005573,0.4717095542497485,2.522193361862321,2015-09-07T22:47:24.980000Z,-7.870225693094426,-0.02307219851004197,10,0.5,6,-1,peak,max mdccm,2015-09-07T22:47:22.987652Z,STA/LTA trigger,24.566289505661103,0.065,11,53.77933636363636,-166.21232727272726,us20003h5x,pavdut,lts,3,12.31,3.6,52.2618,-169.4557,2015-09-07T22:46:41.620000Z,2015-09-07T14:46:41.620000Z,275.4376591646082,233.49459157768933,3A,0.12677898345850735,7.88774268983852,22.747821631365596,38.93765177769561
753,49.865776406580665,0.08038153435658686,12.440668220686373,0.729926131617283,1.9115870393880412,5.170147537813307,2015-09-07T22:16:00.380000Z,8.089018600095244,0.049621094200184665,10,0.5,6,-1,peak,max mdccm,2015-09-07T22:15:58.374574Z,Multiple triggers,49.03512678357932,0.1368,11,53.77933636363636,-166.21232727272726,us20003jjh,pavdut,lts,3,7.9,3.1,54.669,-163.688,2015-09-07T22:15:28.360000Z,2015-09-07T14:15:28.360000Z,192.1134633852027,57.9547950066759,3A,0.13000262855677153,7.692152159548872,23.36005846662905,28.614573963670463
754,120.96171400749267,0.07602120604872535,13.154224353650163,0.6385590400972937,1.5329621674170415,9.699209084056434,2015-09-07T17:56:28.020000Z,-12.49778574082734,0.05483757852707845,10,0.5,6,-1,peak,max mdccm,2015-09-07T17:56:26.019314Z,Multiple triggers,111.50907352509103,0.23176470588235293,11,53.77933636363636,-166.21232727272726,us20003jjf,pavdut,lts,3,23.8,3.1,53.501,-164.853,2015-09-07T17:56:10.690000Z,2015-09-07T09:56:10.690000Z,95.09141363708424,108.46392826666535,3A,0.1308587845758038,7.641825523915979,23.523132767103924,14.969314079850975
755,125.84241612863892,0.07857550205108654,12.72661292510535,0.6985746161331362,1.0452890042798,7.258294885965853,2015-09-07T13:58:07.020000Z,-21.48076661947863,0.0550637328994765,10,0.5,6,-1,peak,max mdccm,2015-09-07T13:58:05.021460Z,Multiple triggers,109.09274714503404,0.22666666666666666,11,53.77933636363636,-166.21232727272726,us20003jje,pavdut,lts,3,19.31,3.2,53.5714,-164.8955,2015-09-07T13:57:49.980000Z,2015-09-07T05:57:49.980000Z,90.0457196244533,104.36164950916027,3A,0.13363923495056304,7.482832420957277,24.054138538832277,14.461460458015747
756,241.95774730212855,0.16086238690819016,6.2164936081094915,0.7664584658793627,0.5234565914383227,2.998850161363748,2015-09-07T03:56:53.220000Z,-7.4845387696035175,-0.035294051823310885,10,0.5,6,-1,peak,max mdccm,2015-09-07T03:56:51.220105Z,Multiple triggers,27.449932628160443,0.05777777777777778,11,53.77933636363636,-166.21232727272726,us20003jjs,pavdut,lts,3,42.77,3.6,52.3173,-169.452,2015-09-07T03:56:12.320000Z,2015-09-06T19:56:12.320000Z,271.3868139078809,234.47320853252504,3A,0.12556833508487927,7.963791184489619,22.51860556081536,37.24010499492876
757,123.74869331784487,2.0942670767090426,0.47749401741606545,0.2735295155272396,1.0417688885679408,64.7276058436197,2015-10-05T01:55:04.660000Z,132.76650916162038,-1.9715089600307658,10,0.5,6,-1,peak,max mdccm,2015-10-05T01:55:04.667706Z,Taup,0.0,0.0,11,53.77933636363636,-166.21232727272726,us10003kb9,pavdut,lts,3,37.4,4.2,50.9566,-179.6743,2015-10-05T01:53:01.000000Z,2015-10-04T17:53:01.000000Z,967.4622184748885,256.51520247946524,3A,0.12275811667827674,8.146100861263537,21.98799132463868,123.6677057596487
758,146.10211730721002,0.3956309717653292,2.527607976539197,0.6244260925144255,0.07598815310202833,2.92860646441855,2015-09-06T15:07:21.420000Z,100.4457543549247,-0.270916383491667,10,0.5,6,-1,peak,max mdccm,2015-09-06T15:07:24.429602Z,Taup,0.0,0.0,11,53.77933636363636,-166.21232727272726,us20003gyw,pavdut,lts,3,8.32,4.1,51.33,-174.2127,2015-09-06T15:06:03.560000Z,2015-09-06T07:06:03.560000Z,606.7632120636789,246.54787166213475,3A,0.12471458827366218,8.018308153378916,22.35719138103145,80.86960154912119
759,93.43989042919924,0.07658234962174139,13.05783910965438,0.7362914818346035,1.7030613432793746,7.157050259189958,2015-09-06T14:55:36.900000Z,-8.771566051408058,0.0533869123322946,10,0.5,6,-1,peak,max mdccm,2015-09-06T14:55:34.908945Z,Multiple triggers,69.07626335175142,0.16296296296296298,11,53.77933636363636,-166.21232727272726,us20003jxw,pavdut,lts,3,25.57,3.1,53.8814,-163.9874,2015-09-06T14:55:12.910000Z,2015-09-06T06:55:12.910000Z,146.92752359598325,84.6683243777912,3A,0.129969261954036,7.694126941750681,23.353707108559068,21.698945321888107
760,125.4004996051699,0.3731652220425662,2.6797781275714168,0.3899275694938133,0.1249589286175039,4.290769986535793,2015-09-05T18:12:07.840000Z,120.4753984376299,-0.2486269231604429,10,0.5,6,-1,peak,max mdccm,2015-09-05T18:12:10.840493Z,Taup,0.0,0.0,11,53.77933636363636,-166.21232727272726,us20003iw7,pavdut,lts,3,22.09,3.7,51.2611,-174.1986,2015-09-05T18:10:50.640000Z,2015-09-05T10:10:50.640000Z,609.7614187488944,245.87589804279978,3A,0.12453829888212328,8.029658418142597,22.323884449888826,80.2004928727956
761,146.57542734586323,0.37165838028208437,2.69064294807778,0.3283925075490577,0.12736154137983746,3.845196705713164,2015-09-05T18:08:53.000000Z,100.34697253888635,-0.2470470911381709,10,0.5,6,-1,peak,max mdccm,2015-09-05T18:08:51.006686Z,STA/LTA trigger,20.8020515297911,0.034999999999999996,11,53.77933636363636,-166.21232727272726,us20003iw6,pavdut,lts,3,12.2,3.8,51.3145,-174.3718,2015-09-05T18:07:32.000000Z,2015-09-05T10:07:32.000000Z,617.252624297347,246.92239988474958,3A,0.12461128914391348,8.024955097327505,22.33767377354806,81.81668551310122
762,113.1592835080217,0.0733578236830856,13.63181116604709,0.26417893512186214,0.30219742042339703,29.276381559463786,2015-09-27T05:03:10.320000Z,-30.52894175609336,0.050702302554196776,10,0.5,6,-1,peak,max mdccm,2015-09-27T05:03:08.313138Z,Multiple triggers,32.19078630264047,0.09,11,53.77933636363636,-166.21232727272726,us10003kjg,pavdut,lts,3,11.9,3.0,54.1173,-155.6531,2015-09-27T05:01:34.000000Z,2015-09-26T21:01:34.000000Z,693.659008320881,82.63034175192834,3A,0.12406012623728238,8.06060762897629,22.23358169907172,91.34313841144056
763,134.78266483122772,0.37166444939223986,2.6905990111113365,0.5040392873940012,0.10950792473047177,4.124443190844971,2015-09-05T15:19:30.040000Z,111.72469685235228,-0.24717567999793894,10,0.5,6,-1,peak,max mdccm,2015-09-05T15:19:30.040131Z,Taup,0.0,0.0,11,53.77933636363636,-166.21232727272726,us20003gtv,pavdut,lts,3,22.1,3.0,51.283,-174.3308,2015-09-05T15:18:09.000000Z,2015-09-05T07:18:09.000000Z,616.5090113832741,246.50736168357997,3A,0.12448876939430092,8.03285312294026,22.314528112824487,81.04013127789206
764,93.41870228854845,0.11482689003682704,8.708761507685892,0.5681003005356294,3.769080436686234,21.224830003536,2015-09-06T18:36:36.220000Z,154.61480979000964,0.008414361770470197,10,0.5,6,-1,peak,max mdccm,2015-09-06T18:36:36.230878Z,Taup,0.0,0.0,11,53.77933636363636,-166.21232727272726,us20003jxq,pavdut,lts,3,57.6,3.2,51.4403,-174.3611,2015-09-06T18:35:17.000000Z,2015-09-06T10:35:17.000000Z,609.8146082445866,248.0335120785581,3A,0.12324125180729724,8.11416620113225,22.079072379149473,79.23087813431859
765,220.06526839966318,0.13598848958761997,7.353563548153692,0.5502005821180541,9.599475616115004,29.104310777997625,2015-09-05T15:18:52.280000Z,26.140227041688206,-0.011545479224753338,10,0.5,6,-1,peak,max mdccm,2015-09-05T15:18:55.278092Z,Taup,0.0,0.0,11,53.77933636363636,-166.21232727272726,us20003gtu,pavdut,lts,3,25.6,3.0,51.266,-174.285,2015-09-05T15:17:34.630000Z,2015-09-05T07:17:34.630000Z,614.6909862347288,246.2054954413514,3A,0.12444301036286663,8.03580688930679,22.305884588741414,80.64809196794722
766,265.6679665079966,0.1198623192290484,8.34290548048775,0.29927046970496846,0.2049540290889583,54.90563524048022,2015-09-17T14:57:53.060000Z,-10.905201277899778,0.002926432123388681,10,0.5,6,-1,peak,max mdccm,2015-09-17T14:57:53.056358Z,Taup,0.0,0.0,11,53.77933636363636,-166.21232727272726,us20003n6e,pavdut,lts,3,41.7,3.0,51.4966,-176.8056,2015-09-17T14:56:15.000000Z,2015-09-17T06:56:15.000000Z,759.9136518189044,254.76276523009682,3A,0.12278875135243708,8.144068483355843,21.993764861564095,98.0563575350804
767,129.67514668997626,0.3596276789327687,2.780653599766293,0.6450863639944991,,,2015-09-05T13:52:53.660000Z,117.15735978813154,-0.2356083445253465,10,0.5,6,-1,peak,max mdccm,2015-09-05T13:52:56.655200Z,Taup,0.0,0.0,11,53.77933636363636,-166.21232727272726,us20003ixz,pavdut,lts,3,41.0,3.1,51.3362,-174.2828,2015-09-05T13:51:37.000000Z,2015-09-05T05:51:37.000000Z,610.665470828475,246.83250647810777,3A,0.1240193344074222,8.063258884415951,22.225880871334414,79.65520047180748
768,222.4603682810665,0.13567911199929528,7.3703312563336505,0.6831468542956945,0.6258953222233115,2.955932099227425,2015-09-05T13:06:04.040000Z,21.131214094252556,-0.011610157273243868,10,0.5,6,-1,peak,max mdccm,2015-09-05T13:06:02.031802Z,Multiple triggers,27.94341908799495,0.03857142857142857,11,53.77933636363636,-166.21232727272726,us20003gpu,pavdut,lts,3,26.46,4.5,50.8181,-174.6474,2015-09-05T13:04:32.140000Z,2015-09-05T05:04:32.140000Z,662.4849927859302,243.59158237531906,3A,0.12406895472605141,8.060034052902557,22.23524842849061,86.55180236736663
769,238.4373517690966,0.17458247646275762,5.727951740983136,0.747325899868445,0.146119820879421,0.8524086321356492,2015-09-05T12:57:25.280000Z,0.9455391350112166,-0.04908967612477663,10,0.5,6,-1,peak,max mdccm,2015-09-05T12:57:23.276597Z,Multiple triggers,31.483273262920655,0.10384615384615385,11,53.77933636363636,-166.21232727272726,us20003gpt,pavdut,lts,3,44.52,4.1,52.7732,-168.929,2015-09-05T12:56:54.780000Z,2015-09-05T04:56:54.780000Z,213.00438676209205,239.38289090410782,3A,0.125492800337981,7.968584630407241,22.50431695352541,29.906596769319073
770,91.51847193299409,0.0458342574329943,21.81774192506365,0.6620338233792407,4.3503704353199595,11.10606457197909,2015-10-15T21:13:33.720000Z,-46.13198874026989,0.07068421009588752,10,0.5,6,-1,peak,max mdccm,2015-10-15T21:13:31.716753Z,Multiple triggers,33.26186987170965,0.1125,11,53.77933636363636,-166.21232727272726,ak015d8nciuh,pavdut,lts,3,206.1,3.2,58.3867,-156.6351,2015-10-15T21:11:52.413000Z,2015-10-15T13:11:52.413000Z,785.2823428561504,45.386483192724185,3A,0.11651846752888183,8.582330519856233,20.81681677210242,100.75375279987846
771,222.80359850258162,0.1995922739254798,5.010213974381404,0.43285099478301964,0.9069072408318171,6.560359486124611,2015-09-05T13:07:00.100000Z,23.68018345492544,-0.07506446171276225,10,0.5,6,-1,peak,max mdccm,2015-09-05T13:07:00.096763Z,Taup,0.0,0.0,11,53.77933636363636,-166.21232727272726,us20003iz3,pavdut,lts,3,20.0,3.6,51.2833,-174.3227,2015-09-05T13:05:39.000000Z,2015-09-05T05:05:39.000000Z,616.0026833571491,246.48378195750706,3A,0.12452781221271754,8.030334607435382,22.321903419788317,81.09676323762217
772,107.94470857386438,0.08260825692405095,12.105327448312922,0.6156632090131439,6.350218496027297,38.2788416327075,2015-09-05T11:05:55.520000Z,138.37290508055446,0.042039002901077066,10,0.5,6,-1,peak,max mdccm,2015-09-05T11:05:58.515828Z,Taup,0.0,0.0,11,53.77933636363636,-166.21232727272726,us20003ivw,pavdut,lts,3,11.63,3.6,51.2844,-174.2687,2015-09-05T11:04:37.220000Z,2015-09-05T03:04:37.220000Z,612.6793756645493,246.31761365441886,3A,0.12464725982512802,8.022639257396712,22.344469857894033,81.29582762032479
773,142.67488893862557,0.39451978283730355,2.5347271379098144,0.4181507754120553,0.05095737502566866,2.38281734304897,2015-09-05T10:55:47.480000Z,103.9010739656693,-0.2701465938575161,10,0.5,6,-1,peak,max mdccm,2015-09-05T10:55:50.490085Z,Taup,0.0,0.0,11,53.77933636363636,-166.21232727272726,us20003gpb,pavdut,lts,3,28.7,4.2,51.2982,-174.3098,2015-09-05T10:54:30.000000Z,2015-09-05T02:54:30.000000Z,614.3961101443289,246.57596290429484,3A,0.12437318897978744,8.040318079827601,22.29269690482591,80.49008532473952
774,88.96745938037685,0.06804112952280067,14.696992936675143,0.6828548834045528,2.2364740272857695,7.8379741293173595,2015-09-05T10:10:18.580000Z,-15.8447483153887,0.057317693764714156,10,0.5,6,-1,peak,max mdccm,2015-09-05T10:10:16.579741Z,Multiple triggers,34.3370831943466,0.1266666666666667,11,53.77933636363636,-166.21232727272726,us20003gtj,pavdut,lts,3,13.0,3.5,54.8199,-159.0742,2015-09-05T10:09:13.000000Z,2015-09-05T02:09:13.000000Z,478.7024410442983,73.12271106498817,3A,0.12535882328751483,7.977101043031213,22.47897667868696,64.42974125665295
775,130.40351847150362,0.3976161675613256,2.514988276591562,0.3925236632506235,0.08836717304522068,3.5367241316626803,2015-09-05T10:27:14.660000Z,116.44252825491759,-0.2731791123355215,10,0.5,6,-1,peak,max mdccm,2015-09-05T10:27:17.658487Z,Taup,0.0,0.0,11,53.77933636363636,-166.21232727272726,us20003gnz,pavdut,lts,3,25.8,4.2,51.3188,-174.3359,2015-09-05T10:25:57.000000Z,2015-09-05T02:25:57.000000Z,614.8398412617526,246.8460467264212,3A,0.1244370552258041,8.036191455876185,22.304759749147898,80.65848662954748
776,146.03662255663664,0.389642487191556,2.566455232353499,0.324348487074509,,,2015-09-05T10:38:01.340000Z,99.02217746209965,-0.265185457826339,10,0.5,6,-1,peak,max mdccm,2015-09-05T10:38:01.340297Z,Taup,0.0,0.0,11,53.77933636363636,-166.21232727272726,us20003gp6,pavdut,lts,3,25.5,4.3,51.1828,-174.1645,2015-09-05T10:36:41.000000Z,2015-09-05T02:36:41.000000Z,612.1848049942927,245.05880001873626,3A,0.12445702936521696,8.03490172552261,22.308532612077208,80.34029681166977
777,215.06995630364588,4.056972507633562,0.24648922271925908,0.2954082066059735,0.1711665606341564,21.693223092963336,2015-09-10T10:40:21.020000Z,32.4310169766118,-3.932275067648637,10,0.5,6,-1,peak,max mdccm,2015-09-10T10:40:24.022951Z,Taup,0.0,0.0,11,53.77933636363636,-166.21232727272726,us20003hui,pavdut,lts,3,6.1,3.0,51.386,-174.35,2015-09-10T10:39:02.260000Z,2015-09-10T02:39:02.260000Z,612.039070225996,247.50097328025768,3A,0.12469743998492457,8.019410824479605,22.353951149319755,81.76295058665951
778,131.67995903116378,0.40393447033788954,2.475649080316181,0.3893251176003921,0.07186941373011035,2.776812389323254,2015-09-05T15:50:15.180000Z,114.81042404265372,-0.27942183249158153,10,0.5,6,-1,peak,max mdccm,2015-09-05T15:50:15.181555Z,Taup,0.0,0.0,11,53.77933636363636,-166.21232727272726,us20003iw4,pavdut,lts,3,20.7,3.1,51.2793,-174.3358,2015-09-05T15:48:54.000000Z,2015-09-05T07:48:54.000000Z,617.0168023460898,246.49038307381753,3A,0.124512637846308,8.031313265038595,22.319036889592024,81.18155466397762
779,233.721054590358,0.14194811847423536,7.0448274394106,0.6283460762619638,0.5662048301589233,2.8679153680964475,2015-09-05T10:00:07.240000Z,12.61753511780688,-0.017326012189957912,10,0.5,6,-1,peak,max mdccm,2015-09-05T10:00:05.246196Z,Multiple triggers,28.12199229634703,0.03333333333333333,11,53.77933636363636,-166.21232727272726,us20003gnr,pavdut,lts,3,14.1,4.4,51.286,-174.2707,2015-09-05T09:58:41.000000Z,2015-09-05T01:58:41.000000Z,612.7109286235938,246.33858970816487,3A,0.12462210628427745,8.024258534989645,22.339717464212097,81.09619579296654
780,135.48702434378157,0.34265276163535613,2.9184063634198254,0.4124738811746866,,,2015-09-09T05:12:31.060000Z,-80.85540256500798,-0.21843415415603162,10,0.5,6,-1,peak,max mdccm,2015-09-09T05:12:34.064330Z,Taup,0.0,0.0,11,53.77933636363636,-166.21232727272726,ak015bkugzo8,pavdut,lts,3,7.9,3.4,56.982,-157.0938,2015-09-09T05:11:04.247000Z,2015-09-08T21:11:04.247000Z,678.3035246022552,54.63162177877359,3A,0.12421860747932452,8.050323701837057,22.263504372696968,89.81732991185771
781,156.84045659689446,0.3225656613316615,3.1001440012915746,0.25390878526111477,1.4495355364203364,32.58367990617907,2015-09-09T03:14:03.160000Z,95.33900825704848,-0.19839161579653183,10,0.5,6,-1,peak,max mdccm,2015-09-09T03:14:06.155679Z,Taup,0.0,0.0,11,53.77933636363636,-166.21232727272726,us20003hhs,pavdut,lts,3,25.7,3.6,51.6397,-175.1858,2015-09-09T03:12:41.000000Z,2015-09-08T19:12:41.000000Z,650.984807965798,252.17946485394293,3A,0.12417404553512965,8.05321269586158,22.255090033589543,85.1556787398696
782,126.47671795955458,0.05616251074289639,17.805471777746032,0.4344157421859379,67.57689587455576,71.42042343595395,2015-10-06T07:22:09.480000Z,137.07030904997077,0.05577536586327397,10,0.5,6,-1,peak,max mdccm,2015-10-06T07:22:09.482295Z,Taup,0.0,0.0,11,53.77933636363636,-166.21232727272726,us10003msx,pavdut,lts,3,261.36,3.1,52.53,-177.0716,2015-10-06T07:20:33.410000Z,2015-10-05T23:20:33.410000Z,738.8647059525866,263.5470270095254,3A,0.11193787660617036,8.933526616002263,19.962834108188932,96.07229507484082
783,137.42429263691858,0.414558993852069,2.412201917772985,0.41037944052687625,0.07881467099288098,3.2591685084916264,2015-09-05T09:21:10.360000Z,110.08905419826971,-0.28990788244509347,10,0.5,6,-1,peak,max mdccm,2015-09-05T09:21:13.368416Z,Taup,0.0,0.0,11,53.77933636363636,-166.21232727272726,us20003ivs,pavdut,lts,3,7.2,3.1,51.3617,-174.424,2015-09-05T09:19:51.000000Z,2015-09-05T01:19:51.000000Z,617.856494248313,247.5133468351883,3A,0.12465111140697557,8.022391366692935,22.345197572259707,82.36841646465841
784,138.04985430319104,0.40437307410885515,2.4729638643813487,0.33204978647217126,0.07672103323950696,2.99065079795443,2015-09-05T09:12:36.000000Z,108.93589383170854,-0.27977311748926414,10,0.5,6,-1,peak,max mdccm,2015-09-05T09:12:39.000159Z,Taup,0.0,0.0,11,53.77933636363636,-166.21232727272726,us20003gn9,pavdut,lts,3,15.9,4.2,51.3385,-174.3239,2015-09-05T09:11:18.000000Z,2015-09-05T01:11:18.000000Z,613.0317202592354,246.98574813489955,3A,0.124599956619591,8.025684977186973,22.33553274312286,81.0001586840322
785,232.12373445930956,0.13760860843278633,7.266987228407595,0.7740788114494317,0.6351891921134518,2.9711025147381918,2015-09-05T08:55:11.540000Z,22.917228501286246,-0.014722440198010833,10,0.5,6,-1,peak,max mdccm,2015-09-05T08:55:09.542233Z,Multiple triggers,25.92671258298967,0.06782608695652176,11,53.77933636363636,-166.21232727272726,us20003gn0,pavdut,lts,3,19.2,5.3,51.3307,-177.5423,2015-09-05T08:53:20.000000Z,2015-09-05T00:53:20.000000Z,814.2555736200054,255.0409629605958,3A,0.1228861682347755,8.137612347790746,22.012126010809588,105.68223288999945
786,146.8941702107374,0.4112707759792971,2.431488105661898,0.3957441654094128,,,2015-09-05T13:55:48.700000Z,99.96726014072476,-0.28659386504738193,10,0.5,6,-1,peak,max mdccm,2015-09-05T13:55:46.701751Z,Multiple triggers,26.016053831111545,0.068,11,53.77933636363636,-166.21232727272726,us20003gq2,pavdut,lts,3,10.0,4.0,51.3397,-174.2819,2015-09-05T13:54:23.020000Z,2015-09-05T05:54:23.020000Z,610.4187847216724,246.8614303514622,3A,0.12467691093191517,8.020731284769239,22.350072208966914,81.16175056714256
787,145.96760434647575,0.3938609515984379,2.538967104866879,0.5092977503812715,0.037786005549370394,1.356314571879949,2015-09-05T08:45:40.940000Z,101.52149096274195,-0.2698945225320941,10,0.5,6,-1,peak,max mdccm,2015-09-05T08:45:43.939458Z,Taup,0.0,0.0,11,53.77933636363636,-166.21232727272726,us20003gpn,pavdut,lts,3,41.8,3.7,51.3804,-174.3624,2015-09-05T08:44:24.000000Z,2015-09-05T00:44:24.000000Z,613.0960997162035,247.48909530921773,3A,0.12396642906634378,8.066700053647788,22.215893841470756,79.93945768824821
788,50.75111083621033,0.1480991923440299,6.752231286157392,0.6476222493536116,0.9894991988111195,5.1083037121534005,2015-09-08T11:38:27.920000Z,4.21670187086869,-0.02388244611978617,10,0.5,6,-1,peak,max mdccm,2015-09-08T11:38:27.917598Z,Taup,0.0,0.0,11,53.77933636363636,-166.21232727272726,ak015bjanptc,pavdut,lts,3,5.4,3.3,56.9631,-157.0188,2015-09-08T11:36:57.443000Z,2015-09-08T03:36:57.443000Z,681.3666473606205,54.96781270707903,3A,0.12421674622424374,8.050444327327156,22.263152914008042,90.47459758086744
789,144.23883333578416,0.39402012866632624,2.53794140767576,0.4546607565243589,,,2015-09-05T08:25:50.500000Z,102.40199270519054,-0.2695787324589326,10,0.5,6,-1,peak,max mdccm,2015-09-05T08:25:53.503664Z,Taup,0.0,0.0,11,53.77933636363636,-166.21232727272726,us20003gmb,pavdut,lts,3,26.0,4.6,51.3069,-174.3056,2015-09-05T08:24:33.000000Z,2015-09-05T00:24:33.000000Z,613.6606280823955,246.6408260409747,3A,0.12444139620739364,8.035911123444832,22.305579697133236,80.50366416748714
790,207.28128325824161,0.05961796974063747,16.773466194008428,0.5238797385750112,5.44844320203396,12.354448942409533,2015-09-05T08:29:11.460000Z,39.6156287939707,0.0647408073495685,10,0.5,6,-1,peak,max mdccm,2015-09-05T08:29:14.468544Z,Taup,0.0,0.0,11,53.77933636363636,-166.21232727272726,us20003iz2,pavdut,lts,3,29.3,3.0,51.325,-174.3343,2015-09-05T08:27:54.000000Z,2015-09-05T00:27:54.000000Z,614.4023154972866,246.89691205221231,3A,0.12435877709020596,8.041249869115642,22.28997497901727,80.46854439410518
791,140.98707794334794,0.4073006802774906,2.455188631943134,0.46705401941345487,0.047374618380819244,1.7232464906065559,2015-09-05T08:31:36.780000Z,106.22589997904765,-0.28269306318503123,10,0.5,6,-1,peak,max mdccm,2015-09-05T08:31:39.771752Z,Taup,0.0,0.0,11,53.77933636363636,-166.21232727272726,us20003gmf,pavdut,lts,3,16.2,4.2,51.3648,-174.3202,2015-09-05T08:30:19.000000Z,2015-09-05T00:30:19.000000Z,611.3730643686263,247.2129779223956,3A,0.12460761709245938,8.025191584058588,22.336980016847345,80.77175224423115
792,146.87825829191243,0.3832729037168778,2.609106958259424,0.5650924857999888,,,2015-09-05T07:53:38.640000Z,100.10263976396448,-0.25866573395690146,10,0.5,6,-1,peak,max mdccm,2015-09-05T07:53:41.649547Z,Taup,0.0,0.0,11,53.77933636363636,-166.21232727272726,us20003gpd,pavdut,lts,3,13.1,3.8,51.3227,-174.367,2015-09-05T07:52:20.000000Z,2015-09-04T23:52:20.000000Z,616.5118160311303,246.98089805587688,3A,0.12460716975997632,8.025220394029034,22.336895503042076,81.64954735342738
793,140.7239919318062,0.40038603029641806,2.4975896368304094,0.42654317966402383,,,2015-09-05T08:13:27.460000Z,105.70485428091052,-0.27590033676376674,10,0.5,6,-1,peak,max mdccm,2015-09-05T08:13:30.454396Z,Taup,0.0,0.0,11,53.77933636363636,-166.21232727272726,us20003gpa,pavdut,lts,3,23.9,3.8,51.2943,-174.2754,2015-09-05T08:12:10.000000Z,2015-09-05T00:12:10.000000Z,612.5328353780282,246.42884621271673,3A,0.12448569353265132,8.03305160313631,22.31394708977742,80.45439621538856
794,225.418504823611,0.1154526714692472,8.661557911774844,0.4098753140048449,2.208969972810919,10.088996329707413,2015-09-05T07:43:39.660000Z,21.991137032476985,0.009153720282598851,10,0.5,6,-1,peak,max mdccm,2015-09-05T07:43:42.663978Z,Taup,0.0,0.0,11,53.77933636363636,-166.21232727272726,us20003ivm,pavdut,lts,3,13.1,3.6,51.3583,-174.4008,2015-09-05T07:42:21.000000Z,2015-09-04T23:42:21.000000Z,616.6276225662015,247.40964185608797,3A,0.12460639175184605,8.025270501303838,22.336748515341583,81.66397763382501
795,125.72602177291421,0.3584978290161557,2.78941717093337,0.5014915040357008,0.068643481305243,2.3068098667040147,2015-09-05T07:41:59.680000Z,121.9539325716471,-0.23388884882270367,10,0.5,6,-1,peak,max mdccm,2015-09-05T07:41:59.688545Z,Taup,0.0,0.0,11,53.77933636363636,-166.21232727272726,us20003ivl,pavdut,lts,3,16.4,3.4,51.4063,-174.3479,2015-09-05T07:40:39.000000Z,2015-09-04T23:40:39.000000Z,610.8203644053182,247.67995434456128,3A,0.124608980193452,8.025103796271566,22.337237545637453,80.68854522666338
796,128.60658414605467,0.19074093052809102,5.242713230093668,0.4874886441261151,1.3247339902476316,21.73008969192915,2015-09-05T07:33:39.200000Z,118.38111883931413,-0.06615382908357556,10,0.5,6,-1,peak,max mdccm,2015-09-05T07:33:42.208829Z,Taup,0.0,0.0,11,53.77933636363636,-166.21232727272726,us20003gln,pavdut,lts,3,16.0,4.1,51.331,-174.3457,2015-09-05T07:32:21.000000Z,2015-09-04T23:32:21.000000Z,614.7649220987806,246.9877029853688,3A,0.12458710144451546,8.02651308526788,22.333104081225844,81.20882884943343
797,146.84612269995688,0.41072995934061945,2.434689696377121,0.40923958429392926,,,2015-09-05T07:24:55.100000Z,99.97955386619554,-0.2863610056389137,10,0.5,6,-1,peak,max mdccm,2015-09-05T07:24:55.104939Z,Taup,0.0,0.0,11,53.77933636363636,-166.21232727272726,us20003gp3,pavdut,lts,3,29.7,3.9,51.3315,-174.2939,2015-09-05T07:23:35.000000Z,2015-09-04T23:23:35.000000Z,611.596368511083,246.82567656615242,3A,0.12436895370170577,8.040591885965867,22.29189699639467,80.10493850645553
798,209.6205261808983,0.07755070189217594,12.89478980332594,0.6319195627257427,2.278242606711853,8.50889337215159,2015-09-05T07:12:54.160000Z,39.064204148781954,0.04701510688601035,10,0.5,6,-1,peak,max mdccm,2015-09-05T07:12:57.161290Z,Taup,0.0,0.0,11,53.77933636363636,-166.21232727272726,us20003gnj,pavdut,lts,3,17.5,4.1,51.4724,-174.477,2015-09-05T07:11:36.000000Z,2015-09-04T23:11:36.000000Z,615.2306439519231,248.68473032968026,3A,0.1245658087781863,8.027885097913947,22.329081460673937,81.16128998936692
799,225.6065773757582,0.13562176150455998,7.373447954857725,0.4671394827559845,1.192405415078571,5.0512278469059595,2015-09-05T07:10:07.340000Z,20.94180036014697,-0.011055267087221765,10,0.5,6,-1,peak,max mdccm,2015-09-05T07:10:07.347931Z,Taup,0.0,0.0,11,53.77933636363636,-166.21232727272726,us20003gle,pavdut,lts,3,20.1,5.0,51.3154,-174.2535,2015-09-05T07:08:47.000000Z,2015-09-04T23:08:47.000000Z,610.0385094882002,246.54837773590518,3A,0.12456649441733822,8.027840910812463,22.329210990137902,80.34793149742714
800,141.35286461556504,0.40984524924784094,2.439945325303214,0.38144656011060246,0.07541792972763717,2.893283596132136,2015-09-05T07:09:00.540000Z,106.00010883200844,-0.28536216232210904,10,0.5,6,-1,peak,max mdccm,2015-09-05T07:09:03.545557Z,Taup,0.0,0.0,11,53.77933636363636,-166.21232727272726,us20003gng,pavdut,lts,3,23.8,4.1,51.3684,-174.3539,2015-09-05T07:07:43.000000Z,2015-09-04T23:07:43.000000Z,613.227055589329,247.35297344757348,3A,0.12448308692573189,8.033219810789333,22.313454709740547,80.54555719574802
801,234.54165623429265,0.12834933623645103,7.7912362410488365,0.7413474686148354,0.6665851425716243,2.9233294390122353,2015-09-05T07:01:26.440000Z,12.785144075654358,-0.003795694631844204,10,0.5,6,-1,peak,max mdccm,2015-09-05T07:01:24.444610Z,Multiple triggers,39.825378084726566,0.08695652173913046,11,53.77933636363636,-166.21232727272726,us20003glc,pavdut,lts,3,20.0,5.5,51.371,-174.3382,2015-09-05T07:00:01.410000Z,2015-09-04T23:00:01.410000Z,612.1311832072332,247.326800309947,3A,0.12455364160460683,8.028669311608576,22.326782884590525,80.61460964735657
802,232.33791142991447,0.1306641251006328,7.653210085245939,0.5862455255779125,0.7329644336040442,3.2575528586894507,2015-09-05T06:34:26.820000Z,14.930762945151997,-0.006083472018077338,10,0.5,6,-1,peak,max mdccm,2015-09-05T06:34:24.824817Z,Multiple triggers,25.129051109358258,0.05230769230769231,11,53.77933636363636,-166.21232727272726,us20003gl7,pavdut,lts,3,15.8,4.6,51.3489,-174.3831,2015-09-05T06:32:59.000000Z,2015-09-04T22:32:59.000000Z,616.0604666533752,247.26867437506647,3A,0.12458065308255546,8.02692854192483,22.33188584140057,81.38481717447685
803,236.4491735440073,0.1566869678138008,6.382151712759875,0.5800010373609996,0.7485528019688741,4.0561153791373386,2015-09-05T06:35:31.040000Z,12.51617390474351,-0.032990582646780175,10,0.5,6,-1,peak,max mdccm,2015-09-05T06:35:31.037641Z,Taup,0.0,0.0,11,53.77933636363636,-166.21232727272726,us20003gl8,pavdut,lts,3,48.01,5.2,51.5128,-174.4467,2015-09-05T06:34:11.450000Z,2015-09-04T22:34:11.450000Z,611.2760986472285,248.9653474487508,3A,0.12369638516702061,8.084310617887123,22.1649282679711,79.58764131906659
804,220.8075224933254,0.13939174987806066,7.174025728745036,0.5087019907399435,0.9131145859737799,5.19896824882872,2015-09-05T06:13:49.720000Z,27.64859610235584,-0.014844038159010892,10,0.5,6,-1,peak,max mdccm,2015-09-05T06:13:49.722501Z,Taup,0.0,0.0,11,53.77933636363636,-166.21232727272726,us20003gl1,pavdut,lts,3,20.0,5.1,51.4624,-174.4321,2015-09-05T06:12:29.000000Z,2015-09-04T22:12:29.000000Z,612.9974266729008,248.45611859568123,3A,0.12454771171904977,8.029051567448818,22.32566264692617,80.72250085482497
805,144.4116689595931,0.35496379741193035,2.817188702879225,0.42564695707659134,0.06841473181186486,2.4543788467994716,2015-09-05T05:49:28.660000Z,103.12836725738157,-0.23036073131569687,10,0.5,6,-1,peak,max mdccm,2015-09-05T05:49:28.652517Z,Taup,0.0,0.0,11,53.77933636363636,-166.21232727272726,us20003iwk,pavdut,lts,3,16.9,3.0,51.3946,-174.3375,2015-09-05T05:48:08.000000Z,2015-09-04T21:48:08.000000Z,610.8146190086823,247.5400362169747,3A,0.12460306609623348,8.02548469575925,22.336120206853273,80.65251705095964
806,107.41593296595795,0.208862398909113,4.787841206569462,0.8164240809255598,0.5588806211687918,8.021205930307474,2015-09-04T17:07:51.100000Z,140.54981162222998,-0.08459136019921736,10,0.5,6,-1,peak,max mdccm,2015-09-04T17:07:51.107333Z,Taup,0.0,0.0,11,53.77933636363636,-166.21232727272726,us20003ghx,pavdut,lts,3,21.5,3.0,51.2657,-174.8488,2015-09-04T17:06:26.000000Z,2015-09-04T09:06:26.000000Z,648.9435416403396,247.96574458818793,3A,0.12427103870989566,8.046927187391171,22.27340526527525,85.10733346709685
807,130.38806334144545,0.3369289330994493,2.9679849421089517,0.6407822000701554,0.13387403995789438,4.167308652430336,2015-09-05T06:12:08.600000Z,117.28811515756888,-0.21243808507347395,10,0.5,6,-1,peak,max mdccm,2015-09-05T06:12:11.608110Z,Taup,0.0,0.0,11,53.77933636363636,-166.21232727272726,us20003gnc,pavdut,lts,3,23.2,3.9,51.3944,-174.3813,2015-09-05T06:10:51.000000Z,2015-09-04T22:10:51.000000Z,613.4950409017604,247.67617849901433,3A,0.12449084802597538,8.032718997876431,22.31492076283889,80.60810985104649
808,85.96960277978701,0.18807912629749118,5.316911130362579,0.5744816416664353,1.0884838511098094,8.703346681117324,2015-09-04T14:06:14.880000Z,161.70625545770855,-0.06387334965807417,10,0.5,6,-1,peak,max mdccm,2015-09-04T14:06:17.877740Z,Taup,0.0,0.0,11,53.77933636363636,-166.21232727272726,us20003j1n,pavdut,lts,3,25.6,3.9,51.248,-174.803,2015-09-04T14:04:53.200000Z,2015-09-04T06:04:53.200000Z,647.1030119297847,247.67585823749556,3A,0.12420577663941701,8.051155325111083,22.261081557657114,84.67773956355092
809,77.82306573822541,0.22306239771642664,4.483050528629544,0.6550383324008667,0.924619859575385,9.046027050092022,2015-09-04T16:52:01.240000Z,169.62952123829916,-0.09890405129608994,10,0.5,6,-1,peak,max mdccm,2015-09-04T16:52:01.245812Z,Taup,0.0,0.0,11,53.77933636363636,-166.21232727272726,us20003j1r,pavdut,lts,3,27.55,4.1,51.2273,-174.7881,2015-09-04T16:50:36.620000Z,2015-09-04T08:50:36.620000Z,647.3204704082509,247.45258697652457,3A,0.1241583464203367,8.05423097867711,22.25212579336252,84.6258124605593
810,142.82158526285085,0.3876015113688417,2.5799693000897506,0.49372618970317234,0.07386132210471819,3.4787882092009,2015-09-05T08:41:29.520000Z,103.85303162296145,-0.2634017385162113,10,0.5,6,-1,peak,max mdccm,2015-09-05T08:41:32.514300Z,Taup,0.0,0.0,11,53.77933636363636,-166.21232727272726,us20003gpm,pavdut,lts,3,34.7,3.8,51.2982,-174.3403,2015-09-05T08:40:12.000000Z,2015-09-05T00:40:12.000000Z,616.2417218259402,246.67461688581233,3A,0.12419977285263037,8.051544515999664,22.25994789218951,80.51430035457439
811,181.63468899349152,0.2458947105446055,4.066781256844479,0.29967189359693264,1.1398436849377342,15.790148129402354,2015-09-05T07:43:58.400000Z,64.74508454892299,-0.12127814478690155,10,0.5,6,-1,peak,max mdccm,2015-09-05T07:43:58.401501Z,Taup,0.0,0.0,11,53.77933636363636,-166.21232727272726,us20003gly,pavdut,lts,3,16.9,4.3,51.307,-174.2253,2015-09-05T07:42:38.000000Z,2015-09-04T23:42:38.000000Z,608.8002008406706,246.3797735424145,3A,0.12461656575770394,8.024615298292947,22.33867068451525,80.40150074496366
812,99.4428768612263,0.26625801696315593,3.755755456326325,0.3442142741522489,2.3345227530533696,38.389596879607694,2015-09-04T12:50:14.700000Z,149.28099866715547,-0.1419029956916238,10,0.5,6,-1,peak,max mdccm,2015-09-04T12:50:17.692985Z,Taup,0.0,0.0,11,53.77933636363636,-166.21232727272726,us20003g9g,pavdut,lts,3,18.9,4.7,51.359,-174.8311,2015-09-04T12:48:53.180000Z,2015-09-04T04:48:53.180000Z,642.9043423140668,248.72387552838177,3A,0.12435502127153215,8.041492734068825,22.28926563870239,84.51298505897893
813,142.14965654142935,0.4067139186027669,2.4587307054438163,0.3134766946605659,0.11417699364169454,4.908945778027174,2015-09-04T13:36:58.600000Z,107.35348022799053,-0.2829497663128434,10,0.5,6,-1,peak,max mdccm,2015-09-04T13:37:01.599801Z,Taup,0.0,0.0,11,53.77933636363636,-166.21232727272726,us20003g9m,pavdut,lts,3,41.15,4.5,51.4273,-174.893,2015-09-04T13:35:37.920000Z,2015-09-04T05:35:37.920000Z,643.1771577154698,249.5031367694199,3A,0.12376415228992352,8.079884049603084,22.17771626682796,83.67980053653956
814,127.97158256121332,0.1303460211833461,7.671887418745137,0.660156726549014,0.8705621015353859,10.739820098166206,2015-09-05T07:18:36.320000Z,119.86179288989837,-0.005781372159303327,10,0.5,6,-1,peak,max mdccm,2015-09-05T07:18:39.330178Z,Taup,0.0,0.0,11,53.77933636363636,-166.21232727272726,us20003gm4,pavdut,lts,3,17.0,3.0,51.3955,-174.4284,2015-09-05T07:17:18.000000Z,2015-09-04T23:17:18.000000Z,616.3100001057217,247.8333754511117,3A,0.12456464902404277,8.027959841214546,22.328862362706133,81.33017774667366
815,220.90945020661206,0.17704233991367938,5.648366376582972,0.34314756714223543,1.0631195784511225,8.536982378813434,2015-09-05T07:21:16.280000Z,26.18659221012075,-0.052456116695483335,10,0.5,6,-1,peak,max mdccm,2015-09-05T07:21:19.282373Z,Taup,0.0,0.0,11,53.77933636363636,-166.21232727272726,us20003gll,pavdut,lts,3,15.8,4.7,51.338,-174.3598,2015-09-05T07:19:58.000000Z,2015-09-04T23:19:58.000000Z,615.2381735408168,247.09604241673281,3A,0.12458622321819604,8.026569665320332,22.332938164002115,81.28237306866383
816,82.09909079070422,0.17068274521341945,5.858823038905387,0.8358325891713628,1.28202645032122,9.875153794280664,2015-09-04T13:50:36.740000Z,165.87390251311353,-0.04649397741465207,10,0.5,6,-1,peak,max mdccm,2015-09-04T13:50:36.742133Z,Taup,0.0,0.0,11,53.77933636363636,-166.21232727272726,us20003ghs,pavdut,lts,3,27.61,4.0,51.2916,-174.7763,2015-09-04T13:49:12.640000Z,2015-09-04T05:49:12.640000Z,643.1222423429235,247.97299330381773,3A,0.12418876779876738,8.052258007909193,22.257869885948406,84.1021331714476
817,240.14483193842898,0.1201888748242281,8.320237638154646,0.3228983570136243,1.5221924907401507,5.851304310221508,2015-09-04T12:43:32.320000Z,10.087333675224897,0.0034552794197020703,10,0.5,6,-1,peak,max mdccm,2015-09-04T12:43:30.320181Z,STA/LTA trigger,25.75455880643903,0.04,11,53.77933636363636,-166.21232727272726,us20003g9f,pavdut,lts,3,44.23,5.0,51.5022,-174.9162,2015-09-04T12:42:05.730000Z,2015-09-04T04:42:05.730000Z,640.8239292096245,250.23216561365388,3A,0.12364415424393017,8.087725668187755,22.155072822019083,83.32018122356253
818,230.3553375238672,0.10817862110521625,9.24397066429035,0.6960521747078803,1.9720630415768374,7.0889318908319865,2015-09-04T12:25:51.800000Z,19.271271562938267,0.015493608390381969,10,0.5,6,-1,peak,max mdccm,2015-09-04T12:25:49.797838Z,Multiple triggers,25.000443544710393,0.045000000000000005,11,53.77933636363636,-166.21232727272726,us20003g9a,pavdut,lts,3,43.22,4.9,51.4362,-174.9088,2015-09-04T12:24:23.650000Z,2015-09-04T04:24:23.650000Z,643.6983516188367,249.62660908680547,3A,0.12367222949559822,8.085889646192497,22.160370251714784,83.6978379454643
819,222.05885281134886,0.14310857470856464,6.987701484949195,0.7655429571093525,0.6865452021955805,3.4233082089477307,2015-09-03T09:21:12.260000Z,-4.171089067117833,-0.017400805210132042,10,0.5,6,-1,peak,max mdccm,2015-09-03T09:21:10.269060Z,Multiple triggers,23.106222915016964,0.07833333333333334,11,53.77933636363636,-166.21232727272726,us20003fy3,pavdut,lts,3,24.21,4.6,51.3676,-169.1637,2015-09-03T09:20:25.030000Z,2015-09-03T01:20:25.030000Z,334.6942444993715,217.88776374423102,3A,0.1257077694984326,7.954957788129942,22.54498569563156,45.64906002796139
820,122.43296979607081,0.15984151026364127,6.25619714397473,0.782333563061928,0.9170196452867767,12.82918170810865,2015-09-02T08:30:46.380000Z,105.09497294535367,-0.034095861422063195,10,0.5,6,-1,peak,max mdccm,2015-09-02T08:30:49.387158Z,Taup,0.0,0.0,11,53.77933636363636,-166.21232727272726,us20003fsn,pavdut,lts,3,25.1,3.0,52.0085,-169.2762,2015-09-02T08:30:10.000000Z,2015-09-02T00:30:10.000000Z,285.17968863480087,227.52794274142445,3A,0.12574564884157807,7.952561454113296,22.55215310551105,39.38715845564319
821,236.00537335262538,0.17471665363849556,5.723552844991467,0.7127788777442173,0.26366662845588573,1.5871015815405656,2015-09-02T06:47:54.520000Z,-8.995658782095404,-0.048969678216370605,10,0.5,6,-1,peak,max mdccm,2015-09-02T06:47:52.517993Z,Multiple triggers,26.123248553247034,0.055,11,53.77933636363636,-166.21232727272726,us20003fmb,pavdut,lts,3,25.2,3.8,52.0021,-169.2337,2015-09-02T06:47:10.000000Z,2015-09-01T22:47:10.000000Z,283.6266341919652,227.00971457052998,3A,0.12574697542212496,7.952477557754855,22.552404123647175,39.18799276034171
822,237.57936692755703,0.15700872187488535,6.369072928297985,0.7142684416244102,0.4023250953018236,2.2884935868681,2015-09-01T13:53:30.600000Z,5.754133477523112,-0.032023179581233435,10,0.5,6,-1,peak,max mdccm,2015-09-01T13:53:28.592901Z,Multiple triggers,35.81911499150674,0.11636363636363636,11,53.77933636363636,-166.21232727272726,us20003fcn,pavdut,lts,3,50.06,4.5,52.3711,-170.5358,2015-09-01T13:52:44.680000Z,2015-09-01T05:52:44.680000Z,329.3483818113313,243.33350040508014,3A,0.12498554229365191,8.000925400239597,22.40839914555835,44.47290108621459
823,102.53166218707975,0.17748515227272987,5.634274119242184,0.7647604760643147,0.8031128717097,8.702341267778962,2015-09-04T12:22:34.360000Z,145.04254337127406,-0.0533070003925549,10,0.5,6,-1,peak,max mdccm,2015-09-04T12:22:37.367325Z,Taup,0.0,0.0,11,53.77933636363636,-166.21232727272726,us20003j21,pavdut,lts,3,27.4,4.0,51.2474,-174.7711,2015-09-04T12:21:13.000000Z,2015-09-04T04:21:13.000000Z,645.1909710370668,247.57420555835378,3A,0.12417815188017498,8.052946390802664,22.25586538658728,84.3673253637578
824,95.00609917397009,0.06462342524326634,15.474264885150118,0.7561556378534776,2.333148302024397,8.469021728953408,2015-09-01T03:48:56.660000Z,-20.07812960363873,0.06111907753554496,10,0.5,6,-1,peak,max mdccm,2015-09-01T03:48:54.652236Z,Multiple triggers,56.758908138456945,0.3018181818181818,11,53.77933636363636,-166.21232727272726,us20003fa7,pavdut,lts,3,19.9,4.2,54.4285,-161.4902,2015-09-01T03:48:12.000000Z,2015-08-31T19:48:12.000000Z,317.1574834657302,74.92796957033137,3A,0.1257425027788113,7.952760426274167,22.551557803256987,43.662236204281804
825,235.8322538366557,0.15150904807968904,6.600265876358956,0.608950964991928,0.6037194715913627,3.1745910787426794,2015-08-31T23:35:58.040000Z,-1.272515429141663,-0.02665286965133297,10,0.5,6,-1,peak,max mdccm,2015-08-31T23:35:56.046966Z,Multiple triggers,27.376812708997768,0.074,11,53.77933636363636,-166.21232727272726,us20003f9i,pavdut,lts,3,52.2,3.0,52.2879,-169.523,2015-08-31T23:35:16.170000Z,2015-08-31T15:35:16.170000Z,277.21667432132995,234.55973840751403,3A,0.12485617842835607,8.009215183322398,22.383948239010884,37.956966154874706
826,231.23197579364353,0.1594664109792223,6.270913064760046,0.7842565236108812,0.42677950129775866,2.396949182114014,2015-08-31T09:26:02.860000Z,-7.851043362583852,-0.031834156796157836,10,0.5,6,-1,peak,max mdccm,2015-08-31T09:26:00.859563Z,Multiple triggers,33.939614033104085,0.08444444444444446,11,53.77933636363636,-166.21232727272726,us100036cm,pavdut,lts,3,18.8,3.3,52.161,-168.66,2015-08-31T09:25:23.400000Z,2015-08-31T01:25:23.400000Z,243.8500039258345,223.38093243105968,3A,0.12763225418306445,7.8350100952200386,22.909605255145166,34.469563070459024
827,94.69626310313583,0.25270853187700276,3.9571279709967047,0.4049089668569148,0.9770071026189313,12.759476436089187,2015-09-04T03:26:34.060000Z,157.60864165380565,-0.1286342514977824,10,0.5,6,-1,peak,max mdccm,2015-09-04T03:26:34.058896Z,Taup,0.0,0.0,11,53.77933636363636,-166.21232727272726,us20003j1d,pavdut,lts,3,31.5,3.0,51.673,-175.119,2015-09-04T03:25:09.840000Z,2015-09-03T19:25:09.840000Z,645.2324001035246,252.30490475694148,3A,0.12407428037922037,8.059688091227304,22.23625386754851,84.21889638118377
828,99.64980673218929,0.12305001522718191,8.126776726957273,0.410652223889214,7.201234081228444,45.56932912226165,2015-09-04T12:17:03.880000Z,149.45814048015598,0.0007928020909087063,10,0.5,6,-1,peak,max mdccm,2015-09-04T12:17:06.883595Z,Taup,0.0,0.0,11,53.77933636363636,-166.21232727272726,us20003g96,pavdut,lts,3,39.7,4.7,51.4022,-174.8326,2015-09-04T12:15:43.470000Z,2015-09-04T04:15:43.470000Z,640.7449412498454,249.1079472123453,3A,0.12384281731809062,8.074751702648182,22.192562214904157,83.41359470825537
829,93.5609673951551,0.06525066889002072,15.325513393364425,0.3044990264998436,2.4505673445555773,11.594810342774764,2015-08-29T22:37:18.240000Z,-7.086202334576143,0.060493564818466836,10,0.5,6,-1,peak,max mdccm,2015-08-29T22:37:16.231822Z,Multiple triggers,27.537577516727538,0.07333333333333335,11,53.77933636363636,-166.21232727272726,us20003g47,pavdut,lts,3,19.8,3.4,53.8585,-161.5398,2015-08-29T22:36:35.000000Z,2015-08-29T14:36:35.000000Z,307.80321970834706,86.47476506057896,3A,0.12574423370848756,7.952650952713241,22.551885331794836,42.49182151464218
830,215.23018266736347,1.8430457969693221,0.5425801147450516,0.2654103580952203,0.7605498733307778,35.94618257050453,2015-08-29T21:08:47.800000Z,12.880498887343691,-1.717313475653456,10,0.5,6,-1,peak,max mdccm,2015-08-29T21:08:50.804601Z,Taup,0.0,0.0,11,53.77933636363636,-166.21232727272726,us20003g46,pavdut,lts,3,26.82,3.7,51.8849,-169.5404,2015-08-29T21:08:08.640000Z,2015-08-29T13:08:08.640000Z,307.76445623105514,228.11068155470716,3A,0.1257323213158661,7.953404419280459,22.54963127066673,42.16460107665803
831,42.538606727312924,0.7094018889919553,1.4096381973566185,0.2567945178992706,0.26831000925062887,81.96500497883613,2015-08-29T15:04:35.900000Z,-171.09194063815153,-0.5836534901076795,10,0.5,6,-1,peak,max mdccm,2015-08-29T15:04:35.900659Z,Taup,0.0,0.0,11,53.77933636363636,-166.21232727272726,us10003600,pavdut,lts,3,25.9,3.0,52.127,-169.488,2015-08-29T15:03:56.340000Z,2015-08-29T07:03:56.340000Z,286.7960793456688,231.44666608916137,3A,0.12574839888427586,7.952387536323887,22.552673474415695,39.560658925512854
832,63.89124772070625,1.3005345811923867,0.7689145790211565,0.27795843335103454,36.51389317779649,73.48758166178683,2015-08-28T03:20:26.600000Z,178.33315900883542,-1.1751642650745637,10,0.5,6,-1,peak,max mdccm,2015-08-28T03:20:24.606532Z,STA/LTA trigger,31.42824547232211,0.05600000000000001,11,53.77933636363636,-166.21232727272726,us20003hle,pavdut,lts,3,35.9,3.0,51.963,-171.4373,2015-08-28T03:19:29.000000Z,2015-08-27T19:19:29.000000Z,405.615079516847,242.2244067295417,3A,0.12537031611782307,7.976369773688691,22.48115023830375,54.18653151627077
833,237.30591528794065,0.15449152813848654,6.472846841825513,0.6908965443095936,0.3908874457563103,2.0907572518574966,2015-08-28T00:11:49.180000Z,-6.788689438271177,-0.028772063912374524,10,0.5,6,-1,peak,max mdccm,2015-08-28T00:11:47.171871Z,Multiple triggers,29.713885244920355,0.043333333333333335,11,53.77933636363636,-166.21232727272726,us100035ku,pavdut,lts,3,36.47,4.1,52.1739,-169.3019,2015-08-28T00:11:07.860000Z,2015-08-27T16:11:07.860000Z,273.80214704489896,230.51722584966947,3A,0.12571946422611202,7.954217798776614,22.547198495406317,37.62187113960441
834,239.37945196525538,0.15775506858356772,6.338940542314615,0.7905123288744322,0.532619360330171,2.9374112157404966,2015-09-03T18:06:11.640000Z,15.017068719610478,-0.03496631723113064,10,0.5,6,-1,peak,max mdccm,2015-09-03T18:06:09.648794Z,Multiple triggers,27.24674045310116,0.07875000000000001,11,53.77933636363636,-166.21232727272726,us20003g1h,pavdut,lts,3,65.33,4.4,51.7766,-175.5985,2015-09-03T18:04:39.560000Z,2015-09-03T10:04:39.560000Z,670.8428626018604,254.39652068486586,3A,0.12278875135243708,8.144068483355843,21.993764861564095,86.59879430175934
835,125.39820376191702,0.1097214041121684,9.11399200631536,0.7970146610386543,1.6529080254453117,15.858782982361987,2015-09-03T17:57:08.580000Z,127.86820407985147,0.013871759361112138,10,0.5,6,-1,peak,max mdccm,2015-09-03T17:57:08.574713Z,Taup,0.0,0.0,11,53.77933636363636,-166.21232727272726,us20003g60,pavdut,lts,3,35.63,3.1,51.598,-175.7711,2015-09-03T17:55:38.980000Z,2015-09-03T09:55:38.980000Z,689.7639521776241,253.26640784176848,3A,0.12359316347328053,8.091062417187734,22.145452046096395,89.59471280352331
836,226.42248343354515,0.13043233166283563,7.6668107305248165,0.48059415041906994,2.1621412525371224,11.372490573549783,2015-09-04T19:30:33.840000Z,21.902654523888827,-0.006020002513635825,10,0.5,6,-1,peak,max mdccm,2015-09-04T19:30:31.843956Z,Multiple triggers,28.983482420295033,0.12,11,53.77933636363636,-166.21232727272726,us20003gi6,pavdut,lts,3,10.3,3.8,51.298,-174.876,2015-09-04T19:29:03.050000Z,2015-09-04T11:29:03.050000Z,648.8806241106527,248.32513795743398,3A,0.12441232914919981,8.037788592485585,22.30008944639987,85.92395582714991
837,239.17646090536516,0.17352572900831137,5.762834167099814,0.8719425770521032,0.22290389077741857,1.3469783696005209,2015-08-26T10:24:20.700000Z,-8.283854450649216,-0.04752491020520658,10,0.5,6,-1,peak,max mdccm,2015-08-26T10:24:18.702636Z,STA/LTA trigger,22.80995991220632,0.04,11,53.77933636363636,-166.21232727272726,us20003flp,pavdut,lts,3,23.7,3.2,52.2187,-169.2592,2015-08-26T10:23:38.000000Z,2015-08-26T02:23:38.000000Z,268.3046043690214,230.89260645471595,3A,0.1260008188031048,7.93645636194357,22.60044527247908,37.322635807293445
838,224.29299233835252,0.15294318905977372,6.538375498428877,0.7148658632010754,0.6028341963165369,3.2897658510245833,2015-09-04T16:53:35.420000Z,25.199949716819418,-0.029154438612084957,10,0.5,6,-1,peak,max mdccm,2015-09-04T16:53:35.418939Z,Taup,0.0,0.0,11,53.77933636363636,-166.21232727272726,us20003gav,pavdut,lts,3,40.94,4.7,51.4346,-174.8669,2015-09-04T16:52:11.980000Z,2015-09-04T08:52:11.980000Z,641.1918802495684,249.49294205517194,3A,0.12378875044768876,8.0782784896321,22.182358351398403,83.43893934514955
839,249.2891863992345,0.11718199059313103,8.53373453496034,0.3690800704538818,11.510012653417158,28.410292098365048,2015-08-25T21:05:26.920000Z,-5.325183839076942,0.008084133302566548,10,0.5,6,-1,peak,max mdccm,2015-08-25T21:05:26.911760Z,Taup,0.0,0.0,11,53.77933636363636,-166.21232727272726,us100034x6,pavdut,lts,3,20.3,3.3,51.6864,-172.541,2015-08-25T21:04:22.000000Z,2015-08-25T13:04:22.000000Z,486.58346837606615,243.96400256015755,3A,0.12526612389569758,7.9830042544674455,22.461446329994377,64.9117603689751
840,114.66846074434005,0.07450523651215066,13.421875385053175,0.8167633276315737,1.3487166829107275,7.7482594245661005,2015-08-25T14:50:25.380000Z,-14.47352163249451,0.054137255907123844,10,0.5,6,-1,peak,max mdccm,2015-08-25T14:50:23.386445Z,Multiple triggers,82.9264526465118,0.19238095238095237,11,53.77933636363636,-166.21232727272726,us1000360n,pavdut,lts,3,25.8,3.0,53.4358,-163.3359,2015-08-25T14:49:56.000000Z,2015-08-25T06:49:56.000000Z,194.18019193300987,100.19493911184553,3A,0.1286424924192745,7.7734812284324954,23.10140061750247,27.806444899250177
841,315.1332272591973,2.090307366432888,0.47839854370627855,0.27487163025880385,0.3405093592801055,45.12480756332026,2015-08-29T08:25:52.040000Z,-67.54406693751383,-1.9657097158544499,10,0.5,6,-1,peak,max mdccm,2015-08-29T08:25:50.043476Z,Multiple triggers,32.33371168945609,0.08285714285714287,11,53.77933636363636,-166.21232727272726,us100035yv,pavdut,lts,3,17.0,4.1,51.396,-174.349,2015-08-29T08:24:28.660000Z,2015-08-29T00:24:28.660000Z,611.4400695125125,247.5891603216835,3A,0.12459765057843829,8.025833515781,22.335097071553577,80.72347601428586
842,218.23174009815511,0.09996242919750059,10.003758492345677,0.6448039646174452,1.2655534859660733,4.518607107387936,2015-08-24T11:55:40.300000Z,-23.686995284587738,-0.01883151822006164,10,0.5,6,-1,peak,max mdccm,2015-08-24T11:55:38.305385Z,Multiple triggers,69.20176670396518,0.33199999999999996,11,53.77933636363636,-166.21232727272726,us20003f9c,pavdut,lts,3,73.78,3.0,53.2875,-166.4252,2015-08-24T11:55:24.740000Z,2015-08-24T03:55:24.740000Z,56.53001282603624,194.54474481356738,3A,0.08113091097743895,12.325758307805541,14.326624806680556,13.085385451964429
843,46.04711309436823,1.389438662045902,0.7197151103651697,0.3002983059821901,1.4154500010421054,85.4093650728093,2015-08-28T01:29:47.720000Z,0.2778992907778104,-1.2672075405634033,10,0.5,6,-1,peak,max mdccm,2015-08-28T01:29:45.728780Z,Multiple triggers,27.602204827143893,0.05500000000000001,11,53.77933636363636,-166.21232727272726,ak015b0xqlqn,pavdut,lts,3,102.0,3.3,59.3839,-153.4228,2015-08-28T01:27:42.557000Z,2015-08-27T17:27:42.557000Z,1000.7570884785023,46.32501238514604,3A,0.12223112148249878,8.181222489586512,21.888708342713496,126.82177962771733
844,92.56664949023644,0.08579253193975492,11.656026199369174,0.4183866401522202,18.63581080741578,49.976283506904565,2015-09-04T16:34:33.100000Z,154.85214143230473,0.03842017108900027,10,0.5,6,-1,peak,max mdccm,2015-09-04T16:34:33.095124Z,Taup,0.0,0.0,11,53.77933636363636,-166.21232727272726,us20003ghw,pavdut,lts,3,25.5,3.3,51.228,-174.775,2015-09-04T16:33:08.490000Z,2015-09-04T08:33:08.490000Z,646.4848047681115,247.41879092254115,3A,0.12421270302875519,8.05070637395678,22.262389445024024,84.60512421230074
845,83.65964229674512,0.16932008822514544,5.905973771229655,0.8150271362331263,0.6772800282168991,5.374571985816743,2015-08-27T16:32:34.020000Z,163.5622958029988,-0.04553726545065963,10,0.5,6,-1,peak,max mdccm,2015-08-27T16:32:34.029453Z,Taup,0.0,0.0,11,53.77933636363636,-166.21232727272726,us100035ev,pavdut,lts,3,40.2,3.4,51.2136,-174.7511,2015-08-27T16:31:10.000000Z,2015-08-27T08:31:10.000000Z,645.8192385173398,247.2219380997439,3A,0.12378282277448581,8.07866533971239,22.181239686109727,84.02945305396572
846,242.4474460793092,0.16072862645150646,6.221667055070061,0.6047245633962163,0.9128627466998198,4.528706396391982,2015-08-23T08:54:09.500000Z,-8.437188257988737,-0.034189161183841854,10,0.5,6,-1,peak,max mdccm,2015-08-23T08:54:07.503643Z,Multiple triggers,24.87514074894929,0.10666666666666667,11,53.77933636363636,-166.21232727272726,us20003f5v,pavdut,lts,3,15.5,3.2,52.2806,-169.4755,2015-08-23T08:53:26.000000Z,2015-08-23T00:53:26.000000Z,275.17816041700314,234.01025782132047,3A,0.1265394652676646,7.902672876677124,22.7024424752309,38.663642685834716
847,58.73232658110618,2.286214759965394,0.4374042270705736,0.2873363305693047,0.620326577780689,31.84372358991027,2015-08-21T19:43:03.400000Z,16.443406310546067,-2.1611117991565307,10,0.5,6,-1,peak,max mdccm,2015-08-21T19:43:01.406557Z,STA/LTA trigger,24.364027103226633,0.07,11,53.77933636363636,-166.21232727272726,us100035f5,pavdut,lts,3,17.74,3.1,54.7309,-158.3221,2015-08-21T19:41:54.340000Z,2015-08-21T11:41:54.340000Z,524.7320742453016,75.17573289165225,3A,0.12510296080886338,7.993415931440939,22.43059600145958,69.84655716166333
848,228.37835438001116,5.677393296338618,0.17613717207946566,0.3027934669303839,0.0690810254820044,12.386836161877142,2015-08-21T18:36:32.440000Z,30.829068750520264,-5.564596008434502,10,0.5,6,-1,peak,max mdccm,2015-08-21T18:36:30.444139Z,STA/LTA trigger,28.767843213030986,0.075,11,53.77933636363636,-166.21232727272726,us1000342p,pavdut,lts,3,192.41,4.0,52.8356,-172.8008,2015-08-21T18:35:32.350000Z,2015-08-21T10:35:32.350000Z,451.38505860721165,259.2074231305314,3A,0.11279728790411586,8.865461382813185,20.122700060740165,61.96413930379562
849,213.695122529118,0.1714607791217176,5.832237582975837,0.7295403714254322,0.3083410929308643,1.9891570934287017,2015-08-21T15:45:17.600000Z,-4.8506092153484985,-0.055553604557483816,10,0.5,6,-1,peak,max mdccm,2015-08-21T15:45:15.610369Z,Multiple triggers,95.53461149554258,0.27166666666666667,11,53.77933636363636,-166.21232727272726,us100035f3,pavdut,lts,3,43.65,4.0,53.2322,-166.7136,2015-08-21T15:45:04.340000Z,2015-08-21T07:45:04.340000Z,69.38449108330747,208.8445133137695,3A,0.11590717456423377,8.627593621875556,20.702574881143114,12.11036920389229
850,122.66474597911952,0.052584710853367085,19.016934461967633,0.775531617460343,2.351299492250911,10.378682307060785,2015-08-21T12:32:03.440000Z,-38.65153656565451,0.04467407803689311,10,0.5,6,-1,peak,max mdccm,2015-08-21T12:32:01.440547Z,Multiple triggers,122.18578292567287,0.38625,11,53.77933636363636,-166.21232727272726,us100035f1,pavdut,lts,3,52.7,3.7,53.8264,-165.4106,2015-08-21T12:31:50.000000Z,2015-08-21T04:31:50.000000Z,53.080769124182346,84.01320941346499,3A,0.0972587888902602,10.28184713597789,17.255863407191892,10.940547079504933
851,239.4672409120426,0.16835925258565224,5.939679492763566,0.705145867692465,0.48491290495466854,2.8563395474532456,2015-08-21T02:41:25.120000Z,-7.87417477152934,-0.04260171596302084,10,0.5,6,-1,peak,max mdccm,2015-08-21T02:41:23.126493Z,Multiple triggers,39.56984123056454,0.06,11,53.77933636363636,-166.21232727272726,us100035ez,pavdut,lts,3,25.67,3.9,52.1724,-169.4194,2015-08-21T02:40:42.500000Z,2015-08-20T18:40:42.500000Z,279.93721788826133,231.59306614051326,3A,0.1257575366226314,7.951809703467421,22.554402550719672,38.70649345484257
852,137.6372806139374,0.20911927128729585,4.781960045309084,0.7478192380941797,0.7633934660016548,12.990603072469298,2015-08-27T10:11:29.520000Z,109.68487857630384,-0.0848596851309875,10,0.5,6,-1,peak,max mdccm,2015-08-27T10:11:32.528655Z,Taup,0.0,0.0,11,53.77933636363636,-166.21232727272726,us20003f8y,pavdut,lts,3,23.7,3.0,51.2251,-174.7515,2015-08-27T10:10:08.000000Z,2015-08-27T02:10:08.000000Z,645.2133827928482,247.32215919024122,3A,0.12425958615630835,8.047668843368609,22.27124255352383,84.52865458256996
853,115.80923006709284,0.07408032369887572,13.498861101968652,0.8375744485904053,1.3505681282149302,7.724101267524844,2015-08-19T22:55:37.840000Z,-12.63262309326825,0.05240486639937526,10,0.5,6,-1,peak,max mdccm,2015-08-19T22:55:35.849300Z,Multiple triggers,29.25338408911489,0.06300000000000001,11,53.77933636363636,-166.21232727272726,us100035hu,pavdut,lts,3,37.7,3.9,53.3776,-163.5541,2015-08-19T22:55:08.000000Z,2015-08-19T14:55:08.000000Z,181.64785658987506,103.1766069738246,3A,0.126485190098251,7.906063936997063,22.692161583161145,25.999300453692303
854,232.32358706339784,0.14265279924302593,7.010027180023167,0.8189705918960396,0.8486649553174375,3.248107934402668,2015-08-19T21:14:29.680000Z,-0.7341168910148212,-0.016895262620394536,10,0.5,6,-1,peak,max mdccm,2015-08-19T21:14:27.674868Z,Multiple triggers,29.92009562319816,0.05555555555555555,11,53.77933636363636,-166.21232727272726,us100033h2,pavdut,lts,3,24.0,4.3,52.2003,-169.3667,2015-08-19T21:13:48.000000Z,2015-08-19T13:13:48.000000Z,275.18030571481296,231.58947017238302,3A,0.1257575366226314,7.951809703467421,22.554402550719672,38.17486753447743
855,109.87784779951122,0.1157455055015857,8.639644327151002,0.8457802941533267,0.9657573697739728,7.374685160413975,2015-08-26T13:47:34.880000Z,-47.00862007511029,0.007032511290441135,10,0.5,6,-1,peak,max mdccm,2015-08-26T13:47:37.877422Z,Taup,0.0,0.0,11,53.77933636363636,-166.21232727272726,ak015axtwyue,pavdut,lts,3,13.2,3.2,56.7743,-153.1129,2015-08-26T13:45:41.828000Z,2015-08-26T05:45:41.828000Z,895.0156857003112,62.869227724400915,3A,0.12277801679202684,8.144780524463885,21.991741755336275,116.04942159202267
856,114.48576471159791,0.073234687907275,13.654731501909792,0.8482850813841932,1.1695614488125692,6.590900534827881,2015-08-19T18:45:05.120000Z,-10.477540135122894,0.056822338986836946,10,0.5,6,-1,peak,max mdccm,2015-08-19T18:45:03.128019Z,Multiple triggers,92.68874880359427,0.23333333333333336,11,53.77933636363636,-166.21232727272726,us100033f5,pavdut,lts,3,10.0,4.5,53.3418,-163.4899,2015-08-19T18:44:33.940000Z,2015-08-19T10:44:33.940000Z,186.84364950563943,104.00822457647502,3A,0.13005702689411194,7.688934799456598,23.370413883391322,27.738018646340663
857,118.52387623275251,0.07011026814092013,14.263245976894876,0.890420544139563,0.9659356969947854,5.481933593047501,2015-08-19T18:08:06.260000Z,-15.65164119888513,0.060073096726712086,10,0.5,6,-1,peak,max mdccm,2015-08-19T18:08:04.255386Z,Multiple triggers,60.392638862899524,0.29888888888888887,11,53.77933636363636,-166.21232727272726,us100033ey,pavdut,lts,3,10.0,4.5,53.3868,-163.5555,2015-08-19T18:07:36.080000Z,2015-08-19T10:07:36.080000Z,181.29012020656978,102.87223503386738,3A,0.1301833648676322,7.681472982487275,23.394467048168398,27.015386362580347
858,235.09286011913173,0.1626093598482327,6.149707501052366,0.6347014933778028,0.40625464008750445,2.265193569998303,2015-08-19T17:24:54.900000Z,7.3850190239527365,-0.037139163146280435,10,0.5,6,-1,peak,max mdccm,2015-08-19T17:24:52.908698Z,Multiple triggers,38.18121237200961,0.132,11,53.77933636363636,-166.21232727272726,us100035gn,pavdut,lts,3,37.89,3.0,52.1604,-170.9648,2015-08-19T17:24:02.430000Z,2015-08-19T09:24:02.430000Z,366.50432974975786,242.47787914308446,3A,0.12547019670195225,7.970020182366068,22.50004140072804,49.238697869260996
859,144.9047186678145,0.21184521272650775,4.720427651537259,0.5423608007647164,0.8431961063237612,20.82940973576828,2015-08-26T08:24:03.520000Z,102.46597072861039,-0.08762508335298733,10,0.5,6,-1,peak,max mdccm,2015-08-26T08:24:03.523736Z,Taup,0.0,0.0,11,53.77933636363636,-166.21232727272726,us1000352i,pavdut,lts,3,25.4,3.3,51.2268,-174.7626,2015-08-26T08:22:39.000000Z,2015-08-26T00:22:39.000000Z,645.7957080087276,247.37068939642486,3A,0.12422012937352042,8.050225072565144,22.26379175091023,84.52373610342374
860,237.46994112802827,0.14234782043387237,7.025046094503074,0.7077626375924033,0.937469239826707,3.5264320433479384,2015-08-17T20:46:00.180000Z,-9.716093490838915,-0.015530664963098767,10,0.5,6,-1,peak,max mdccm,2015-08-17T20:45:58.190007Z,Multiple triggers,26.328978733216417,0.05800000000000001,11,53.77933636363636,-166.21232727272726,us100032z6,pavdut,lts,3,22.11,4.7,52.2072,-168.972,2015-08-17T20:45:17.740000Z,2015-08-17T12:45:17.740000Z,254.8142724669746,227.75384763718935,3A,0.1268171554707736,7.885368476274181,22.755055098678607,35.69000672495954
861,113.32570416071775,0.07277670332933642,13.740660874328148,0.8525419831613585,1.1593835943912296,6.469491654476059,2015-08-17T16:59:18.980000Z,-13.300192061174982,0.0576190793530007,10,0.5,6,-1,peak,max mdccm,2015-08-17T16:59:16.984898Z,Multiple triggers,70.59101063705894,0.13857142857142857,11,53.77933636363636,-166.21232727272726,us100034mb,pavdut,lts,3,7.82,3.8,53.4795,-163.6331,2015-08-17T16:58:49.090000Z,2015-08-17T08:58:49.090000Z,173.85563039345445,100.02551209954278,3A,0.13039578268233712,7.668959681281593,23.434918586884628,26.24489812012458
862,235.84464671804056,0.15939850896637528,6.273584404801098,0.6596122469736151,0.5128961928440665,2.807092396967761,2015-08-17T04:12:19.940000Z,10.304116588087027,-0.030789493280890506,10,0.5,6,-1,peak,max mdccm,2015-08-17T04:12:17.941652Z,Multiple triggers,24.12566430194499,0.03666666666666667,11,53.77933636363636,-166.21232727272726,us100034mg,pavdut,lts,3,3.9,3.4,52.8541,-169.4994,2015-08-17T04:11:39.000000Z,2015-08-16T20:11:39.000000Z,242.02930378201293,246.1487633061276,3A,0.12860901568548477,7.775504653931218,23.095040630285204,35.54165229307091
863,90.72684087632626,0.2882929626469071,3.4686937579699824,0.4610085689593051,0.6729952333026259,9.260160786663278,2015-09-04T16:32:58.460000Z,156.74461872754983,-0.16415764608774847,10,0.5,6,-1,peak,max mdccm,2015-09-04T16:33:01.455600Z,Taup,0.0,0.0,11,53.77933636363636,-166.21232727272726,us20003j1q,pavdut,lts,3,28.7,3.3,51.232,-174.781,2015-09-04T16:31:36.960000Z,2015-09-04T08:31:36.960000Z,646.631915664979,247.4714596038761,3A,0.12413531655915865,8.055725217596994,22.247777506246695,84.49560025294066
864,53.48278812829801,1.960086513625576,0.5101815624200678,0.28537027034002976,2.427593631080202,48.61265401386683,2015-08-16T09:27:21.800000Z,-157.05758976750548,-1.84329340862185,10,0.5,6,-1,peak,max mdccm,2015-08-16T09:27:19.791162Z,Multiple triggers,27.13071674861936,0.04,11,53.77933636363636,-166.21232727272726,us100034l3,pavdut,lts,3,176.82,3.9,52.3388,-174.1456,2015-08-16T09:26:05.790000Z,2015-08-16T01:26:05.790000Z,555.1804047451252,256.42519836079254,3A,0.11679310500372606,8.562149280713934,20.868170756061282,73.4811622178204
865,239.09893981358647,0.1476477315465424,6.772877507330846,0.7694439949145027,0.49227016275059254,2.505517592750408,2015-08-25T00:56:30.900000Z,15.105916750044628,-0.024292987795598103,10,0.5,6,-1,peak,max mdccm,2015-08-25T00:56:28.894438Z,Multiple triggers,26.595224627194085,0.045714285714285714,11,53.77933636363636,-166.21232727272726,us100034n0,pavdut,lts,3,49.13,4.9,51.8313,-175.3097,2015-08-25T00:55:01.630000Z,2015-08-24T16:55:01.630000Z,650.1302350685427,254.2048565636311,3A,0.1233547437509443,8.10670080121945,22.10047649037356,84.36443766540972
866,153.77757612067887,0.18493323114460156,5.407356989388715,0.7911652766621594,0.9366828552355604,18.613718510665223,2015-08-24T11:25:05.180000Z,95.18639335832086,-0.06079166493233501,10,0.5,6,-1,peak,max mdccm,2015-08-24T11:25:05.173092Z,Taup,0.0,0.0,11,53.77933636363636,-166.21232727272726,us20003f9b,pavdut,lts,3,26.13,3.8,51.3339,-174.989,2015-08-24T11:23:39.670000Z,2015-08-24T03:23:39.670000Z,653.9258321271321,248.96396947899976,3A,0.12414156621226655,8.055319668596134,22.24895749506629,85.50309243055852
867,78.99980178452097,0.021400444757045608,46.728000812729505,0.4137145017293895,11.300695776550626,52.61786659940691,2015-08-24T03:59:41.240000Z,176.69022327638868,0.10138830659539147,10,0.5,6,-1,peak,max mdccm,2015-08-24T03:59:41.231368Z,Taup,0.0,0.0,11,53.77933636363636,-166.21232727272726,us20003f98,pavdut,lts,3,25.3,4.0,51.2336,-178.2263,2015-08-24T03:57:50.000000Z,2015-08-23T19:57:50.000000Z,862.2620343286527,255.69002506090962,3A,0.12278875135243708,8.144068483355843,21.993764861564095,111.23136754619661
868,241.93358877627094,0.16431793235908862,6.085763042676753,0.5407234700930388,0.6069133071245911,2.807038643865951,2015-08-13T18:00:30.560000Z,-8.320730124127124,-0.03864889297572549,10,0.5,6,-1,peak,max mdccm,2015-08-13T18:00:28.566984Z,Multiple triggers,25.437050214304232,0.05555555555555555,11,53.77933636363636,-166.21232727272726,us100034am,pavdut,lts,3,40.13,3.0,52.2712,-169.45,2015-08-13T17:59:48.640000Z,2015-08-13T09:59:48.640000Z,274.4766469517744,233.6128586521438,3A,0.12566903938336313,7.957409437573741,22.53765769019502,37.646984180207305
869,59.47327196754344,1.3175274946154918,0.7589974433830247,0.29852039190929003,2.218874195371675,79.46206235872313,2015-08-20T19:51:11.560000Z,-164.5771547081,-1.1947503609382415,10,0.5,6,-1,peak,max mdccm,2015-08-20T19:51:14.565739Z,Taup,0.0,0.0,11,53.77933636363636,-166.21232727272726,us100033rl,pavdut,lts,3,29.0,3.0,51.1208,-178.209,2015-08-20T19:49:23.000000Z,2015-08-20T11:49:23.000000Z,866.3120361485918,254.8961172594434,3A,0.12277713367725032,8.144839108467414,21.991575318971048,111.56573853404453
870,89.4210584503611,0.26032077202086834,3.8414145449746746,0.5001717510494768,0.8642620845118734,14.074965051997538,2015-08-20T23:20:28.120000Z,165.2140142188432,-0.13753202066843126,10,0.5,6,-1,peak,max mdccm,2015-08-20T23:20:31.115972Z,Taup,0.0,0.0,11,53.77933636363636,-166.21232727272726,us100033tv,pavdut,lts,3,25.6,3.9,51.1071,-178.1223,2015-08-20T23:18:40.000000Z,2015-08-20T15:18:40.000000Z,861.4349496187373,254.6350726692043,3A,0.12278875135243708,8.144068483355843,21.993764861564095,111.11597201135669
871,158.85060416609835,0.07320956299463305,13.65941769210273,0.33847485330443167,769.384723341873,85.38674327565116,2015-08-18T09:47:19.620000Z,93.33065773036628,0.05067026214767345,10,0.5,6,-1,peak,max mdccm,2015-08-18T09:47:17.619083Z,Multiple triggers,28.225151590340108,0.084,11,53.77933636363636,-166.21232727272726,us1000336p,pavdut,lts,3,36.5,3.4,51.6408,-175.1827,2015-08-18T09:45:48.000000Z,2015-08-18T01:45:48.000000Z,650.7386004037368,252.18126189646466,3A,0.1238798251423065,8.072339453589425,22.199547007822996,84.73908274192608
872,238.04532678580125,0.16014584771229134,6.2443080122598085,0.7344685105263076,0.6916119710829358,3.4042136864394763,2015-08-12T10:05:55.160000Z,-9.05680132282572,-0.034430628747131375,10,0.5,6,-1,peak,max mdccm,2015-08-12T10:05:53.157677Z,Multiple triggers,27.333410921047818,0.1,11,53.77933636363636,-166.21232727272726,us100033ty,pavdut,lts,3,35.2,3.9,52.0623,-169.3381,2015-08-12T10:05:13.000000Z,2015-08-12T02:05:13.000000Z,284.05013831631493,228.98852546297553,3A,0.12571521896515997,7.954486403727576,22.546395230832076,38.93767732602381
873,132.93968136195454,0.15390945190646949,6.497326756823865,0.3161238839405531,7.443726031719684,50.71732888079279,2015-08-16T08:28:05.900000Z,118.871049985519,-0.029742375064941637,10,0.5,6,-1,peak,max mdccm,2015-08-16T08:28:08.910727Z,Taup,0.0,0.0,11,53.77933636363636,-166.21232727272726,us100032nn,pavdut,lts,3,25.6,3.7,51.601,-175.176,2015-08-16T08:26:43.600000Z,2015-08-16T00:26:43.600000Z,652.200032579279,251.81073134747353,3A,0.12416707684152785,8.053664670517142,22.253774226694127,85.31072687132104
874,230.91397318099382,0.14788548064624404,6.76198904469935,0.5910434481898006,0.644815284877561,3.2357341876937085,2015-08-11T22:07:46.540000Z,-7.070049536377439,-0.01815956805477431,10,0.5,6,-1,peak,max mdccm,2015-08-11T22:07:44.550613Z,Multiple triggers,101.65886319550881,0.2255555555555556,11,53.77933636363636,-166.21232727272726,us100033ig,pavdut,lts,3,25.6,3.8,52.7486,-167.8264,2015-08-11T22:07:21.000000Z,2015-08-11T14:07:21.000000Z,157.34075766010398,223.84392364461638,3A,0.12972591259146973,7.708560148265676,23.307394558714776,23.05061273528761
875,237.09442156455924,0.16240485737248386,6.15745129904858,0.7880817010565092,0.41598794273581996,2.335288455904248,2015-08-11T20:12:05.060000Z,0.8401117750667879,-0.03725821019599679,10,0.5,6,-1,peak,max mdccm,2015-08-11T20:12:03.058452Z,Multiple triggers,21.879322758601738,0.045,11,53.77933636363636,-166.21232727272726,us10003199,pavdut,lts,3,48.81,3.7,52.4242,-169.6222,2015-08-11T20:11:21.670000Z,2015-08-11T12:11:21.670000Z,273.6438146901961,237.93453333962603,3A,0.12514664717648707,7.990625578564305,22.438855400552548,37.508451918321434
876,83.77867890576061,4.887284368742901,0.20461260785142696,0.29889192059692776,0.08282182944115528,17.900707587563204,2015-08-11T13:36:32.860000Z,146.37769868967553,-4.761567940724098,10,0.5,6,-1,peak,max mdccm,2015-08-11T13:36:35.855973Z,Taup,0.0,0.0,11,53.77933636363636,-166.21232727272726,us100033ib,pavdut,lts,3,36.25,3.2,52.1427,-169.3202,2015-08-11T13:35:57.820000Z,2015-08-11T05:35:57.820000Z,277.0600005384529,230.1563775954361,3A,0.12571642801880342,7.9544099029796635,22.546624000735665,38.03597275383245
877,239.70551027218215,0.17614905055461821,5.677010445707352,0.8384603882552565,0.46679884462890175,2.8811615141732716,2015-08-11T07:46:56.420000Z,-6.167076692529292,-0.04985160035960132,10,0.5,6,-1,peak,max mdccm,2015-08-11T07:46:54.413393Z,Multiple triggers,27.60889306475737,0.07529411764705884,11,53.77933636363636,-166.21232727272726,us100033i6,pavdut,lts,3,16.6,3.4,52.2479,-169.4885,2015-08-11T07:46:12.450000Z,2015-08-10T23:46:12.450000Z,278.1513676092494,233.53843357965286,3A,0.1262974501950169,7.917816222385267,22.656605526433733,38.963393450173925
878,213.77655877450673,3.819540542347788,0.26181159459177306,0.24816881422268716,0.09918074374775121,13.377206656985436,2015-08-16T20:56:27.600000Z,37.78246052134298,-3.6958474840823716,10,0.5,6,-1,peak,max mdccm,2015-08-16T20:56:30.605606Z,Taup,0.0,0.0,11,53.77933636363636,-166.21232727272726,us100032q8,pavdut,lts,3,41.21,3.9,51.5787,-175.1552,2015-08-16T20:55:05.840000Z,2015-08-16T12:55:05.840000Z,651.9641970717813,251.5590192958497,3A,0.12369305826541645,8.084528056976595,22.16430049475838,84.76560626859565
879,231.790720612261,0.15103269831892116,6.6210827928691085,0.7870265638302559,0.5264626296690209,2.703978211239985,2015-08-15T20:17:50.580000Z,20.626251794659595,-0.02699053485888782,10,0.5,6,-1,peak,max mdccm,2015-08-15T20:17:48.584913Z,Multiple triggers,33.36958048473901,0.07400000000000001,11,53.77933636363636,-166.21232727272726,us100032m5,pavdut,lts,3,32.0,5.7,51.6744,-175.1577,2015-08-15T20:16:21.240000Z,2015-08-15T12:16:21.240000Z,647.5984305536522,252.4169724069206,3A,0.12404216346003334,8.061774900614356,22.230190569524066,84.49491286059369
880,166.48274098958478,0.06620156314030703,15.105383507042099,0.6968373153793718,1.7328488469701728,8.807778820188872,2015-08-10T17:51:49.320000Z,-25.27136515644483,0.030418122963019545,10,0.5,6,-1,peak,max mdccm,2015-08-10T17:51:47.317200Z,Multiple triggers,56.839734447263275,0.20166666666666666,11,53.77933636363636,-166.21232727272726,us100033l2,pavdut,lts,3,40.64,3.1,53.5153,-165.857,2015-08-10T17:51:38.410000Z,2015-08-10T09:51:38.410000Z,37.625847544655365,141.21137583313995,3A,0.09661968610332658,10.349857677353501,17.13895190637418,8.477200043534529
881,107.72334944205966,0.06718039546516243,14.885294929806829,0.6961831058754255,1.556483114452993,7.257292258193473,2015-08-10T09:47:14.000000Z,-31.093553209735603,0.058550260025696424,10,0.5,6,-1,peak,max mdccm,2015-08-10T09:47:11.991265Z,Multiple triggers,30.905901123651763,0.08923076923076922,11,53.77933636363636,-166.21232727272726,us100033kz,pavdut,lts,3,6.5,3.0,54.3937,-160.9589,2015-08-10T09:46:23.000000Z,2015-08-10T01:46:23.000000Z,350.42958709887074,76.62979623232407,3A,0.12573065549085885,7.953509795172462,22.549316066445705,48.931265008143214
882,238.2207149770236,0.16382062333498235,6.104237547400782,0.7496543296388778,0.3182598850118987,1.9028998924604252,2015-08-10T06:31:42.920000Z,-5.091573765306691,-0.03806308671235095,10,0.5,6,-1,peak,max mdccm,2015-08-10T06:31:40.924639Z,Multiple triggers,25.703351228703575,0.061666666666666675,11,53.77933636363636,-166.21232727272726,us100030qd,pavdut,lts,3,23.6,3.8,52.2505,-169.4376,2015-08-10T06:31:00.000000Z,2015-08-09T22:31:00.000000Z,275.27676704433617,233.1291412117169,3A,0.1257575366226314,7.951809703467421,22.554402550719672,38.20463907768242
883,216.92262540580668,0.14281729567246226,7.001953056816059,0.350134114209765,17.71312011952135,42.65431609425792,2015-08-09T22:58:38.180000Z,6.23621764914796,-0.017083386352828356,10,0.5,6,-1,peak,max mdccm,2015-08-09T22:58:38.172702Z,Taup,0.0,0.0,11,53.77933636363636,-166.21232727272726,us100032zz,pavdut,lts,3,38.6,3.9,52.1363,-168.6768,2015-08-09T22:58:04.000000Z,2015-08-09T14:58:04.000000Z,246.6735931077099,223.15884305495464,3A,0.1257339093196339,7.953303968763544,22.549931750372068,34.17270154227441
884,128.1384476127532,0.31152287460097977,3.2100371482539436,0.30566402384482844,0.37608491658315,11.56906145704518,2015-08-13T02:38:20.860000Z,128.7910486151019,-0.18874444792814793,10,0.5,6,-1,peak,max mdccm,2015-08-13T02:38:20.856301Z,Taup,0.0,0.0,11,53.77933636363636,-166.21232727272726,us100034aw,pavdut,lts,3,29.9,3.1,51.2208,-178.9582,2015-08-13T02:36:24.000000Z,2015-08-12T18:36:24.000000Z,909.7087025037803,256.9294962278551,3A,0.12277842667283186,8.144753334107333,21.991819003652996,116.8563007937258
885,229.0820484864547,0.1413559284318022,7.074340716331926,0.8101361304211556,0.6373304745289881,2.986430769106505,2015-08-09T18:21:22.720000Z,-3.520321064747975,-0.013809448789784184,10,0.5,6,-1,peak,max mdccm,2015-08-09T18:21:20.723360Z,Multiple triggers,28.093148995966178,0.09692307692307695,11,53.77933636363636,-166.21232727272726,us100030le,pavdut,lts,3,22.2,5.1,52.2592,-168.6952,2015-08-09T18:20:46.110000Z,2015-08-09T10:20:46.110000Z,237.41865370165752,225.56172742170673,3A,0.127546479642018,7.840279110851814,22.893333345199103,33.4733599805643
886,239.1833588591494,0.17052470312196039,5.864252989109698,0.7338148641723782,0.45244588186990287,2.695659076157284,2015-08-09T11:19:53.600000Z,2.0922137156223357,-0.04478290282561809,10,0.5,6,-1,peak,max mdccm,2015-08-09T11:19:51.607219Z,Multiple triggers,24.93299416108531,0.037500000000000006,11,53.77933636363636,-166.21232727272726,us10003305,pavdut,lts,3,37.46,3.0,52.6681,-169.4175,2015-08-09T11:19:15.990000Z,2015-08-09T03:19:15.990000Z,247.19315737182222,241.27557257477173,3A,0.1257418002963423,7.952804856008483,22.55142487892438,34.25721904613344
887,226.9923195702877,0.6205110430418421,1.6115748643212595,0.2807325648541734,31.287205486255992,67.81410628920625,2015-08-09T08:33:52.180000Z,2.5310715312741365,-0.49479126547355456,10,0.5,6,-1,peak,max mdccm,2015-08-09T08:33:50.174157Z,STA/LTA trigger,29.99175623626791,0.06,11,53.77933636363636,-166.21232727272726,us100030j7,pavdut,lts,3,27.5,3.9,51.8869,-169.6979,2015-08-09T08:33:03.000000Z,2015-08-09T00:33:03.000000Z,315.42479136735517,229.52339110156183,3A,0.12571977756828756,7.954197973797935,22.547257784448533,43.104156557739536
888,233.42445973044192,0.08811145899754003,11.349261621328038,0.4549477720723572,2.1209729847461487,5.29812509415089,2015-08-12T21:10:09.880000Z,23.1740275263723,0.03466699749776031,10,0.5,6,-1,peak,max mdccm,2015-08-12T21:10:07.887866Z,STA/LTA trigger,23.090621247078868,0.04,11,53.77933636363636,-166.21232727272726,us100033ub,pavdut,lts,3,25.6,3.2,51.3245,-178.3847,2015-08-12T21:08:12.000000Z,2015-08-12T13:08:12.000000Z,868.3728456011097,256.5984872568142,3A,0.12277845649530034,8.144751355774517,21.991824624155676,111.96786594730276
889,227.19084514091702,0.17353868693666308,5.762403863093495,0.3675606882187977,1.3227716589160687,8.59313727251444,2015-08-09T00:04:22.080000Z,1.9504481074893363,-0.04788507643541001,10,0.5,6,-1,peak,max mdccm,2015-08-09T00:04:22.084387Z,Taup,0.0,0.0,11,53.77933636363636,-166.21232727272726,us1000330c,pavdut,lts,3,38.9,3.2,52.0074,-169.4483,2015-08-09T00:03:42.000000Z,2015-08-08T16:03:42.000000Z,293.7410024247465,229.14129324840636,3A,0.12565361050125307,7.958386519980082,22.534738547406764,40.08438655307404
890,239.46344017149465,0.16384814824865332,6.10321209417891,0.7831732918700086,0.34605019339196597,2.07300186611792,2015-08-08T19:10:13.080000Z,-1.1915986404147532,-0.03819671839590327,10,0.5,6,-1,peak,max mdccm,2015-08-08T19:10:11.086206Z,Multiple triggers,35.12469944154845,0.07333333333333333,11,53.77933636363636,-166.21232727272726,us100030gd,pavdut,lts,3,41.0,5.0,52.4441,-169.6166,2015-08-08T19:09:34.490000Z,2015-08-08T11:09:34.490000Z,272.07225970080833,238.2718415310799,3A,0.12565142985275005,7.958524635747419,22.534325973928684,37.33620565410988
891,253.037790801553,2.6501006024443217,0.377344165379099,0.28435634621456307,0.48612191176265007,36.08469599481825,2015-08-08T13:04:30.840000Z,-20.776828609128188,-2.523029178188573,10,0.5,6,-1,peak,max mdccm,2015-08-08T13:04:28.831206Z,Multiple triggers,31.440018473062977,0.05,11,53.77933636363636,-166.21232727272726,us100032tm,pavdut,lts,3,18.8,3.2,52.3279,-169.1937,2015-08-08T13:03:55.000000Z,2015-08-08T05:03:55.000000Z,256.9761476786995,232.2609621924248,3A,0.12707142425574866,7.869589924382708,22.803247956563908,36.14120549994175
892,95.26898438560602,0.4949219535661157,2.020520594802049,0.3068951820007485,0.8418812819945567,48.04321077882578,2015-08-08T12:03:37.620000Z,156.62512841501552,-0.3706565110417405,10,0.5,6,-1,peak,max mdccm,2015-08-08T12:03:37.614368Z,Taup,0.0,0.0,11,53.77933636363636,-166.21232727272726,us100032ti,pavdut,lts,3,36.1,3.0,51.802,-174.5142,2015-08-08T12:02:19.000000Z,2015-08-08T04:02:19.000000Z,601.2825119984915,251.89411280062154,3A,0.12426544252437516,8.047289573719146,22.272348471789368,78.614368157974
893,241.67173564770553,0.17429136384242147,5.737518933549167,0.4677362387625018,0.6796764684775507,3.3907079591872957,2015-08-08T09:57:11.480000Z,0.698016556670666,-0.046092722099268124,10,0.5,6,-1,peak,max mdccm,2015-08-08T09:57:09.473602Z,Multiple triggers,43.312096739859655,0.095,11,53.77933636363636,-166.21232727272726,us100032tg,pavdut,lts,3,6.4,3.3,52.6897,-169.4951,2015-08-08T09:56:30.000000Z,2015-08-08T01:56:30.000000Z,250.47268375834415,242.3697522043762,3A,0.12819864174315335,7.8003946563139515,23.01710126751794,36.30360178173906
894,236.59465524716245,0.13848256706272957,7.221125526558313,0.6706779905085484,0.5116640971827193,2.35052394592563,2015-08-08T03:35:24.680000Z,-1.4129158912404591,-0.012736653629621508,10,0.5,6,-1,peak,max mdccm,2015-08-08T03:35:22.681811Z,Multiple triggers,24.617193380912877,0.035,11,53.77933636363636,-166.21232727272726,us100032tc,pavdut,lts,3,31.3,3.3,52.3144,-169.5391,2015-08-08T03:34:40.000000Z,2015-08-07T19:34:40.000000Z,276.2781357583834,235.181739355922,3A,0.12574591343310806,7.9525447205245445,22.5522031719955,38.061811137442035
895,106.10670798800015,0.07039811556182124,14.204925686140475,0.44454293942583056,3.0082916115673095,12.843303219075324,2015-08-07T08:00:35.800000Z,-22.91011460163307,0.05520114553199018,10,0.5,6,-1,peak,max mdccm,2015-08-07T08:00:33.807571Z,Multiple triggers,23.46637057433562,0.04,11,53.77933636363636,-166.21232727272726,us100032hg,pavdut,lts,3,25.5,3.0,54.0464,-160.4217,2015-08-07T07:59:41.000000Z,2015-08-06T23:59:41.000000Z,381.5688865653758,83.19659338636708,3A,0.12559926109381142,7.961830279026,22.52445613700029,51.48757103061377
896,12.82587040116357,1.190472147956356,0.8400028524116812,0.2605467428645683,1.6718803768351949,54.420446304321345,2015-08-13T23:42:41.700000Z,41.93327715086514,-1.0677140312780793,10,0.5,6,-1,peak,max mdccm,2015-08-13T23:42:39.706830Z,STA/LTA trigger,34.50081168661731,0.060000000000000005,11,53.77933636363636,-166.21232727272726,ak015achupxf,pavdut,lts,3,47.8,3.1,57.8927,-153.6158,2015-08-13T23:40:42.276000Z,2015-08-13T15:40:42.276000Z,910.4610957761644,54.7591475520287,3A,0.12275811667827674,8.146100861263537,21.98799132463868,116.38083049582751
897,348.7197014416452,3.1750484487710997,0.31495582386689225,0.2763802833699979,0.19855355259745266,37.618815674063626,2015-08-07T02:37:51.500000Z,-113.36420838041295,-3.0485540966225626,10,0.5,6,-1,peak,max mdccm,2015-08-07T02:37:49.497588Z,STA/LTA trigger,37.58317140482643,0.08499999999999999,11,53.77933636363636,-166.21232727272726,us100030dw,pavdut,lts,3,19.9,3.1,52.3692,-169.4418,2015-08-07T02:37:14.000000Z,2015-08-06T18:37:14.000000Z,267.30710692115167,235.35549306123227,3A,0.12649435214853696,7.905491296763529,22.693897019704526,37.38758782756726
898,239.51010628967458,1.5862620472859832,0.6304128638209249,0.27878167262362646,0.483436262653157,81.06349545880227,2015-08-07T01:09:31.060000Z,-2.3649477309815836,-1.4595322250116536,10,0.5,6,-1,peak,max mdccm,2015-08-07T01:09:34.068715Z,Taup,0.0,0.0,11,53.77933636363636,-166.21232727272726,us100032hz,pavdut,lts,3,23.5,3.0,52.5049,-169.3412,2015-08-07T01:08:58.690000Z,2015-08-06T17:08:58.690000Z,252.8531477183308,237.145158558693,3A,0.1267298222743296,7.890802512413528,22.7385063171748,35.378714830682995
899,233.6295439618388,0.16162760444788973,6.187061940415069,0.7371210710092763,0.6952620918523027,3.0982269467641004,2015-08-06T16:41:57.200000Z,-0.6134354910388993,-0.03604491932525808,10,0.5,6,-1,peak,max mdccm,2015-08-06T16:41:55.193099Z,Multiple triggers,28.788326193438486,0.07714285714285715,11,53.77933636363636,-166.21232727272726,us10002zuu,pavdut,lts,3,42.28,4.2,52.2357,-169.4543,2015-08-06T16:41:17.630000Z,2015-08-06T08:41:17.630000Z,277.2045715520925,233.0161084707999,3A,0.12558268512263165,7.962881180821215,22.521320267283112,37.97309886090675
900,112.91577484540397,0.07708919492331529,12.971986553949009,0.7246917318104351,1.2905997197758357,7.4707450624596845,2015-08-06T14:06:03.440000Z,-14.817010561223555,0.05107843099103057,10,0.5,6,-1,peak,max mdccm,2015-08-06T14:06:01.448333Z,Multiple triggers,91.94080851894223,0.32933333333333337,11,53.77933636363636,-166.21232727272726,us100032gb,pavdut,lts,3,24.0,3.1,53.4631,-162.9977,2015-08-06T14:05:30.000000Z,2015-08-06T06:05:30.000000Z,215.58334633655076,98.09876428418042,3A,0.12816762591434586,7.802282306986773,23.01121248731057,30.608332965882806
901,237.9851201981544,0.17455533892576008,5.728842246557172,0.7920304860756674,0.33693579702956145,2.119134042016668,2015-08-06T14:42:05.560000Z,-6.019343604839605,-0.04821911301197426,10,0.5,6,-1,peak,max mdccm,2015-08-06T14:42:03.552560Z,Multiple triggers,29.872167260728837,0.07428571428571429,11,53.77933636363636,-166.21232727272726,us10002z43,pavdut,lts,3,17.3,4.0,52.207,-169.3946,2015-08-06T14:41:23.000000Z,2015-08-06T06:41:23.000000Z,276.1385622558662,231.96577659331479,3A,0.12633622591378582,7.915386048356538,22.66394850388489,38.662560406308934
902,73.4630148185775,0.05987820707717114,16.700566847487572,0.6915923283512159,4.114433067270098,9.705355841513125,2015-08-06T11:12:30.200000Z,-6.7299641228508165,0.06480892961393184,10,0.5,6,-1,peak,max mdccm,2015-08-06T11:12:28.205526Z,Multiple triggers,35.807133491041895,0.18000000000000002,11,53.77933636363636,-166.21232727272726,ak015a0prtr2,pavdut,lts,3,37.9,4.4,55.4185,-158.5223,2015-08-06T11:11:20.303000Z,2015-08-06T03:11:20.303000Z,529.1052409863125,66.73305069572669,3A,0.12468713669110297,8.02007349384706,22.352004340607117,69.58252635115618
903,215.23050517092395,0.1604064330057286,6.234163937579031,0.7041034001964902,0.46072186417300065,2.7315985328486363,2015-08-05T21:23:55.940000Z,-6.055134883458692,-0.029568697394090654,10,0.5,6,-1,peak,max mdccm,2015-08-05T21:23:53.939022Z,Multiple triggers,46.83309043341781,0.12315789473684212,11,53.77933636363636,-166.21232727272726,us100031rp,pavdut,lts,3,25.6,3.6,53.1289,-166.8147,2015-08-05T21:23:40.000000Z,2015-08-05T13:23:40.000000Z,82.71336211315517,209.17537028746526,3A,0.13083773561163795,7.643054928497636,23.519121098218225,13.31902176767322
904,72.31780473216611,0.0580806840768862,17.217428063970758,0.6888125046652341,5.37964036150932,9.248267415318537,2015-08-12T07:07:46.100000Z,-17.695042826600627,0.06612528318916741,10,0.5,6,-1,peak,max mdccm,2015-08-12T07:07:44.103819Z,Multiple triggers,24.579749596660502,0.0325,11,53.77933636363636,-166.21232727272726,ak015aakl2rg,pavdut,lts,3,1.2,3.6,57.0127,-156.9909,2015-08-12T07:06:07.967000Z,2015-08-11T23:06:07.967000Z,685.4300969615009,54.62276190556548,3A,0.12420596726605361,8.05114296850138,22.261117552895737,91.8868187346291
905,84.48525881632662,0.2619176715587434,3.8179936239075722,0.38404573766367545,4.59546072232743,36.15654520617673,2015-08-10T21:11:36.280000Z,-30.35601439072883,-0.13775479638502786,10,0.5,6,-1,peak,max mdccm,2015-08-10T21:11:36.279093Z,Taup,0.0,0.0,11,53.77933636363636,-166.21232727272726,ak015a7hvaxc,pavdut,lts,3,8.1,3.1,57.059,-157.0379,2015-08-10T21:10:05.609000Z,2015-08-10T13:10:05.609000Z,685.3356657271064,54.12924442559778,3A,0.12416287517371553,8.05393720627769,22.2529808869152,90.67009326358388
906,27.076956200614802,2.0421493133922475,0.48968015876316295,0.27942358774261766,26.279676029694397,67.06601696646095,2015-08-05T12:41:00.700000Z,-157.38350048211157,-1.9163917767696161,10,0.5,6,-1,peak,max mdccm,2015-08-05T12:41:00.702340Z,Taup,0.0,0.0,11,53.77933636363636,-166.21232727272726,us10002y3f,pavdut,lts,3,28.1,3.9,52.2034,-169.1651,2015-08-05T12:40:24.000000Z,2015-08-05T04:40:24.000000Z,264.673555885727,229.69345571850323,3A,0.1257575366226314,7.951809703467421,22.554402550719672,36.702340168353494
907,90.79516623973598,1.0045974199738767,0.9954236195689251,0.28107676591777336,2.5603256956925255,61.12536685983301,2015-08-05T09:30:37.900000Z,141.94604091362453,-0.8776305069551276,10,0.5,6,-1,peak,max mdccm,2015-08-05T09:30:37.899545Z,Taup,0.0,0.0,11,53.77933636363636,-166.21232727272726,us10002y21,pavdut,lts,3,23.0,3.9,52.389,-169.1227,2015-08-05T09:30:03.000000Z,2015-08-05T01:30:03.000000Z,248.90580091412733,232.74120715336048,3A,0.12696691301874924,7.876067679556246,22.783437348887254,34.899544661884136
908,82.96618458061562,1.0268927425362144,0.9738115370551799,0.28923987599466755,0.515183619219838,57.60741716786117,2015-08-04T02:37:01.660000Z,146.68510987418858,-0.9011619123275363,10,0.5,6,-1,peak,max mdccm,2015-08-04T02:37:04.660445Z,Taup,0.0,0.0,11,53.77933636363636,-166.21232727272726,us10002xsd,pavdut,lts,3,31.8,4.1,52.0529,-169.4249,2015-08-04T02:36:25.000000Z,2015-08-03T18:36:25.000000Z,289.10567708410485,229.6512944548042,3A,0.12573083020867817,7.9534987428324335,22.549349126183433,39.66044466800891
909,176.0747560471701,0.7836868048166431,1.2760199531928664,0.28787761953145075,0.39299553104698093,35.501154298693336,2015-08-03T22:48:48.600000Z,53.45510747959247,-0.6579430303035864,10,0.5,6,-1,peak,max mdccm,2015-08-03T22:48:46.600820Z,STA/LTA trigger,21.257262213226003,0.044,11,53.77933636363636,-166.21232727272726,us10002xmm,pavdut,lts,3,26.25,4.0,51.9941,-169.5138,2015-08-03T22:48:08.880000Z,2015-08-03T14:48:08.880000Z,298.030695012999,229.52986352676257,3A,0.1257437745130567,7.952679994476897,22.551798442222555,40.96081963313336
910,325.6823808034891,0.34314611167120984,2.914210495143724,0.26824190976493,0.41787114522117,5.6096321138342375,2015-08-06T01:10:42.740000Z,-78.28016637624393,-0.21903162495019615,10,0.5,6,-1,peak,max mdccm,2015-08-06T01:10:45.743560Z,Taup,0.0,0.0,11,53.77933636363636,-166.21232727272726,us100032gj,pavdut,lts,3,28.9,3.4,51.2168,-174.8012,2015-08-06T01:09:21.000000Z,2015-08-05T17:09:21.000000Z,648.6911295094554,247.40221442724516,3A,0.12411448672101369,8.057077190737727,22.24384472355887,84.7435602995499
911,279.83233605214224,0.46950996400030964,2.1298802510596784,0.2737481175401291,0.3629305562538224,40.74126569633455,2015-08-03T07:00:57.780000Z,-52.49391566354677,-0.34378733607144346,10,0.5,6,-1,peak,max mdccm,2015-08-03T07:01:00.771826Z,Taup,0.0,0.0,11,53.77933636363636,-166.21232727272726,us10002xf8,pavdut,lts,3,33.0,3.8,51.9702,-169.3186,2015-08-03T07:00:21.000000Z,2015-08-02T23:00:21.000000Z,290.25305621731303,227.33842038859547,3A,0.12572262792886618,7.954017637666623,22.547797116617648,39.771825530237564
912,214.0617928438835,0.13109732815600614,7.6279205233686955,0.40807644972247287,0.8080014874588093,4.148500871767965,2015-08-03T02:16:48.740000Z,-8.705660889125085,-0.0002573360900365307,10,0.5,6,-1,peak,max mdccm,2015-08-03T02:16:46.745245Z,Multiple triggers,32.98470097756702,0.065,11,53.77933636363636,-166.21232727272726,us100031wv,pavdut,lts,3,25.7,3.0,53.1734,-166.6895,2015-08-03T02:16:35.000000Z,2015-08-02T18:16:35.000000Z,74.50882703008021,205.3561319547584,3A,0.1308399920659696,7.64292311708334,23.519551144296592,12.245245348547915
913,222.62678513014407,0.5254812418066253,1.9030175017512718,0.2792684594409645,0.28327269080789985,82.05318338166731,2015-08-03T01:15:19.900000Z,4.603824706177477,-0.3997371597159249,10,0.5,6,-1,peak,max mdccm,2015-08-03T01:15:19.897596Z,Taup,0.0,0.0,11,53.77933636363636,-166.21232727272726,us100031w5,pavdut,lts,3,24.2,3.7,51.9243,-169.381,2015-08-03T01:14:39.000000Z,2015-08-02T17:14:39.000000Z,296.90035542748774,227.23060983632155,3A,0.12574408209070037,7.9526605417397755,22.55185664246874,40.897596116009396
914,239.66473373616572,3.27485437531303,0.3053570893223043,0.25988638795504154,0.5212190390096065,35.37799178375083,2015-08-05T15:38:57.820000Z,7.306158029351138,-3.1502754859268607,10,0.5,6,-1,peak,max mdccm,2015-08-05T15:38:57.812580Z,Taup,0.0,0.0,11,53.77933636363636,-166.21232727272726,us100031rl,pavdut,lts,3,14.4,3.8,51.3124,-174.3929,2015-08-05T15:37:36.000000Z,2015-08-05T07:37:36.000000Z,618.6477047576861,246.97089176551685,3A,0.12457888938616944,8.027042181281626,22.331552641552168,81.81257974424045
915,203.64767068563606,4.835602157465849,0.2067994775906174,0.2978844093884726,0.10510805381189811,19.72823618331708,2015-08-03T00:02:55.100000Z,24.102569177817685,-4.709854926278962,10,0.5,6,-1,peak,max mdccm,2015-08-03T00:02:55.101481Z,Taup,0.0,0.0,11,53.77933636363636,-166.21232727272726,us10002xdd,pavdut,lts,3,25.85,3.8,51.9455,-169.402,2015-08-03T00:02:14.350000Z,2015-08-02T16:02:14.350000Z,296.2516089711408,227.75023986345374,3A,0.12574723118688744,7.952461382738399,22.552452520002586,40.75148076813674
916,215.29975278963667,1.78419951625463,0.5604754350002223,0.29437658066797195,5.693674612532892,66.36076637570514,2015-08-02T22:23:35.520000Z,16.548551081992457,-1.6594799080029035,10,0.5,6,-1,peak,max mdccm,2015-08-02T22:23:38.520968Z,Taup,0.0,0.0,11,53.77933636363636,-166.21232727272726,us100030xk,pavdut,lts,3,53.8,3.6,52.1234,-169.5397,2015-08-02T22:22:59.000000Z,2015-08-02T14:22:59.000000Z,289.7315447067819,231.84830387162913,3A,0.12471960825172648,8.017985415586462,22.35813993845944,39.52096830937219
917,204.43143891000807,0.9737253589590179,1.0269836261315732,0.2918949284053315,0.7660042295824354,63.85783716153128,2015-08-02T21:13:04.120000Z,24.541074060610953,-0.848007759997092,10,0.5,6,-1,peak,max mdccm,2015-08-02T21:13:07.116714Z,Taup,0.0,0.0,11,53.77933636363636,-166.21232727272726,us10002xcn,pavdut,lts,3,31.5,4.3,51.9591,-169.5121,2015-08-02T21:12:26.000000Z,2015-08-02T13:12:26.000000Z,300.62064865649137,228.97251297061902,3A,0.12571759896192594,7.954335815010704,22.54684555995576,41.11671425013217
918,347.09813513437894,0.4449542885345113,2.247421871791755,0.2504474965892989,0.6005162326817095,26.54522116949468,2015-08-02T19:41:32.980000Z,-116.43063917104709,-0.3214907011258692,10,0.5,6,-1,peak,max mdccm,2015-08-02T19:41:35.972272Z,Taup,0.0,0.0,11,53.77933636363636,-166.21232727272726,us10002xc3,pavdut,lts,3,66.3,3.8,52.0641,-169.5165,2015-08-02T19:40:56.000000Z,2015-08-02T11:40:56.000000Z,292.9013436031705,230.66749596333185,3A,0.1234635874086421,8.099554054671854,22.1210070046531,39.97227155567258
919,52.96512074835499,0.868976080466623,1.150779661809586,0.25529730984595583,0.387583458513698,87.57013621505334,2015-08-02T09:29:51.860000Z,166.1511237988487,-0.7424264842655995,10,0.5,6,-1,peak,max mdccm,2015-08-02T09:29:54.853736Z,Taup,0.0,0.0,11,53.77933636363636,-166.21232727272726,us100030xe,pavdut,lts,3,35.55,3.4,52.3769,-168.0566,2015-08-02T09:29:26.620000Z,2015-08-02T01:29:26.620000Z,199.07115199696665,219.11624454720368,3A,0.1265495962010235,7.90204022786058,22.704361578794785,28.23373643566715
920,69.18128897689462,2.8824740093494534,0.34692420356834036,0.26423051455879387,0.33993701654713543,28.598081233892373,2015-08-02T02:55:59.260000Z,159.35895205972872,-2.756716472726822,10,0.5,6,-1,peak,max mdccm,2015-08-02T02:55:59.261183Z,Taup,0.0,0.0,11,53.77933636363636,-166.21232727272726,us10002x8n,pavdut,lts,3,16.6,4.0,51.9708,-169.4451,2015-08-02T02:55:18.000000Z,2015-08-01T18:55:18.000000Z,296.39775194772824,228.5402410366233,3A,0.1257575366226314,7.951809703467421,22.554402550719672,41.26118284505507
921,269.0563301264001,1.6676492410065356,0.5996464816524814,0.28468385009145725,2.4374013686554354,65.14953307262266,2015-08-02T02:31:13.300000Z,-39.683821103043215,-1.54177011893055,10,0.5,6,-1,peak,max mdccm,2015-08-02T02:31:13.309288Z,Taup,0.0,0.0,11,53.77933636363636,-166.21232727272726,us100030yc,pavdut,lts,3,12.44,3.3,52.0132,-169.4635,2015-08-02T02:30:32.030000Z,2015-08-01T18:30:32.030000Z,294.0573296624435,229.37250902335688,3A,0.12587912207598553,7.944129125689017,22.577411458908024,41.27928769143864
922,210.01830905977283,2.1563883960610015,0.4637383515078567,0.27661937245307233,0.6565915770007639,37.88962613861554,2015-08-02T01:20:37.380000Z,21.34828909548807,-2.0306909192144906,10,0.5,6,-1,peak,max mdccm,2015-08-02T01:20:37.388170Z,Taup,0.0,0.0,11,53.77933636363636,-166.21232727272726,us100030xa,pavdut,lts,3,36.5,3.3,52.118,-169.4958,2015-08-02T01:19:58.000000Z,2015-08-01T17:19:58.000000Z,287.8577478476942,231.3665981552609,3A,0.12569747684651086,7.955609174407689,22.54303821680039,39.388170182605926
923,239.12507584348322,0.14836742912161044,6.740023776919008,0.6620449690446165,0.6757803174297781,2.992427673757703,2015-08-01T22:20:42.580000Z,-9.39972687663527,-0.022619520662289117,10,0.5,6,-1,peak,max mdccm,2015-08-01T22:20:40.572640Z,Multiple triggers,24.937895952697218,0.05,11,53.77933636363636,-166.21232727272726,us10002xl4,pavdut,lts,3,25.07,3.8,51.9994,-169.5263,2015-08-01T22:19:57.390000Z,2015-08-01T14:19:57.390000Z,298.25621324261635,229.72534896684795,3A,0.12574790845932132,7.952418551148258,22.552580675023147,41.03263972787787
924,238.68236219829316,0.1635457903704466,6.11449550450003,0.7376088980989728,0.34740649982607286,1.9867341689665068,2015-08-01T22:12:03.940000Z,-8.108061229971753,-0.037875163062380035,10,0.5,6,-1,peak,max mdccm,2015-08-01T22:12:01.950001Z,STA/LTA trigger,21.45548779993078,0.05,11,53.77933636363636,-166.21232727272726,us10002x7g,pavdut,lts,3,37.56,4.3,52.0447,-169.541,2015-08-01T22:11:17.950000Z,2015-08-01T14:11:17.950000Z,295.5948541846715,230.5743009683214,3A,0.12567062730806655,7.957308890872481,22.537958128876006,40.34000131417214
925,237.93026824778207,0.10466914494839447,9.553913911239409,0.4893502941179242,2.689994522689694,7.353417569558587,2015-08-01T22:09:33.100000Z,-5.601323586779301,0.02098770390640181,10,0.5,6,-1,peak,max mdccm,2015-08-01T22:09:36.108598Z,Taup,0.0,0.0,11,53.77933636363636,-166.21232727272726,us100033mq,pavdut,lts,3,38.95,4.0,52.128,-169.5857,2015-08-01T22:08:56.270000Z,2015-08-01T14:08:56.270000Z,291.7910235136062,232.32894466100277,3A,0.12565684885479628,7.9581814211779065,22.535351238421722,39.83859804449027
926,234.4346113023168,0.15339378682203664,6.519168870641242,0.6348030840229181,0.8259109849047719,3.3633922139149774,2015-08-01T21:57:51.940000Z,-5.397822312550204,-0.02757102493937366,10,0.5,6,-1,peak,max mdccm,2015-08-01T21:57:49.949435Z,STA/LTA trigger,29.582728084834475,0.05111111111111111,11,53.77933636363636,-166.21232727272726,us10002x7a,pavdut,lts,3,10.8,4.4,51.9808,-169.4823,2015-08-01T21:57:06.000000Z,2015-08-01T13:57:06.000000Z,297.47239541542814,229.0367889897666,3A,0.12582276188266298,7.947687564930088,22.566745342804833,41.849434705205226
927,232.86612335161203,0.15457690394082516,6.469271763799967,0.8176167160746967,0.5360459287565065,2.8208847707722953,2015-08-01T22:06:54.260000Z,-3.8439921022944645,-0.02881936731819376,10,0.5,6,-1,peak,max mdccm,2015-08-01T22:06:52.257735Z,Multiple triggers,28.73379018898587,0.066,11,53.77933636363636,-166.21232727272726,us10002x7e,pavdut,lts,3,16.6,4.7,51.9758,-169.4892,2015-08-01T22:06:09.000000Z,2015-08-01T14:06:09.000000Z,298.1993650259697,229.02213124931757,3A,0.1257575366226314,7.951809703467421,22.554402550719672,41.48773512855154
928,238.4336942735693,0.16312150380649984,6.130399589659456,0.7233376105794498,0.3140868653860558,1.8248809949011786,2015-08-01T01:30:41.200000Z,-9.909030588475417,-0.03734900205575259,10,0.5,6,-1,peak,max mdccm,2015-08-01T01:30:39.194034Z,Multiple triggers,26.189875748794172,0.06500000000000002,11,53.77933636363636,-166.21232727272726,us10002x11,pavdut,lts,3,21.18,4.0,52.0753,-169.2679,2015-08-01T01:29:58.230000Z,2015-07-31T17:29:58.230000Z,279.57091289299666,228.52466368509388,3A,0.12577250175074725,7.950863551889702,22.55723435385908,38.86403401301096
929,235.69002145498615,0.18036238618435005,5.544393269325517,0.6347122217847638,0.4481612011247176,2.9449021600193532,2015-07-31T19:18:15.480000Z,8.125912256547167,-0.05464073167790018,10,0.5,6,-1,peak,max mdccm,2015-07-31T19:18:15.479492Z,Taup,0.0,0.0,11,53.77933636363636,-166.21232727272726,us10002x4x,pavdut,lts,3,37.32,5.1,52.669,-169.75,2015-07-31T19:17:38.780000Z,2015-07-31T11:17:38.780000Z,266.59719558605155,243.81593371153332,3A,0.12572165450644987,7.954079223072086,22.547612929850985,36.69949206830934
930,233.63863004902765,0.1607543360281091,6.2206720186082105,0.853879824674329,0.46700615438170745,2.5616656293178153,2015-07-31T19:17:56.560000Z,8.398938967912585,-0.035881117484307265,10,0.5,6,-1,peak,max mdccm,2015-07-31T19:17:54.568127Z,Multiple triggers,38.48001849406429,0.12363636363636367,11,53.77933636363636,-166.21232727272726,us10002wyl,pavdut,lts,3,51.92,4.8,52.5877,-169.7356,2015-07-31T19:17:18.640000Z,2015-07-31T11:17:18.640000Z,270.26230195381646,242.03756901694024,3A,0.12487321854380183,8.008122251203364,22.387168724619745,37.088127178952725
931,233.7339253476161,0.1535935166329835,6.510691479182231,0.5428043297732688,0.6646965419409843,3.5878232188614163,2015-07-31T16:27:21.220000Z,6.507494207809174,-0.028241346385222993,10,0.5,6,-1,peak,max mdccm,2015-07-31T16:27:19.217051Z,Multiple triggers,22.990328131265514,0.03333333333333333,11,53.77933636363636,-166.21232727272726,us10002wwk,pavdut,lts,3,27.61,4.1,51.6548,-171.8095,2015-07-31T16:26:18.740000Z,2015-07-31T08:26:18.740000Z,445.84692399837854,240.24141955542527,3A,0.12535217024776052,7.97752442597112,22.477718450822138,59.47705067644859
932,241.9759581311386,0.15547498078169122,6.4319030301353814,0.5700834127653455,0.645659042740482,3.0034688708449266,2015-07-31T05:45:44.760000Z,-12.696552020428356,-0.028978126225850775,10,0.5,6,-1,peak,max mdccm,2015-07-31T05:45:42.762242Z,Multiple triggers,30.993625086905165,0.09333333333333334,11,53.77933636363636,-166.21232727272726,us10003096,pavdut,lts,3,13.0,3.8,52.0946,-169.313,2015-07-31T05:44:59.000000Z,2015-07-30T21:44:59.000000Z,280.33168814216646,229.27940611071026,3A,0.12649685455584045,7.905334907426988,22.694371018859787,39.50224154759574
933,237.87328260954132,0.16568872479767716,6.035413702538311,0.8175639253892163,0.336924215322826,1.9389960374637383,2015-07-31T05:13:19.280000Z,-9.9302796692794,-0.039941090610341984,10,0.5,6,-1,peak,max mdccm,2015-07-31T05:13:17.271573Z,Multiple triggers,34.2384146626155,0.12173913043478264,11,53.77933636363636,-166.21232727272726,us10002wsu,pavdut,lts,3,17.3,5.0,51.9139,-169.4744,2015-07-31T05:12:35.000000Z,2015-07-30T21:12:35.000000Z,302.2641464352872,227.94300294026192,3A,0.12574763418733517,7.9524358964100195,22.552528776643733,41.95157295632906
934,235.16107109638727,0.17445798309827595,5.732039212196317,0.6876230683004432,0.3484653221271943,2.069418157895342,2015-07-31T03:53:59.300000Z,4.583543065178304,-0.04874916899884604,10,0.5,6,-1,peak,max mdccm,2015-07-31T03:53:57.295179Z,Multiple triggers,81.51141946327216,0.2236363636363636,11,53.77933636363636,-166.21232727272726,us10002wsh,pavdut,lts,3,38.9,4.2,52.539,-169.566,2015-07-31T03:53:20.750000Z,2015-07-30T19:53:20.750000Z,263.3534693558685,239.74461416156558,3A,0.1257088140994299,7.95489168491436,22.54518334674749,36.265179021233685
935,233.0242923731832,0.14416118946810677,6.936679724200203,0.6337834460063685,0.871276467513622,3.3080025877266337,2015-07-30T04:32:37.460000Z,-9.876807107164183,-0.018414626945306933,10,0.5,6,-1,peak,max mdccm,2015-07-30T04:32:35.451808Z,Multiple triggers,31.879579816417557,0.07454545454545455,11,53.77933636363636,-166.21232727272726,us1000315s,pavdut,lts,3,34.99,3.7,52.1167,-168.7037,2015-07-30T04:32:01.550000Z,2015-07-29T20:32:01.550000Z,249.52800206533655,223.147485266019,3A,0.12574656252279984,7.952503670378141,22.552325993989548,34.601807536760276
936,229.8836004519103,0.132595563653535,7.541730450446635,0.41843903402771376,1.1097931148318385,4.730114888718845,2015-07-30T03:24:30.120000Z,-8.379129296366926,-0.006848531323214807,10,0.5,6,-1,peak,max mdccm,2015-07-30T03:24:33.116184Z,Taup,0.0,0.0,11,53.77933636363636,-166.21232727272726,us1000316f,pavdut,lts,3,33.7,3.9,52.0319,-168.682,2015-07-30T03:23:57.700000Z,2015-07-29T19:23:57.700000Z,255.75666758258902,221.50447115554337,3A,0.1257470323303202,7.95247395877413,22.55241489193613,35.41618410150143
937,239.49565396352267,0.15865649969896617,6.3029248842461145,0.7056878931103759,0.5212832364800746,2.8938462285401556,2015-07-30T03:23:31.400000Z,-17.510050140187474,-0.032898963076334775,10,0.5,6,-1,peak,max mdccm,2015-07-30T03:23:29.392348Z,Multiple triggers,29.492762176216406,0.07866666666666666,11,53.77933636363636,-166.21232727272726,us1000315r,pavdut,lts,3,31.25,3.1,52.047,-168.7023,2015-07-30T03:22:51.920000Z,2015-07-29T19:22:51.920000Z,255.3562155097106,221.9856038233352,3A,0.1257575366226314,7.951809703467421,22.554402550719672,35.43234773070203
938,241.86038081358777,0.1705252957579924,5.86423260874556,0.6608026753923334,0.5302852879241438,3.215947470126423,2015-07-30T02:14:07.480000Z,-11.192741363112702,-0.0448643004709566,10,0.5,6,-1,peak,max mdccm,2015-07-30T02:14:05.478575Z,Multiple triggers,33.82893068516341,0.11200000000000002,11,53.77933636363636,-166.21232727272726,us1000315m,pavdut,lts,3,40.2,3.8,52.155,-169.352,2015-07-30T02:13:26.220000Z,2015-07-29T18:13:26.220000Z,277.7582876661819,230.66763945047506,3A,0.1256609952870358,7.957918825294931,22.536135740359622,38.05857488452882
939,240.28547359060053,0.17498118402713786,5.714900179466781,0.5047896883463056,0.6669586961854801,3.115001829654858,2015-07-30T01:22:08.680000Z,-10.862328036018624,-0.049223647404506465,10,0.5,6,-1,peak,max mdccm,2015-07-30T01:22:06.672719Z,STA/LTA trigger,35.62996998930227,0.05,11,53.77933636363636,-166.21232727272726,us1000315k,pavdut,lts,3,20.45,3.0,52.0654,-169.3787,2015-07-30T01:21:26.050000Z,2015-07-29T17:21:26.050000Z,285.8397952012901,229.4231455545819,3A,0.1257575366226314,7.951809703467421,22.554402550719672,39.692719301938915
940,191.52100767724824,3.5926729255247767,0.2783442914870775,0.265198353493404,0.11391839717156219,19.8630621562005,2015-08-03T20:21:06.780000Z,-133.49000572892393,-3.4693924801423535,10,0.5,6,-1,peak,max mdccm,2015-08-03T20:21:04.773743Z,STA/LTA trigger,23.641016350389027,0.07,11,53.77933636363636,-166.21232727272726,ak0159vwkegy,pavdut,lts,3,13.7,3.0,57.0309,-155.2461,2015-08-03T20:19:20.663000Z,2015-08-03T12:19:20.663000Z,782.103733105632,58.031001948324295,3A,0.12328044538242326,8.111586528568587,22.08646375852304,102.13074260160968
941,241.35319222600305,0.1482323552561063,6.746165493169588,0.5956652600349944,0.6122028677910274,2.9449652350871247,2015-07-30T01:17:59.980000Z,-13.402994118500146,-0.022529439884517555,10,0.5,6,-1,peak,max mdccm,2015-07-30T01:17:57.980102Z,Multiple triggers,34.195672666932545,0.09,11,53.77933636363636,-166.21232727272726,us1000315j,pavdut,lts,3,36.5,3.7,52.026,-169.291,2015-07-30T01:17:17.130000Z,2015-07-29T17:17:17.130000Z,284.5318464634904,227.9501981075029,3A,0.12570291537158876,7.955264975708104,22.544067239962096,38.970102452156965
942,237.88743036280664,0.1641129357315898,6.093364886455515,0.3830600531679329,0.8250408832137617,3.7097114172997863,2015-07-29T23:38:32.500000Z,-6.230361538444413,-0.03835539910895841,10,0.5,6,-1,peak,max mdccm,2015-07-29T23:38:32.505193Z,Taup,0.0,0.0,11,53.77933636363636,-166.21232727272726,us10002xpk,pavdut,lts,3,27.3,3.0,52.228,-169.3218,2015-07-29T23:37:55.000000Z,2015-07-29T15:37:55.000000Z,270.84272850864585,231.65706882436223,3A,0.1257575366226314,7.951809703467421,22.554402550719672,37.5051932871495
943,240.49860981636385,0.15764128849019335,6.3435157729138245,0.7034219808108113,0.4935207493749014,2.742006587963033,2015-07-29T21:14:58.200000Z,-6.148117877068842,-0.031543396416809005,10,0.5,6,-1,peak,max mdccm,2015-07-29T21:14:56.210585Z,Multiple triggers,44.05275881575694,0.07454545454545455,11,53.77933636363636,-166.21232727272726,us10002w7j,pavdut,lts,3,24.7,4.0,52.359,-169.3517,2015-07-29T21:14:16.000000Z,2015-07-29T13:14:16.000000Z,263.1442800369825,234.350491939295,3A,0.12609789207338434,7.9303466819099295,22.618821312765405,36.63058491119276
944,240.850819241679,0.15429552272764438,6.4810694589314535,0.6650610241855751,0.5975990521443673,3.3121264864292925,2015-07-29T21:09:12.520000Z,-13.253205467595336,-0.028537986105012986,10,0.5,6,-1,peak,max mdccm,2015-07-29T21:09:10.519283Z,Multiple triggers,30.034552287193844,0.065,11,53.77933636363636,-166.21232727272726,us10002xpd,pavdut,lts,3,15.5,3.9,51.9703,-169.3455,2015-07-29T21:08:28.000000Z,2015-07-29T13:08:28.000000Z,291.5519364282942,227.59761377408367,3A,0.1257575366226314,7.951809703467421,22.554402550719672,40.729283424520894
945,234.76846072168712,0.15019464041313005,6.65802719224447,0.7307203889284393,0.5153621965337662,2.648765569059208,2015-07-29T19:24:25.300000Z,-12.218603548462056,-0.022859560543138563,10,0.5,6,-1,peak,max mdccm,2015-07-29T19:24:23.291566Z,Multiple triggers,26.54123449143815,0.0690909090909091,11,53.77933636363636,-166.21232727272726,us10002xnr,pavdut,lts,3,18.7,3.6,52.0911,-168.6893,2015-07-29T19:23:44.900000Z,2015-07-29T11:23:44.900000Z,251.03660523371198,222.54985717322506,3A,0.12733507986999149,7.853295423547032,22.853237952955492,35.39156597641013
946,232.40440314624232,0.15286268229136632,6.541819003894844,0.74457633314443,0.4661294585854625,2.4266500009173626,2015-07-29T19:22:37.920000Z,-10.403298666239465,-0.02616048172200411,10,0.5,6,-1,peak,max mdccm,2015-07-29T19:22:35.922449Z,Multiple triggers,35.64112837312543,0.09692307692307695,11,53.77933636363636,-166.21232727272726,us10002w5a,pavdut,lts,3,24.87,3.9,52.0908,-168.6439,2015-07-29T19:21:58.280000Z,2015-07-29T11:21:58.280000Z,249.0487510376225,222.00110448000285,3A,0.1267022005693622,7.8925227463003464,22.733272692867487,34.84244894849146
947,162.17896540043776,0.4961004042112564,2.015720994200533,0.2621283613402309,0.8130764843501432,30.832683143974947,2015-07-29T19:02:49.960000Z,68.0741080395023,-0.37035825626519436,10,0.5,6,-1,peak,max mdccm,2015-07-29T19:02:49.953597Z,Taup,0.0,0.0,11,53.77933636363636,-166.21232727272726,us10002xnp,pavdut,lts,3,26.8,3.1,52.0665,-169.4664,2015-07-29T19:02:10.000000Z,2015-07-29T11:02:10.000000Z,290.17511539087405,230.25307343994007,3A,0.125742147946062,7.952782868230922,22.551490661485182,39.95359693116699
948,223.1517532153954,0.1465834494688628,6.822052582494449,0.48294660489244606,1.2512698806063565,5.596814298490102,2015-07-29T17:18:45.900000Z,4.56064708478749,-0.020825912846231392,10,0.5,6,-1,peak,max mdccm,2015-07-29T17:18:45.899698Z,Taup,0.0,0.0,11,53.77933636363636,-166.21232727272726,us10002w0g,pavdut,lts,3,21.75,3.9,52.0239,-169.27,2015-07-29T17:18:06.550000Z,2015-07-29T09:18:06.550000Z,283.66990841700255,227.71240030018288,3A,0.1257575366226314,7.951809703467421,22.554402550719672,39.349698340906734
949,241.17830371772965,0.15773186318257368,6.339873122797681,0.6348901774865443,0.7545979662164735,3.1906796925940455,2015-07-29T16:53:22.120000Z,-10.577153307196227,-0.03363076320897418,10,0.5,6,-1,peak,max mdccm,2015-07-29T16:53:20.125080Z,Multiple triggers,22.86622966035878,0.025714285714285714,11,53.77933636363636,-166.21232727272726,us10002xrg,pavdut,lts,3,59.9,3.7,52.131,-169.3884,2015-07-29T16:52:38.000000Z,2015-07-29T08:52:38.000000Z,281.39640282465285,230.60115041053342,3A,0.1241010999735995,8.05794630517162,22.241317293714545,38.505080114505816
950,239.71172934644716,0.15956209557093315,6.267152586721018,0.7599119360416033,0.5059352914094895,2.829190668322383,2015-07-29T16:05:43.540000Z,-10.724977774855603,-0.03381601934095571,10,0.5,6,-1,peak,max mdccm,2015-07-29T16:05:41.531505Z,Multiple triggers,47.0431606502698,0.15000000000000002,11,53.77933636363636,-166.21232727272726,us200031d8,pavdut,lts,3,29.0,5.2,52.0523,-169.355,2015-07-29T16:05:02.440000Z,2015-07-29T08:05:02.440000Z,285.6568983575219,228.98675157159155,3A,0.12574607622997744,7.952534424780751,22.552233976720498,39.31150464936508
951,239.1870856960677,0.15278927231396083,6.544962122374261,0.7176009709156433,0.7336768335611237,2.98102761476423,2015-07-29T14:42:50.040000Z,-11.371057479440424,-0.02704763008195779,10,0.5,6,-1,peak,max mdccm,2015-07-29T14:42:48.046919Z,Multiple triggers,26.65718674386101,0.046,11,53.77933636363636,-166.21232727272726,us2000319m,pavdut,lts,3,27.0,4.1,51.9378,-169.4216,2015-07-29T14:42:04.190000Z,2015-07-29T06:42:04.190000Z,297.8118823691562,227.81602821662727,3A,0.12574164223200304,7.952814853132925,22.551394969872785,40.9069194841223
952,236.79860241846558,0.14462937548617,6.914224697704124,0.7672685077632353,0.8283679456519963,3.171130008048152,2015-07-29T14:33:13.060000Z,3.68563414053574,-0.019223275519314825,10,0.5,6,-1,peak,max mdccm,2015-07-29T14:33:11.069503Z,Multiple triggers,26.319773743860367,0.06499999999999999,11,53.77933636363636,-166.21232727272726,us2000319j,pavdut,lts,3,45.29,4.1,52.5071,-169.7426,2015-07-29T14:32:33.540000Z,2015-07-29T06:32:33.540000Z,275.3619699510091,240.48423655900132,3A,0.12540609996685517,7.9740937662864875,22.487918009061545,37.729502791686365
953,243.21221919626805,0.14735768025057214,6.786208891857996,0.5052501169070345,0.680939646276987,3.6119030249412845,2015-07-29T14:10:28.300000Z,-13.763484285704834,-0.021612921079061542,10,0.5,6,-1,peak,max mdccm,2015-07-29T14:10:26.301094Z,Multiple triggers,30.75243720050104,0.06222222222222223,11,53.77933636363636,-166.21232727272726,us2000319b,pavdut,lts,3,21.04,3.7,51.9973,-169.4993,2015-07-29T14:09:42.610000Z,2015-07-29T06:09:42.610000Z,297.0605045694917,229.44873491056322,3A,0.1257447591715106,7.952617720123363,22.55198476067648,41.07109382597442
954,237.36934826182676,0.1597243980422927,6.260784277522928,0.5984581818958671,0.5237489074630979,2.8914027799387725,2015-07-29T13:27:16.140000Z,-7.193549269326724,-0.03397742159214895,10,0.5,6,-1,peak,max mdccm,2015-07-29T13:27:14.138742Z,Multiple triggers,22.86584086436531,0.03,11,53.77933636363636,-166.21232727272726,us10002xr5,pavdut,lts,3,20.92,3.1,52.0327,-169.5179,2015-07-29T13:26:30.780000Z,2015-07-29T05:26:30.780000Z,295.32006469536833,230.17579899250003,3A,0.12574697645014374,7.952477492740995,22.552404318171053,40.85874229967131
955,207.02259271272874,0.05131054884971706,19.48916981825491,0.2840829698763249,10.742935704698944,49.743831450349234,2015-07-29T13:05:03.840000Z,21.025875578009618,0.07556247423824819,10,0.5,6,-1,peak,max mdccm,2015-07-29T13:05:03.837592Z,Taup,0.0,0.0,11,53.77933636363636,-166.21232727272726,us10002xnb,pavdut,lts,3,8.32,3.0,52.0634,-169.2392,2015-07-29T13:04:24.080000Z,2015-07-29T05:04:24.080000Z,279.08071694371597,228.04846829073836,3A,0.12687302308796525,7.881896211353512,22.765642513945476,39.75759187768932
956,237.64967794535767,0.16756430918307993,5.967857981662461,0.692706044163754,0.35898485381663425,1.8348382024388457,2015-07-29T08:21:50.200000Z,-4.6413666782363805,-0.04090574658301255,10,0.5,6,-1,peak,max mdccm,2015-07-29T08:21:48.206529Z,Multiple triggers,29.96779776030582,0.09090909090909091,11,53.77933636363636,-166.21232727272726,us10002xn8,pavdut,lts,3,21.4,3.0,52.3327,-169.2616,2015-07-29T08:21:09.000000Z,2015-07-29T00:21:09.000000Z,260.19201929473695,233.0083112671213,3A,0.1266585626000674,7.895241975527267,22.725004794007745,36.40652932379056
957,237.57667937702212,0.16767944727543357,5.96376011639268,0.798916487914842,0.3420459531520397,1.9755166212852089,2015-07-29T07:41:47.940000Z,-1.479738845316632,-0.04204033110269062,10,0.5,6,-1,peak,max mdccm,2015-07-29T07:41:45.947752Z,Multiple triggers,30.51312429666594,0.06799999999999999,11,53.77933636363636,-166.21232727272726,us2000317m,pavdut,lts,3,41.84,4.9,52.4304,-169.3919,2015-07-29T07:41:08.410000Z,2015-07-28T23:41:08.410000Z,260.50580477537954,236.09694053170549,3A,0.12563911617274295,7.959304637459294,22.531996278271787,35.87775186819874
958,244.2900576090537,0.1617285518459781,6.183200112694685,0.764818218834187,0.6353489808784403,2.826440146755374,2015-07-29T06:35:42.740000Z,-9.843399276508876,-0.03564551160828877,10,0.5,6,-1,peak,max mdccm,2015-07-29T06:35:40.750541Z,Multiple triggers,31.139608023583392,0.10500000000000001,11,53.77933636363636,-166.21232727272726,us10002xn6,pavdut,lts,3,25.5,3.0,52.3753,-169.3282,2015-07-29T06:35:03.000000Z,2015-07-28T22:35:03.000000Z,260.7654571484699,234.4466583325448,3A,0.12608304023768932,7.931280829799308,22.616009690469994,36.30054134033195
959,122.95000809941837,0.11349387561039474,8.811048125916773,0.5768161379038745,2.8485173671048916,27.19570330292325,2015-07-29T04:59:29.760000Z,117.0267035197852,0.012083745301126478,10,0.5,6,-1,peak,max mdccm,2015-07-29T04:59:32.752966Z,Taup,0.0,0.0,11,53.77933636363636,-166.21232727272726,us10002xqt,pavdut,lts,3,25.9,3.1,51.936,-171.089,2015-07-29T04:58:40.580000Z,2015-07-28T20:58:40.580000Z,387.1440325797953,239.97671161920357,3A,0.12557762091152122,7.963202302618669,22.520362225619664,52.17296643764316
960,241.33880803774935,0.14617448242910072,6.841139324608396,0.7178452527995354,0.6298925132489388,2.57477906826108,2015-07-29T04:45:47.960000Z,-8.16586329220803,-0.020429044207917718,10,0.5,6,-1,peak,max mdccm,2015-07-29T04:45:45.964551Z,Multiple triggers,28.92209670830432,0.049090909090909095,11,53.77933636363636,-166.21232727272726,us10002xp1,pavdut,lts,3,36.1,3.1,52.4275,-169.089,2015-07-29T04:45:10.210000Z,2015-07-28T20:45:10.210000Z,244.41578179526653,233.17294474554132,3A,0.125745438221183,7.95257477445047,22.552113251554655,33.93455074132368
961,237.50492898461738,0.16733773755409798,5.975938330567627,0.6445851240051523,0.4087479015459472,2.4533966753191976,2015-07-28T23:57:08.460000Z,-9.199367921817128,-0.04160630720009659,10,0.5,6,-1,peak,max mdccm,2015-07-28T23:57:06.470552Z,Multiple triggers,27.41811325014747,0.060000000000000005,11,53.77933636363636,-166.21232727272726,us10002xig,pavdut,lts,3,33.0,3.8,52.0469,-169.293,2015-07-28T23:56:25.790000Z,2015-07-28T15:56:25.790000Z,283.00500166132696,228.30556106280025,3A,0.1257314303540014,7.953460778935417,22.549462684477604,38.86055204862327
962,235.74976033689597,0.16286906781173613,6.139901292711527,0.4972451112438332,0.6824730160061199,2.94773315203156,2015-07-28T23:34:09.720000Z,-7.345690622479282,-0.03712288462504787,10,0.5,6,-1,peak,max mdccm,2015-07-28T23:34:07.715637Z,Multiple triggers,36.11240570451221,0.08285714285714287,11,53.77933636363636,-166.21232727272726,us10002xj0,pavdut,lts,3,25.6,3.7,52.05,-169.298,2015-07-28T23:33:28.020000Z,2015-07-28T15:33:28.020000Z,283.01124612156855,228.4040697144167,3A,0.12574618318668826,7.952527660544228,22.552254215271066,39.09563656133529
963,239.5278358572757,0.1693080395434262,5.906394065495678,0.7274306866590022,0.31804924058263095,2.030777652867812,2015-07-28T22:47:52.080000Z,-11.981795508049998,-0.04360099859294758,10,0.5,6,-1,peak,max mdccm,2015-07-28T22:47:50.086641Z,Multiple triggers,29.89117180911266,0.06714285714285716,11,53.77933636363636,-166.21232727272726,us10002xiy,pavdut,lts,3,35.8,3.9,52.003,-169.287,2015-07-28T22:47:09.140000Z,2015-07-28T14:47:09.140000Z,286.13696820199635,227.5460403492257,3A,0.1257070409504786,7.955003891897694,22.544847845733404,39.186640940166406
964,237.0538717923996,0.15277617156925402,6.545523360929987,0.6088065061640999,0.6893865478842898,3.2287762483346114,2015-07-28T23:18:59.500000Z,-7.024374400270261,-0.027045309652208804,10,0.5,6,-1,peak,max mdccm,2015-07-28T23:18:59.496853Z,Taup,0.0,0.0,11,53.77933636363636,-166.21232727272726,us10002xiz,pavdut,lts,3,33.74,4.0,52.1216,-169.3444,2015-07-28T23:18:21.050000Z,2015-07-28T15:18:21.050000Z,279.86680328938996,230.02949739212934,3A,0.12573086191704522,7.953496737020546,22.5493551259747,38.44685324330863
965,235.03263243883907,0.15831512603183584,6.316515831841036,0.7055607939629466,0.4696650988229045,2.4152135443615066,2015-07-28T21:47:31.940000Z,-5.213870309198569,-0.03256878501337754,10,0.5,6,-1,peak,max mdccm,2015-07-28T21:47:29.938343Z,Multiple triggers,34.411037532375836,0.08,11,53.77933636363636,-166.21232727272726,us10002xiv,pavdut,lts,3,29.9,4.0,52.103,-169.355,2015-07-28T21:46:49.660000Z,2015-07-28T13:46:49.660000Z,281.80184779501514,229.8187621296405,3A,0.1257463410184583,7.952517678850074,22.552284080501725,38.798342852361394
966,228.4995459716706,0.26226708862019193,3.812906931102487,0.4266743096211507,0.831292101122592,7.992048180283291,2015-07-28T22:44:36.760000Z,-1.5803005491411568,-0.1367167621644624,10,0.5,6,-1,peak,max mdccm,2015-07-28T22:44:39.770592Z,Taup,0.0,0.0,11,53.77933636363636,-166.21232727272726,us10002xic,pavdut,lts,3,42.4,3.6,51.966,-169.282,2015-07-28T22:44:00.340000Z,2015-07-28T14:44:00.340000Z,288.8171447247835,226.91924542252946,3A,0.12555032645572953,7.964933491053975,22.51519880606368,39.430592490910655
967,220.80142182411544,0.28109416245079494,3.5575267422177377,0.45499084021792857,0.5677974611945249,4.906557193663076,2015-07-28T21:43:03.820000Z,6.280979891055495,-0.15492527933481404,10,0.5,6,-1,peak,max mdccm,2015-07-28T21:43:06.825625Z,Taup,0.0,0.0,11,53.77933636363636,-166.21232727272726,us10002xkl,pavdut,lts,3,16.0,3.5,52.014,-169.222,2015-07-28T21:42:27.320000Z,2015-07-28T13:42:27.320000Z,282.12000433936754,227.08240171517093,3A,0.1261688831159809,7.925884539064587,22.632261523052428,39.50562516603334
968,230.03659828114576,0.15358530116006966,6.511039744342332,0.5353025600899123,0.8488175949813455,3.84719374495117,2015-07-28T21:42:14.420000Z,-3.275934035404532,-0.027837246507958907,10,0.5,6,-1,peak,max mdccm,2015-07-28T21:42:14.414276Z,Taup,0.0,0.0,11,53.77933636363636,-166.21232727272726,us10002xiu,pavdut,lts,3,28.1,3.4,51.9709,-169.258,2015-07-28T21:41:34.870000Z,2015-07-28T13:41:34.870000Z,287.27354010246546,226.76066424574122,3A,0.12574805465211075,7.95240930578654,22.55260833796877,39.54427647521132
969,237.7574809482711,0.14644579426690194,6.828465132822247,0.7268118277328817,1.0728067619552801,4.2651710629050115,2015-07-28T21:32:29.240000Z,-9.514794249196086,-0.020732144365061378,10,0.5,6,-1,peak,max mdccm,2015-07-28T21:32:27.247500Z,Multiple triggers,28.04767774259418,0.05888888888888889,11,53.77933636363636,-166.21232727272726,us10002xit,pavdut,lts,3,35.1,3.9,52.028,-169.318,2015-07-28T21:31:46.450000Z,2015-07-28T13:31:46.450000Z,285.70095519178614,228.24268669907502,3A,0.12571364990184056,7.954585685650028,22.54609834261489,39.147500373907135
970,153.0850345003668,0.13515679769304878,7.398813948456184,0.6159596627169767,2.2966363739793043,30.81728761721672,2015-07-28T21:31:45.260000Z,74.36649359588984,-0.009418619489160146,10,0.5,6,-1,peak,max mdccm,2015-07-28T21:31:45.265139Z,Taup,0.0,0.0,11,53.77933636363636,-166.21232727272726,us10002xkk,pavdut,lts,3,30.0,3.0,51.976,-169.321,2015-07-28T21:31:05.450000Z,2015-07-28T13:31:05.450000Z,289.91251452396034,227.45152809625662,3A,0.12573817820388863,7.95303394946972,22.550739505529922,39.81513896034344
971,231.97332206508497,0.1587870286872596,6.29774363981304,0.8041167806480957,0.5704495505121838,3.077375028410927,2015-07-28T21:22:16.860000Z,0.68283548241115,-0.03290804293506405,10,0.5,6,-1,peak,max mdccm,2015-07-28T21:22:14.856404Z,Multiple triggers,26.57536994358174,0.07142857142857142,11,53.77933636363636,-166.21232727272726,us20003122,pavdut,lts,3,20.0,5.3,52.2065,-169.4714,2015-07-28T21:21:35.550000Z,2015-07-28T13:21:35.550000Z,280.18099056923836,232.65615754749612,3A,0.12587898575219555,7.944137728981966,22.577385658756956,39.006403638728806
972,212.2730236587953,0.17067452520882004,5.859105210789375,0.5617896452458366,1.2851392244080597,7.448368353758724,2015-07-28T21:26:07.860000Z,14.785514480217358,-0.044931049857107885,10,0.5,6,-1,peak,max mdccm,2015-07-28T21:26:10.854650Z,Taup,0.0,0.0,11,53.77933636363636,-166.21232727272726,us10002xkh,pavdut,lts,3,25.5,3.0,51.99,-169.258,2015-07-28T21:25:31.410000Z,2015-07-28T13:25:31.410000Z,285.7572302249192,227.05853813901265,3A,0.12574347535171215,7.952698915016776,22.55174183454311,39.44465004337451
973,146.5931937739341,0.10149820160703632,9.852391314987353,0.6344619876445506,4.059114391694656,39.25081080105491,2015-07-28T21:21:46.200000Z,82.52812128909375,0.024209403157554127,10,0.5,6,-1,peak,max mdccm,2015-07-28T21:21:46.210274Z,Taup,0.0,0.0,11,53.77933636363636,-166.21232727272726,us10002xis,pavdut,lts,3,37.0,3.9,52.1019,-169.284,2015-07-28T21:21:08.030000Z,2015-07-28T13:21:08.030000Z,278.3278177008447,229.12131506302782,3A,0.12570760476459045,7.954968212724086,22.544954526026302,38.18027408802476
974,231.98197429620143,0.15828236773731402,6.317823104968985,0.728731866638816,0.5801298322057269,3.080852817779572,2015-07-28T20:49:56.760000Z,-4.0303888359349,-0.032137809289634944,10,0.5,6,-1,peak,max mdccm,2015-07-28T20:49:54.757102Z,Multiple triggers,30.70110078250744,0.08444444444444445,11,53.77933636363636,-166.21232727272726,us20003115,pavdut,lts,3,15.4,4.0,52.0313,-169.2824,2015-07-28T20:49:13.290000Z,2015-07-28T12:49:13.290000Z,283.6975073388774,227.95158546026653,3A,0.12614455844767908,7.927412900769474,22.627656165092386,39.74710202676519
975,231.34702650902318,0.1560279323892988,6.409108835108714,0.6288886796284994,0.5183026321912907,2.666472379688969,2015-07-28T20:44:49.040000Z,-3.77532126968552,-0.029821350792841816,10,0.5,6,-1,peak,max mdccm,2015-07-28T20:44:47.048193Z,Multiple triggers,27.557143259561975,0.08666666666666667,11,53.77933636363636,-166.21232727272726,us20003111,pavdut,lts,3,13.91,3.9,52.0112,-169.2763,2015-07-28T20:44:05.540000Z,2015-07-28T12:44:05.540000Z,284.97251456315314,227.57170523933766,3A,0.12620658159645698,7.923517041270319,22.63939923252279,40.01819284911353
976,242.00155519772875,0.15141002716105395,6.604582396226017,0.7678326086617288,0.5454578204785037,2.854074577572419,2015-07-28T13:00:47.960000Z,-5.836018129499394,-0.02569301207573982,10,0.5,6,-1,peak,max mdccm,2015-07-28T13:00:45.964551Z,Multiple triggers,30.055174639587705,0.065,11,53.77933636363636,-166.21232727272726,us10002xi6,pavdut,lts,3,36.21,3.7,52.3452,-169.5881,2015-07-28T13:00:07.200000Z,2015-07-28T05:00:07.200000Z,276.8829601480364,236.16553706822936,3A,0.12571701508531413,7.954372757906952,22.546735082088542,38.01455065609602
977,234.2366989934946,0.1573609528517536,6.354816629396485,0.6167576712685832,0.4848894165265807,2.7950222414702353,2015-07-28T11:20:27.680000Z,-2.843779545017213,-0.03157733615196154,10,0.5,6,-1,peak,max mdccm,2015-07-28T11:20:25.688085Z,Multiple triggers,39.266856620582026,0.13185185185185183,11,53.77933636363636,-166.21232727272726,us200030sa,pavdut,lts,3,23.1,3.9,52.198,-169.35,2015-07-28T11:19:46.900000Z,2015-07-28T03:19:46.900000Z,274.4868110700436,231.3929194484774,3A,0.12578361669979207,7.9501609687905646,22.55933763760146,38.12808511016269
978,230.20296422785748,0.13329409091181868,7.502208036075317,0.5312601023461422,1.2549315705315314,5.395323024418701,2015-07-28T08:31:23.760000Z,-5.110815569585071,-0.007549540552150735,10,0.5,6,-1,peak,max mdccm,2015-07-28T08:31:23.756190Z,Taup,0.0,0.0,11,53.77933636363636,-166.21232727272726,us10002xi3,pavdut,lts,3,26.7,3.0,51.9142,-169.1772,2015-07-28T08:30:44.070000Z,2015-07-28T00:30:44.070000Z,288.0207549723948,225.0921486582724,3A,0.12574455035966794,7.952630926268324,22.55194524898567,39.68618952530924
979,232.3353403423538,0.15238351124629992,6.562389800715931,0.8072258899012066,1.0092073617413235,5.165922695520294,2015-07-28T04:55:35.340000Z,1.4562611521563724,-0.026654866724212384,10,0.5,6,-1,peak,max mdccm,2015-07-28T04:55:33.332804Z,Multiple triggers,25.57276344851311,0.05090909090909091,11,53.77933636363636,-166.21232727272726,us200030qg,pavdut,lts,3,35.4,3.9,52.286,-169.44,2015-07-28T04:54:54.480000Z,2015-07-27T20:54:54.480000Z,272.9116195582834,233.79160149451016,3A,0.12572864452208754,7.953637007709279,22.548935555741174,37.53280351249972
980,229.09452364617425,0.16870127718318184,5.927637399651482,0.48434529498559165,1.20938001409176,5.4319367764963715,2015-07-28T03:37:05.680000Z,-2.195943243607246,-0.04294374056055045,10,0.5,6,-1,peak,max mdccm,2015-07-28T03:37:05.675866Z,Taup,0.0,0.0,11,53.77933636363636,-166.21232727272726,us10002xi2,pavdut,lts,3,24.41,3.6,52.0029,-169.2212,2015-07-28T03:36:26.540000Z,2015-07-27T19:36:26.540000Z,282.96099368618104,226.898580402567,3A,0.1257575366226314,7.951809703467421,22.554402550719672,39.13586564799038
981,214.3810877819452,0.2101873503837553,4.757660240610211,0.36944946809946905,2.601407937597126,18.691946800609315,2015-07-28T03:05:58.500000Z,12.750431044607552,-0.0844436083371109,10,0.5,6,-1,peak,max mdccm,2015-07-28T03:05:58.501547Z,Taup,0.0,0.0,11,53.77933636363636,-166.21232727272726,us10002xji,pavdut,lts,3,26.83,3.1,51.9753,-169.289,2015-07-28T03:05:18.770000Z,2015-07-27T19:05:18.770000Z,288.41765624653635,227.13151882655276,3A,0.1257437420466444,7.95268204781954,22.551792298886763,39.731546631479986
982,155.23237309803443,0.3535514825721849,2.828442388997278,0.34764550650029447,0.47553866404433065,18.898577935380814,2015-07-28T03:03:37.680000Z,74.45581232422705,-0.2277939459495535,10,0.5,6,-1,peak,max mdccm,2015-07-28T03:03:40.684469Z,Taup,0.0,0.0,11,53.77933636363636,-166.21232727272726,us10002xi0,pavdut,lts,3,26.5,3.0,52.168,-169.227,2015-07-28T03:03:03.200000Z,2015-07-27T19:03:03.200000Z,270.4561178382463,229.68818542226148,3A,0.1257575366226314,7.951809703467421,22.554402550719672,37.484468761282976
983,63.64090830773148,0.030908285351649793,32.35378438573342,0.36743974650925953,5.811929336913733,79.24105124863641,2015-07-28T00:19:42.940000Z,169.20922912618994,0.09464613377675193,10,0.5,6,-1,peak,max mdccm,2015-07-28T00:19:45.941149Z,Taup,0.0,0.0,11,53.77933636363636,-166.21232727272726,us10002xhx,pavdut,lts,3,43.3,3.2,52.315,-169.28,2015-07-28T00:19:09.830000Z,2015-07-27T16:19:09.830000Z,262.4130290222994,232.8501374339214,3A,0.12555441912840173,7.964673859685671,22.515973023755265,36.11114885643527
984,147.02904944608886,0.1240484019233932,8.061369469455606,0.31148524850878706,5.406953377626079,44.24479182201509,2015-07-28T00:33:42.920000Z,80.63584430189968,0.001556846202841189,10,0.5,6,-1,peak,max mdccm,2015-07-28T00:33:45.925458Z,Taup,0.0,0.0,11,53.77933636363636,-166.21232727272726,us10002xhy,pavdut,lts,3,41.4,3.1,52.005,-169.296,2015-07-28T00:33:06.790000Z,2015-07-27T16:33:06.790000Z,286.4181858673266,227.66489374798854,3A,0.1256052481262344,7.961450774692083,22.52558879121948,39.13545800661693
985,235.60187180741417,0.14900753362935332,6.711070075741511,0.7571563493423428,0.8160639254533484,3.2211974047073966,2015-07-27T23:04:53.860000Z,-8.175430815655034,-0.023302329428150637,10,0.5,6,-1,peak,max mdccm,2015-07-27T23:04:51.854990Z,Multiple triggers,25.18382408560625,0.05666666666666667,11,53.77933636363636,-166.21232727272726,us200030m3,pavdut,lts,3,35.8,4.1,51.9917,-169.293,2015-07-27T23:04:11.000000Z,2015-07-27T15:04:11.000000Z,287.3170943056482,227.42644099175914,3A,0.12570520420120268,7.955120126923372,22.544500311636273,39.33499035185437
986,90.3971017479526,0.06584864657624995,15.186340980327397,0.5878032680243575,15.300326946467987,33.17200451031414,2015-07-27T23:01:03.040000Z,137.21968076697743,0.0598600736239385,10,0.5,6,-1,peak,max mdccm,2015-07-27T23:01:03.048752Z,Taup,0.0,0.0,11,53.77933636363636,-166.21232727272726,us10002wp3,pavdut,lts,3,35.8,3.0,52.0122,-169.2793,2015-07-27T23:00:24.000000Z,2015-07-27T15:00:24.000000Z,285.0400694051518,227.61678251493004,3A,0.12570872020018845,7.954897626891128,22.545165579866165,39.04875183009491
987,237.9415101144251,0.16854520054822486,5.933126524797577,0.38479378073727405,0.6522355626166556,3.027755764498295,2015-07-27T21:51:45.960000Z,-6.566720234469045,-0.042836387945067916,10,0.5,6,-1,peak,max mdccm,2015-07-27T21:51:43.963472Z,Multiple triggers,27.670278967823606,0.04,11,53.77933636363636,-166.21232727272726,us10002wnt,pavdut,lts,3,37.7,3.2,52.2078,-169.3298,2015-07-27T21:51:04.000000Z,2015-07-27T13:51:04.000000Z,272.7293099307265,231.37478987995607,3A,0.12570881260315694,7.954891779598966,22.545183063634383,37.46347154123771
988,240.5999882521977,0.1586600208086593,6.302785004711296,0.845704637166236,0.38233901445205065,2.152928219304613,2015-07-27T20:15:03.500000Z,-8.210910760821946,-0.03296886744475602,10,0.5,6,-1,peak,max mdccm,2015-07-27T20:15:01.506574Z,Multiple triggers,27.06620947460285,0.04833333333333334,11,53.77933636363636,-166.21232727272726,us200030iy,pavdut,lts,3,39.13,4.6,52.2432,-169.371,2015-07-27T20:14:22.750000Z,2015-07-27T12:14:22.750000Z,272.30136986243383,232.38907749137576,3A,0.12569115336390327,7.956009418616617,22.541841760497146,37.38657376180211
989,239.45435219515844,0.15895653281442118,6.291028008062314,0.7585027979973686,0.3838247413139273,2.1381525431996806,2015-07-27T19:10:49.060000Z,-8.344290772063772,-0.03319899619178979,10,0.5,6,-1,peak,max mdccm,2015-07-27T19:10:47.064225Z,Multiple triggers,24.694664816034262,0.05142857142857143,11,53.77933636363636,-166.21232727272726,us10002wnf,pavdut,lts,3,25.02,3.9,52.213,-169.2923,2015-07-27T19:10:05.030000Z,2015-07-27T11:10:05.030000Z,270.4202016524659,231.11006142309466,3A,0.1257575366226314,7.951809703467421,22.554402550719672,37.534225056595226
990,240.79706808810698,0.15294301584502204,6.538382903429244,0.48437173122269656,0.7673581257704236,3.8115294102195776,2015-07-27T18:47:59.520000Z,-10.189572741490082,-0.026620660399928386,10,0.5,6,-1,peak,max mdccm,2015-07-27T18:47:57.523020Z,Multiple triggers,29.461314196805862,0.06666666666666667,11,53.77933636363636,-166.21232727272726,us200030mj,pavdut,lts,3,16.11,3.0,52.1485,-169.3574,2015-07-27T18:47:14.930000Z,2015-07-27T10:47:14.930000Z,278.51625835161246,230.6074953466169,3A,0.12632235544509365,7.916255174917575,22.661321801086743,39.043020114084605
991,232.36737240604657,0.1339019373386663,7.468151842125994,0.34390562576900496,1.6637628564293658,5.636725973264959,2015-07-27T15:00:57.480000Z,0.40186888775659213,-0.008171265573049563,10,0.5,6,-1,peak,max mdccm,2015-07-27T15:00:55.483896Z,Multiple triggers,24.014201294254786,0.07,11,53.77933636363636,-166.21232727272726,us200030dy,pavdut,lts,3,35.0,4.4,52.2493,-169.4004,2015-07-27T15:00:16.630000Z,2015-07-27T07:00:16.630000Z,273.4047096473306,232.76924129380316,3A,0.12573067176561672,7.953508765658785,22.549319145920773,37.60389561220739
992,258.15884154968535,1.7525794749755517,0.5705875335633209,0.316232685088401,1.79578401541971,62.41476019879147,2015-07-27T14:34:22.420000Z,-24.0356918623647,-1.6268361568777767,10,0.5,6,-1,peak,max mdccm,2015-07-27T14:34:20.418966Z,Multiple triggers,26.999318284959983,0.06799999999999999,11,53.77933636363636,-166.21232727272726,us10002wpm,pavdut,lts,3,35.0,4.3,52.3656,-169.3134,2015-07-27T14:33:44.660000Z,2015-07-27T06:33:44.660000Z,260.64079339447864,234.12314968732065,3A,0.12574331809777495,7.952708860620525,22.551712078768023,35.99896634101889
993,244.1378059370271,0.15690253003377538,6.373383525330895,0.3253194128247409,1.1814415805247394,5.27952121477756,2015-07-27T14:23:36.100000Z,-12.547148076827995,-0.031324041826817084,10,0.5,6,-1,peak,max mdccm,2015-07-27T14:23:34.109096Z,STA/LTA trigger,23.38678876213792,0.04,11,53.77933636363636,-166.21232727272726,us200030e9,pavdut,lts,3,42.39,4.1,52.1928,-169.3809,2015-07-27T14:22:54.740000Z,2015-07-27T06:22:54.740000Z,276.46060201812384,231.59065786019912,3A,0.1255784882069583,7.963147305547752,22.52052629910673,37.87909567996129
994,82.60728262152247,3.1890640456554733,0.31357162655993703,0.29030139908624275,0.2873551439093911,33.376382479671264,2015-07-27T14:25:37.480000Z,147.81672569246007,-3.0632054122146704,10,0.5,6,-1,peak,max mdccm,2015-07-27T14:25:40.472390Z,Taup,0.0,0.0,11,53.77933636363636,-166.21232727272726,us10002wr9,pavdut,lts,3,20.17,3.1,52.1332,-169.3655,2015-07-27T14:25:01.490000Z,2015-07-27T06:25:01.490000Z,280.0674913469998,230.4240083139825,3A,0.12585863344080284,7.945422357301745,22.5735339075615,38.982390213398105
995,243.3314766969878,0.1657409664090677,6.0335113379988705,0.571155860895105,0.5596460008668944,3.45380572702868,2015-07-27T13:33:29.000000Z,-5.712229744900412,-0.040006508333081,10,0.5,6,-1,peak,max mdccm,2015-07-27T13:33:27.001698Z,Multiple triggers,27.33936524793818,0.076,11,53.77933636363636,-166.21232727272726,us10002wpk,pavdut,lts,3,35.0,3.3,52.4321,-169.5653,2015-07-27T13:32:48.490000Z,2015-07-27T05:32:48.490000Z,269.96725941374706,237.6192469520874,3A,0.1257344580759867,7.953269257307788,22.550035585383107,37.171698345953295
996,224.92240607730298,0.13476500702426286,7.4203238814061105,0.3379324973269878,2.308325608247125,8.50478366894913,2015-07-27T13:30:38.480000Z,6.608576131394898,-0.009045485164851486,10,0.5,6,-1,peak,max mdccm,2015-07-27T13:30:38.478676Z,Taup,0.0,0.0,11,53.77933636363636,-166.21232727272726,us10002wpj,pavdut,lts,3,35.0,3.8,52.1561,-169.4431,2015-07-27T13:29:59.750000Z,2015-07-27T05:29:59.750000Z,282.35107859882186,231.53098220869788,3A,0.12571952185941138,7.954214152343596,22.547209400489596,38.72867603758273
997,242.92385182917434,0.1698709454020433,5.886821890778571,0.4593815418918167,0.477781741232679,3.111377991867073,2015-07-27T12:45:27.900000Z,-6.9275025452566865,-0.04413018818280892,10,0.5,6,-1,peak,max mdccm,2015-07-27T12:45:25.906111Z,Multiple triggers,33.45100721834044,0.07,11,53.77933636363636,-166.21232727272726,us10002wq5,pavdut,lts,3,37.38,3.3,52.489,-169.2509,2015-07-27T12:44:52.670000Z,2015-07-27T04:44:52.670000Z,248.92238603993005,235.99634928391765,3A,0.1257407572192344,7.952870828163197,22.551227507219618,34.47611130571868
998,239.7902142089623,0.18518892444600016,5.3998909653562635,0.3289911646960412,1.057642572154665,6.6216826035119425,2015-07-27T12:19:56.140000Z,8.17853514737422,-0.06174658944772818,10,0.5,6,-1,peak,max mdccm,2015-07-27T12:19:56.143458Z,Taup,0.0,0.0,11,53.77933636363636,-166.21232727272726,us200030d0,pavdut,lts,3,63.97,4.3,52.8534,-169.7741,2015-07-27T12:19:20.410000Z,2015-07-27T04:19:20.410000Z,258.74116916865,247.96874935633653,3A,0.12344233499827198,8.100948511821318,22.11699805745609,35.73345753461015
999,246.0255719042334,0.1583644543270938,6.314548326195412,0.42548004700998193,0.5184017573451167,3.0030674004958655,2015-07-27T11:57:36.020000Z,-10.451941896155404,-0.03263825140337881,10,0.5,6,-1,peak,max mdccm,2015-07-27T11:57:34.011187Z,Multiple triggers,41.53290660332853,0.085,11,53.77933636363636,-166.21232727272726,us200030pm,pavdut,lts,3,35.53,3.0,52.3392,-169.5315,2015-07-27T11:56:54.840000Z,2015-07-27T03:56:54.840000Z,274.1943843907493,235.573630008078,3A,0.125726202923715,7.9537914670560355,22.54847356374308,37.69118662789296
1000,232.31028312088677,0.16688111258539706,5.992289867364565,0.3597363954638503,0.6408779168969989,4.230697812976814,2015-07-27T11:45:59.840000Z,-0.7934100128954071,-0.04114312299401557,10,0.5,6,-1,peak,max mdccm,2015-07-27T11:45:57.848662Z,Multiple triggers,28.50310833584939,0.06833333333333334,11,53.77933636363636,-166.21232727272726,us10002wq4,pavdut,lts,3,34.8,3.6,52.2426,-169.2796,2015-07-27T11:45:21.010000Z,2015-07-27T03:45:21.010000Z,267.59970724880077,231.51687310799136,3A,0.1257379895913815,7.953045879369965,22.55070381630936,36.87866205139457
1001,240.28083200213996,0.17962482914676714,5.567159087917205,0.3634032414724455,0.5268200571042958,2.7278390068142926,2015-07-27T11:39:52.080000Z,-8.182654682112286,-0.053910597517847714,10,0.5,6,-1,peak,max mdccm,2015-07-27T11:39:50.080723Z,Multiple triggers,24.132310516686008,0.076,11,53.77933636363636,-166.21232727272726,us10002wm3,pavdut,lts,3,37.5,3.0,52.2445,-169.3373,2015-07-27T11:39:10.460000Z,2015-07-27T03:39:10.460000Z,270.4514450137979,232.09817732002767,3A,0.12571423162891943,7.954548876787305,22.546208413251495,37.18072346735606
1002,225.04659484938065,0.16873348459225893,5.926505947627882,0.3733852222305394,1.1306643486505492,6.164066993384864,2015-07-27T10:55:03.540000Z,3.9526605246742292,-0.04155475426820121,10,0.5,6,-1,peak,max mdccm,2015-07-27T10:55:01.549435Z,Multiple triggers,34.376686817032436,0.07500000000000001,11,53.77933636363636,-166.21232727272726,us200030cv,pavdut,lts,3,11.7,4.6,52.1654,-169.1623,2015-07-27T10:54:26.000000Z,2015-07-27T02:54:26.000000Z,267.41782976165206,228.99925537405488,3A,0.12717873032405771,7.862950018858896,22.823591334790436,37.9694347985228
1003,97.33530738739717,0.7014252421157592,1.425668681360295,0.2664662871525316,1.7609630129389198,42.533447055465814,2015-07-27T11:12:31.720000Z,131.92340572850787,-0.5756677054931278,10,0.5,6,-1,peak,max mdccm,2015-07-27T11:12:29.720438Z,Multiple triggers,34.231458971034456,0.075,11,53.77933636363636,-166.21232727272726,us10002wm1,pavdut,lts,3,23.91,3.8,52.1055,-169.292,2015-07-27T11:11:55.940000Z,2015-07-27T03:11:55.940000Z,278.45243985285487,229.258713115905,3A,0.1257575366226314,7.951809703467421,22.554402550719672,38.590437929937565
1004,237.3091448052802,0.16759386868578627,5.966805395935171,0.7263235328405756,0.34683024650924166,2.012793409815856,2015-07-27T10:45:49.860000Z,-7.420776932278528,-0.04142906451862835,10,0.5,6,-1,peak,max mdccm,2015-07-27T10:45:47.855819Z,Multiple triggers,28.24329087864419,0.08421052631578949,11,53.77933636363636,-166.21232727272726,us200030ct,pavdut,lts,3,20.1,4.7,52.153,-169.274,2015-07-27T10:45:08.000000Z,2015-07-27T02:45:08.000000Z,273.952760252028,229.88836787300167,3A,0.12616480416715792,7.926140785468844,22.631489250183066,38.215818852629674
1005,242.8179991477312,0.16623654573744756,6.015524417713723,0.6150071398521157,0.4228195514796864,2.5051824838382117,2015-07-27T10:18:35.140000Z,-7.6119014267350735,-0.04047900911481617,10,0.5,6,-1,peak,max mdccm,2015-07-27T10:18:33.140822Z,Multiple triggers,24.136832855204617,0.03714285714285715,11,53.77933636363636,-166.21232727272726,us10002wlt,pavdut,lts,3,25.8,3.2,52.3131,-169.5447,2015-07-27T10:17:51.000000Z,2015-07-27T02:17:51.000000Z,276.6692469278874,235.20609772099613,3A,0.1257575366226314,7.951809703467421,22.554402550719672,38.290821595652034
1006,236.47734071720214,0.16511842916212452,6.056259165463183,0.746685741855954,0.49768068572071433,2.828847299041229,2015-07-27T09:36:38.540000Z,-4.873644511845669,-0.039360892539493125,10,0.5,6,-1,peak,max mdccm,2015-07-27T09:36:36.535003Z,Multiple triggers,29.673016937410875,0.0688888888888889,11,53.77933636363636,-166.21232727272726,us200030cg,pavdut,lts,3,25.9,3.8,52.2141,-169.3423,2015-07-27T09:35:56.000000Z,2015-07-27T01:35:56.000000Z,272.91414649888964,231.60369620535647,3A,0.1257575366226314,7.951809703467421,22.554402550719672,37.81500323267249
1007,235.47405439102715,0.16210640951328997,6.168787545183505,0.7505347533374694,0.4064504016217745,2.262326156065967,2015-07-27T08:41:55.340000Z,-3.4125100390372154,-0.036369942349959716,10,0.5,6,-1,peak,max mdccm,2015-07-27T08:41:53.347768Z,Multiple triggers,22.93156879158242,0.0425,11,53.77933636363636,-166.21232727272726,us10002wlc,pavdut,lts,3,34.3,3.7,52.2355,-169.3506,2015-07-27T08:41:11.000000Z,2015-07-27T00:41:11.000000Z,271.7924458092138,232.06154435198994,3A,0.12573646716333026,7.953142175539347,22.550415743118513,37.41776768522326
1008,238.87256796349266,0.17079946293848897,5.8548193465932385,0.7575288856738259,0.33398679370027384,2.005578419796109,2015-07-27T08:28:31.880000Z,-5.090124387628322,-0.045120917543372774,10,0.5,6,-1,peak,max mdccm,2015-07-27T08:28:29.874198Z,Multiple triggers,36.351924441576486,0.15,11,53.77933636363636,-166.21232727272726,us200030c5,pavdut,lts,3,39.86,5.0,52.2888,-169.4333,2015-07-27T08:27:52.580000Z,2015-07-27T00:27:52.580000Z,272.36007891742986,233.78244357586433,3A,0.1256785453951162,7.956807558968292,22.539456257294336,37.384198240077396
1009,223.59989590424004,0.026887322947623325,37.19224862765275,0.578171987860778,25.290514298669528,84.7410198017362,2015-07-27T08:26:58.240000Z,5.151040774801572,0.09883355778402522,10,0.5,6,-1,peak,max mdccm,2015-07-27T08:26:58.237367Z,Taup,0.0,0.0,11,53.77933636363636,-166.21232727272726,us10002wl9,pavdut,lts,3,35.5,3.1,52.0889,-169.2681,2015-07-27T08:26:20.000000Z,2015-07-27T00:26:20.000000Z,278.5334000925053,228.75093667904162,3A,0.12572088073164855,7.954128178074904,22.547466519715282,38.23736734949954
1010,234.35369989850153,0.13477924165922062,7.4195401880092655,0.8338986995754384,0.8971675412089106,3.2135650844803365,2015-07-27T08:13:10.960000Z,-3.3306374073095526,-0.009030646244542778,10,0.5,6,-1,peak,max mdccm,2015-07-27T08:13:08.965861Z,STA/LTA trigger,24.37213533445985,0.06,11,53.77933636363636,-166.21232727272726,us200030pe,pavdut,lts,3,25.6,3.9,52.149,-169.401,2015-07-27T08:12:26.270000Z,2015-07-27T00:12:26.270000Z,280.70708264628087,231.02306249119198,3A,0.12574859541467784,7.952375107668808,22.552710662389806,38.805860747568076
1011,236.393997737932,0.1747278646811494,5.723185605368904,0.7168838215701353,0.6622006396019873,3.0646030599151857,2015-07-27T08:03:18.700000Z,-5.673468450284332,-0.0489847819088535,10,0.5,6,-1,peak,max mdccm,2015-07-27T08:03:16.691264Z,Multiple triggers,23.948807311058207,0.03,11,53.77933636363636,-166.21232727272726,us10002wl3,pavdut,lts,3,31.6,4.0,52.1571,-169.3538,2015-07-27T08:02:37.000000Z,2015-07-27T00:02:37.000000Z,277.6943154515979,230.72052928764768,3A,0.1257430827722959,7.952723743944371,22.551667550215896,38.2312640374546
1012,235.7887178615033,0.12547983134374563,7.96940822513979,0.9051503536641927,0.5110006200635491,2.204531618765543,2015-07-27T07:44:12.780000Z,-3.399473416029821,0.00020800883346852594,10,0.5,6,-1,peak,max mdccm,2015-07-27T07:44:10.774040Z,Multiple triggers,24.64940711337413,0.043333333333333335,11,53.77933636363636,-166.21232727272726,us200030bx,pavdut,lts,3,39.58,5.7,52.2564,-169.3455,2015-07-27T07:43:31.050000Z,2015-07-26T23:43:31.050000Z,270.02315638514926,232.38924444547348,3A,0.12568784017721416,7.956219142520434,22.54121488174008,37.094040127030354
1013,231.87969168859502,0.13831954084434966,7.229636491674704,0.6252475768416278,0.9731854637615815,3.441641957129349,2015-07-27T07:59:43.280000Z,-2.3636050492344225,-0.012624811955320475,10,0.5,6,-1,peak,max mdccm,2015-07-27T07:59:43.288638Z,Taup,0.0,0.0,11,53.77933636363636,-166.21232727272726,us10002wl0,pavdut,lts,3,38.0,3.7,52.1083,-169.3139,2015-07-27T07:59:05.000000Z,2015-07-26T23:59:05.000000Z,279.33559475825734,229.5160866393606,3A,0.1256947288890292,7.955783101158202,22.542518278767673,38.28863759506552
1014,238.25932771146836,0.1991673403280409,5.020903519386955,0.7629912903053909,0.5930798399102764,3.9394037234702637,2015-07-27T07:41:39.820000Z,2.0769550960529273,-0.07343994262672007,10,0.5,6,-1,peak,max mdccm,2015-07-27T07:41:42.824354Z,Taup,0.0,0.0,11,53.77933636363636,-166.21232727272726,us100032cb,pavdut,lts,3,35.0,5.6,52.4977,-169.7473,2015-07-27T07:41:04.870000Z,2015-07-26T23:41:04.870000Z,276.19213117467285,240.3362828075213,3A,0.12572739770132083,7.953715882799144,22.548699635822647,37.954353969463234
1015,242.15976531539866,0.15409325723628722,6.489576623502714,0.7917078848894645,0.42101361467297327,2.3180870708198995,2015-07-27T07:41:22.120000Z,-10.439138275992946,-0.028346276548113475,10,0.5,6,-1,peak,max mdccm,2015-07-27T07:41:25.122397Z,Taup,0.0,0.0,11,53.77933636363636,-166.21232727272726,us100032ca,pavdut,lts,3,35.0,5.5,52.3581,-169.0816,2015-07-27T07:40:50.590000Z,2015-07-26T23:40:50.590000Z,248.97787228729953,231.7206270394057,3A,0.12574698068817375,7.952477224719941,22.55240512010002,34.53239740958815
1016,232.04199905252835,0.15967543882028754,6.26270394112075,0.642615012706683,0.7845488520381099,3.9655105233339043,2015-07-27T07:31:48.300000Z,-1.8346789930636191,-0.03391790219765614,10,0.5,6,-1,peak,max mdccm,2015-07-27T07:31:46.305932Z,STA/LTA trigger,23.493566195287485,0.04,11,53.77933636363636,-166.21232727272726,us10002wkq,pavdut,lts,3,22.1,4.0,52.1359,-169.3377,2015-07-27T07:31:06.000000Z,2015-07-26T23:31:06.000000Z,278.45537393154865,230.20732005946473,3A,0.1257575366226314,7.951809703467421,22.554402550719672,38.675931855974724
1017,235.86320173056265,0.14696511099850684,6.804336030543738,0.865776543661197,0.5450829279243599,2.7511917059279085,2015-07-27T07:41:10.400000Z,-3.456703579211677,-0.021230668011926496,10,0.5,6,-1,peak,max mdccm,2015-07-27T07:41:08.393486Z,Multiple triggers,31.158955760297022,0.08823529411764706,11,53.77933636363636,-166.21232727272726,us200030bu,pavdut,lts,3,35.0,5.9,52.2572,-169.3458,2015-07-27T07:40:31.120000Z,2015-07-26T23:40:31.120000Z,269.9814796948923,232.40649815135097,3A,0.12573444298658035,7.953270211780634,22.550032730182906,37.1734863148333
1018,233.44152252254037,0.16364804396821675,6.1106749323213245,0.8164449738212217,0.5001447749328438,2.789804015293015,2015-07-27T07:22:09.480000Z,-0.6041577602802022,-0.037904256599639696,10,0.5,6,-1,peak,max mdccm,2015-07-27T07:22:07.488565Z,Multiple triggers,29.781380772273444,0.07666666666666669,11,53.77933636363636,-166.21232727272726,us200030bp,pavdut,lts,3,35.0,4.7,52.3275,-169.254,2015-07-27T07:21:31.980000Z,2015-07-26T23:21:31.980000Z,260.1604422971245,232.83736476226017,3A,0.12574378736857705,7.952679181428064,22.55180087476053,35.93856528146151
1019,236.42728048901165,0.1625581468244825,6.1516449315808295,0.6942972225736023,0.4293478407817033,2.404787166638215,2015-07-27T07:11:46.540000Z,-4.077596008240022,-0.03683506847462989,10,0.5,6,-1,peak,max mdccm,2015-07-27T07:11:44.546061Z,Multiple triggers,28.338867032310127,0.06000000000000001,11,53.77933636363636,-166.21232727272726,us10002wkh,pavdut,lts,3,36.8,3.6,52.2613,-169.3318,2015-07-27T07:11:06.000000Z,2015-07-26T23:11:06.000000Z,268.9565027303165,232.34968448077163,3A,0.1257230783498526,7.953989141255961,22.547882343405856,37.00606112782205
1020,236.3081677661139,0.16330106122119759,6.123658918820261,0.7237256888188576,0.5498593912283045,3.086366874902211,2015-07-27T07:02:00.460000Z,-6.331905779419344,-0.037597302055806026,10,0.5,6,-1,peak,max mdccm,2015-07-27T07:01:58.462920Z,Multiple triggers,24.74461415292367,0.05333333333333335,11,53.77933636363636,-166.21232727272726,us10002wkg,pavdut,lts,3,37.8,4.0,52.1477,-169.2925,2015-07-27T07:01:18.000000Z,2015-07-26T23:01:18.000000Z,275.2846354811119,229.97626198669457,3A,0.12570375916539156,7.955211575528741,22.544226894848887,37.782919975645775
1021,239.05413049825063,0.1621995519244175,6.165245144857025,0.7444539595555223,0.522800777384838,3.122595544816704,2015-07-27T06:59:57.160000Z,-7.534220702424648,-0.03644201530178612,10,0.5,6,-1,peak,max mdccm,2015-07-27T06:59:55.154028Z,Multiple triggers,23.478241957314125,0.02666666666666667,11,53.77933636363636,-166.21232727272726,us10002wke,pavdut,lts,3,28.3,3.9,52.289,-169.1926,2015-07-27T06:59:16.000000Z,2015-07-26T22:59:16.000000Z,259.7298381930228,231.51990979582598,3A,0.1257575366226314,7.951809703467421,22.554402550719672,36.0740279249874
1022,237.75650675053862,0.1531454324337863,6.5297409404120375,0.7704983989205991,0.45575694740849526,2.334122437746089,2015-07-27T06:58:32.400000Z,-6.842731703028647,-0.02740128746777476,10,0.5,6,-1,peak,max mdccm,2015-07-27T06:58:30.410746Z,Multiple triggers,27.032793334098177,0.054285714285714284,11,53.77933636363636,-166.21232727272726,us10002wkc,pavdut,lts,3,32.0,3.9,52.1809,-169.3308,2015-07-27T06:57:49.000000Z,2015-07-26T22:57:49.000000Z,274.75797256947334,230.91377504750997,3A,0.12574414496601155,7.9526565652046735,22.55186853982082,37.85074612912772
1023,202.97468687199557,0.15167034098564366,6.593246863568764,0.33893261960947324,2.9177985003458375,24.38146097271212,2015-07-27T06:54:32.100000Z,26.838077548503747,-0.024666613393994313,10,0.5,6,-1,peak,max mdccm,2015-07-27T06:54:32.108148Z,Taup,0.0,0.0,11,53.77933636363636,-166.21232727272726,us10002wk6,pavdut,lts,3,16.4,4.1,52.2148,-169.1568,2015-07-27T06:53:55.000000Z,2015-07-26T22:53:55.000000Z,263.3972857677982,229.81276442049932,3A,0.12700372759164935,7.873784643670185,22.79041539989382,37.108148076472595
1024,235.4485535233697,0.15379521557227743,6.5021528548789025,0.7501045048861132,0.5255373756536215,2.771277079966609,2015-07-27T06:53:17.480000Z,-0.673779584090255,-0.02803767894964604,10,0.5,6,-1,peak,max mdccm,2015-07-27T06:53:15.477019Z,Multiple triggers,23.80018401531179,0.06333333333333334,11,53.77933636363636,-166.21232727272726,us10002wk3,pavdut,lts,3,27.8,3.5,52.3217,-169.4769,2015-07-27T06:52:33.000000Z,2015-07-26T22:52:33.000000Z,272.4239504322628,234.77477393927944,3A,0.1257575366226314,7.951809703467421,22.554402550719672,37.6870185628934
1025,250.61631552996437,0.20542590010959166,4.8679353453800855,0.6624407587555758,0.6041345851994597,4.955184490672821,2015-07-27T06:47:55.500000Z,-15.914325400441356,-0.07865015323425123,10,0.5,6,-1,peak,max mdccm,2015-07-27T06:47:55.508831Z,Taup,0.0,0.0,11,53.77933636363636,-166.21232727272726,us10002wk1,pavdut,lts,3,20.2,3.2,52.385,-169.3356,2015-07-27T06:47:19.000000Z,2015-07-26T22:47:19.000000Z,260.4996326764003,234.701990129523,3A,0.12677574687534043,7.887944063806682,22.74720832740511,36.50883063221716
1026,236.9713806243928,0.17158511285301267,5.82801143626396,0.8432121130607092,0.3136009296931812,1.9328351572668794,2015-07-27T06:45:58.800000Z,-7.8647055976946945,-0.04497294554359446,10,0.5,6,-1,peak,max mdccm,2015-07-27T06:45:56.791721Z,Multiple triggers,26.543367720064623,0.06705882352941177,11,53.77933636363636,-166.21232727272726,us200030bf,pavdut,lts,3,14.2,4.9,52.1163,-169.2577,2015-07-27T06:45:14.760000Z,2015-07-26T22:45:14.760000Z,275.91765005525167,229.1066750266981,3A,0.1266121673094182,7.8981350785677105,22.716215025302542,38.85172053397081
1027,236.37801558647493,0.17375017478095242,5.755389893913512,0.5381299527506184,0.6290200901128755,4.568675885566904,2015-07-27T06:44:43.660000Z,-4.919129534345842,-0.048014630452163615,10,0.5,6,-1,peak,max mdccm,2015-07-27T06:44:43.666417Z,Taup,0.0,0.0,11,53.77933636363636,-166.21232727272726,us10002wjz,pavdut,lts,3,34.1,3.4,52.2046,-169.3447,2015-07-27T06:44:06.000000Z,2015-07-26T22:44:06.000000Z,273.731102334874,231.4588860521291,3A,0.1257355443287888,7.95320054753234,22.55024112505034,37.666416667703146
1028,234.39906578808075,0.1499206764098628,6.670194024913118,0.6661193703697811,0.5536020055077207,2.8354366750318434,2015-07-27T06:34:33.720000Z,-2.876155182830246,-0.024213901117257575,10,0.5,6,-1,peak,max mdccm,2015-07-27T06:34:33.722864Z,Taup,0.0,0.0,11,53.77933636363636,-166.21232727272726,us10002wjw,pavdut,lts,3,37.6,4.0,52.2005,-169.3592,2015-07-27T06:33:56.000000Z,2015-07-26T22:33:56.000000Z,274.7784819040129,231.5229106052505,3A,0.12570677529260524,7.955020703317854,22.544797580152903,37.722863683445965
1029,162.352677913291,0.09302496490871175,10.749802496365687,0.7266333546453141,5.196586796105015,31.546038496580735,2015-07-27T06:34:08.700000Z,67.20811426725075,0.03273257171391965,10,0.5,6,-1,peak,max mdccm,2015-07-27T06:34:11.693224Z,Taup,0.0,0.0,11,53.77933636363636,-166.21232727272726,us10002wju,pavdut,lts,3,27.2,3.0,52.1527,-169.2409,2015-07-27T06:33:34.000000Z,2015-07-26T22:33:34.000000Z,272.31063162436493,229.56079218054174,3A,0.1257575366226314,7.951809703467421,22.554402550719672,37.69322423306254
1030,227.0206287252846,0.14734900891391287,6.786608253227136,0.7078371414030176,0.8723115336607532,4.438444439965195,2015-07-27T06:32:13.000000Z,2.1070580764233284,-0.02164744772058591,10,0.5,6,-1,peak,max mdccm,2015-07-27T06:32:12.995105Z,Taup,0.0,0.0,11,53.77933636363636,-166.21232727272726,us10002wjt,pavdut,lts,3,36.6,3.7,52.0625,-169.3524,2015-07-27T06:31:34.000000Z,2015-07-26T22:31:34.000000Z,284.74691752126506,229.12768680170794,3A,0.12570156119332695,7.955350677482965,22.543811015217795,38.995105160134024
1031,229.89854670240106,0.15965294737565752,6.263586212705718,0.5446094460601089,0.37354844977889723,2.0307325870247155,2015-07-27T06:26:42.220000Z,3.500896546015241,-0.03453052155616809,10,0.5,6,-1,peak,max mdccm,2015-07-27T06:26:45.219750Z,Taup,0.0,0.0,11,53.77933636363636,-166.21232727272726,us200030bd,pavdut,lts,3,49.1,4.4,52.3272,-169.314,2015-07-27T06:26:09.000000Z,2015-07-26T22:26:09.000000Z,263.3454097668039,233.3994432484163,3A,0.12512242581948943,7.992172413941779,22.434276019901517,36.219750019245645
1032,223.49411395635167,0.1642456987733656,6.088439499288501,0.4685997719657266,0.580927574104551,3.469200522463666,2015-07-27T06:26:13.180000Z,5.111698560942841,-0.038330771242006983,10,0.5,6,-1,peak,max mdccm,2015-07-27T06:26:16.174428Z,Taup,0.0,0.0,11,53.77933636363636,-166.21232727272726,us10002wjp,pavdut,lts,3,22.1,4.2,52.1096,-169.2182,2015-07-27T06:25:38.000000Z,2015-07-26T22:25:38.000000Z,274.4704528963409,228.6058125172945,3A,0.1259149275313586,7.941870115050132,22.584188038122864,38.17442821902969
1033,242.66356144642316,0.17312525878651214,5.7761646510122535,0.8233556516001875,0.35103232562935816,2.1812034872854724,2015-07-27T06:20:13.700000Z,-10.853359930236934,-0.047052878532491904,10,0.5,6,-1,peak,max mdccm,2015-07-27T06:20:11.696209Z,Multiple triggers,24.048895060174488,0.03833333333333334,11,53.77933636363636,-166.21232727272726,us200030bc,pavdut,lts,3,23.85,5.0,52.2594,-169.2785,2015-07-27T06:19:32.190000Z,2015-07-26T22:19:32.190000Z,266.32166985133193,231.81020151618623,3A,0.12607238025402023,7.931951455069888,22.61399166912045,37.06620892146984
1034,221.76721452338438,0.13656990928179877,7.322257188709095,0.7031039130466763,0.7486778080984706,3.5674183398340062,2015-07-27T06:23:41.820000Z,8.850266587443997,-0.010812372659167374,10,0.5,6,-1,peak,max mdccm,2015-07-27T06:23:41.823405Z,Taup,0.0,0.0,11,53.77933636363636,-166.21232727272726,us10002wjk,pavdut,lts,3,23.9,4.2,52.1381,-169.3773,2015-07-27T06:23:03.000000Z,2015-07-26T22:23:03.000000Z,280.3030682848677,230.61748111082838,3A,0.1257575366226314,7.951809703467421,22.554402550719672,38.82340457967563
1035,238.99723661459882,0.1726742753596975,5.791250595474639,0.7712383571814848,0.0831320661065118,0.5175000584024758,2015-07-27T06:19:54.580000Z,-9.006038414019713,-0.04693077535962642,10,0.5,6,-1,peak,max mdccm,2015-07-27T06:19:52.575844Z,Multiple triggers,21.210806569019176,0.036000000000000004,11,53.77933636363636,-166.21232727272726,us200030c3,pavdut,lts,3,30.5,3.8,52.2,-169.201,2015-07-27T06:19:10.950000Z,2015-07-26T22:19:10.950000Z,266.7380295341545,229.9911982005791,3A,0.1257435000000711,7.952697356121268,22.55174649853518,36.88584425468997
1036,199.42838528621405,0.09839163474434295,10.1634656502899,0.613319862837498,2.037949655417332,9.595345994753927,2015-07-27T06:17:16.160000Z,32.972733905681736,0.02734626754735653,10,0.5,6,-1,peak,max mdccm,2015-07-27T06:17:16.153057Z,Taup,0.0,0.0,11,53.77933636363636,-166.21232727272726,us10002wjh,pavdut,lts,3,32.9,3.0,52.2143,-169.4281,2015-07-27T06:16:38.000000Z,2015-07-26T22:16:38.000000Z,277.35699912949866,232.4011191918958,3A,0.12573790229169948,7.953051401160638,22.55068729748426,38.15305704843875
1037,239.98082156762894,0.16193410087699073,6.175351544759714,0.8983993811214683,0.2470026836321706,1.400892582429094,2015-07-27T06:14:15.800000Z,-6.941579940012048,-0.036191642704246824,10,0.5,6,-1,peak,max mdccm,2015-07-27T06:14:13.799626Z,Multiple triggers,27.813074832924368,0.07,11,53.77933636363636,-166.21232727272726,us200030bb,pavdut,lts,3,32.52,5.1,52.2976,-169.3345,2015-07-27T06:13:33.760000Z,2015-07-26T22:13:33.760000Z,266.51254081326783,233.0392416276169,3A,0.1257424581727439,7.952763247448277,22.55154936285502,36.79962646240286
1038,274.32073268678914,0.1378837192415224,7.252487860792047,0.67463178542237,0.9411021218730942,5.864970857312912,2015-07-27T06:15:33.960000Z,-41.35222275039837,-0.012140056035197078,10,0.5,6,-1,peak,max mdccm,2015-07-27T06:15:33.952354Z,Taup,0.0,0.0,11,53.77933636363636,-166.21232727272726,us10002wjf,pavdut,lts,3,35.0,3.7,52.331,-169.2608,2015-07-27T06:14:58.000000Z,2015-07-26T22:14:58.000000Z,260.2701006998824,232.96850993639077,3A,0.12574366320632532,7.952687034090611,22.55177738062253,35.952354136311186
1039,230.5779944819518,0.15829705364475175,6.317236972989955,0.8472750580473574,0.42151467687141864,2.2703991778575983,2015-07-27T06:06:13.840000Z,2.116684156052031,-0.032412677539854245,10,0.5,6,-1,peak,max mdccm,2015-07-27T06:06:11.834067Z,Multiple triggers,29.98093575870008,0.04666666666666666,11,53.77933636363636,-166.21232727272726,us200030b9,pavdut,lts,3,21.86,5.4,52.2335,-169.4231,2015-07-27T06:05:32.550000Z,2015-07-26T22:05:32.550000Z,275.7215285571808,232.69467863800384,3A,0.1258843761048975,7.943797562031967,22.578405821237844,38.34406743756353
1040,238.495500844675,0.17485474425734773,5.719032699096914,0.7129422379501931,0.29233409477505834,1.8135161666385216,2015-07-27T06:04:21.840000Z,-6.469022743680824,-0.0483177624510672,10,0.5,6,-1,peak,max mdccm,2015-07-27T06:04:19.839868Z,Multiple triggers,26.248253303801647,0.06222222222222223,11,53.77933636363636,-166.21232727272726,us10002wki,pavdut,lts,3,22.1,4.2,52.297,-169.2292,2015-07-27T06:03:39.000000Z,2015-07-26T22:03:39.000000Z,261.0456451832523,232.02647810099418,3A,0.12653698180628054,7.902827977444029,22.70197203703484,36.479867519815684
1041,242.76509486773517,0.16983311338684157,5.888133238906274,0.7448265274296847,0.399428995948087,2.401765646203046,2015-07-27T06:02:54.900000Z,-9.443583971439011,-0.04409628036917207,10,0.5,6,-1,peak,max mdccm,2015-07-27T06:02:52.899531Z,Multiple triggers,26.601984200381466,0.04588235294117647,11,53.77933636363636,-166.21232727272726,us10002wjd,pavdut,lts,3,36.6,3.0,52.3538,-169.2523,2015-07-27T06:02:14.000000Z,2015-07-26T22:02:14.000000Z,258.21521007153274,233.32151089629616,3A,0.1257368330176695,7.953119034415892,22.550484969866687,35.659531215056276
1042,243.54864708318917,0.16990933286552784,5.885491886378218,0.7838589733379494,0.39463020793564363,2.4239965167016635,2015-07-27T05:51:18.960000Z,-12.463149405919609,-0.044181804614505465,10,0.5,6,-1,peak,max mdccm,2015-07-27T05:51:16.952004Z,Multiple triggers,24.39151875305983,0.05600000000000001,11,53.77933636363636,-166.21232727272726,us10002wjc,pavdut,lts,3,34.5,3.8,52.1625,-169.3829,2015-07-27T05:50:35.000000Z,2015-07-26T21:50:35.000000Z,278.78403918010537,231.08549767726956,3A,0.12572752825102237,7.9537076240251965,22.54872433805107,38.29200361452021
1043,241.18863818736935,0.3177754735205703,3.1468759653512652,0.33195983985432115,0.9028552957402429,10.829253605288784,2015-07-27T05:48:25.700000Z,-11.096948106009506,-0.19094110237190234,10,0.5,6,-1,peak,max mdccm,2015-07-27T05:48:28.694495Z,Taup,0.0,0.0,11,53.77933636363636,-166.21232727272726,us10002wjb,pavdut,lts,3,5.1,4.0,52.1002,-169.389,2015-07-27T05:47:48.000000Z,2015-07-26T21:47:48.000000Z,283.728450358263,230.09169008135984,3A,0.12683437114866794,7.8842981673150545,22.758317536781455,40.69449450934236
1044,237.14676100027822,0.17204353127866942,5.8124824140015985,0.6035129138016662,0.3304769505247003,1.8601528400432983,2015-07-27T05:32:50.920000Z,-4.561291472499079,-0.04631493452076224,10,0.5,6,-1,peak,max mdccm,2015-07-27T05:32:50.925778Z,Taup,0.0,0.0,11,53.77933636363636,-166.21232727272726,us200030by,pavdut,lts,3,37.4,4.4,52.3179,-169.2466,2015-07-27T05:32:15.000000Z,2015-07-26T21:32:15.000000Z,260.45492309212506,232.58546952777914,3A,0.12572859675790718,7.953640029288795,22.548926517929882,35.92577839136751
1045,238.30788440909407,0.17088814051076745,5.851781153514227,0.765650612952082,,,2015-07-27T05:32:30.540000Z,-5.4697023967921155,-0.0451565062171316,10,0.5,6,-1,peak,max mdccm,2015-07-27T05:32:28.547558Z,STA/LTA trigger,21.774116128832304,0.060000000000000005,11,53.77933636363636,-166.21232727272726,us200030bq,pavdut,lts,3,36.4,4.2,52.3034,-169.3016,2015-07-27T05:31:48.000000Z,2015-07-26T21:31:48.000000Z,264.37093440632316,232.83818201230196,3A,0.12573163429363585,7.953447878237092,22.54950127354741,36.437558194188604
1046,233.3228547322285,0.1873722316554614,5.336970111125069,0.5022717379949838,0.4759489163864292,3.047006842932859,2015-07-27T05:28:36.760000Z,-2.4147279350266047,-0.06162763261681278,10,0.5,6,-1,peak,max mdccm,2015-07-27T05:28:36.754321Z,Taup,0.0,0.0,11,53.77933636363636,-166.21232727272726,us200030b4,pavdut,lts,3,30.4,4.7,52.1875,-169.3181,2015-07-27T05:27:59.000000Z,2015-07-26T21:27:59.000000Z,273.6208240489054,230.9081267972019,3A,0.12574459903864862,7.952627847599576,22.551954460094574,37.75432096843982
1047,225.70353574775197,0.24122051280925205,4.145584421299866,0.40461552078437385,0.3294587879661357,2.7453821454458307,2015-07-27T05:28:12.300000Z,2.475054973977308,-0.11546297618662066,10,0.5,6,-1,peak,max mdccm,2015-07-27T05:28:12.303887Z,Taup,0.0,0.0,11,53.77933636363636,-166.21232727272726,us100032c8,pavdut,lts,3,33.94,3.5,52.3061,-168.8448,2015-07-27T05:27:38.760000Z,2015-07-26T21:27:38.760000Z,240.9154537314828,228.17859072172928,3A,0.1257575366226314,7.951809703467421,22.554402550719672,33.54388721242732
1048,235.59821134580363,0.1507307136304182,6.634347943524863,0.35907326171822423,1.6700139197432837,6.209085033513901,2015-07-27T05:27:33.880000Z,-4.61906109491207,-0.024499272236440356,10,0.5,6,-1,peak,max mdccm,2015-07-27T05:27:36.884397Z,Taup,0.0,0.0,11,53.77933636363636,-166.21232727272726,us10002wj4,pavdut,lts,3,17.5,4.1,52.1637,-169.3693,2015-07-27T05:26:58.000000Z,2015-07-26T21:26:58.000000Z,277.9985126256404,230.97915025089156,3A,0.12623144139397785,7.921956597793449,22.644106309821186,38.884396725753795
1049,243.55071112683038,0.19098627183449204,5.235978431301052,0.6617675609436033,0.2959741212112421,2.165130880165293,2015-07-27T05:24:43.480000Z,-13.870050356731554,-0.06432988237995546,10,0.5,6,-1,peak,max mdccm,2015-07-27T05:24:41.472177Z,STA/LTA trigger,22.643292024780738,0.045000000000000005,11,53.77933636363636,-166.21232727272726,us10002wk0,pavdut,lts,3,17.0,4.0,52.1712,-169.2206,2015-07-27T05:24:08.000000Z,2015-07-26T21:24:08.000000Z,269.8928591759441,229.68066077009883,3A,0.12665638945453658,7.895377440543186,22.724593070508636,37.892177390957904
1050,234.26362024193622,0.18874262839224237,5.298220166362278,0.3599724749609309,0.8527841945597139,6.1026211069960254,2015-07-27T05:24:32.520000Z,-0.08457351555725268,-0.06283131925423788,10,0.5,6,-1,peak,max mdccm,2015-07-27T05:24:35.517001Z,Taup,0.0,0.0,11,53.77933636363636,-166.21232727272726,us10002wj2,pavdut,lts,3,24.6,3.5,52.329,-169.395,2015-07-27T05:23:58.330000Z,2015-07-26T21:23:58.330000Z,267.5285231663471,234.17904672637897,3A,0.1259113091380045,7.942098345621637,22.583503201941927,37.18700103265546
1051,235.2206580357422,0.17146132374630746,5.832219057631857,0.5137721951216759,0.6067032844752287,3.622124606178886,2015-07-27T05:21:29.160000Z,-6.487352549371906,-0.04463266068718447,10,0.5,6,-1,peak,max mdccm,2015-07-27T05:21:29.163376Z,Taup,0.0,0.0,11,53.77933636363636,-166.21232727272726,us200030bm,pavdut,lts,3,11.0,3.2,52.1019,-169.2442,2015-07-27T05:20:50.000000Z,2015-07-26T21:20:50.000000Z,276.34986285987577,228.73330548637028,3A,0.126828663059123,7.884653010446351,22.75723582291581,39.16337630802504
1052,201.0924377740048,0.07104145538270945,14.076288198388834,0.6800395650131825,2.9359817294092787,9.05319792425081,2015-07-27T05:20:03.420000Z,29.376265222285667,0.055844432211241385,10,0.5,6,-1,peak,max mdccm,2015-07-27T05:20:06.419590Z,Taup,0.0,0.0,11,53.77933636363636,-166.21232727272726,us10002wp5,pavdut,lts,3,13.1,3.2,52.1841,-169.2784,2015-07-27T05:19:28.000000Z,2015-07-26T21:19:28.000000Z,271.8479707788175,230.46870299629046,3A,0.12688588759395084,7.881097094107998,22.768080569661965,38.419590333030904
1053,237.83252112654282,0.1496155097497446,6.6837990370961995,0.8564479345750272,0.47199535438185425,2.4495481934998224,2015-07-27T05:17:54.380000Z,-3.9667626972381242,-0.023879202568900165,10,0.5,6,-1,peak,max mdccm,2015-07-27T05:17:52.381474Z,Multiple triggers,29.253230565591355,0.06000000000000001,11,53.77933636363636,-166.21232727272726,us200030ax,pavdut,lts,3,36.32,4.7,52.3582,-169.301,2015-07-27T05:17:15.130000Z,2015-07-26T21:17:15.130000Z,260.4918925950949,233.8657584293047,3A,0.12573630718084444,7.95315229483968,22.550385471335254,35.95147448293688
1054,240.34374495718066,0.16530944662466537,6.049261070182499,0.5830388952342802,0.5909644635420346,3.785533730436839,2015-07-27T05:16:36.960000Z,-8.309936405665269,-0.03958173252593089,10,0.5,6,-1,peak,max mdccm,2015-07-27T05:16:34.963308Z,STA/LTA trigger,24.1617514314213,0.04,11,53.77933636363636,-166.21232727272726,us10002wjx,pavdut,lts,3,34.6,4.3,52.1978,-169.4195,2015-07-27T05:15:53.000000Z,2015-07-26T21:15:53.000000Z,278.0975870098883,232.0338085515154,3A,0.12572771409873448,7.953695867044047,22.54875950361313,38.20330773229487
1055,238.339806022544,0.17720142039401238,5.643295622441805,0.8041898201067239,0.22212365539149914,1.3138455709423624,2015-07-27T05:12:57.480000Z,-1.7092784020721297,-0.05179795531928566,10,0.5,6,-1,peak,max mdccm,2015-07-27T05:12:55.490212Z,Multiple triggers,27.552820398744977,0.045000000000000005,11,53.77933636363636,-166.21232727272726,us200030at,pavdut,lts,3,45.58,4.6,52.481,-169.3383,2015-07-27T05:12:18.360000Z,2015-07-26T21:12:18.360000Z,254.24175116088784,236.63052762047187,3A,0.12540346507472672,7.974261312509264,22.48741966273453,35.080211709122885
1056,247.19970813070552,0.23673504857992148,4.224131601968524,0.5162351488000188,0.3356356790603512,3.7064323525816576,2015-07-27T05:09:45.360000Z,-17.576427192713282,-0.1101485825745735,10,0.5,6,-1,peak,max mdccm,2015-07-27T05:09:45.357479Z,Taup,0.0,0.0,11,53.77933636363636,-166.21232727272726,us10002wp0,pavdut,lts,3,16.1,3.1,52.1499,-169.2522,2015-07-27T05:09:07.000000Z,2015-07-26T21:09:07.000000Z,273.0896556478032,229.62328093799223,3A,0.12658646600534798,7.899738665251562,22.7113460560215,38.35747881249887
1057,237.1432806204512,0.15600710822639616,6.409964336681433,0.45810951253178733,0.9547521051201984,3.6806494911776895,2015-08-01T14:41:08.200000Z,14.036140207808813,-0.03216942056024234,10,0.5,6,-1,peak,max mdccm,2015-08-01T14:41:06.194873Z,Multiple triggers,24.99763217363881,0.09454545454545454,11,53.77933636363636,-166.21232727272726,us1000301u,pavdut,lts,3,34.04,3.5,51.4892,-175.3077,2015-08-01T14:39:35.430000Z,2015-08-01T06:39:35.430000Z,665.8257457682164,251.17942082826002,3A,0.12383768766615381,8.07508617809335,22.19159408065712,86.68487338659962
1058,226.93636558120397,0.1486412727327735,6.727606549748768,0.3379070565213076,2.2657741857260834,9.464233380910258,2015-07-27T05:08:30.060000Z,4.203502615087302,-0.021963561755002498,10,0.5,6,-1,peak,max mdccm,2015-07-27T05:08:30.057836Z,Taup,0.0,0.0,11,53.77933636363636,-166.21232727272726,us10002wiv,pavdut,lts,3,19.4,4.2,52.2492,-169.2283,2015-07-27T05:07:53.000000Z,2015-07-26T21:07:53.000000Z,264.47659663867364,231.13986819629127,3A,0.126677710977771,7.894048544778938,22.728632693458596,37.05783581851484
1059,235.6488831114603,0.1507391779377535,6.633975411574434,0.8036608752234143,0.461041394810354,2.3870786962571344,2015-07-27T05:03:08.780000Z,-6.921153405410024,-0.023642695844190376,10,0.5,6,-1,peak,max mdccm,2015-07-27T05:03:06.781626Z,Multiple triggers,23.36116403079928,0.05500000000000001,11,53.77933636363636,-166.21232727272726,us10002wjs,pavdut,lts,3,6.0,4.7,52.0978,-169.2506,2015-07-27T05:02:24.000000Z,2015-07-26T21:02:24.000000Z,276.9821073273796,228.72772970605027,3A,0.1270964820935631,7.868038387276855,22.80799821818626,39.731626321299956
1060,211.10529847062998,0.19502466736473142,5.12755649586531,0.3515977659254731,1.1847661732711354,9.268481459194874,2015-07-27T05:01:28.660000Z,18.746301394838156,-0.06929741404950515,10,0.5,6,-1,peak,max mdccm,2015-07-27T05:01:31.660237Z,Taup,0.0,0.0,11,53.77933636363636,-166.21232727272726,us200030bh,pavdut,lts,3,34.0,4.3,52.1052,-169.3546,2015-07-27T05:00:53.000000Z,2015-07-26T21:00:53.000000Z,281.6157730503164,229.85159986546813,3A,0.12572725331522627,7.953725016904465,22.548672315518008,38.66023661216725
1061,238.90601313221407,0.16174735393814385,6.1824813553514115,0.8833376757348551,0.32140242325635304,1.8058240192724782,2015-07-27T04:56:30.600000Z,-6.668345680320385,-0.03600408951113904,10,0.5,6,-1,peak,max mdccm,2015-07-27T04:56:28.594964Z,STA/LTA trigger,21.49377980725665,0.065,11,53.77933636363636,-166.21232727272726,us200030ar,pavdut,lts,3,27.84,5.7,52.208,-169.4223,2015-07-27T04:55:46.400000Z,2015-07-26T20:55:46.400000Z,277.50730699041867,232.23766745189369,3A,0.1257432644270048,7.952712255060865,22.551701923123197,38.32496374740566
1062,234.40351376586602,0.06628306892155589,15.086808988634358,0.7677597894900858,2.2339574454074125,5.094041049524719,2015-07-27T04:54:08.100000Z,-5.8179127830461255,0.06029918782593319,10,0.5,6,-1,peak,max mdccm,2015-07-27T04:54:11.091269Z,Taup,0.0,0.0,11,53.77933636363636,-166.21232727272726,us10002wnw,pavdut,lts,3,13.96,5.2,52.0935,-169.2434,2015-07-27T04:53:32.090000Z,2015-07-26T20:53:32.090000Z,276.95671757136824,228.5856009828199,3A,0.12658225674748907,7.90000135638944,22.710548652007752,39.001269045398445
1063,235.97655938897526,0.12245752685067392,8.166096651775527,0.7610241128101857,1.8299087443822875,6.838487955093058,2015-07-27T04:51:57.340000Z,9.050908469869512,0.0033000097719574767,10,0.5,6,-1,peak,max mdccm,2015-07-27T04:51:57.337104Z,Taup,0.0,0.0,11,53.77933636363636,-166.21232727272726,us100032bk,pavdut,lts,3,31.9,5.9,52.7811,-169.5781,2015-07-27T04:51:22.540000Z,2015-07-26T20:51:22.540000Z,250.4520618665425,245.02746785884477,3A,0.1257575366226314,7.951809703467421,22.554402550719672,34.797104016877185
1064,237.36463217937649,0.1855582009724121,5.389144725264259,0.8364800742333071,0.34248839107361295,2.200379740536249,2015-07-27T04:50:25.620000Z,-1.8444774534277997,-0.05980066434978071,10,0.5,6,-1,peak,max mdccm,2015-07-27T04:50:23.613887Z,Multiple triggers,34.462868147361284,0.11692307692307694,11,53.77933636363636,-166.21232727272726,us200030aq,pavdut,lts,3,29.0,6.9,52.376,-169.4458,2015-07-27T04:49:46.400000Z,2015-07-26T20:49:46.400000Z,267.06734592381,235.5201547259487,3A,0.1257575366226314,7.951809703467421,22.554402550719672,36.97388653973009
1065,93.22574143195948,0.051862004334671245,19.2819389228941,0.4520420366731035,4.192487637433447,12.23415944951833,2015-07-27T02:30:39.900000Z,-38.15755852460828,0.06507556659766517,10,0.5,6,-1,peak,max mdccm,2015-07-27T02:30:37.893146Z,STA/LTA trigger,25.993923047239438,0.04,11,53.77933636363636,-166.21232727272726,us10002wir,pavdut,lts,3,150.5,4.1,55.8541,-160.608,2015-07-27T02:29:40.000000Z,2015-07-26T18:29:40.000000Z,427.7549779705056,55.0681829073512,3A,0.11693757093233642,8.551571509712904,20.895191230351696,57.953146044519364
1066,233.90933517927704,0.15513082815175866,6.446171995044967,0.4189653883959265,0.8002105491199254,3.4117845432708123,2015-07-27T01:39:58.460000Z,-1.2470284322319287,-0.02942445698043819,10,0.5,6,-1,peak,max mdccm,2015-07-27T01:39:56.451599Z,Multiple triggers,27.327550425160695,0.06,11,53.77933636363636,-166.21232727272726,us10002wiq,pavdut,lts,3,37.46,4.0,52.2307,-169.425,2015-07-27T01:39:22.510000Z,2015-07-26T17:39:22.510000Z,276.0209318115051,232.6623067470451,3A,0.12570637117132047,7.955046277146428,22.544721115708658,37.88159946748912
1067,244.1314348748998,0.16401955686312744,6.096833933251565,0.7922629803583922,0.45418102589226717,2.7057848273715592,2015-07-27T01:15:47.140000Z,-9.43594032930136,-0.03831343374854693,10,0.5,6,-1,peak,max mdccm,2015-07-27T01:15:45.137407Z,STA/LTA trigger,21.386497744482373,0.05,11,53.77933636363636,-166.21232727272726,us2000309g,pavdut,lts,3,37.87,4.3,52.3144,-169.4832,2015-07-27T01:15:04.860000Z,2015-07-26T17:15:04.860000Z,273.26176796479723,234.69549454559845,3A,0.12570612311458051,7.955061974892861,22.544674180511233,37.527406714502845
1068,187.0223854309695,0.06787144043886127,14.73373768898867,0.29890382372588675,1444.9055376157824,86.3014623818535,2015-07-27T01:15:16.040000Z,43.07682735318383,0.058580658160800256,10,0.5,6,-1,peak,max mdccm,2015-07-27T01:15:16.043226Z,Taup,0.0,0.0,11,53.77933636363636,-166.21232727272726,us10002wip,pavdut,lts,3,15.0,3.6,52.1358,-169.3265,2015-07-27T01:14:37.000000Z,2015-07-26T17:14:37.000000Z,277.8960086553196,230.09921278415334,3A,0.12645209859966153,7.908132890430943,22.685893715475665,39.043226187092785
1069,176.8451331656688,0.2751445066899672,3.634453807674234,0.3655733003357353,1.6289751707890638,27.90815273835301,2015-07-27T00:52:18.760000Z,55.9681630666654,-0.14943490390733266,10,0.5,6,-1,peak,max mdccm,2015-07-27T00:52:21.755918Z,Taup,0.0,0.0,11,53.77933636363636,-166.21232727272726,us10002win,pavdut,lts,3,37.3,3.5,52.2416,-169.4203,2015-07-27T00:51:44.000000Z,2015-07-26T16:51:44.000000Z,274.99754112683564,232.8132962323342,3A,0.12570960278263454,7.954841777116326,22.545332575315918,37.75591785431495
1070,230.26704440361982,0.13589549533386483,7.358595643977924,0.45091395254739,0.8906333328622225,4.434577981302766,2015-07-27T00:34:46.640000Z,0.4040629673343119,-0.009660074996843376,10,0.5,6,-1,peak,max mdccm,2015-07-27T00:34:49.645069Z,Taup,0.0,0.0,11,53.77933636363636,-166.21232727272726,us10002wil,pavdut,lts,3,17.4,3.5,52.153,-169.356,2015-07-27T00:34:10.740000Z,2015-07-26T16:34:10.740000Z,278.11069455899815,230.67110737095413,3A,0.12623542033702145,7.921706897558662,22.64485971759718,38.90506917599892
1071,234.98497342739142,0.1295484542954719,7.71911950195266,0.3770860131693724,1.1207433254051504,5.52704435153268,2015-07-27T00:34:20.980000Z,-2.444111393034518,-0.003848519481372159,10,0.5,6,-1,peak,max mdccm,2015-07-27T00:34:20.984542Z,Taup,0.0,0.0,11,53.77933636363636,-166.21232727272726,us10002wik,pavdut,lts,3,37.7,3.4,52.213,-169.446,2015-07-27T00:33:42.810000Z,2015-07-26T16:33:42.810000Z,278.3859805385418,232.5408620343569,3A,0.12569993481409975,7.955453608459869,22.543503287821732,38.174542110821335
1072,237.0691708959638,0.1499249966710594,6.670001815601399,0.78365022239019,0.4653345150491637,2.415424062695621,2015-07-27T00:32:22.160000Z,-4.311683632770553,-0.02418206859221325,10,0.5,6,-1,peak,max mdccm,2015-07-27T00:32:20.151960Z,Multiple triggers,22.910712146195085,0.048,11,53.77933636363636,-166.21232727272726,us20003093,pavdut,lts,3,30.41,4.5,52.2377,-169.4218,2015-07-27T00:31:38.280000Z,2015-07-26T16:31:38.280000Z,275.3539435425899,232.75748726319324,3A,0.12574292807884616,7.952733527669704,22.551638278954965,37.97196011361913
1073,123.70383666470627,0.2633233874887264,3.7976117865444547,0.45293538226891383,0.5824566552614607,13.959473701289056,2015-07-26T14:20:10.160000Z,123.33181352513225,-0.13886018915187032,10,0.5,6,-1,peak,max mdccm,2015-07-26T14:20:13.163351Z,Taup,0.0,0.0,11,53.77933636363636,-166.21232727272726,us10002xhb,pavdut,lts,3,35.0,3.0,51.4999,-173.8784,2015-07-26T14:18:57.510000Z,2015-07-26T06:18:57.510000Z,577.2186297373127,247.03565018983852,3A,0.12446319833685611,8.03450347863895,22.30969787359071,75.6533509156187
1074,145.65111208746845,0.17351865970748034,5.763068949966597,0.4423378175691076,2.352918058331559,33.053650434892546,2015-07-25T03:24:02.600000Z,-74.44082051577605,-0.04792655242416802,10,0.5,6,-1,peak,max mdccm,2015-07-25T03:24:02.605612Z,Taup,0.0,0.0,11,53.77933636363636,-166.21232727272726,us10002x3c,pavdut,lts,3,17.6,3.3,54.803,-160.262,2015-07-25T03:23:07.920000Z,2015-07-24T19:23:07.920000Z,403.73209537408707,71.2102915716924,3A,0.12559210728331233,7.9622837902081445,22.523102758536357,54.685612271356824
1075,127.24057021944924,0.18418457565617263,5.4293362863715275,0.5821206644040653,0.7899809464085101,14.074720465959473,2015-07-23T22:24:02.240000Z,106.29185603672465,-0.05945546916921847,10,0.5,6,-1,peak,max mdccm,2015-07-23T22:24:05.232313Z,Taup,0.0,0.0,11,53.77933636363636,-166.21232727272726,us20002zqz,pavdut,lts,3,53.0,3.0,51.805,-170.361,2015-07-23T22:23:17.480000Z,2015-07-23T14:23:17.480000Z,355.70640189936,233.53242625617392,3A,0.12472910648695416,8.01737483868365,22.359934709309293,47.75231251507496
1076,231.86918312513717,0.14538327758848218,6.8783701715033,0.6259062629040745,0.7308237338408872,2.863966051969868,2015-07-23T21:31:15.320000Z,1.6013816595408628,-0.019761788409230346,10,0.5,6,-1,peak,max mdccm,2015-07-23T21:31:13.313006Z,STA/LTA trigger,23.881084913440937,0.0775,11,53.77933636363636,-166.21232727272726,us20002zr0,pavdut,lts,3,34.0,3.7,51.902,-170.164,2015-07-23T21:30:23.010000Z,2015-07-23T13:30:23.010000Z,338.3689830890529,233.47056478467803,3A,0.12562148917925184,7.96042147353531,22.5286613947923,45.79300599167687
1077,108.69086236249393,0.07329157847335599,13.644132393239891,0.6597613747055815,1.4891944995909245,7.684247437104517,2015-07-23T14:54:35.200000Z,-9.863702496994875,0.039596797742981735,10,0.5,6,-1,peak,max mdccm,2015-07-23T14:54:33.203035Z,Multiple triggers,122.12885056148971,0.1363636363636364,11,53.77933636363636,-166.21232727272726,us200030yw,pavdut,lts,3,51.4,3.0,53.6652,-165.0373,2015-07-23T14:54:19.000000Z,2015-07-23T06:54:19.000000Z,78.59771013493466,98.82715986549906,3A,0.11288837621633772,8.858307945572836,20.13965368284637,13.56303452176928
1078,239.67441841576857,0.15969689573946258,6.261862482483376,0.5475002647743773,0.6807659310499403,3.9902861629413167,2015-07-27T05:21:55.860000Z,16.853329377466196,-0.03693877906118584,10,0.5,6,-1,peak,max mdccm,2015-07-27T05:21:58.868716Z,Taup,0.0,0.0,11,53.77933636363636,-166.21232727272726,us10002wjy,pavdut,lts,3,71.5,4.5,51.7333,-176.7636,2015-07-27T05:20:23.000000Z,2015-07-26T21:20:23.000000Z,747.0352047137316,256.52774779323477,3A,0.12275811667827674,8.146100861263537,21.98799132463868,95.86871565012679
1079,83.47933473939673,0.07654730402792269,13.063817370174435,0.5986438818518888,2.0298486635104203,7.306578816678751,2015-07-22T16:19:10.520000Z,-3.73928431613092,0.049210232594708705,10,0.5,6,-1,peak,max mdccm,2015-07-22T16:19:08.530571Z,Multiple triggers,43.21721438942937,0.1304761904761905,11,53.77933636363636,-166.21232727272726,us200030ng,pavdut,lts,3,20.4,3.7,54.1686,-161.7788,2015-07-22T16:18:26.000000Z,2015-07-22T08:18:26.000000Z,294.0713921514,79.7400504232658,3A,0.1257575366226314,7.951809703467421,22.554402550719672,40.73057095148143
1080,91.83315107613123,0.2052814750994021,4.871360162994623,0.3255402595197868,5.8310775427497195,47.16500302874164,2015-07-22T16:05:04.960000Z,137.48848411270728,-0.07959828361780089,10,0.5,6,-1,peak,max mdccm,2015-07-22T16:05:07.964002Z,Taup,0.0,0.0,11,53.77933636363636,-166.21232727272726,us200030nf,pavdut,lts,3,20.1,3.3,51.6068,-170.1479,2015-07-22T16:04:19.000000Z,2015-07-22T08:04:19.000000Z,359.42170256104083,229.32163518883848,3A,0.1256831914816012,7.9565134224522795,22.54033531988604,48.964002330514724
1081,90.86144250622903,0.07002451156937159,14.280713675658047,0.6731546473220591,1.8365283502010534,6.7641469875163125,2015-07-21T17:07:34.360000Z,-6.206622014811472,0.05705000500534618,10,0.5,6,-1,peak,max mdccm,2015-07-21T17:07:32.360957Z,Multiple triggers,43.309918704452684,0.11555555555555556,11,53.77933636363636,-166.21232727272726,us20003007,pavdut,lts,3,32.7,3.0,53.9093,-163.1553,2015-07-21T17:07:03.000000Z,2015-07-21T09:07:03.000000Z,201.7176289587009,84.65482049141755,3A,0.12707451657471777,7.869398420351386,22.803834164352345,28.620956554087982
1082,143.5173484052078,0.0903206300932052,11.071667668483522,0.7339279100170152,0.2329820549565378,2.201007770548216,2015-07-21T15:17:47.720000Z,-14.473358617145863,0.040353032280417006,10,0.5,6,-1,peak,max mdccm,2015-07-21T15:17:45.724018Z,Multiple triggers,119.04438544144789,0.24615384615384617,11,53.77933636363636,-166.21232727272726,us20002yyw,pavdut,lts,3,21.37,3.1,53.0486,-164.7359,2015-07-21T15:17:25.400000Z,2015-07-21T07:17:25.400000Z,127.47814588503093,129.04398978806194,3A,0.1306736623736222,7.652651512443261,23.487854982066196,19.28401831524518
1083,273.8035204273468,0.061140640459057066,16.355733150516336,0.4091388612486578,38.92440963218403,56.74599090837202,2015-09-01T08:26:24.480000Z,-21.008242627015875,0.06273233446492092,10,0.5,6,-1,peak,max mdccm,2015-09-01T08:26:27.481558Z,Taup,0.0,0.0,11,53.77933636363636,-166.21232727272726,us20003ffe,pavdut,lts,3,38.61,3.3,51.7293,-175.1121,2015-09-01T08:25:03.860000Z,2015-09-01T00:25:03.860000Z,642.1965753905788,252.79527780033095,3A,0.12387297492397799,8.072785856751317,22.19825408322589,83.62155848744516
1084,233.50443500739811,0.10766806821932128,9.28780479243843,0.4961961905171983,1.1798397703325252,4.431623124862739,2015-08-19T18:57:13.200000Z,29.75370218097902,0.009689294535952617,10,0.5,6,-1,peak,max mdccm,2015-08-19T18:57:11.202420Z,Multiple triggers,24.010997629599558,0.08545454545454545,11,53.77933636363636,-166.21232727272726,us100035gp,pavdut,lts,3,195.16,4.3,52.2335,-178.5603,2015-08-19T18:55:20.830000Z,2015-08-19T10:55:20.830000Z,845.3912476519347,263.25813718837713,3A,0.11735736275527389,8.520982207868004,20.973735477395675,107.73241998456623
1085,232.22739320054376,0.5145554181683654,1.9434252651728847,0.26362233258315615,0.21002634018932,88.34620854793303,2015-07-20T04:12:11.220000Z,-4.834705074597707,-0.3897341877537726,10,0.5,6,-1,peak,max mdccm,2015-07-20T04:12:14.227078Z,Taup,0.0,0.0,11,53.77933636363636,-166.21232727272726,us20002zwn,pavdut,lts,3,50.4,3.1,51.375,-170.2663,2015-07-20T04:11:23.000000Z,2015-07-19T20:11:23.000000Z,383.43648244711187,227.39268812594605,3A,0.12482123041459274,8.011457639686036,22.377343494947716,51.22707846446272
1086,96.90230582573173,0.2274636796194855,4.396306266006328,0.8544233028953234,0.39890499414375435,4.6470641390561696,2015-07-23T13:46:37.640000Z,159.89700256267764,-0.10468786443154082,10,0.5,6,-1,peak,max mdccm,2015-07-23T13:46:37.650142Z,Taup,0.0,0.0,11,53.77933636363636,-166.21232727272726,us200030z0,pavdut,lts,3,60.8,3.3,51.6645,-177.1785,2015-07-23T13:44:58.000000Z,2015-07-23T05:44:58.000000Z,776.5050138088945,256.7993083884094,3A,0.12277581518794467,8.14492657588308,21.991326830040094,99.65014180313645
1087,261.9880451386692,5.709037593769139,0.17516087143854212,0.32477055210864747,0.09623362061500865,21.529881233401184,2015-07-20T05:26:39.840000Z,-5.949740946990744,-5.586258298995705,10,0.5,6,-1,peak,max mdccm,2015-07-20T05:26:39.835511Z,Taup,0.0,0.0,11,53.77933636363636,-166.21232727272726,us20002yny,pavdut,lts,3,25.7,4.3,51.1107,-178.8559,2015-07-20T05:24:43.000000Z,2015-07-19T21:24:43.000000Z,908.0557391506529,256.03830419167844,3A,0.12277929477343455,8.14469574731885,21.991982610648982,116.83551064177959
1088,113.71269972529899,0.07558210364697149,13.230645242037653,0.7547760223546729,1.2507955529409083,7.185933196889749,2015-07-19T19:53:46.620000Z,-10.969669880867428,0.052693997591441805,10,0.5,6,-1,peak,max mdccm,2015-07-19T19:53:44.613756Z,Multiple triggers,43.57066841417768,0.128,11,53.77933636363636,-166.21232727272726,us200030hn,pavdut,lts,3,30.6,3.2,53.4047,-163.6445,2015-07-19T19:53:18.000000Z,2015-07-19T11:53:18.000000Z,175.05643153757163,102.74302984443156,3A,0.1282761012384133,7.795684389732155,23.03180913754508,25.253755660022406
1089,103.93332760307771,0.08036956048320873,12.442521695871731,0.6435728144946901,1.2413246174563257,6.525238301561075,2015-07-19T18:06:22.220000Z,-1.7535164053923609,0.044435254205725666,10,0.5,6,-1,peak,max mdccm,2015-07-19T18:06:20.214974Z,Multiple triggers,32.49165885832835,0.15866666666666668,11,53.77933636363636,-166.21232727272726,us200030hf,pavdut,lts,3,47.7,3.0,53.4235,-163.6633,2015-07-19T18:05:54.000000Z,2015-07-19T10:05:54.000000Z,173.32166126195511,102.17981119768535,3A,0.1248048146889344,8.012511396234325,22.37424123323112,24.954973530365017
1090,100.13147548427014,0.7790678490100394,1.28358525033564,0.266811808490745,0.6796863392352471,39.967971475871906,2015-07-19T11:04:23.760000Z,100.63690238905406,-0.6533224733039058,10,0.5,6,-1,peak,max mdccm,2015-07-19T11:04:21.770433Z,Multiple triggers,22.044636961116638,0.06000000000000001,11,53.77933636363636,-166.21232727272726,us200030he,pavdut,lts,3,13.66,3.1,51.1574,-167.7869,2015-07-19T11:03:39.990000Z,2015-07-19T03:03:39.990000Z,310.742791023579,200.76837787332423,3A,0.12574537570613364,7.952578728119557,22.552101422350816,43.28043256148806
1091,83.54313845660909,0.20834455945549737,4.7997413640820366,0.3861436125502753,4.866339574065708,37.5480781670405,2015-08-13T03:39:39.200000Z,-23.40097895583716,-0.08557422822559885,10,0.5,6,-1,peak,max mdccm,2015-08-13T03:39:42.200535Z,Taup,0.0,0.0,11,53.77933636363636,-166.21232727272726,ak015ac5xeku,pavdut,lts,3,30.7,3.3,57.2849,-152.5313,2015-08-13T03:37:40.949000Z,2015-08-12T19:37:40.949000Z,945.7730005848956,60.14215950077193,3A,0.12277033122989853,8.145290396972293,21.990293301205515,121.25153523749776
1092,39.030811431903885,2.0862074760499194,0.4793387098264198,0.25614674698082,0.8801230164930045,37.6481366195938,2015-07-20T02:36:13.600000Z,38.39748559068866,-1.9616624131512377,10,0.5,6,-1,peak,max mdccm,2015-07-20T02:36:11.598115Z,Multiple triggers,24.149484049622117,0.075,11,53.77933636363636,-166.21232727272726,ak01598gf0sj,pavdut,lts,3,8.9,3.3,54.6387,-156.6375,2015-07-20T02:34:51.554000Z,2015-07-19T18:34:51.554000Z,631.4954269871548,77.42829702259255,3A,0.12454506289868164,8.029222329057777,22.325162250910015,83.89411519621095
1093,115.20103584733982,0.8301975851875735,1.2045325327874348,0.27407009410327776,3.268234887796303,28.847696790305733,2015-07-19T22:04:18.480000Z,146.09640219665567,-0.7074194307544388,10,0.5,6,-1,peak,max mdccm,2015-07-19T22:04:18.482209Z,Taup,0.0,0.0,11,53.77933636363636,-166.21232727272726,us200030i0,pavdut,lts,3,13.3,3.0,51.6874,-179.8337,2015-07-19T22:02:16.000000Z,2015-07-19T14:02:16.000000Z,947.4773412960305,261.2974380439955,3A,0.12277815443313461,8.144771393714045,21.991767695906887,122.48220854493948
1094,220.51991245737702,0.09704181916765187,10.304835673704499,0.4161738451072284,2.4413160976983592,7.051666294362974,2015-08-10T22:52:08.940000Z,14.701829581289303,0.027686001349998574,10,0.5,6,-1,peak,max mdccm,2015-08-10T22:52:08.947666Z,Taup,0.0,0.0,11,53.77933636363636,-166.21232727272726,us100033lj,pavdut,lts,3,7.0,3.9,50.453,-173.2313,2015-08-10T22:50:48.000000Z,2015-08-10T14:50:48.000000Z,606.2921228363214,235.22174203866632,3A,0.12472782051765044,8.017457499455691,22.359691713318867,80.94766645251737
1095,97.52403107574708,0.052341308503834866,19.10536875337638,0.3171106146067218,23.936720922278376,37.422870918277525,2015-07-16T05:10:36.400000Z,146.50909566967425,0.07238289889363168,10,0.5,6,-1,peak,max mdccm,2015-07-16T05:10:36.393209Z,Taup,0.0,0.0,11,53.77933636363636,-166.21232727272726,us20002xz7,pavdut,lts,3,25.5,3.2,51.2884,-173.6007,2015-07-16T05:09:21.000000Z,2015-07-15T21:09:21.000000Z,572.4790046456292,244.0331267454213,3A,0.12472420739746655,8.017689756193331,22.359008982558862,75.39320940652551
1096,148.4159277200072,0.13937004119884297,7.1751431756647985,0.311770905723116,2.3932918801315566,32.25809952865899,2015-07-15T09:35:52.940000Z,97.53870221774025,-0.016005602276640482,10,0.5,6,-1,peak,max mdccm,2015-07-15T09:35:52.945186Z,Taup,0.0,0.0,11,53.77933636363636,-166.21232727272726,us20002z41,pavdut,lts,3,70.2,3.1,52.1079,-171.811,2015-07-15T09:34:57.310000Z,2015-07-15T01:34:57.310000Z,419.66293930254807,245.95462993774743,3A,0.12336443892220249,8.106063698231802,22.102305110070724,55.635186019836944
1097,237.0357845837999,0.12885825493769898,7.7604651753470115,0.29248092147439275,1.8694203876006417,9.910669989075132,2015-07-15T03:01:09.520000Z,11.484922189904694,-0.0045402007338478795,10,0.5,6,-1,peak,max mdccm,2015-07-15T03:01:09.524030Z,Taup,0.0,0.0,11,53.77933636363636,-166.21232727272726,us20002xjf,pavdut,lts,3,41.55,4.5,51.6696,-173.8223,2015-07-15T02:59:55.570000Z,2015-07-14T18:59:55.570000Z,564.8426656523313,248.5207067737046,3A,0.1243180542038511,8.043883942715556,22.282284068936914,73.95402981227123
1098,81.86266806767219,0.06744484495318954,14.82693007440458,0.754459299413081,2.5216467631287536,7.601291184169099,2015-07-14T06:28:41.200000Z,-5.871959958420518,0.05827128907936323,10,0.5,6,-1,peak,max mdccm,2015-07-14T06:28:39.193573Z,Multiple triggers,53.20301720592826,0.27789473684210525,11,53.77933636363636,-166.21232727272726,us20002xcw,pavdut,lts,3,5.3,3.8,54.447,-160.781,2015-07-14T06:27:48.490000Z,2015-07-13T22:27:48.490000Z,362.78910525083097,75.99070810925167,3A,0.12571613403255277,7.954428504308455,22.546568374379657,50.6235728958792
1099,99.79160828236934,0.050523484694301,19.79277569729467,0.6538337662773711,3.5273391738802005,10.806776534028103,2015-07-13T19:05:13.600000Z,-50.954156982868085,0.0585376531133172,10,0.5,6,-1,peak,max mdccm,2015-07-13T19:05:11.596082Z,Multiple triggers,30.76755156048484,0.12842105263157894,11,53.77933636363636,-166.21232727272726,us20002z23,pavdut,lts,3,209.0,3.0,56.1188,-161.2175,2015-07-13T19:04:13.000000Z,2015-07-13T11:04:13.000000Z,412.4441949208997,48.83745129950124,3A,0.1090611378076182,9.169168964328808,19.428876855198148,58.27608174112748
1100,164.81613552607664,0.1840603006710876,5.43300209960529,0.278704620112436,4.150470841763811,46.203175672941,2015-08-09T22:21:16.100000Z,76.70690799771063,-0.060297949735749035,10,0.5,6,-1,peak,max mdccm,2015-08-09T22:21:16.091463Z,Taup,0.0,0.0,11,53.77933636363636,-166.21232727272726,us100032zy,pavdut,lts,3,33.5,3.0,50.5651,-174.6264,2015-08-09T22:19:48.000000Z,2015-08-09T14:19:48.000000Z,677.0414142276161,241.52304352378727,3A,0.12376235093533858,8.080001651895449,22.17737632705695,88.0914625289407
1101,113.12225210187796,0.06851542076315716,14.595254453107449,0.5823718065165034,1.2662420396303444,6.6093227616267995,2015-07-18T20:19:33.160000Z,-41.79959472100876,0.05558455795502222,10,0.5,6,-1,peak,max mdccm,2015-07-18T20:19:31.158088Z,Multiple triggers,32.73647214191013,0.09885714285714287,11,53.77933636363636,-166.21232727272726,ak01595fylnb,pavdut,lts,3,13.7,4.1,55.3262,-155.9429,2015-07-18T20:18:05.031000Z,2015-07-18T12:18:05.031000Z,685.7132082720217,71.32265738086922,3A,0.12409997871817938,8.05801910950296,22.241105601761124,90.20708829126174
1102,92.65438392399875,0.3202810158438408,3.1222581125057047,0.2978226250379856,1.0524636245641015,17.18457360237315,2015-07-11T19:07:44.040000Z,138.14214567197786,-0.19437010692319787,10,0.5,6,-1,peak,max mdccm,2015-07-11T19:07:42.048754Z,STA/LTA trigger,24.653875780627928,0.04,11,53.77933636363636,-166.21232727272726,us20002yrc,pavdut,lts,3,21.4,4.0,52.168,-169.342,2015-07-11T19:07:06.460000Z,2015-07-11T11:07:06.460000Z,276.2843199866082,230.7965295959766,3A,0.1259109089206429,7.942123590182832,22.583427454905603,38.438754246167406
1103,87.30543546732656,0.29779509347724964,3.358013687610995,0.250812039360124,43.32812015380358,49.79624172980374,2015-07-11T17:58:59.700000Z,156.4192380056984,-0.17295789520299598,10,0.5,6,-1,peak,max mdccm,2015-07-11T17:59:02.704844Z,Taup,0.0,0.0,11,53.77933636363636,-166.21232727272726,us20002wtn,pavdut,lts,3,6.93,3.8,51.1882,-173.7714,2015-07-11T17:57:43.970000Z,2015-07-11T09:57:43.970000Z,588.4991889671007,243.72467347302498,3A,0.12483719827425364,8.010432898398678,22.38036118481219,78.73484442163738
1104,166.6610353954997,0.05287101705954432,18.913954291323382,0.5306535251733056,16.7461505114598,54.655073529802536,2015-07-10T23:30:30.300000Z,73.39392307255633,0.07262252114379521,10,0.5,6,-1,peak,max mdccm,2015-07-10T23:30:30.306991Z,Taup,0.0,0.0,11,53.77933636363636,-166.21232727272726,us20002y1z,pavdut,lts,3,18.6,3.0,51.7087,-171.6454,2015-07-10T23:29:32.000000Z,2015-07-10T15:29:32.000000Z,433.0899639292955,240.05495846805604,3A,0.12549353820333953,7.968537777456567,22.504456525435426,58.30699140857648
1105,252.17592145935674,0.8383122282157658,1.1928729730310206,0.28582364709787844,1.2377233139442456,68.23354011598636,2015-07-08T13:48:01.520000Z,-6.4020980717627936,-0.7138491027423586,10,0.5,6,-1,peak,max mdccm,2015-07-08T13:47:59.511411Z,Multiple triggers,27.295250756370045,0.07500000000000001,11,53.77933636363636,-166.21232727272726,us20002xj0,pavdut,lts,3,31.2,3.2,51.3323,-173.975,2015-07-08T13:46:39.000000Z,2015-07-08T05:46:39.000000Z,592.3018950476419,245.77382338759395,3A,0.12446312547340724,8.034508182213854,22.30968411030442,77.6514109540748
1106,208.80089298814306,0.13192927596183154,7.579818752960564,0.41308180949056333,1.16297098939126,5.997601426369158,2015-07-07T05:54:37.580000Z,-2.367506080517728,-0.0021825276810783223,10,0.5,6,-1,peak,max mdccm,2015-07-07T05:54:35.577036Z,Multiple triggers,27.467100281795577,0.11200000000000002,11,53.77933636363636,-166.21232727272726,us20002xhb,pavdut,lts,3,12.5,3.0,52.202,-167.483,2015-07-07T05:54:07.620000Z,2015-07-06T21:54:07.620000Z,195.1678612941602,206.43338690762533,3A,0.12974674828075322,7.707322250852441,23.31135922971053,28.61703626692544
1107,236.3750321616435,0.12119544080911734,8.251135466184728,0.7837352204500708,0.838285636562019,3.4884008966902798,2015-07-18T13:22:09.940000Z,18.86253375356955,0.001593310543319737,10,0.5,6,-1,peak,max mdccm,2015-07-18T13:22:07.936770Z,Multiple triggers,29.618930155891125,0.07440000000000001,11,53.77933636363636,-166.21232727272726,us20002ycy,pavdut,lts,3,49.64,5.1,51.565,-176.7795,2015-07-18T13:20:28.660000Z,2015-07-18T05:20:28.660000Z,755.2267181096755,255.23756591521305,3A,0.12278875135243708,8.144068483355843,21.993764861564095,97.27676993437458
1108,15.088275305331251,0.5423955922928534,1.8436727993543025,0.25945703839526474,0.34532890989633497,54.03411047553547,2015-07-06T04:26:43.760000Z,-138.2402942603656,-0.41679583864272507,10,0.5,6,-1,peak,max mdccm,2015-07-06T04:26:41.762115Z,STA/LTA trigger,21.87459748608481,0.030000000000000002,11,53.77933636363636,-166.21232727272726,us10002nlj,pavdut,lts,3,33.7,4.1,51.9898,-170.4595,2015-07-06T04:25:52.050000Z,2015-07-05T20:25:52.050000Z,348.3315316651988,236.84798104496565,3A,0.12559975365012832,7.961799055638341,22.524549320710065,47.052114887459545
1109,131.2199950748631,0.1909494818877233,5.2369872393159556,0.36110265645932454,1.0286556897410342,15.978495538483116,2015-07-05T18:58:01.920000Z,113.75842254898095,-0.06629080395975259,10,0.5,6,-1,peak,max mdccm,2015-07-05T18:58:01.925549Z,Taup,0.0,0.0,11,53.77933636363636,-166.21232727272726,us10002njl,pavdut,lts,3,22.99,4.2,51.2813,-173.882,2015-07-05T18:56:44.280000Z,2015-07-05T10:56:44.280000Z,589.6299954524072,244.97841762384405,3A,0.1246586779279707,8.021904424317833,22.34662719490714,77.64554850326907
1110,64.13127704258818,0.31659478204794494,3.158611754531572,0.6346126870300224,0.5007883291630355,6.414410399885526,2015-07-05T09:36:57.480000Z,2.6906675446606414,-0.1912509346066157,10,0.5,6,-1,peak,max mdccm,2015-07-05T09:37:00.487418Z,Taup,0.0,0.0,11,53.77933636363636,-166.21232727272726,us20002w36,pavdut,lts,3,28.49,3.4,55.1843,-159.787,2015-07-05T09:36:01.190000Z,2015-07-05T01:36:01.190000Z,444.65878337179214,66.82194458724884,3A,0.12534384744132923,7.978054131999408,22.476144451528175,59.29741794513435
1111,100.73707187736909,0.05016291021946137,19.935047540603748,0.6936255149159389,3.812226970027652,11.718145927052376,2015-07-05T09:02:12.140000Z,-25.216612542016605,0.04273877847366729,10,0.5,6,-1,peak,max mdccm,2015-07-05T09:02:10.146963Z,Multiple triggers,83.86365450146346,0.18272727272727274,11,53.77933636363636,-166.21232727272726,us10002ni2,pavdut,lts,3,78.76,3.7,53.9495,-165.0589,2015-07-05T09:01:54.040000Z,2015-07-05T01:01:54.040000Z,78.20933964900236,75.52045933535247,3A,0.09290168869312866,10.764066983789537,16.46025435649829,15.416963408145346
1112,108.17225086095664,0.0702682461558745,14.23117915568466,0.7534909802044425,1.7859326113840241,8.74378856435547,2015-07-05T07:22:33.580000Z,-29.823653558993186,0.05759653796856988,10,0.5,6,-1,peak,max mdccm,2015-07-05T07:22:31.578288Z,Multiple triggers,34.10509880260909,0.12285714285714287,11,53.77933636363636,-166.21232727272726,us10002nl7,pavdut,lts,3,9.0,3.5,54.182,-162.379,2015-07-05T07:21:54.200000Z,2015-07-04T23:21:54.200000Z,255.41858655678365,78.34859730196345,3A,0.12786478412444438,7.82076164948396,22.953727315573307,36.67828819238702
1113,59.103555413059496,1.7757927006186092,0.5631287929337943,0.27487247445233814,14.708656443374093,81.01775008921075,2015-07-17T03:08:14.780000Z,-161.21233079867767,-1.6530039492661721,10,0.5,6,-1,peak,max mdccm,2015-07-17T03:08:12.777546Z,Multiple triggers,31.605757661371,0.06999999999999999,11,53.77933636363636,-166.21232727272726,us2000300w,pavdut,lts,3,13.0,3.0,51.5,-178.439,2015-07-17T03:06:23.680000Z,2015-07-16T19:06:23.680000Z,864.4038377389181,257.8912246143818,3A,0.12278875135243708,8.144068483355843,21.993764861564095,112.30754574824259
1114,228.93231044340905,0.13377687711513214,7.475133383023823,0.47682150403499995,1.0166989699985054,4.5052891041965495,2015-07-04T23:37:12.140000Z,17.223052811639832,-0.008983745198469326,10,0.5,6,-1,peak,max mdccm,2015-07-04T23:37:10.138420Z,STA/LTA trigger,23.246869018848983,0.04,11,53.77933636363636,-166.21232727272726,us10002ngp,pavdut,lts,3,18.83,5.2,51.4283,-173.8221,2015-07-04T23:35:52.220000Z,2015-07-04T15:35:52.220000Z,577.7326415172455,246.15536325504888,3A,0.12479313191666282,8.013261504389542,22.37203345231589,76.39841980459651
1115,85.02972903466491,0.13632772975768617,7.335264819398343,0.344726509122358,8.310405129753523,38.27358177811547,2015-07-04T23:18:22.660000Z,152.8289937208599,-0.01128092826647642,10,0.5,6,-1,peak,max mdccm,2015-07-04T23:18:20.655918Z,STA/LTA trigger,22.84220253711237,0.07500000000000001,11,53.77933636363636,-166.21232727272726,us10002nkx,pavdut,lts,3,27.0,3.2,51.1616,-172.4185,2015-07-04T23:17:08.000000Z,2015-07-04T15:17:08.000000Z,512.2712408786483,237.85872275552478,3A,0.12504680149120975,7.997005825617184,22.419979172815815,67.8159178842269
1116,46.46363540580148,0.06739773594512313,14.837293656484606,0.6711253617179838,2.419665225386086,5.601873920195487,2015-07-04T10:20:53.620000Z,17.515462127915242,0.058308163204327496,10,0.5,6,-1,peak,max mdccm,2015-07-04T10:20:51.614733Z,Multiple triggers,30.01291064128651,0.1581818181818182,11,53.77933636363636,-166.21232727272726,us10002ngj,pavdut,lts,3,2.1,3.7,55.1331,-160.9698,2015-07-04T10:19:57.000000Z,2015-07-04T02:19:57.000000Z,371.78815562601415,63.97909753371672,3A,0.12570589914945063,7.955076148105897,22.54463180373813,52.39473266216309
1117,143.77577879371384,0.0900117306827534,11.109663067411768,0.6140256043493295,0.20720913536834296,1.9361665902885932,2015-07-04T07:37:45.620000Z,-29.044941836997793,0.03211126543287479,10,0.5,6,-1,peak,max mdccm,2015-07-04T07:37:43.611901Z,Multiple triggers,47.64371878565273,0.10956521739130438,11,53.77933636363636,-166.21232727272726,us10002ngf,pavdut,lts,3,52.5,3.0,53.256,-164.3692,2015-07-04T07:37:22.000000Z,2015-07-03T23:37:22.000000Z,135.41733052018728,114.73083695671603,3A,0.12212299611562819,8.188465987627609,21.8683466754144,20.351900795684546
1118,234.25576864589544,0.10893050776785859,9.18016468013806,0.2937031958273061,1.997590723426856,9.364398773818237,2015-07-04T01:07:37.440000Z,14.884696897578237,0.004249061087437375,10,0.5,6,-1,peak,max mdccm,2015-07-04T01:07:37.439074Z,Taup,0.0,0.0,11,53.77933636363636,-166.21232727272726,us20002x8s,pavdut,lts,3,153.5,3.3,52.6138,-170.8461,2015-07-04T01:06:50.000000Z,2015-07-03T17:06:50.000000Z,335.6707650339128,249.14046554347368,3A,0.11317956885529597,8.835516958705991,20.19386365821705,47.4390737085519
1119,136.56466232227632,0.18936058051149823,5.280930156101199,0.5830018518192324,0.7516102927462236,15.962793269315313,2015-07-16T17:59:57.400000Z,119.16882392207174,-0.06658454698534907,10,0.5,6,-1,peak,max mdccm,2015-07-16T17:59:57.407029Z,Taup,0.0,0.0,11,53.77933636363636,-166.21232727272726,us20002xzk,pavdut,lts,3,24.89,3.6,51.1595,-178.5151,2015-07-16T17:58:03.480000Z,2015-07-16T09:58:03.480000Z,884.057695346904,255.73348624434803,3A,0.12277603352614916,8.144912091389704,21.99136797909389,113.927028668434
1120,232.6852277531067,0.11315088063616446,8.837757111369642,0.4560820837016328,0.790445015120075,3.21266519603833,2015-07-03T04:19:19.340000Z,24.954650535416363,0.0031808422039179135,10,0.5,6,-1,peak,max mdccm,2015-07-03T04:19:17.338838Z,Multiple triggers,32.730399328890435,0.05866666666666667,11,53.77933636363636,-166.21232727272726,us10002n6b,pavdut,lts,3,139.86,4.2,52.9599,-171.5113,2015-07-03T04:18:25.920000Z,2015-07-02T20:18:25.920000Z,364.214919618043,257.63987828852305,3A,0.11633172284008238,8.596107541316732,20.781907702941197,50.21883817543902
1121,91.38441326885294,0.07315249637216731,13.670073471073982,0.7678987126820438,1.8406002636796552,7.0866838847085205,2015-07-03T00:40:02.520000Z,-11.217408090393633,0.05449170022476177,10,0.5,6,-1,peak,max mdccm,2015-07-03T00:40:00.513764Z,Multiple triggers,31.112490048447853,0.065,11,53.77933636363636,-166.21232727272726,us10002n4t,pavdut,lts,3,25.6,4.4,54.075,-162.851,2015-07-03T00:39:29.710000Z,2015-07-02T16:39:29.710000Z,223.22296200956183,80.1670051784593,3A,0.12764419659692908,7.8342770502741255,22.911870952676797,31.533764305966915
1122,239.88775861849007,0.33906967333126786,2.9492463604169323,0.3160857755894165,1.184613061969484,83.38491619155675,2015-08-05T14:55:02.480000Z,9.847363952317153,-0.21522201138966013,10,0.5,6,-1,peak,max mdccm,2015-08-05T14:55:00.471866Z,STA/LTA trigger,22.590397655901263,0.04,11,53.77933636363636,-166.21232727272726,us10002y41,pavdut,lts,3,43.91,4.7,51.5576,-174.5664,2015-08-05T14:53:35.410000Z,2015-08-05T06:53:35.410000Z,616.3779296192686,249.73512257080722,3A,0.12384766194160775,8.074435837726872,22.193476561029524,80.30186595212633
1123,145.55166481593756,0.19117997024765498,5.230673478527053,0.8060097334557789,0.4681905632551602,9.123717119942796,2015-07-13T16:30:24.400000Z,115.14309724405541,-0.06854550046893158,10,0.5,6,-1,peak,max mdccm,2015-07-13T16:30:27.402422Z,Taup,0.0,0.0,11,53.77933636363636,-166.21232727272726,us20002z2d,pavdut,lts,3,76.44,3.0,51.5897,-179.8452,2015-07-13T16:28:26.440000Z,2015-07-13T08:28:26.440000Z,951.9200590152298,260.69476205999297,3A,0.1226344697787234,8.154314213649384,21.964690706988435,120.96242159786004
1124,97.24569826006581,0.05141188948767809,19.450753706293376,0.28725921819504874,10.047701526340699,22.588527255717167,2015-07-08T12:56:45.180000Z,-42.09746750749656,0.07122134516122794,10,0.5,6,-1,peak,max mdccm,2015-07-08T12:56:43.182679Z,Multiple triggers,29.327568322852713,0.06,11,53.77933636363636,-166.21232727272726,ak0158os1moo,pavdut,lts,3,84.8,3.2,56.782,-157.5777,2015-07-08T12:55:22.167000Z,2015-07-08T04:55:22.167000Z,641.820184884383,55.14823075256925,3A,0.12263323464890602,8.154396341766239,21.96445797245772,82.8956785274234
1125,111.1133689491956,0.06760631310555076,14.7915180412034,0.7652365927897128,1.6922651720242996,8.347562599049553,2015-07-02T14:35:29.320000Z,-9.299101337789693,0.05815122351708063,10,0.5,6,-1,peak,max mdccm,2015-07-02T14:35:27.312250Z,Multiple triggers,33.26719445180893,0.11058823529411765,11,53.77933636363636,-166.21232727272726,us20002w9h,pavdut,lts,3,41.4,3.0,53.43,-163.638,2015-07-02T14:35:01.370000Z,2015-07-02T06:35:01.370000Z,174.77733468922176,101.8142676114059,3A,0.1257575366226314,7.951809703467421,22.554402550719672,25.102249781758296
1126,72.34002467526273,0.32589151565690727,3.0685057816993986,0.27520098332855186,1.8377909147388598,21.182340939622037,2015-07-07T01:30:03.760000Z,-175.43364410093926,-0.20311515624317694,10,0.5,6,-1,peak,max mdccm,2015-07-07T01:30:06.752614Z,Taup,0.0,0.0,11,53.77933636363636,-166.21232727272726,us20002xh8,pavdut,lts,3,26.1,3.2,51.14,-179.243,2015-07-07T01:28:07.050000Z,2015-07-06T17:28:07.050000Z,931.5550055029012,256.90638057432346,3A,0.12277635941373034,8.144890472197597,21.99142939743564,119.70261395377233
1127,242.29022077883815,0.12334604758616531,8.107272341267638,0.3354129191362479,0.9738922216068286,3.717716857988421,2015-07-05T00:52:53.300000Z,22.071763704277487,-0.004668783946266061,10,0.5,6,-1,peak,max mdccm,2015-07-05T00:52:53.295574Z,Taup,0.0,0.0,11,53.77933636363636,-166.21232727272726,us20002w2h,pavdut,lts,3,168.67,4.1,52.0658,179.6545,2015-07-05T00:50:51.030000Z,2015-07-04T16:50:51.030000Z,967.7730212706223,264.36198448311563,3A,0.11867726363989925,8.426213828406812,21.22096274057721,122.26557394625753
1128,245.2461671800678,3.599937076942838,0.2777826330368048,0.25891968049054975,0.2923815228637223,28.485691138892264,2015-07-03T23:53:32.460000Z,8.460152405524553,-3.4767729250503794,10,0.5,6,-1,peak,max mdccm,2015-07-03T23:53:30.467230Z,STA/LTA trigger,35.25407119165959,0.068,11,53.77933636363636,-166.21232727272726,us20002ww9,pavdut,lts,3,31.8,3.0,51.411,-176.622,2015-07-03T23:51:49.500000Z,2015-07-03T15:51:49.500000Z,752.1572571002953,253.70631958559235,3A,0.12316415189245877,8.119245613554451,22.06453350418238,97.42722964999525
1129,325.8763763687832,0.6919800476428616,1.4451283724239847,0.24638193645393372,1.0520802124311768,6.676739684957454,2015-07-02T18:26:24.940000Z,-72.68170684522113,-0.568494875869373,10,0.5,6,-1,peak,max mdccm,2015-07-02T18:26:24.948631Z,Taup,0.0,0.0,11,53.77933636363636,-166.21232727272726,us10002n4l,pavdut,lts,3,37.9,4.1,51.5782,-175.811,2015-07-02T18:24:55.000000Z,2015-07-02T10:24:55.000000Z,693.1922684904265,253.19466952356208,3A,0.12348517177348865,8.098138307928341,22.125078686772735,89.94863062334807
1130,230.10325246884167,3.0197619440362704,0.33115193135501975,0.25385619396220765,0.39809047816324816,26.70423131214801,2015-07-02T23:17:58.080000Z,-173.26734444756357,-2.896987751242941,10,0.5,6,-1,peak,max mdccm,2015-07-02T23:17:56.087308Z,Multiple triggers,24.07776038503507,0.11000000000000001,11,53.77933636363636,-166.21232727272726,ak0158f14xqw,pavdut,lts,3,51.0,3.3,57.2006,-155.2065,2015-07-02T23:16:13.047000Z,2015-07-02T15:16:13.047000Z,791.841589618712,56.83590802127811,3A,0.12277419279332953,8.145034206686564,21.991021066228207,101.74030839215094
1131,100.57470703666218,0.22184052951067393,4.507742576190906,0.3423419529260711,2.1703793304926373,26.34498323039861,2015-08-08T14:55:53.640000Z,157.84342262079656,-0.09906526842709881,10,0.5,6,-1,peak,max mdccm,2015-08-08T14:55:56.647981Z,Taup,0.0,0.0,11,53.77933636363636,-166.21232727272726,us100032tr,pavdut,lts,3,45.9,3.0,51.5696,-178.4672,2015-08-08T14:54:06.000000Z,2015-08-08T06:54:06.000000Z,863.3735807811048,258.41812965745873,3A,0.12277526108357512,8.144963335238064,21.991222400955543,110.64798110110905
1132,201.60445984661249,2.0452840724284935,0.48892963744280155,0.2554450195608532,0.35835880490000643,27.02135852311693,2015-07-02T15:08:23.620000Z,-136.51723832570747,-1.9222609078026824,10,0.5,6,-1,peak,max mdccm,2015-07-02T15:08:21.625161Z,STA/LTA trigger,24.649717163136096,0.085,11,53.77933636363636,-166.21232727272726,ak0158ewbeg7,pavdut,lts,3,49.6,3.2,55.9839,-156.1744,2015-07-02T15:06:48.077000Z,2015-07-02T07:06:48.077000Z,688.6396983198935,65.08722152090502,3A,0.12302316462581116,8.128550448540427,22.03795113801931,89.0981609739973
1133,144.545273654729,0.13917981671729124,7.184949826678162,0.29711802892364747,246.39776508819227,1.1587897304233081,2015-07-26T12:53:26.580000Z,110.6051941062475,-0.016391065364854157,10,0.5,6,-1,peak,max mdccm,2015-07-26T12:53:29.586790Z,Taup,0.0,0.0,11,53.77933636363636,-166.21232727272726,us2000307e,pavdut,lts,3,51.39,4.2,51.726,-176.1277,2015-07-26T12:51:58.310000Z,2015-07-26T04:51:58.310000Z,706.696584144469,255.15046776097645,3A,0.12278875135243708,8.144068483355843,21.993764861564095,91.27679013759156
1134,130.59587930784235,0.2281810258402176,4.382485337322675,0.550972279389969,0.4595142672029642,10.861638924311364,2015-07-21T06:13:17.340000Z,-67.81282591289857,-0.1054075935106846,10,0.5,6,-1,peak,max mdccm,2015-07-21T06:13:20.350381Z,Taup,0.0,0.0,11,53.77933636363636,-166.21232727272726,ak0159a6743k,pavdut,lts,3,22.7,3.0,56.8089,-152.9762,2015-07-21T06:11:23.847000Z,2015-07-20T22:11:23.847000Z,904.1159528001499,62.783053394943785,3A,0.122773432329533,8.145084657370544,21.99087774601557,116.50338082259289
