,array_baz,array_slow,array_vel,mdccm,conf_int_vel,conf_int_baz,time,baz_error,slow_error,max_freq,min_freq,window_length,window_start,multiple_triggers,no_triggers,trigger_time,trigger_type,sta/lta,trigger_length,num_stations,array_lat,array_lon,event_id,velocity_model,array_processing,min_triggers,depth,magnitude,latitude,longitude,time_utc,time_ak,distance,backazimuth,array,slowness,trace_vel,incident_angle,p_arrival
0,140.84640128616073,0.12729242644812738,7.855926922781282,0.24941268248862536,0.10828736799110111,88.45424568288432,2016-04-25T11:08:15.685000Z,-59.22278648597401,-0.0011390757890085978,10,0.5,6,-1,peak,max mdccm,2016-04-25T11:08:13.682273Z,STA/LTA trigger,31.837649044391494,0.09000000000000001,10,53.85690833333333,-166.41502499999999,us10005ckh,pavdut,lts,3,40.15,3.4,54.041,-164.0144,2016-04-25T11:07:50.010000Z,2016-04-25T03:07:50.010000Z,158.9337360624583,81.62361480018672,POM,0.12615335065911878,7.92686040263899,22.629320765294217,23.112272725953073
1,163.8665703106627,0.203412122181557,4.916127855484653,0.5714815173822795,0.18308249223097794,2.1250716891331933,2016-04-25T12:25:25.065000Z,-10.741947863621021,-0.07324191379763734,10,0.5,6,-1,peak,max mdccm,2016-04-25T12:25:23.075990Z,Multiple triggers,61.51485787630125,0.17800000000000002,10,53.85690833333333,-166.41502499999999,us10005ckm,pavdut,lts,3,12.82,3.8,52.4302,-165.237,2016-04-25T12:24:54.740000Z,2016-04-25T04:24:54.740000Z,177.2613223381456,153.12462244704167,POM,0.13017020838391966,7.682249359627923,23.39196201506882,26.265990171234005
2,134.26656900043724,0.16202353499414204,6.1719428602527096,0.3200971318646989,3.455841617248731,23.327975990729414,2016-04-25T11:50:42.065000Z,-63.26675786868482,-0.03655314728746978,10,0.5,6,-1,peak,max mdccm,2016-04-25T11:50:42.056273Z,Taup,0.0,0.0,10,53.85690833333333,-166.41502499999999,us10005ckl,pavdut,lts,3,19.13,3.7,54.9687,-159.9297,2016-04-25T11:49:43.080000Z,2016-04-25T03:49:43.080000Z,438.68566051576795,70.99981113175242,POM,0.12547038770667227,7.970008049531371,22.500077529351273,58.97627331811529
3,210.23256320393034,0.6054604836125159,1.651635452793617,0.2727731314998779,0.8479507218872668,10.550939342507718,2016-04-24T04:50:19.285000Z,-138.7295247098998,-0.4797113999725096,10,0.5,6,-1,peak,max mdccm,2016-04-24T04:50:17.283586Z,Multiple triggers,30.728919879526888,0.095,10,53.85690833333333,-166.41502499999999,us10005cyr,pavdut,lts,3,10.0,3.2,54.6958,-161.5904,2016-04-24T04:49:31.220000Z,2016-04-23T20:49:31.220000Z,327.78089391598866,71.50303849403053,POM,0.1257490836400063,7.952344232287162,22.552803045650716,45.73358561470344
4,207.83515195903396,0.24940420205339003,4.009555539829797,0.27094232013007646,4.237989016241014,40.68230245902106,2016-04-25T06:16:55.005000Z,10.930781460145084,-0.12364666543075864,10,0.5,6,-1,peak,max mdccm,2016-04-25T06:16:55.005273Z,Taup,0.0,0.0,10,53.85690833333333,-166.41502499999999,us10005cke,pavdut,lts,3,34.91,3.7,52.1809,-168.5785,2016-04-25T06:16:22.060000Z,2016-04-24T22:16:22.060000Z,236.34016946950283,218.76593341917905,POM,0.1257575366226314,7.951809703467421,22.554402550719672,32.94527264356366
5,215.3855139511354,0.20227002688537485,4.943886226735382,0.5152669434130672,0.31686102884187406,3.722393430393197,2016-04-23T20:16:51.245000Z,23.442498678085627,-0.07720443366824714,10,0.5,6,-1,peak,max mdccm,2016-04-23T20:16:49.251862Z,Multiple triggers,35.76648509704131,0.08,10,53.85690833333333,-166.41502499999999,us20005l8g,pavdut,lts,3,46.56,4.2,52.0147,-171.0999,2016-04-23T20:15:58.160000Z,2016-04-23T12:15:58.160000Z,375.7163596425927,238.82801262922104,POM,0.1250655932171277,7.995804235813198,22.423531627987987,50.291862358602415
6,165.14661879285285,2.045785789448618,0.48880973030393415,0.2621197502906979,0.5456879671898944,40.60554502998082,2016-04-24T00:42:29.125000Z,88.72305549227906,-1.922997038096181,10,0.5,6,-1,peak,max mdccm,2016-04-24T00:42:27.133880Z,Multiple triggers,32.280452346728865,0.065,10,53.85690833333333,-166.41502499999999,us10005cyq,pavdut,lts,3,37.95,3.8,51.427,-177.1278,2016-04-24T00:40:46.890000Z,2016-04-23T16:40:46.890000Z,772.9952102443574,253.8696742851319,POM,0.12278875135243708,8.144068483355843,21.993764861564095,99.77388019050018
7,128.36622783025132,0.23162397033215562,4.3173424519317685,0.20854780223497352,0.2022117186692628,84.49255691820414,2016-04-23T11:37:54.345000Z,-58.491012456918796,-0.10614543769290011,10,0.5,6,-1,peak,max mdccm,2016-04-23T11:37:57.353630Z,Taup,0.0,0.0,10,53.85690833333333,-166.41502499999999,us10005ccl,pavdut,lts,3,15.21,3.5,55.0552,-159.8866,2016-04-23T11:36:57.480000Z,2016-04-23T03:36:57.480000Z,443.73133156170456,69.87521537333252,POM,0.1254785326392555,7.969490708621449,22.501618155560397,59.873630409138784
8,221.00584592051507,0.15673322303968534,6.380268207378068,0.5163995343250253,0.42579930027517277,4.197168209058873,2016-04-22T11:16:40.025000Z,32.65582216705556,-0.03549196713725271,10,0.5,6,-1,peak,max mdccm,2016-04-22T11:16:38.031123Z,Multiple triggers,26.849782243018574,0.027999999999999997,10,53.85690833333333,-166.41502499999999,us10005cb9,pavdut,lts,3,100.3,3.6,52.684,-172.204,2016-04-22T11:15:40.270000Z,2016-04-22T03:15:40.270000Z,407.54436549702865,253.66166808757063,POM,0.12124125590243263,8.248017496657551,21.702409505265905,54.38112320908254
9,344.5518493863352,0.2752863760960264,3.6325807843508255,0.28508532527612995,0.5419108072412017,63.538410662241276,2016-04-24T01:44:50.505000Z,71.4559764658535,-0.15252825941774967,10,0.5,6,-1,peak,max mdccm,2016-04-24T01:44:50.508054Z,Taup,0.0,0.0,10,53.85690833333333,-166.41502499999999,ak0165a7nka4,pavdut,lts,3,57.8,3.5,57.6031,-154.5168,2016-04-24T01:43:01.243000Z,2016-04-23T17:43:01.243000Z,854.3458211822523,56.00782585218873,POM,0.12275811667827674,8.146100861263537,21.98799132463868,109.26505408467129
10,329.8746143874023,1.717739542151827,0.5821604355380278,0.27707951304331824,0.8044249706183128,43.23005610313213,2016-04-23T18:15:56.345000Z,93.88656798773172,-1.5949589288545127,10,0.5,6,-1,peak,max mdccm,2016-04-23T18:15:59.348812Z,Taup,0.0,0.0,10,53.85690833333333,-166.41502499999999,ak01658u2f76,pavdut,lts,3,62.9,3.1,56.3027,-155.84,2016-04-23T18:14:25.781000Z,2016-04-23T10:14:25.781000Z,727.2740531994488,63.76118237513401,POM,0.12278061329731424,8.144608282567313,21.992231107244578,93.56781249845535
11,217.63129582678232,0.15776374410346547,6.338591960293327,0.5512842533755405,0.38744872209427816,3.9793007993964977,2016-04-25T14:18:10.765000Z,30.776677897415624,-0.033814471619644584,10,0.5,6,-1,peak,max mdccm,2016-04-25T14:18:08.763286Z,Multiple triggers,24.312845110006666,0.076,10,53.85690833333333,-166.41502499999999,us20005lka,pavdut,lts,3,42.85,4.6,51.5516,-174.5958,2016-04-25T14:16:46.640000Z,2016-04-25T06:16:46.640000Z,609.1092903002655,248.40797372419794,POM,0.12394927248382089,8.067816615305508,22.212655317321968,79.42328636231144
12,131.71132575682884,0.42289047408375957,2.36467847181144,0.34574477711536883,0.8167059907295977,17.28797495968115,2016-04-25T14:35:24.785000Z,115.65327007869803,-0.2984664196667759,10,0.5,6,-1,peak,max mdccm,2016-04-25T14:35:27.789830Z,Taup,0.0,0.0,10,53.85690833333333,-166.41502499999999,us20005lke,pavdut,lts,3,26.4,4.3,51.44,-174.589,2016-04-25T14:34:07.180000Z,2016-04-25T06:34:07.180000Z,614.6427872576661,247.3645958355269,POM,0.12442405441698366,8.037031140688354,22.302304115143848,80.6098299147412
13,148.41837159538937,1.8835196792246172,0.5309209195051612,0.2800757628888402,2.181189083161766,61.18329501433459,2016-04-24T08:38:55.185000Z,-95.9740537745565,-1.7592263430110093,10,0.5,6,-1,peak,max mdccm,2016-04-24T08:38:58.182448Z,Taup,0.0,0.0,10,53.85690833333333,-166.41502499999999,ak0165absdi7,pavdut,lts,3,12.8,3.0,57.1866,-157.7212,2016-04-24T08:37:30.877000Z,2016-04-24T00:37:30.877000Z,661.7599673136918,52.44431782083288,POM,0.12429333621360793,8.045483615319657,22.277616044256007,87.30544849239665
14,74.55011779260042,1.131548321792571,0.883744848311758,0.26011397718656826,1.816914646469858,44.877305729931976,2016-04-24T05:29:35.625000Z,-21.284735445534437,-1.0072251498773304,10,0.5,6,-1,peak,max mdccm,2016-04-24T05:29:33.618433Z,Multiple triggers,31.917131161444765,0.105,10,53.85690833333333,-166.41502499999999,ak0165a9y33o,pavdut,lts,3,15.7,3.5,57.0745,-157.7677,2016-04-24T05:28:03.089000Z,2016-04-23T21:28:03.089000Z,653.0803553200919,53.26538234706599,POM,0.12432317191524067,8.043552819596384,22.283250574876863,85.99943282000855
15,150.40886515313824,0.1796180403658476,5.567369502323882,0.5136962644973162,0.28759293889560533,2.7852009309655728,2016-04-21T21:03:44.705000Z,-37.76199863524647,-0.0517466596938497,10,0.5,6,-1,peak,max mdccm,2016-04-21T21:03:42.697209Z,Multiple triggers,42.05210048318686,0.12266666666666669,10,53.85690833333333,-166.41502499999999,us10005bzs,pavdut,lts,3,10.0,3.5,52.9271,-162.93,2016-04-21T21:03:05.010000Z,2016-04-21T13:03:05.010000Z,253.85964262331993,112.64686651789177,POM,0.1278713806719979,7.820358197000264,22.95497920618495,36.387208802488296
16,177.54500296372765,0.3077328457302784,3.249571873379027,0.2674320088069592,1.2011523237057264,18.079860585492696,2016-04-25T16:00:04.745000Z,69.20559764865331,-0.1832903593053402,10,0.5,6,-1,peak,max mdccm,2016-04-25T16:00:04.736477Z,Taup,0.0,0.0,10,53.85690833333333,-166.41502499999999,us10005ck7,pavdut,lts,3,25.6,4.1,51.388,-174.544,2016-04-25T15:58:44.080000Z,2016-04-25T07:58:44.080000Z,614.758371598004,246.75060061238096,POM,0.1244424864249382,8.035840722317813,22.305785624051815,80.65647741821287
17,101.34008227797551,0.07285262702776962,13.726340981757936,0.6684642474539612,1.396708754898972,5.31592978780742,2016-04-19T09:57:14.885000Z,-28.92403542961938,0.05281271887642913,10,0.5,6,-1,peak,max mdccm,2016-04-19T09:57:12.890056Z,Multiple triggers,29.421305498926817,0.05714285714285715,10,53.85690833333333,-166.41502499999999,us20005lgs,pavdut,lts,3,9.9,3.3,54.7707,-160.6906,2016-04-19T09:56:18.000000Z,2016-04-19T01:56:18.000000Z,386.06566066446067,72.41604684835612,POM,0.12566534590419876,7.957643316896228,22.536958878727123,53.07005612509611
18,213.69316452843213,0.16055092802530027,6.228553221706797,0.5530299486503225,0.3900033628305235,3.6920817254771805,2016-04-19T07:22:20.065000Z,42.399312291079525,-0.041413748209495616,10,0.5,6,-1,peak,max mdccm,2016-04-19T07:22:18.063873Z,Multiple triggers,44.40403148993448,0.09600000000000002,10,53.85690833333333,-166.41502499999999,us20005lgw,pavdut,lts,3,144.75,3.2,52.4876,-173.9022,2016-04-19T07:21:08.460000Z,2016-04-18T23:21:08.460000Z,523.0524738006428,256.09247681951166,POM,0.11913717981580466,8.393685342779456,21.307205600210906,69.0838728364022
19,216.08163931680986,0.3056852946473833,3.2713382603292334,0.30035210668485746,0.32430385629448877,6.408827254141443,2016-04-24T20:43:08.405000Z,-162.47755253680705,-0.18296375320023378,10,0.5,6,-1,peak,max mdccm,2016-04-24T20:43:11.401979Z,Taup,0.0,0.0,10,53.85690833333333,-166.41502499999999,ak0165aiydrx,pavdut,lts,3,54.7,3.0,58.3799,-152.8815,2016-04-24T20:41:06.850000Z,2016-04-24T12:41:06.850000Z,978.3541283102177,53.6040867800028,POM,0.12272154144714953,8.14852867889256,21.9810985135098,124.55197932027536
20,217.14480692919176,0.19546407584740358,5.11602961139871,0.7055341483566224,0.06001044932510746,0.7439818212583305,2016-04-18T12:36:08.905000Z,17.593425015219054,-0.06970653922477218,10,0.5,6,-1,peak,max mdccm,2016-04-18T12:36:06.898098Z,Multiple triggers,28.237829974258386,0.0690909090909091,10,53.85690833333333,-166.41502499999999,us10005btv,pavdut,lts,3,33.64,3.1,52.6049,-169.245,2016-04-18T12:35:34.040000Z,2016-04-18T04:35:34.040000Z,234.7658459101228,234.7382319444108,POM,0.1257575366226314,7.951809703467421,22.554402550719672,32.778097500641735
21,87.200766093438,0.7704273246820474,1.2979809619456273,0.2614121962235569,1.1497263183213167,45.32113170407234,2016-04-23T23:04:47.185000Z,170.83040290951925,-0.6476385733296104,10,0.5,6,-1,peak,max mdccm,2016-04-23T23:04:47.178083Z,Taup,0.0,0.0,10,53.85690833333333,-166.41502499999999,us20005l9x,pavdut,lts,3,8.0,4.3,51.6367,-178.4986,2016-04-23T23:02:56.000000Z,2016-04-23T15:02:56.000000Z,851.3582908795588,258.03116900295726,POM,0.12278875135243708,8.144068483355843,21.993764861564095,111.17808332848335
22,92.58917561543541,0.3691961871882514,2.7085870187768344,0.4825984912238401,0.4186556049759378,10.248712221824434,2016-04-22T09:02:20.285000Z,165.36018463332005,-0.2457056885955388,10,0.5,6,-1,peak,max mdccm,2016-04-22T09:02:20.289527Z,Taup,0.0,0.0,10,53.85690833333333,-166.41502499999999,us10005cb8,pavdut,lts,3,34.01,3.8,52.0871,-176.546,2016-04-22T09:00:48.410000Z,2016-04-22T01:00:48.410000Z,707.823426447695,257.94936024875545,POM,0.12349049859271263,8.097788991022922,22.126083557908867,91.87952718250354
23,166.07160405696285,0.20538299724005557,4.868952218236356,0.5496981251251871,0.19509658472306013,2.3045778445639655,2016-04-17T20:20:41.725000Z,-18.017322118286984,-0.07859728751544129,10,0.5,6,-1,peak,max mdccm,2016-04-17T20:20:39.724244Z,Multiple triggers,41.11059946862039,0.13,10,53.85690833333333,-166.41502499999999,us10005buw,pavdut,lts,3,5.7,3.1,51.6698,-164.2421,2016-04-17T20:20:02.000000Z,2016-04-17T12:20:02.000000Z,284.13683627117115,148.05428193867587,POM,0.12678570972461428,7.887324227407461,22.749096208265506,40.674244341000026
24,358.82326745853584,0.16044428954603632,6.232692997858735,0.29365617878222644,11.914732688866712,52.11997405065331,2016-04-21T22:29:53.145000Z,-101.03593505320976,-0.037655538193599236,10,0.5,6,-1,peak,max mdccm,2016-04-21T22:29:53.155120Z,Taup,0.0,0.0,10,53.85690833333333,-166.41502499999999,us20005kp6,pavdut,lts,3,10.0,3.9,51.6343,-178.3677,2016-04-21T22:28:03.200000Z,2016-04-21T14:28:03.200000Z,843.0346821616744,257.7873324053261,POM,0.12278875135243708,8.144068483355843,21.993764861564095,109.95512009797186
25,186.38553008252256,1.077669367750322,0.9279283887297828,0.35228939896243106,0.6219475052693709,22.37948373613841,2016-04-21T00:27:47.285000Z,72.05998395881045,-0.9598520166386928,10,0.5,6,-1,peak,max mdccm,2016-04-21T00:27:47.281459Z,Taup,0.0,0.0,10,53.85690833333333,-166.41502499999999,us10005c04,pavdut,lts,3,179.0,3.7,52.2448,-176.0889,2016-04-21T00:26:20.000000Z,2016-04-20T16:26:20.000000Z,672.4600415112535,258.445514041333,POM,0.1178173511116292,8.487714165738824,21.05984803590757,87.28145850675809
26,330.85421737567026,1.2092117033469765,0.8269850492118961,0.28187774234389334,96.78444789721169,58.8185946869981,2016-04-17T12:10:51.005000Z,119.10289387820126,-1.083894220331206,10,0.5,6,-1,peak,max mdccm,2016-04-17T12:10:54.014973Z,Taup,0.0,0.0,10,53.85690833333333,-166.41502499999999,us10005bvk,pavdut,lts,3,21.48,3.3,53.646,-159.26,2016-04-17T12:09:50.950000Z,2016-04-17T04:09:50.950000Z,472.3690638169151,89.95711125387152,POM,0.12531748301577045,7.9797325635255225,22.471158560676308,63.0649728031161
27,126.34287503581027,0.11867161634539143,8.426614811493925,0.5196919424137021,4.136305729696673,24.69173011859459,2016-04-21T07:52:57.485000Z,-89.78833968411223,0.004108376344143239,10,0.5,6,-1,peak,max mdccm,2016-04-21T07:52:57.480437Z,Taup,0.0,0.0,10,53.85690833333333,-166.41502499999999,ak01655cnql2,pavdut,lts,3,3.8,3.2,60.2649,-156.2896,2016-04-21T07:50:54.948000Z,2016-04-20T23:50:54.948000Z,939.5381111267487,36.55453535169803,POM,0.12277999268953467,8.14464945057157,21.992114143877973,122.53243658225243
28,109.7302116696643,0.1585154822085007,6.308532050419319,0.48404242441508594,2.076511326277989,17.440986419808326,2016-04-20T19:37:05.945000Z,-55.52186547457171,-0.034130741717018576,10,0.5,6,-1,peak,max mdccm,2016-04-20T19:37:08.949048Z,Taup,0.0,0.0,10,53.85690833333333,-166.41502499999999,ak01653w6cm0,pavdut,lts,3,8.2,3.4,57.0005,-157.6475,2016-04-20T19:35:42.003000Z,2016-04-20T11:35:42.003000Z,655.4519413306222,54.208346195092595,POM,0.12438474049148213,8.039571381896963,22.29487863882138,86.9460476180887
29,126.19284846227663,0.09353172689154189,10.691559251970043,0.3612979436747415,1.291249538800554,5.626747825002667,2016-04-16T12:20:13.045000Z,-78.85508543883498,0.011507260307921041,10,0.5,6,-1,peak,max mdccm,2016-04-16T12:20:11.041015Z,Multiple triggers,30.774338858293635,0.09111111111111111,10,53.85690833333333,-166.41502499999999,us20005l3f,pavdut,lts,3,231.94,3.5,56.197,-161.6861,2016-04-16T12:19:12.680000Z,2016-04-16T04:19:12.680000Z,398.99510989071734,47.33776302344165,POM,0.10503898719946293,9.520274582437263,18.68523651699391,57.88101495991498
30,129.92845669792456,0.27044204931297927,3.6976498386266563,0.7424055860163707,0.3071540338766894,4.15518376354143,2016-04-18T06:00:25.845000Z,-77.6348368615134,-0.14618729128795974,10,0.5,6,-1,peak,max mdccm,2016-04-18T06:00:28.848527Z,Taup,0.0,0.0,10,53.85690833333333,-166.41502499999999,ak01650cwn5g,pavdut,lts,3,12.0,3.4,57.229,-157.6452,2016-04-18T05:59:00.686000Z,2016-04-17T21:59:00.686000Z,668.1115694222551,52.293619836411146,POM,0.12425475802501953,8.047981549315345,22.27033081436799,88.16252721575455
31,230.2448721714776,0.18041985891210038,5.542627103412129,0.4909717695330898,0.32695361868488826,4.195474898465108,2016-04-15T19:28:01.025000Z,-11.947388103076264,-0.05332810684553943,10,0.5,6,-1,peak,max mdccm,2016-04-15T19:27:59.035530Z,Multiple triggers,26.880771868141075,0.125,10,53.85690833333333,-166.41502499999999,us20005kzs,pavdut,lts,3,27.27,3.8,52.2164,-168.5004,2016-04-15T19:27:25.420000Z,2016-04-15T11:27:25.420000Z,229.9772161061182,218.29748406840133,POM,0.12709175206656095,7.868331215359093,22.807101525357837,32.345529822862005
32,211.39504105977142,0.16285247583391213,6.140526847254487,0.3715524716214335,0.631430124448038,9.184434562598852,2016-04-18T14:07:13.125000Z,43.767411843681174,-0.040074614062776515,10,0.5,6,-1,peak,max mdccm,2016-04-18T14:07:13.127359Z,Taup,0.0,0.0,10,53.85690833333333,-166.41502499999999,us10005btw,pavdut,lts,3,36.31,3.0,51.3327,-178.0907,2016-04-18T14:05:25.270000Z,2016-04-18T06:05:25.270000Z,838.3877123952345,255.1624529034526,POM,0.12277786177113562,8.144790808167457,21.99171253928551,107.85735896771153
33,123.03727265135444,0.29488338079403464,3.3911711040048873,0.5587351413813241,0.5120280941460287,7.371489445333339,2016-04-18T00:35:37.985000Z,135.56705257116647,-0.17209462944159756,10,0.5,6,-1,peak,max mdccm,2016-04-18T00:35:40.977821Z,Taup,0.0,0.0,10,53.85690833333333,-166.41502499999999,us10005bt4,pavdut,lts,3,10.9,3.0,51.7318,-178.4427,2016-04-18T00:33:51.000000Z,2016-04-17T16:33:51.000000Z,843.9132932453296,258.6043252225209,POM,0.12278875135243708,8.144068483355843,21.993764861564095,109.97782077211987
34,167.7186194241579,1.0786491418519677,0.9270855194702771,0.2717999382252135,2.533650578696571,41.954192638510506,2016-04-17T14:04:47.785000Z,97.03544955328823,-0.9601818831681609,10,0.5,6,-1,peak,max mdccm,2016-04-17T14:04:47.784170Z,Taup,0.0,0.0,10,53.85690833333333,-166.41502499999999,us10005bvd,pavdut,lts,3,174.81,4.0,52.3025,179.9803,2016-04-17T14:02:50.460000Z,2016-04-17T06:02:50.460000Z,926.4426999686725,264.75406897744614,POM,0.11846725868380681,8.441150838722743,21.181599665374154,117.3241702880108
35,115.82963003307731,0.08157861739659203,12.25811409794468,0.5745667673009521,1.894387845298155,7.836043925030651,2016-04-14T13:52:53.065000Z,-34.8909170496126,0.044178919226039365,10,0.5,6,-1,peak,max mdccm,2016-04-14T13:52:51.071942Z,Multiple triggers,30.66734975534853,0.1225,10,53.85690833333333,-166.41502499999999,us20005i7d,pavdut,lts,3,30.6,4.0,54.16,-162.495,2016-04-14T13:52:13.190000Z,2016-04-14T05:52:13.190000Z,259.17673515660533,80.93871298346471,POM,0.1257575366226314,7.951809703467421,22.554402550719672,35.931942035095666
36,143.03320251076056,0.3624501868563684,2.7589998191842002,0.2672169918110529,0.3057821558046555,59.77148689793677,2016-04-15T23:57:29.985000Z,107.9356978242322,-0.2396614355039313,10,0.5,6,-1,peak,max mdccm,2016-04-15T23:57:29.990840Z,Taup,0.0,0.0,10,53.85690833333333,-166.41502499999999,us20005iws,pavdut,lts,3,30.41,3.7,50.8125,-177.785,2016-04-15T23:55:41.150000Z,2016-04-15T15:55:41.150000Z,844.5958836689332,250.96890033499272,POM,0.12278875135243708,8.144068483355843,21.993764861564095,108.84083992616462
37,147.58974754859605,0.24385123763272465,4.1008608761139245,0.3108425035767486,1.5216270061500234,16.97412246811632,2016-04-15T13:25:09.825000Z,-94.58618905115509,-0.11953370286482405,10,0.5,6,-1,peak,max mdccm,2016-04-15T13:25:12.823626Z,Taup,0.0,0.0,10,53.85690833333333,-166.41502499999999,ak0164viug7v,pavdut,lts,3,12.6,3.7,57.1232,-157.7105,2016-04-15T13:23:45.872000Z,2016-04-15T05:23:45.872000Z,658.7794244963958,53.00355849744097,POM,0.1243175347679006,8.04391755247551,22.282185971177558,86.95162586679494
38,116.94836958518465,0.47845787298698006,2.0900481661155825,0.2570336890328743,2.04016917599737,76.52629057972541,2016-04-15T02:12:43.905000Z,-63.75437693702119,-0.354064107521029,10,0.5,6,-1,peak,max mdccm,2016-04-15T02:12:46.903894Z,Taup,0.0,0.0,10,53.85690833333333,-166.41502499999999,ak0164vc8250,pavdut,lts,3,15.7,3.1,57.0373,-157.9142,2016-04-15T02:11:22.120000Z,2016-04-14T18:11:22.120000Z,643.305933428055,53.19399264816346,POM,0.12439376546595107,8.038988097628726,22.296583209438054,84.783894486996
39,136.96751073640345,0.18360355600098488,5.446517604455525,0.557958160104463,,,2016-04-14T03:24:04.425000Z,-31.984640251221094,-0.05874686276500156,10,0.5,6,-1,peak,max mdccm,2016-04-14T03:24:02.426626Z,Multiple triggers,30.807306541210092,0.08083333333333334,10,53.85690833333333,-166.41502499999999,us20005kkw,pavdut,lts,3,41.8,3.0,53.5744,-164.7171,2016-04-14T03:23:43.000000Z,2016-04-13T19:23:43.000000Z,116.42312179239168,104.98287048518237,POM,0.12485669323598332,8.009182159821954,22.384045533653598,17.776626367629163
40,217.46610236558308,0.16931918109542773,5.906005412561045,0.5516275707439662,0.3171004146060743,3.3961206449478993,2016-04-14T01:38:43.925000Z,27.61731225127204,-0.04453612445994247,10,0.5,6,-1,peak,max mdccm,2016-04-14T01:38:41.924106Z,Multiple triggers,36.274805066456025,0.09000000000000001,10,53.85690833333333,-166.41502499999999,us20005hxt,pavdut,lts,3,15.17,5.2,51.3833,-174.061,2016-04-14T01:37:21.950000Z,2016-04-13T17:37:21.950000Z,586.0056910511618,245.08341461685512,POM,0.12478305663548526,8.013908514207884,22.37012947914388,77.68410603760987
41,212.8847007151836,0.8772764808745317,1.1398914957837794,0.30330656177047216,0.6595182981629452,3.2118886525153414,2016-04-14T02:18:20.365000Z,31.650487215586395,-0.7526591368831563,10,0.5,6,-1,peak,max mdccm,2016-04-14T02:18:23.360104Z,Taup,0.0,0.0,10,53.85690833333333,-166.41502499999999,us20005kku,pavdut,lts,3,25.7,3.0,51.3294,-174.0476,2016-04-14T02:17:06.000000Z,2016-04-13T18:17:06.000000Z,588.320067666938,244.53518793077,POM,0.12461734399137539,8.02456518467613,22.338817716853683,77.36010446829266
42,149.690005562345,0.18743162749759282,5.335278860622618,0.6238726746576123,0.12946077502838138,1.3540771334259603,2016-04-13T15:56:55.625000Z,-23.51911485874828,-0.06062690313875688,10,0.5,6,-1,peak,max mdccm,2016-04-13T15:56:53.621305Z,Multiple triggers,82.31287562733226,0.22375,10,53.85690833333333,-166.41502499999999,us20005kbp,pavdut,lts,3,28.6,3.3,52.5976,-163.6584,2016-04-13T15:56:21.000000Z,2016-04-13T07:56:21.000000Z,231.34667445219614,126.17089070359671,POM,0.12680472435883594,7.8861415066064025,22.75269940292829,32.48130507617526
43,207.77008783318774,0.18279829072262674,5.470510670788347,0.48530958093404747,0.3068931847969467,3.3672722078764536,2016-04-11T15:44:35.565000Z,45.90750074106862,-0.08164257378164234,10,0.5,6,-1,peak,max mdccm,2016-04-11T15:44:33.573314Z,Multiple triggers,22.184566880006738,0.09,10,53.85690833333333,-166.41502499999999,us20005jn4,pavdut,lts,3,260.15,3.9,52.6989,-172.1446,2016-04-11T15:43:33.550000Z,2016-04-11T07:43:33.550000Z,403.20070311462104,253.67758857425636,POM,0.1011557169409844,9.885748727216411,17.970358794417496,59.743314077322104
44,87.74404367760741,2.4213072612687156,0.41300004175266064,0.24943113992973848,0.4650076506487908,39.38743852867114,2016-04-16T14:48:13.045000Z,166.3869857621197,-2.2985185099162786,10,0.5,6,-1,peak,max mdccm,2016-04-16T14:48:13.037382Z,Taup,0.0,0.0,10,53.85690833333333,-166.41502499999999,us20005l35,pavdut,lts,3,48.0,3.2,51.4697,-177.0996,2016-04-16T14:46:34.000000Z,2016-04-16T06:46:34.000000Z,769.2402434841043,254.13102943972714,POM,0.12278875135243708,8.144068483355843,21.993764861564095,99.03738196498328
45,102.12376537143979,0.22549084686898566,4.434769809441615,0.36077367568766816,0.8501558859988838,13.20183734655086,2016-04-14T15:19:41.425000Z,-49.92030727370252,-0.10119412119540035,10,0.5,6,-1,peak,max mdccm,2016-04-14T15:19:44.423831Z,Taup,0.0,0.0,10,53.85690833333333,-166.41502499999999,ak0164twgu2m,pavdut,lts,3,9.5,3.1,57.227,-157.6856,2016-04-14T15:18:16.308000Z,2016-04-14T07:18:16.308000Z,665.8965479315871,52.20345809773727,POM,0.12429672567358531,8.045264222213644,22.278256138973077,88.11583105910876
46,125.47344372652043,0.5149371587407124,1.9419845373861093,0.29776105403436165,0.8186174052079138,72.76978275864788,2016-04-14T03:26:15.845000Z,-58.30681115918679,-0.392167370901637,10,0.5,6,-1,peak,max mdccm,2016-04-14T03:26:13.839404Z,Multiple triggers,23.001391059102456,0.054285714285714284,10,53.85690833333333,-166.41502499999999,ak0164tpcwmh,pavdut,lts,3,15.3,3.7,56.4224,-151.6186,2016-04-14T03:24:10.019000Z,2016-04-13T19:24:10.019000Z,983.6340469145927,67.16663256733364,POM,0.12276978783907544,8.145326448806632,21.990190891991013,126.76040381413283
47,231.13273964081543,0.171825642164766,5.819853122044997,0.38235183271359063,3.525402647539737,18.577279690287327,2016-04-10T19:43:54.705000Z,28.076815776263516,-0.049057231861807035,10,0.5,6,-1,peak,max mdccm,2016-04-10T19:43:57.714329Z,Taup,0.0,0.0,10,53.85690833333333,-166.41502499999999,us20005il4,pavdut,lts,3,19.0,4.4,51.3487,179.6145,2016-04-10T19:41:51.060000Z,2016-04-10T11:41:51.060000Z,984.950687120111,259.20955541707895,POM,0.12276841030295897,8.145417844315753,21.98993127735332,126.65432933105957
48,109.01509304772446,0.08497101493102023,11.768719025091126,0.663505335647737,1.7873965704129064,7.722259408031192,2016-04-22T04:34:25.945000Z,-57.816414241013135,0.036000345275074036,10,0.5,6,-1,peak,max mdccm,2016-04-22T04:34:23.943313Z,Multiple triggers,51.78946318638886,0.14666666666666667,10,53.85690833333333,-166.41502499999999,ak01656yawn7,pavdut,lts,3,134.9,3.4,57.8267,-156.206,2016-04-22T04:32:45.472000Z,2016-04-21T20:32:45.472000Z,776.1654616722338,51.19867880671133,POM,0.12097136020609427,8.266419409489473,21.651655359611155,99.45131339023295
49,118.09251374868319,0.2594516174935774,3.8542831594594102,0.38868202766231386,1.4778869152656722,17.498194405062577,2016-04-18T20:00:17.625000Z,136.7963658056259,-0.13666286614114034,10,0.5,6,-1,peak,max mdccm,2016-04-18T20:00:17.619200Z,Taup,0.0,0.0,10,53.85690833333333,-166.41502499999999,us10005btd,pavdut,lts,3,27.88,3.0,51.2526,-178.2334,2016-04-18T19:58:27.870000Z,2016-04-18T11:58:27.870000Z,851.1283308803829,254.88887955430906,POM,0.12278875135243708,8.144068483355843,21.993764861564095,109.7491995910975
50,106.13796912179924,0.30331510590836136,3.296901408867264,0.49995353720022484,0.4679968342224978,7.39029520104981,2016-04-09T10:57:09.165000Z,148.37893002191242,-0.18052635455592428,10,0.5,6,-1,peak,max mdccm,2016-04-09T10:57:09.158480Z,Taup,0.0,0.0,10,53.85690833333333,-166.41502499999999,us20005isi,pavdut,lts,3,23.2,3.3,51.2018,-178.2204,2016-04-09T10:55:19.000000Z,2016-04-09T02:55:19.000000Z,852.6638092808341,254.51689914371164,POM,0.12278875135243708,8.144068483355843,21.993764861564095,110.15847990203129
51,200.0537585098018,1.7807373129074087,0.5615651408838627,0.2566522715455925,0.39815610071505925,34.409131105317016,2016-04-09T00:19:36.385000Z,-141.55935631687234,-1.655321804310864,10,0.5,6,-1,peak,max mdccm,2016-04-09T00:19:36.388948Z,Taup,0.0,0.0,10,53.85690833333333,-166.41502499999999,ak0164ldumri,pavdut,lts,3,7.6,3.1,55.9068,-159.9734,2016-04-09T00:18:32.308000Z,2016-04-08T16:18:32.308000Z,471.9682555631056,58.49440219292948,POM,0.12541550859654482,7.973495552427636,22.489697510613535,64.08094823086523
52,215.91610278690735,0.1628616614076334,6.140180514903734,0.7233126799859823,0.23481706119484036,2.4060672171994213,2016-04-08T20:13:58.865000Z,-13.448543651142785,-0.04006090469162239,10,0.5,6,-1,peak,max mdccm,2016-04-08T20:13:56.868522Z,STA/LTA trigger,123.24845153178609,0.362,10,53.85690833333333,-166.41502499999999,us20005jfk,pavdut,lts,3,40.99,3.0,53.1155,-166.9239,2016-04-08T20:13:42.040000Z,2016-04-08T12:13:42.040000Z,89.16121360256376,202.46755913576456,POM,0.122800756716011,8.143272295240003,21.996027505937455,14.378521674594545
53,66.80086367831353,3.2068805768090507,0.3118295103446079,0.25154055845497625,0.1129022891959754,19.024416320946727,2016-04-15T18:27:01.345000Z,-172.19211524609977,-3.084102950202494,10,0.5,6,-1,peak,max mdccm,2016-04-15T18:27:01.355746Z,Taup,0.0,0.0,10,53.85690833333333,-166.41502499999999,us20005ivz,pavdut,lts,3,44.65,3.9,51.3941,-177.5954,2016-04-15T18:25:17.950000Z,2016-04-15T10:25:17.950000Z,804.1231646277604,254.60874843221376,POM,0.12277762660655672,8.144806408455176,21.99166821894622,103.40574550176068
54,138.47451565871538,3.725023477480539,0.2684546838551367,0.2412416398161208,0.10001334535826145,17.92991933722965,2016-04-08T16:07:02.705000Z,108.50520497144612,-3.6010306237160283,10,0.5,6,-1,peak,max mdccm,2016-04-08T16:07:02.707661Z,Taup,0.0,0.0,10,53.85690833333333,-166.41502499999999,us20005ifc,pavdut,lts,3,45.3,3.0,51.5269,-174.2208,2016-04-08T16:05:46.000000Z,2016-04-08T08:05:46.000000Z,587.5979885984934,246.97972063016152,POM,0.12399285376451032,8.064980921394227,22.22088198711733,76.70766090705274
55,106.9191395268366,3.4649497187472114,0.2886044765929707,0.2854542916286826,0.10898153699317754,16.753249447983507,2016-04-09T00:51:08.465000Z,-53.68230405938314,-3.3405323728044802,10,0.5,6,-1,peak,max mdccm,2016-04-09T00:51:08.473687Z,Taup,0.0,0.0,10,53.85690833333333,-166.41502499999999,ak0164le1au5,pavdut,lts,3,14.1,3.0,57.0304,-157.9204,2016-04-09T00:49:43.656000Z,2016-04-08T16:49:43.656000Z,642.5975731562831,53.23683546745347,POM,0.12441734594273107,8.037464490363723,22.301037014135144,84.81768705831277
56,127.8455107881708,0.14906056037550378,6.708682682265948,0.5160851294744014,0.5573651782566191,4.017248105837979,2016-04-07T21:20:45.745000Z,-31.796628815551514,-0.018626881092647124,10,0.5,6,-1,peak,max mdccm,2016-04-07T21:20:43.754716Z,Multiple triggers,70.29275100093865,0.23666666666666666,10,53.85690833333333,-166.41502499999999,us20005hwv,pavdut,lts,3,22.9,3.5,53.708,-164.334,2016-04-07T21:20:22.520000Z,2016-04-07T13:20:22.520000Z,138.16780055400866,96.0488819726193,POM,0.13043367928285665,7.666731518256217,23.442136682568414,20.62471591332284
57,214.0927072007488,0.1638495008644481,6.103161710741463,0.635620573463874,0.37100800561373903,3.8726090616590056,2016-04-16T20:26:32.945000Z,43.037708408516494,-0.0410723653028332,10,0.5,6,-1,peak,max mdccm,2016-04-16T20:26:30.946969Z,Multiple triggers,22.430532659864152,0.04933333333333333,10,53.85690833333333,-166.41502499999999,us20005j2a,pavdut,lts,3,25.8,4.1,51.2568,-179.4463,2016-04-16T20:24:28.000000Z,2016-04-16T12:24:28.000000Z,928.3849739920864,257.1304156092653,POM,0.1227771355616149,8.144838983461677,21.99157567410791,119.32696890929846
58,111.10130083330273,0.37231587410851746,2.68589138831221,0.34743766381306296,0.4879261871092482,8.145290515077022,2016-04-07T13:04:03.845000Z,142.5332786353353,-0.24912243367997589,10,0.5,6,-1,peak,max mdccm,2016-04-07T13:04:03.846921Z,Taup,0.0,0.0,10,53.85690833333333,-166.41502499999999,us20005hwy,pavdut,lts,3,33.5,3.2,51.513,-176.72,2016-04-07T13:02:27.580000Z,2016-04-07T05:02:27.580000Z,743.2484128200479,253.63457946863804,POM,0.12319344042854158,8.117315309332971,22.070056321950894,96.2669211072802
59,251.2105737543971,0.29313358804695794,3.411413910847388,0.2732071807224246,0.3645520484817188,36.70018890648538,2016-04-07T03:12:06.665000Z,162.352043676648,-0.16863820735206153,10,0.5,6,-1,peak,max mdccm,2016-04-07T03:12:06.662015Z,Taup,0.0,0.0,10,53.85690833333333,-166.41502499999999,ak0164i4ijim,pavdut,lts,3,4.3,3.0,57.0047,-157.8817,2016-04-07T03:10:40.783000Z,2016-04-06T19:10:40.783000Z,643.2290608650114,53.562617431045105,POM,0.1244953806948964,8.03242653999125,22.315776980176498,85.87901503229476
60,180.20543835850697,0.16829232733760166,5.9420415405745555,0.34975386817309906,3.5379189567066303,31.918494623024685,2016-04-11T12:18:57.405000Z,80.0074249313115,-0.04552117884588615,10,0.5,6,-1,peak,max mdccm,2016-04-11T12:19:00.412516Z,Taup,0.0,0.0,10,53.85690833333333,-166.41502499999999,us20005gy6,pavdut,lts,3,10.0,4.0,51.4905,179.5162,2016-04-11T12:16:52.960000Z,2016-04-11T04:16:52.960000Z,985.5444551909712,260.2128632898185,POM,0.12277114849171551,8.145236175480424,21.990447325183833,127.45251593608195
61,114.59166293553739,0.09162873206342027,10.913607309417488,0.6062332793609476,1.341281067726821,6.276127780580424,2016-04-08T10:08:18.565000Z,-66.1293837169984,0.029571472460495615,10,0.5,6,-1,peak,max mdccm,2016-04-08T10:08:16.567574Z,Multiple triggers,48.450249262460844,0.1875,10,53.85690833333333,-166.41502499999999,ak0164jw70xe,pavdut,lts,3,127.2,3.3,58.7588,-154.5907,2016-04-08T10:06:21.949000Z,2016-04-08T02:06:21.949000Z,910.8813580300864,48.462279218538974,POM,0.12120020452391589,8.250811159338221,21.694688601202394,115.79857432521248
62,161.82517575401351,1.9644772459186755,0.5090412739967147,0.30973301983830465,0.6793089436208632,44.10934616890523,2016-04-08T01:01:57.185000Z,90.48299133361331,-1.8410012829944316,10,0.5,6,-1,peak,max mdccm,2016-04-08T01:01:57.189624Z,Taup,0.0,0.0,10,53.85690833333333,-166.41502499999999,us20005jg2,pavdut,lts,3,40.71,3.3,51.6125,-175.8115,2016-04-08T01:00:28.770000Z,2016-04-07T17:00:28.770000Z,681.4325856516353,252.3081670876268,POM,0.123475962924244,8.098742267865758,22.12334151184925,88.4196244143449
63,135.890816138507,0.0935618911002051,10.688112309839875,0.3926331862559618,0.9136058226911237,4.148478562929114,2016-04-06T19:30:03.045000Z,-88.06159334778988,0.011628063015150819,10,0.5,6,-1,peak,max mdccm,2016-04-06T19:30:01.054115Z,Multiple triggers,45.6121570526727,0.14500000000000002,10,53.85690833333333,-166.41502499999999,us20005fwj,pavdut,lts,3,226.21,4.0,56.1122,-161.7895,2016-04-06T19:29:04.320000Z,2016-04-06T11:29:04.320000Z,388.08353684760846,47.82922279071712,POM,0.10518995411535592,9.506611238781948,18.71308847351478,56.45411507836631
64,223.62434350203102,0.15585094438140315,6.416387170248836,0.4551835380292228,0.5353473385562215,5.661760236258772,2016-04-11T12:02:40.005000Z,32.34879588369782,-0.03307806734671549,10,0.5,6,-1,peak,max mdccm,2016-04-11T12:02:40.003929Z,Taup,0.0,0.0,10,53.85690833333333,-166.41502499999999,us20005gyv,pavdut,lts,3,40.65,3.8,51.2114,-178.9544,2016-04-11T12:00:44.850000Z,2016-04-11T04:00:44.850000Z,898.9280419921733,255.97313938572884,POM,0.12277287703468766,8.145121497132179,21.99077309289977,115.1539290314627
65,100.74219490224073,0.07686569011451022,13.009705611310531,0.44770906820723816,5.234147062071596,15.212470011572208,2016-04-13T01:34:16.685000Z,-47.028525945938185,0.047605929606785266,10,0.5,6,-1,peak,max mdccm,2016-04-13T01:34:16.684227Z,Taup,0.0,0.0,10,53.85690833333333,-166.41502499999999,ak0164s0ohrm,pavdut,lts,3,4.6,3.8,57.0063,-157.8194,2016-04-13T01:32:50.428000Z,2016-04-12T17:32:50.428000Z,646.6174440406146,53.71366895630254,POM,0.12447161972129549,8.03395988771658,22.31128861068514,86.25622721835538
66,34.17417373532987,0.23763713436562509,4.208096527798616,0.24943043616089589,2.851971913754332,35.755664455756744,2016-04-06T04:24:08.205000Z,-136.11126752377186,-0.12556138325842509,10,0.5,6,-1,peak,max mdccm,2016-04-06T04:24:08.206942Z,Taup,0.0,0.0,10,53.85690833333333,-166.41502499999999,us20005i9d,pavdut,lts,3,229.1,3.0,52.514,-174.6167,2016-04-06T04:22:52.000000Z,2016-04-05T20:22:52.000000Z,567.9129542466133,258.062906211558,POM,0.11207575110719999,8.922536678282032,19.988470298400358,76.20694230546577
67,227.74947193368712,0.15328370844784456,6.523850513052105,0.7227598774617982,0.27851124569064334,2.7571881056562972,2016-04-10T19:36:15.145000Z,30.239751450136907,-0.030517743708038975,10,0.5,6,-1,peak,max mdccm,2016-04-10T19:36:13.154201Z,Multiple triggers,26.304906372951095,0.04923076923076923,10,53.85690833333333,-166.41502499999999,us20005guh,pavdut,lts,3,19.0,5.6,51.1243,179.5394,2016-04-10T19:34:02.510000Z,2016-04-10T11:34:02.510000Z,999.3672619397834,257.989223383824,POM,0.12276596473980558,8.145580105360915,21.98947038026877,128.42420084712157
68,107.66627836166586,0.304373121374188,3.2854412225533784,0.4603480851966149,0.46410573267037325,8.074939377988642,2016-04-10T03:41:23.785000Z,-54.6562078648176,-0.17984979542643517,10,0.5,6,-1,peak,max mdccm,2016-04-10T03:41:26.781286Z,Taup,0.0,0.0,10,53.85690833333333,-166.41502499999999,ak0164n3axiq,pavdut,lts,3,8.7,3.1,57.0164,-158.0483,2016-04-10T03:40:02.420000Z,2016-04-09T19:40:02.420000Z,635.0876271918717,53.01007049684826,POM,0.12452332594775281,8.030623920369566,22.321055930893635,84.36128575975363
69,56.41441789091124,0.06800760624242093,14.70423758829836,0.24934489036679605,0.7024335056399009,23.981166023892456,2016-04-06T01:53:13.285000Z,20.58373159595027,0.0575917186184597,10,0.5,6,-1,peak,max mdccm,2016-04-06T01:53:13.279250Z,Taup,0.0,0.0,10,53.85690833333333,-166.41502499999999,us20005i90,pavdut,lts,3,21.97,3.8,54.5055,-160.5176,2016-04-06T01:52:20.370000Z,2016-04-05T17:52:20.370000Z,391.6326569918599,76.9981494868615,POM,0.12559932486088063,7.9618262367862584,22.52446820069762,52.90925040324686
70,208.67763937861082,0.03092695082005367,32.33425777466492,0.29158759028559217,1.8401167884958363,1.817557247611603,2016-04-06T01:34:01.185000Z,-131.3539199948993,0.09478495816328994,10,0.5,6,-1,peak,max mdccm,2016-04-06T01:33:59.192161Z,STA/LTA trigger,25.93147520331015,0.06,10,53.85690833333333,-166.41502499999999,us20005iuz,pavdut,lts,3,25.6,3.5,54.4027,-161.4907,2016-04-06T01:33:13.000000Z,2016-04-05T17:33:13.000000Z,327.5212347941212,77.32371938371152,POM,0.1257119089833436,7.954695844548002,22.54576893779758,44.69216106950894
71,211.9361947238092,0.2035452919858246,4.91291147166225,0.31996328029860666,0.3842056563267433,5.100004271947142,2016-04-05T23:33:27.365000Z,24.297090796553533,-0.07855615964401103,10,0.5,6,-1,peak,max mdccm,2016-04-05T23:33:25.373854Z,Multiple triggers,26.339732274377926,0.06666666666666668,10,53.85690833333333,-166.41502499999999,us20005fpu,pavdut,lts,3,10.0,4.2,50.8738,-173.0205,2016-04-05T23:32:09.060000Z,2016-04-05T15:32:09.060000Z,558.7685197782275,236.23328552036273,POM,0.12498913234181358,8.000695590599458,22.409077757524408,74.71385436115509
72,162.28452260626295,0.2082388796797956,4.802177199270752,0.716960590241495,,,2016-04-05T13:45:48.305000Z,-11.263742213437979,-0.07959571587063194,10,0.5,6,-1,peak,max mdccm,2016-04-05T13:45:46.298014Z,Multiple triggers,65.26077479561918,0.21333333333333335,10,53.85690833333333,-166.41502499999999,us20005hhs,pavdut,lts,3,21.87,3.9,52.2002,-164.9302,2016-04-05T13:45:15.100000Z,2016-04-05T05:45:15.100000Z,209.55162410111438,151.02078039282497,POM,0.12864316380916366,7.7734406585604106,23.10152817278463,29.918013819447083
73,314.89161399622026,0.08299321241399729,12.049178130515937,0.8270677835262714,1.3721496345841642,5.90027270247586,2016-04-05T13:04:37.045000Z,27.738070368524006,0.04296127832648408,10,0.5,6,-1,peak,max mdccm,2016-04-05T13:04:35.053576Z,STA/LTA trigger,21.55601002551834,0.055,10,53.85690833333333,-166.41502499999999,us20005hgn,pavdut,lts,3,10.0,4.1,56.3869,-167.8456,2016-04-05T13:03:48.440000Z,2016-04-05T05:03:48.440000Z,296.05538502140996,342.62968436474426,POM,0.12595449074048137,7.939375516673048,22.591676201587028,41.74357618948563
74,75.77052627111897,1.1952260470216718,0.836661820156826,0.27474802705132567,0.8726288883787104,46.09771420845061,2016-04-07T00:51:22.825000Z,-25.064306055742946,-1.0707717993997754,10,0.5,6,-1,peak,max mdccm,2016-04-07T00:51:22.820424Z,Taup,0.0,0.0,10,53.85690833333333,-166.41502499999999,ak0164i2ymvf,pavdut,lts,3,7.7,3.1,57.268,-158.1048,2016-04-07T00:49:56.911000Z,2016-04-06T16:49:56.911000Z,646.707056113887,50.70622021537603,POM,0.12445424762189632,8.035081317900003,22.308007169750883,85.90942432785654
75,28.267231589845153,0.6363481935699452,1.5714667065996526,0.2550341388191793,0.6992677312890072,18.37647567879472,2016-04-07T03:11:07.365000Z,23.100395030247967,-0.5118765738486497,10,0.5,6,-1,peak,max mdccm,2016-04-07T03:11:07.356266Z,Taup,0.0,0.0,10,53.85690833333333,-166.41502499999999,ak0164i4ibxa,pavdut,lts,3,9.9,3.1,57.184,-158.1205,2016-04-07T03:09:42.384000Z,2016-04-06T19:09:42.384000Z,640.931221023087,51.367626620093105,POM,0.12447161972129549,8.03395988771658,22.31128861068514,84.97226607911824
76,180.26981216286003,0.04507581151308743,22.184847403349742,0.29119737401445656,22.967532839355577,33.53362537145492,2016-04-04T15:42:31.625000Z,174.39858318580093,-0.01881217709864443,10,0.5,6,-1,peak,max mdccm,2016-04-04T15:42:29.632960Z,Multiple triggers,48.97672755437034,0.15839999999999999,10,53.85690833333333,-166.41502499999999,us20005gnd,pavdut,lts,3,111.7,3.2,54.0635,-166.4478,2016-04-04T15:42:13.000000Z,2016-04-04T07:42:13.000000Z,23.09494696888083,354.66839534866097,POM,0.026263634414442998,38.07546146203117,4.594548565722981,15.532959953583362
77,235.90679076116135,0.09750591089184416,10.255788504034626,0.3918109928687951,2.336223654825848,13.221578363037679,2016-04-09T13:09:18.085000Z,57.71319101993657,0.025270735505002764,10,0.5,6,-1,peak,max mdccm,2016-04-09T13:09:18.092576Z,Taup,0.0,0.0,10,53.85690833333333,-166.41502499999999,us20005ijz,pavdut,lts,3,16.0,4.0,56.3814,-179.8187,2016-04-09T13:07:21.840000Z,2016-04-09T05:07:21.840000Z,898.4864818970182,293.6199817810979,POM,0.12277664639684692,8.14487143400002,21.991483483676788,116.25257634679822
78,256.5003769384873,1.733485340392694,0.5768724872939887,0.2567878234288317,0.8666643377230643,46.17374389640429,2016-04-07T02:33:02.085000Z,156.59217031239007,-1.6090384018745185,10,0.5,6,-1,peak,max mdccm,2016-04-07T02:33:02.088497Z,Taup,0.0,0.0,10,53.85690833333333,-166.41502499999999,ak0164i41lnp,pavdut,lts,3,11.4,3.7,57.044,-157.9304,2016-04-07T02:31:37.018000Z,2016-04-06T18:31:37.018000Z,642.8244353854149,53.09254725087739,POM,0.12444693851817537,8.035553239856927,22.306626565643906,85.07049675725916
79,1.1244020256268072,0.08708171818817392,11.48346657376593,0.37585103891729543,13.558329177623953,40.93574195332302,2016-04-06T05:12:28.385000Z,-103.67982935330383,0.03567639849010282,10,0.5,6,-1,peak,max mdccm,2016-04-06T05:12:31.377722Z,Taup,0.0,0.0,10,53.85690833333333,-166.41502499999999,us20005iv1,pavdut,lts,3,66.1,3.4,51.738,-177.756,2016-04-06T05:10:49.000000Z,2016-04-05T21:10:49.000000Z,799.4605372432388,257.444572672323,POM,0.12275811667827674,8.146100861263537,21.98799132463868,102.37772216224023
80,118.83720778176513,0.1144962204175344,8.733912755838498,0.285489889631757,9.119707792107535,61.98657185412104,2016-04-06T21:45:18.325000Z,-65.82588257543853,0.009939809591503104,10,0.5,6,-1,peak,max mdccm,2016-04-06T21:45:21.324989Z,Taup,0.0,0.0,10,53.85690833333333,-166.41502499999999,ak0164grw3r9,pavdut,lts,3,13.1,3.2,57.0461,-157.9537,2016-04-06T21:43:56.537000Z,2016-04-06T13:43:56.537000Z,641.7159670114235,53.0113252063266,POM,0.12443603000903751,8.036257665302985,22.30456610138536,84.78798876529326
81,132.2647372942796,0.19186208426650836,5.2120772263212665,0.565835961361105,0.13296726328316222,1.4089542211318644,2016-04-04T09:42:06.905000Z,-148.16792544029892,-0.06590036863858678,10,0.5,6,-1,peak,max mdccm,2016-04-04T09:42:06.909457Z,Taup,0.0,0.0,10,53.85690833333333,-166.41502499999999,us20005gm8,pavdut,lts,3,9.3,3.0,56.4145,-167.7325,2016-04-04T09:41:25.000000Z,2016-04-04T01:41:25.000000Z,296.85148440256705,344.0968118539807,POM,0.12596171562792158,7.938920131525526,22.59304370636915,41.9094565711238
82,0.15906490438641185,3.2640087260687025,0.30637172995687373,0.2755241628859708,0.19680828495125946,30.67500194580242,2016-04-06T02:00:39.045000Z,52.82959330110276,-3.1395280918332076,10,0.5,6,-1,peak,max mdccm,2016-04-06T02:00:42.054902Z,Taup,0.0,0.0,10,53.85690833333333,-166.41502499999999,ak0164gg2s2p,pavdut,lts,3,9.3,3.4,57.0405,-157.9798,2016-04-06T01:59:17.137000Z,2016-04-05T17:59:17.137000Z,640.0322574476108,52.98865820548919,POM,0.12448063423549492,8.033378092436292,22.312991405677774,84.91790172208572
83,168.1283799545009,0.25818690384684845,3.873163143058491,0.41372645785009615,1.0595696142006177,10.64680024259269,2016-04-04T06:13:17.145000Z,-95.82924537921532,-0.13411411319012292,10,0.5,6,-1,peak,max mdccm,2016-04-04T06:13:20.148138Z,Taup,0.0,0.0,10,53.85690833333333,-166.41502499999999,ak0164d7p5i6,pavdut,lts,3,45.2,3.0,55.1297,-157.7805,2016-04-04T06:12:04.785000Z,2016-04-03T22:12:04.785000Z,576.742713263275,72.29913457528558,POM,0.12407279065672552,8.059784862635341,22.235972619595607,75.36313777201929
84,22.958780272546505,0.3633707687533899,2.7520100293996776,0.23983056508527145,1.1150195978805373,24.71911633697721,2016-04-06T06:07:31.105000Z,-123.96699096715838,-0.24065113481080236,10,0.5,6,-1,peak,max mdccm,2016-04-06T06:07:34.104565Z,Taup,0.0,0.0,10,53.85690833333333,-166.41502499999999,us20005i9a,pavdut,lts,3,56.55,3.8,51.3533,179.7751,2016-04-06T06:05:30.080000Z,2016-04-05T22:05:30.080000Z,974.3824039945105,258.9917893053881,POM,0.12271963394258757,8.148655336340346,21.980739042568423,124.024565404784
85,90.82173959846142,0.09623784332359091,10.3909227956989,0.6670862694370367,1.2526215946756913,6.459927972192901,2016-04-05T03:19:35.405000Z,-37.94095959143928,0.028249856898415818,10,0.5,6,-1,peak,max mdccm,2016-04-05T03:19:33.403540Z,Multiple triggers,29.673476536852228,0.124,10,53.85690833333333,-166.41502499999999,ak0164ethhjg,pavdut,lts,3,9.2,4.3,57.0452,-158.0044,2016-04-05T03:18:05.564000Z,2016-04-04T19:18:05.564000Z,639.0032790490404,52.88078000702214,POM,0.12448770022200673,8.032922113723984,22.314326148413095,84.7995398261891
86,83.16766531664774,0.12928184211962557,7.735038297757946,0.27174442619585043,0.8356800711064116,10.297329284630138,2016-04-05T07:26:10.805000Z,-29.49038456231179,-0.004977395269870108,10,0.5,6,-1,peak,max mdccm,2016-04-05T07:26:13.810303Z,Taup,0.0,0.0,10,53.85690833333333,-166.41502499999999,ak0164evwlhe,pavdut,lts,3,15.3,3.1,57.0519,-157.6835,2016-04-05T07:24:47.381000Z,2016-04-04T23:24:47.381000Z,656.298324000364,53.67728075433596,POM,0.12430444684975546,8.044764490273481,22.27971428309772,86.4293025662425
87,217.25578082576442,0.20216400460893863,4.94647898340942,0.5347579870070137,0.15965205180271935,2.124153035392709,2016-04-04T01:02:48.745000Z,13.670391584998043,-0.07643618005306177,10,0.5,6,-1,peak,max mdccm,2016-04-04T01:02:46.747154Z,Multiple triggers,32.0314596299183,0.08333333333333333,10,53.85690833333333,-166.41502499999999,us20005gn9,pavdut,lts,3,40.4,3.0,52.5014,-169.0897,2016-04-04T01:02:12.000000Z,2016-04-03T17:02:12.000000Z,233.92837875026922,230.92617241076246,POM,0.12572782455587686,7.953688879390201,22.548780403995714,32.54715407911802
88,97.79108109362176,0.11290693253611783,8.856852077529515,0.6904392467036302,0.8300506783829569,4.813122560138112,2016-04-04T14:02:04.985000Z,-44.79715258316705,0.011548023569153867,10,0.5,6,-1,peak,max mdccm,2016-04-04T14:02:02.987866Z,Multiple triggers,24.374648530751465,0.07428571428571429,10,53.85690833333333,-166.41502499999999,ak0164dce44h,pavdut,lts,3,12.7,4.4,57.035,-157.9953,2016-04-04T14:00:35.536000Z,2016-04-04T06:00:35.536000Z,638.9110098884807,52.9939285104547,POM,0.1244549561052717,8.035035576679952,22.30814099469015,84.47186613881479
89,98.03737932344973,0.09479438391960011,10.549148152575688,0.7481058409115751,1.1919832370722636,5.938483199569561,2016-04-04T13:31:44.425000Z,-44.73919145684803,0.02971923362546193,10,0.5,6,-1,peak,max mdccm,2016-04-04T13:31:42.418332Z,STA/LTA trigger,22.094045533278532,0.088,10,53.85690833333333,-166.41502499999999,ak0164dbz2hd,pavdut,lts,3,10.7,4.3,56.987,-158.0368,2016-04-04T13:30:15.856000Z,2016-04-04T05:30:15.856000Z,634.0589003371955,53.29818786660169,POM,0.12451361754506204,8.031250073013865,22.319221958873158,84.04233233845846
90,304.83567087236105,0.09610291198412253,10.405511959566981,0.7955634319180597,0.4682776032575351,2.3209978684642465,2016-04-03T21:37:46.325000Z,37.56937131320353,0.02993142680697773,10,0.5,6,-1,peak,max mdccm,2016-04-03T21:37:44.328121Z,Multiple triggers,24.96153534091856,0.049999999999999996,10,53.85690833333333,-166.41502499999999,us20005eda,pavdut,lts,3,10.0,3.8,56.3697,-167.8549,2016-04-03T21:36:57.870000Z,2016-04-03T13:36:57.870000Z,294.42470024857863,342.4050421855646,POM,0.12603433879110026,7.934345588605679,22.606790353034818,41.53812088674331
91,111.02744324282327,0.0913775135840457,10.943611406981834,0.3980299440632858,3.9949906838439135,15.903562265378469,2016-04-04T14:05:30.985000Z,-57.4025297853544,0.03309410613724979,10,0.5,6,-1,peak,max mdccm,2016-04-04T14:05:30.993442Z,Taup,0.0,0.0,10,53.85690833333333,-166.41502499999999,ak0164dcewqt,pavdut,lts,3,11.2,3.2,56.978,-157.9452,2016-04-04T14:04:06.455000Z,2016-04-04T06:04:06.455000Z,638.4066368865996,53.624913457468864,POM,0.12447161972129549,8.03395988771658,22.31128861068514,84.53844181096055
92,54.0844944694947,0.2256702148818573,4.431244949731267,0.5332586174502656,1.3235464128476682,17.09987990262144,2016-04-04T10:41:55.285000Z,-1.8170023123045667,-0.1015852260281505,10,0.5,6,-1,peak,max mdccm,2016-04-04T10:41:55.279686Z,Taup,0.0,0.0,10,53.85690833333333,-166.41502499999999,ak0164da8y5n,pavdut,lts,3,35.1,3.0,57.0562,-158.1899,2016-04-04T10:40:33.078000Z,2016-04-04T02:40:33.078000Z,629.9327885408173,52.26749215719013,POM,0.12408498885370679,8.058992544045564,22.23827556037008,82.20168607010577
93,175.28099502617007,0.6306501368622549,1.5856652390109884,0.23960756626634783,6.919094796075633,29.80980089585529,2016-04-04T04:30:29.065000Z,-122.61048243493056,-0.5061785171409594,10,0.5,6,-1,peak,max mdccm,2016-04-04T04:30:29.071871Z,Taup,0.0,0.0,10,53.85690833333333,-166.41502499999999,ak0164d6lxjg,pavdut,lts,3,15.7,3.0,57.0303,-158.127,2016-04-04T04:29:05.727000Z,2016-04-03T20:29:05.727000Z,631.7414324764511,52.67051259123952,POM,0.12447161972129549,8.03395988771658,22.31128861068514,83.34487130269578
94,126.87998664473506,0.23262054984958405,4.298846342881637,0.26208534449826704,1.2834459021676443,19.60407672910725,2016-04-04T04:22:31.665000Z,-73.71545216243467,-0.1081752524127634,10,0.5,6,-1,peak,max mdccm,2016-04-04T04:22:34.659588Z,Taup,0.0,0.0,10,53.85690833333333,-166.41502499999999,ak0164d6k85x,pavdut,lts,3,14.1,3.5,57.0205,-157.9788,2016-04-04T04:21:10.293000Z,2016-04-03T20:21:10.293000Z,638.9722894528127,53.16453448230039,POM,0.12444529743682065,8.035659206067532,22.306316586468473,84.36658845111154
95,130.09762688831773,0.20901405762639516,4.784367192121894,0.4900179088084379,0.9458045679437697,10.811575858697978,2016-04-04T05:50:41.385000Z,115.23864992011346,-0.08431698499776545,10,0.5,6,-1,peak,max mdccm,2016-04-04T05:50:44.391337Z,Taup,0.0,0.0,10,53.85690833333333,-166.41502499999999,us20005gnb,pavdut,lts,3,7.6,3.4,51.2909,-174.38,2016-04-04T05:49:23.000000Z,2016-04-03T21:49:23.000000Z,610.3556516766829,245.3362768084312,POM,0.12469707262862971,8.019434449581505,22.353881736832246,81.39133732159199
96,225.56402454890338,0.20963463679467872,4.770204081205456,0.7323795358175413,0.13002460257488746,1.7067915427025468,2016-04-02T23:24:22.625000Z,3.6772030269045217,-0.08388659198559525,10,0.5,6,-1,peak,max mdccm,2016-04-02T23:24:20.616404Z,Multiple triggers,34.21313838503252,0.08380952380952383,10,53.85690833333333,-166.41502499999999,us20005e6y,pavdut,lts,3,29.28,4.9,52.2069,-169.4568,2016-04-02T23:23:42.040000Z,2016-04-02T15:23:42.040000Z,274.4745964662856,229.2412275758079,POM,0.12574804480908347,7.9524099282676435,22.552606475447682,37.89640399729246
97,125.81456133867826,0.23806725121390165,4.200493746624173,0.7439075603125966,0.6538127955087571,8.45629836077029,2016-04-04T11:13:27.685000Z,-72.39244732364403,-0.11379559997485464,10,0.5,6,-1,peak,max mdccm,2016-04-04T11:13:30.676180Z,Taup,0.0,0.0,10,53.85690833333333,-166.41502499999999,ak0164daobhw,pavdut,lts,3,17.6,3.1,57.0766,-157.701,2016-04-04T11:12:04.360000Z,2016-04-04T03:12:04.360000Z,656.7164185982251,53.42211401503422,POM,0.12427165123904702,8.04688752446377,22.27352093683893,86.31618019140377
98,144.64687249416295,0.30975727294205313,3.2283342066582303,0.2613143495374561,1.019357782443631,15.662768004843088,2016-04-04T03:00:22.105000Z,-91.48011753924978,-0.18549571774302193,10,0.5,6,-1,peak,max mdccm,2016-04-04T03:00:22.114775Z,Taup,0.0,0.0,10,53.85690833333333,-166.41502499999999,ak0164d5ldzo,pavdut,lts,3,19.5,3.2,57.0893,-157.7574,2016-04-04T02:58:56.206000Z,2016-04-03T18:58:56.206000Z,654.4384663383067,53.16675495491317,POM,0.12426155519903122,8.047541320388982,22.271614387154294,85.90877526562669
99,105.00229087227032,0.2415804451817926,4.139407886459876,0.5140596652159664,1.0771798325251543,16.186623719326064,2016-04-03T10:46:52.205000Z,-52.15533888169739,-0.11725136805087889,10,0.5,6,-1,peak,max mdccm,2016-04-03T10:46:55.206617Z,Taup,0.0,0.0,10,53.85690833333333,-166.41502499999999,ak0164bmqo0b,pavdut,lts,3,18.2,3.2,57.0879,-157.8819,2016-04-03T10:45:30.037000Z,2016-04-03T02:45:30.037000Z,647.8175572262695,52.84695199057294,POM,0.12432907713091372,8.043170777717899,22.284365813326108,85.16961669169018
100,323.86262997260667,0.33155036907317537,3.016132971878229,0.25897944715326643,0.6625719198803193,66.32168389647903,2016-04-03T18:31:22.245000Z,89.36659303624765,-0.20712578589486422,10,0.5,6,-1,peak,max mdccm,2016-04-03T18:31:22.237139Z,Taup,0.0,0.0,10,53.85690833333333,-166.41502499999999,ak0164brerbt,pavdut,lts,3,4.8,3.3,57.0803,-157.7627,2016-04-03T18:29:55.131000Z,2016-04-03T10:29:55.131000Z,653.663189073528,53.22922300885432,POM,0.12442458317831115,8.036996986093285,22.30240398841822,87.10613867593395
101,106.3313568476857,0.39461057643047204,2.5341439376655783,0.2793323636308576,2.732132902789808,35.63225303876186,2016-04-03T14:19:08.165000Z,-53.72168194930305,-0.27032231422213027,10,0.5,6,-1,peak,max mdccm,2016-04-03T14:19:11.168549Z,Taup,0.0,0.0,10,53.85690833333333,-166.41502499999999,ak0164boyfjz,pavdut,lts,3,18.1,3.6,57.1347,-157.8224,2016-04-03T14:17:45.279000Z,2016-04-03T06:17:45.279000Z,653.5554365017666,52.60967489838266,POM,0.12428826220834178,8.045812068107615,22.276657831021854,85.88954850662128
102,101.47174087738927,0.10379902496162165,9.634001864369507,0.7883544757895802,1.0443558792714498,5.655726207062685,2016-04-03T02:05:03.345000Z,-49.36202538007535,0.020462665582545725,10,0.5,6,-1,peak,max mdccm,2016-04-03T02:05:01.355808Z,Multiple triggers,22.599274698664555,0.11200000000000002,10,53.85690833333333,-166.41502499999999,ak0164bhq74n,pavdut,lts,3,14.9,3.9,57.2208,-157.7401,2016-04-03T02:03:30.479000Z,2016-04-02T18:03:30.479000Z,662.7125170400035,52.10971549731391,POM,0.12426169054416737,8.047532555052127,22.271639945738794,87.25680800812029
103,116.80960121229026,0.2351142701078823,4.253250981070394,0.4511746887641736,0.5023432479344239,6.666761396560787,2016-04-03T09:25:12.705000Z,-64.22847889461735,-0.11084745922058245,10,0.5,6,-1,peak,max mdccm,2016-04-03T09:25:12.700720Z,Taup,0.0,0.0,10,53.85690833333333,-166.41502499999999,ak0164bm0jum,pavdut,lts,3,15.1,3.2,57.1741,-157.7089,2016-04-03T09:23:45.585000Z,2016-04-03T01:23:45.585000Z,661.6996762794802,52.581122317672914,POM,0.12426681088729985,8.047200961058868,22.272606875105932,87.11571990705073
104,135.2329341499066,0.2528960669042492,3.9541935635504255,0.30407430027186727,1.5448502671970923,21.364892483618462,2016-04-03T21:48:51.465000Z,-81.76239397014314,-0.12840930317445978,10,0.5,6,-1,peak,max mdccm,2016-04-03T21:48:51.473002Z,Taup,0.0,0.0,10,53.85690833333333,-166.41502499999999,ak0164btauug,pavdut,lts,3,9.8,3.3,56.9913,-157.9595,2016-04-03T21:47:26.809000Z,2016-04-03T13:47:26.809000Z,638.3786076076337,53.470540179763475,POM,0.12448676372978942,8.03298254399638,22.31414924723091,84.66400177031761
105,201.72763655532265,0.19777146766381073,5.056341098200715,0.3379210684907371,0.5450740103948837,7.139203976292777,2016-04-03T05:23:06.785000Z,-148.396978594832,-0.07325884174693525,10,0.5,6,-1,peak,max mdccm,2016-04-03T05:23:06.791921Z,Taup,0.0,0.0,10,53.85690833333333,-166.41502499999999,ak0164bjmdmw,pavdut,lts,3,3.5,3.0,57.0206,-157.917,2016-04-03T05:21:40.889000Z,2016-04-02T21:21:40.889000Z,642.2359958540293,53.33065796049064,POM,0.12451262591687548,8.031314034510839,22.319034636072754,85.90292063378678
106,153.2235904673435,0.48636637464697124,2.0560631904823796,0.3135853684947108,0.5654274054686522,14.561326848929582,2016-04-02T21:50:46.085000Z,-99.72941880606024,-0.3620161535575466,10,0.5,6,-1,peak,max mdccm,2016-04-02T21:50:46.076044Z,Taup,0.0,0.0,10,53.85690833333333,-166.41502499999999,ak0164a5rx5h,pavdut,lts,3,8.5,3.0,57.084,-157.649,2016-04-02T21:49:18.611000Z,2016-04-02T13:49:18.611000Z,659.8691460413187,53.49417166128327,POM,0.1243502210894246,8.041803152733157,22.288359060589464,87.4650442386842
107,109.21281029150646,0.12874668209780032,7.767190452646898,0.5919764152674565,1.9764944095014432,11.781110671335597,2016-04-02T21:18:12.305000Z,-55.991436901655064,-0.004352195483202578,10,0.5,6,-1,peak,max mdccm,2016-04-02T21:18:12.305267Z,Taup,0.0,0.0,10,53.85690833333333,-166.41502499999999,ak0164a5kwou,pavdut,lts,3,12.7,3.0,57.0558,-157.8446,2016-04-02T21:16:46.703000Z,2016-04-02T13:16:46.703000Z,647.9958705601827,53.221373389851394,POM,0.12439448661459775,8.038941493429899,22.296719415573,85.60226741941648
108,135.48579687021896,0.13039257208498067,7.669148510608952,0.5400625918106622,0.9599224485732196,6.2001907043131155,2016-04-02T16:29:37.125000Z,-82.83266433348648,-0.005991655199317464,10,0.5,6,-1,peak,max mdccm,2016-04-02T16:29:37.135044Z,Taup,0.0,0.0,10,53.85690833333333,-166.41502499999999,ak0164a2o8hs,pavdut,lts,3,9.8,3.4,57.12,-157.8525,2016-04-02T16:28:10.881000Z,2016-04-02T08:28:10.881000Z,651.1556105048458,52.653132536732485,POM,0.12440091688566321,8.038525961340778,22.29793393161768,86.25404411066548
109,97.75120099131584,0.09639665029797144,10.373804451803071,0.8558391465507827,1.9192968557600025,9.579347743965656,2016-04-02T15:18:33.165000Z,-45.086477214717036,0.027899741336444475,10,0.5,6,-1,peak,max mdccm,2016-04-02T15:18:31.163072Z,Multiple triggers,24.06566889674986,0.10571428571428572,10,53.85690833333333,-166.41502499999999,ak0164a20f7k,pavdut,lts,3,11.9,4.2,57.171,-157.687,2016-04-02T15:17:00.488000Z,2016-04-02T07:17:00.488000Z,662.6712281858245,52.6647237765988,POM,0.12429639163441591,8.045285843383358,22.27819305601882,87.49507183189048
110,98.65838467000674,0.09515361568688901,10.509322139587256,0.7149270985138013,1.1512477139186839,6.258724355720204,2016-04-02T14:50:42.865000Z,-46.033999035772666,0.0292853835586947,10,0.5,6,-1,peak,max mdccm,2016-04-02T14:50:40.871223Z,Multiple triggers,21.301255678008573,0.11400000000000002,10,53.85690833333333,-166.41502499999999,ak0164a1lvdb,pavdut,lts,3,9.1,3.8,57.1033,-157.9156,2016-04-02T14:49:11.517000Z,2016-04-02T06:49:11.517000Z,646.9164969223638,52.624385634234066,POM,0.12443899924558371,8.03606591231478,22.305126945480172,85.79422271781316
111,167.5311530494165,0.22875500599397625,4.371489033233803,0.3769697462523602,0.9380803579603458,12.595379676390507,2016-04-02T12:58:26.245000Z,-114.24317392131296,-0.10421428076081896,10,0.5,6,-1,peak,max mdccm,2016-04-02T12:58:29.248603Z,Taup,0.0,0.0,10,53.85690833333333,-166.41502499999999,ak0164a0gp9l,pavdut,lts,3,2.1,3.2,57.0075,-157.9749,2016-04-02T12:57:03.456000Z,2016-04-02T04:57:03.456000Z,638.4579828822494,53.287979128103544,POM,0.12454072523315729,8.029501981202237,22.324342814338166,85.79260272082044
112,143.75261923683541,0.500760382564745,1.9969630881706315,0.4206416885647737,0.29702766251511237,8.330336504040218,2016-04-02T10:04:00.765000Z,-90.80423637152722,-0.37652508678583985,10,0.5,6,-1,peak,max mdccm,2016-04-02T10:04:03.772490Z,Taup,0.0,0.0,10,53.85690833333333,-166.41502499999999,ak01649yy4f6,pavdut,lts,3,24.3,3.0,57.0748,-157.8858,2016-04-02T10:02:39.065000Z,2016-04-02T02:02:39.065000Z,646.8819875828457,52.94838286530818,POM,0.1242352957789051,8.049242316609012,22.266655644842068,84.70749040123548
113,133.64885315936428,0.29071912348546664,3.439746199049032,0.4262389576631032,0.5855710324558105,9.224654296987751,2016-04-02T12:18:52.705000Z,-81.03602574656662,-0.1661808662960739,10,0.5,6,-1,peak,max mdccm,2016-04-02T12:18:55.703802Z,Taup,0.0,0.0,10,53.85690833333333,-166.41502499999999,ak0164a086q6,pavdut,lts,3,5.0,3.6,57.059,-158.0583,2016-04-02T12:17:30.703000Z,2016-04-02T04:17:30.703000Z,636.9565545590442,52.61282741279765,POM,0.12453825718939274,8.029661106299573,22.323876573685723,85.00080230161052
114,139.7055604878641,0.7284194081240691,1.3728354693010507,0.27757828117837596,0.6704945523326515,69.96725157480427,2016-04-02T11:14:56.945000Z,-86.76117722693068,-0.6039399403412449,10,0.5,6,-1,peak,max mdccm,2016-04-02T11:14:59.939968Z,Taup,0.0,0.0,10,53.85690833333333,-166.41502499999999,ak01649zlwnp,pavdut,lts,3,13.0,3.5,57.0249,-158.0453,2016-04-02T11:13:35.890000Z,2016-04-02T03:13:35.890000Z,635.7202971349145,52.94438326093341,POM,0.12447946778282432,8.03345337035559,22.312771067646487,84.04996758537546
115,155.7086726220935,0.26378259483248984,3.7910006937153344,0.5658660380085949,0.6211641906815084,7.986299422394211,2016-04-02T10:02:55.105000Z,-103.42707581757969,-0.13934733840476213,10,0.5,6,-1,peak,max mdccm,2016-04-02T10:02:58.107506Z,Taup,0.0,0.0,10,53.85690833333333,-166.41502499999999,ak01649yxw5m,pavdut,lts,3,7.9,3.4,57.1422,-157.9201,2016-04-02T10:01:31.948000Z,2016-04-02T02:01:31.948000Z,648.8828733550823,52.28159680451382,POM,0.12443525642772771,8.036307624606394,22.304419983888604,86.15950642133849
116,108.03398672706919,0.27468142233617227,3.6405811193744935,0.45998156254909806,0.4843454122045012,6.918610735592495,2016-04-02T10:26:55.065000Z,-54.84487544567179,-0.1502508490717111,10,0.5,6,-1,peak,max mdccm,2016-04-02T10:26:58.072578Z,Taup,0.0,0.0,10,53.85690833333333,-166.41502499999999,ak01649z31e2,pavdut,lts,3,10.8,3.3,57.0486,-157.8798,2016-04-02T10:25:32.585000Z,2016-04-02T02:25:32.585000Z,645.7433277894019,53.18911128139741,POM,0.12443057326446115,8.036610085164751,22.30353541033445,85.48757790882546
117,154.85231381865103,0.24167632723773474,4.137765628225181,0.3821643295956328,1.4541100654018295,16.44335561491036,2016-04-02T09:47:17.165000Z,-101.90894280258362,-0.11738115629183701,10,0.5,6,-1,peak,max mdccm,2016-04-02T09:47:20.173324Z,Taup,0.0,0.0,10,53.85690833333333,-166.41502499999999,ak01649ylxqi,pavdut,lts,3,15.7,3.3,57.1201,-157.7433,2016-04-02T09:45:53.701000Z,2016-04-02T01:45:53.701000Z,656.884486419734,52.943371016067395,POM,0.12429517094589773,8.045364855206422,22.277962530487155,86.47232390278786
118,141.7872318809352,0.11032126217701593,9.064435814697719,0.393251321846467,1.2137864819459159,6.678797582102845,2016-04-02T07:53:21.705000Z,-88.72100869304721,0.014049854391390726,10,0.5,6,-1,peak,max mdccm,2016-04-02T07:53:21.697391Z,Taup,0.0,0.0,10,53.85690833333333,-166.41502499999999,ak01649xgctf,pavdut,lts,3,4.7,3.6,57.1285,-157.6695,2016-04-02T07:51:53.637000Z,2016-04-01T23:51:53.637000Z,661.2280243243983,53.066223187887985,POM,0.12437111656840666,8.04045205664757,22.292305492095206,88.06039062601684
119,138.01372182836738,0.3259078674460601,3.068351825429641,0.3496236209895953,0.48244297841706163,6.6428534644435615,2016-04-02T07:37:07.885000Z,-85.45283277236649,-0.20157109685900348,10,0.5,6,-1,peak,max mdccm,2016-04-02T07:37:10.895878Z,Taup,0.0,0.0,10,53.85690833333333,-166.41502499999999,ak01649xcwl2,pavdut,lts,3,10.0,3.1,57.1673,-157.738,2016-04-02T07:35:43.586000Z,2016-04-01T23:35:43.586000Z,659.7975482892605,52.560889056000896,POM,0.12433677058705661,8.042673098862835,22.285818785982567,87.30987758647467
120,127.00255997421687,0.18129825516902248,5.515772885225566,0.6008128455499079,0.546194210465333,5.382150653370104,2016-04-02T06:52:23.425000Z,-73.52423226904727,-0.056871710431990116,10,0.5,6,-1,peak,max mdccm,2016-04-02T06:52:23.429114Z,Taup,0.0,0.0,10,53.85690833333333,-166.41502499999999,ak01649wupu0,pavdut,lts,3,11.3,3.0,57.0224,-157.8559,2016-04-02T06:50:58.009000Z,2016-04-01T22:50:58.009000Z,645.5627461147492,53.47832770516958,POM,0.12442654473703237,8.036870284499475,22.30277449135033,85.42011372875561
121,101.42613296849129,0.08824706825952373,11.33182121199906,0.540682390688208,1.4752974396267549,6.292662591122195,2016-04-02T06:32:54.805000Z,-22.30630452611794,0.03745444962893847,10,0.5,6,-1,peak,max mdccm,2016-04-02T06:32:52.796665Z,STA/LTA trigger,20.793482313062093,0.025,10,53.85690833333333,-166.41502499999999,us20005h6m,pavdut,lts,3,24.1,3.1,54.3235,-161.2952,2016-04-02T06:32:04.000000Z,2016-04-01T22:32:04.000000Z,338.9334931912063,79.11982844237335,POM,0.1257015178884622,7.955353418145058,22.543802821490587,46.18666491495583
122,133.2529503941737,0.19740369615146452,5.065761277502712,0.49932189275210803,1.7491596158682559,17.562037881715952,2016-04-02T07:10:42.245000Z,-80.00934128112092,-0.07288646270854612,10,0.5,6,-1,peak,max mdccm,2016-04-02T07:10:45.244733Z,Taup,0.0,0.0,10,53.85690833333333,-166.41502499999999,ak01649x7a6t,pavdut,lts,3,7.8,3.0,57.0057,-157.997,2016-04-02T07:09:20.530000Z,2016-04-01T23:09:20.530000Z,637.1929907998281,53.24360911305277,POM,0.1245172334429184,8.031016850839553,22.319905019554238,84.71473302322225
123,103.55252320957277,0.1086459630330914,9.204207612347455,0.833081376557936,0.9025171261568001,5.101982422334203,2016-04-02T09:07:33.865000Z,-50.66038627194126,0.0156834155985274,10,0.5,6,-1,peak,max mdccm,2016-04-02T09:07:31.874340Z,Multiple triggers,29.154007238792083,0.125,10,53.85690833333333,-166.41502499999999,ak01649ydgsz,pavdut,lts,3,11.0,4.1,57.1362,-157.7113,2016-04-02T09:06:01.799000Z,2016-04-02T01:06:01.799000Z,659.4584663083361,52.89213693763152,POM,0.1243293786316188,8.043151272901843,22.284422753937076,87.17533998843581
124,148.1463893798348,0.0964202631719861,10.371263955339831,0.556621661283929,1.7587947488811828,9.127565806760117,2016-04-02T07:50:37.545000Z,-94.48044518979532,0.028006138129868685,10,0.5,6,-1,peak,max mdccm,2016-04-02T07:50:37.547282Z,Taup,0.0,0.0,10,53.85690833333333,-166.41502499999999,ak01649xfu6c,pavdut,lts,3,11.0,3.6,57.0078,-157.8326,2016-04-02T07:49:12.046000Z,2016-04-01T23:49:12.046000Z,645.9991034713215,53.66594419003949,POM,0.12442640130185478,8.036879549172442,22.30274739900861,85.50128228907397
125,111.21851269950889,0.19728676200886042,5.068763812723981,0.6594364746757817,1.0898797460819463,10.34935407082304,2016-04-02T06:35:41.525000Z,-58.04434157882521,-0.07275166752712305,10,0.5,6,-1,peak,max mdccm,2016-04-02T06:35:41.533295Z,Taup,0.0,0.0,10,53.85690833333333,-166.41502499999999,ak01649wr76z,pavdut,lts,3,6.1,3.0,57.0076,-158.0164,2016-04-02T06:34:16.750000Z,2016-04-01T22:34:16.750000Z,636.2760612551101,53.17417112068368,POM,0.12453509448173737,8.029865028501234,22.323279105649938,84.78329547725826
126,170.81798931174487,0.28303516388725836,3.5331298990055204,0.5982055445958689,0.20804051399172407,3.4400902031665055,2016-04-02T06:45:28.625000Z,-117.32233345839597,-0.1586816539460703,10,0.5,6,-1,peak,max mdccm,2016-04-02T06:45:31.629451Z,Taup,0.0,0.0,10,53.85690833333333,-166.41502499999999,ak01649wtbev,pavdut,lts,3,9.8,3.0,57.0746,-157.6792,2016-04-02T06:44:04.554000Z,2016-04-01T22:44:04.554000Z,657.7597454172153,53.49565585334889,POM,0.12435350994118803,8.04159046634825,22.288980203269947,87.0754510961599
127,98.09186107250741,0.26650209912176803,3.7523156601595393,0.42841816954639944,0.6794174805591575,10.367849817502588,2016-04-02T06:24:45.045000Z,-44.441510483986264,-0.14198708867598106,10,0.5,6,-1,peak,max mdccm,2016-04-02T06:24:48.041963Z,Taup,0.0,0.0,10,53.85690833333333,-166.41502499999999,ak01649wourg,pavdut,lts,3,4.8,3.0,56.9866,-157.9077,2016-04-02T06:23:22.529000Z,2016-04-01T22:23:22.529000Z,640.8633378611779,53.65035058852115,POM,0.12451501044578697,8.031160230560262,22.319485084194802,85.51296278309246
128,102.44022467878682,0.2872741530310452,3.4809953817597084,0.5139966024972316,0.5717671164353233,14.778378672125086,2016-04-02T06:49:15.285000Z,-49.1395663832011,-0.1628025333097497,10,0.5,6,-1,peak,max mdccm,2016-04-02T06:49:15.278650Z,Taup,0.0,0.0,10,53.85690833333333,-166.41502499999999,ak01649wu21t,pavdut,lts,3,7.9,3.0,57.0292,-157.9005,2016-04-02T06:47:49.779000Z,2016-04-01T22:47:49.779000Z,643.580764092787,53.30065829558573,POM,0.12447161972129549,8.03395988771658,22.31128861068514,85.49965035855413
129,138.85824853150626,0.2985592218336751,3.3494192336724797,0.623555513367947,0.2927874635362526,4.1398443363002,2016-04-02T08:00:42.845000Z,-86.74419553754754,-0.17423324665414924,10,0.5,6,-1,peak,max mdccm,2016-04-02T08:00:42.845574Z,Taup,0.0,0.0,10,53.85690833333333,-166.41502499999999,ak01649xhzlt,pavdut,lts,3,10.7,3.0,57.2095,-157.7735,2016-04-02T07:59:15.534000Z,2016-04-01T23:59:15.534000Z,660.3347712062375,52.11405299395873,POM,0.12432597517952586,8.043371456013169,22.283779988489794,87.31157408758831
130,142.95373061789326,0.23656597902692122,4.2271505146824175,0.46429004075857766,0.7832022578263937,10.048292796809108,2016-04-02T07:01:24.485000Z,-90.30021079059543,-0.11219855614987824,10,0.5,6,-1,peak,max mdccm,2016-04-02T07:01:27.491589Z,Taup,0.0,0.0,10,53.85690833333333,-166.41502499999999,ak01649x5b6b,pavdut,lts,3,8.0,3.1,57.1514,-157.7533,2016-04-02T07:00:00.195000Z,2016-04-01T23:00:00.195000Z,658.1059448877093,52.653519827297835,POM,0.12436742287704299,8.040690856709794,22.291607873753847,87.29658876024764
131,123.47109170975125,0.18039773450392202,5.543306864412197,0.5390481909148029,1.5292618850895843,14.369394398633773,2016-04-02T06:27:14.105000Z,-70.02129014216428,-0.05590371866302299,10,0.5,6,-1,peak,max mdccm,2016-04-02T06:27:14.106982Z,Taup,0.0,0.0,10,53.85690833333333,-166.41502499999999,ak01649wpc99,pavdut,lts,3,8.5,3.0,56.9952,-157.9546,2016-04-02T06:25:49.257000Z,2016-04-01T22:25:49.257000Z,638.8519714674023,53.449801567586974,POM,0.12449401584089903,8.032514601167504,22.315519159854528,84.84998208617834
132,135.8651957631678,0.2005077085189576,4.987339426431339,0.3569820559298405,2.113981330926592,19.334366134704425,2016-04-02T08:49:28.385000Z,-82.64141782474326,-0.07623211379864768,10,0.5,6,-1,peak,max mdccm,2016-04-02T08:49:31.384615Z,Taup,0.0,0.0,10,53.85690833333333,-166.41502499999999,ak01649y11i0,pavdut,lts,3,16.2,3.0,57.103,-157.6914,2016-04-02T08:48:04.727000Z,2016-04-02T00:48:04.727000Z,658.6701412036288,53.22377793842454,POM,0.12427559472030993,8.046632182694946,22.27426563616598,86.65761504052162
133,151.21053777621745,0.6040784222380432,1.6554142031677137,0.392955687698039,0.45183555037389345,18.050430570719584,2016-04-02T06:23:00.885000Z,-97.61720904731735,-0.47955983219980414,10,0.5,6,-1,peak,max mdccm,2016-04-02T06:23:03.891115Z,Taup,0.0,0.0,10,53.85690833333333,-166.41502499999999,ak01649wogio,pavdut,lts,3,2.9,3.1,56.9947,-157.9027,2016-04-02T06:21:37.926000Z,2016-04-01T22:21:37.926000Z,641.57054092503,53.593328728900104,POM,0.12451859003823904,8.030929355150143,22.320161287866792,85.96511476700267
134,126.46062935335323,0.21621019104383754,4.625128885794498,0.5631450784000914,0.7129142803874928,9.270617130191368,2016-04-02T06:15:01.325000Z,-73.88369846401619,-0.09176153031287909,10,0.5,6,-1,peak,max mdccm,2016-04-02T06:15:01.318329Z,Taup,0.0,0.0,10,53.85690833333333,-166.41502499999999,ak01649wmqjh,pavdut,lts,3,5.2,3.4,57.1224,-157.8732,2016-04-02T06:13:34.693000Z,2016-04-01T22:13:34.693000Z,650.2083137464339,52.57693088933704,POM,0.12444866073095845,8.035442037916887,22.30695187024328,86.62532886934453
135,96.80103146753953,0.0807415514991035,12.385196734931498,0.7673584280324688,1.4374510506018545,6.141606679782825,2016-04-02T06:21:08.965000Z,-43.23475830928908,0.043697134480214686,10,0.5,6,-1,peak,max mdccm,2016-04-02T06:21:06.973206Z,Multiple triggers,25.517328814327403,0.10222222222222223,10,53.85690833333333,-166.41502499999999,ak01649wo18g,pavdut,lts,3,13.6,3.8,56.9928,-157.919,2016-04-02T06:19:39.844000Z,2016-04-01T22:19:39.844000Z,640.6035753740321,53.56627315825044,POM,0.12443868597931819,8.036086142585923,22.30506777409119,84.60920567018955
136,93.66037978793997,0.16376211475142333,6.106418456539311,0.5822615072416338,1.7654496954965957,15.092578775324341,2016-04-02T06:12:36.265000Z,-40.14756596832444,-0.039388235918004236,10,0.5,6,-1,peak,max mdccm,2016-04-02T06:12:39.258425Z,Taup,0.0,0.0,10,53.85690833333333,-166.41502499999999,ak01649wm9c6,pavdut,lts,3,6.7,3.0,57.0774,-157.6634,2016-04-02T06:11:11.745000Z,2016-04-01T22:11:11.745000Z,658.748044377257,53.51281381961552,POM,0.12437387883341909,8.040273483303967,22.292827196523902,87.51342548990849
137,213.23556856678124,0.14379100155022762,6.954538108914209,0.4547551352690063,0.22600556156104634,1.9895263698034853,2016-04-01T20:42:59.945000Z,35.992239075752565,-0.048632823429289984,10,0.5,6,-1,peak,max mdccm,2016-04-01T20:42:57.940716Z,Multiple triggers,31.22846163763878,0.08222222222222222,11,53.85690833333333,-166.41502499999999,us20005g2w,pavdut,lts,3,224.81,4.0,52.904,-170.2937,2016-04-01T20:42:11.800000Z,2016-04-01T12:42:11.800000Z,278.99984568113524,249.2278076425338,POM,0.09515817812093763,10.508818261832298,16.871872571846897,45.38071632829523
138,226.16218009838826,0.20064173347380718,4.984007976239625,0.7234407248081514,0.19172484643280052,2.2484023396765735,2016-04-01T19:53:01.625000Z,1.7842358164348582,-0.07444966120055926,10,0.5,6,-1,peak,max mdccm,2016-04-01T19:52:59.633291Z,Multiple triggers,36.2096147393072,0.11047619047619049,11,53.85690833333333,-166.41502499999999,us20005g2y,pavdut,lts,3,20.13,4.1,52.174,-169.3819,2016-04-01T19:52:18.780000Z,2016-04-01T11:52:18.780000Z,273.31211172688245,227.94641591482312,POM,0.1261920722732479,7.924428072111111,22.636652039876388,38.13329095395026
139,216.54846447996647,0.20026560819468478,4.993368601901267,0.7012046174944129,0.23948185029301738,2.880424924928491,2016-04-01T19:41:02.925000Z,11.662690419146855,-0.07451709868789946,10,0.5,6,-1,peak,max mdccm,2016-04-01T19:41:00.926359Z,Multiple triggers,42.25382878459768,0.13111111111111112,11,53.85690833333333,-166.41502499999999,us20005g2u,pavdut,lts,3,24.39,3.9,52.1107,-169.5141,2016-04-01T19:40:19.290000Z,2016-04-01T11:40:19.290000Z,284.7076794174899,228.21115489911332,POM,0.12574850950678532,7.952380540510824,22.55269440668233,39.356359445890654
140,222.1493842228055,0.20030437850222946,4.9924021006304145,0.7239443326305295,0.2131357880356739,2.517738352161757,2016-04-01T18:36:01.865000Z,5.0779496315035715,-0.07434391481211922,10,0.5,6,-1,peak,max mdccm,2016-04-01T18:35:59.856995Z,Multiple triggers,34.91112428055277,0.13739130434782607,11,53.85690833333333,-166.41502499999999,us20005dzk,pavdut,lts,3,21.06,4.0,52.1347,-169.3748,2016-04-01T18:35:19.710000Z,2016-04-01T10:35:19.710000Z,276.04749024283416,227.22733385430908,POM,0.12596046369011024,7.938999037509218,22.592806742404466,38.42699498950493
141,220.2747731794077,0.2023577488282544,4.941743055506723,0.7365694242519304,0.2157795487081784,2.8395713684868156,2016-04-01T14:40:00.625000Z,7.0463702514310285,-0.07663068354234756,10,0.5,6,-1,peak,max mdccm,2016-04-01T14:39:58.618883Z,Multiple triggers,31.80457164874112,0.11733333333333335,11,53.85690833333333,-166.41502499999999,us20005g2i,pavdut,lts,3,35.0,4.3,52.1349,-169.3838,2016-04-01T14:39:19.370000Z,2016-04-01T06:39:19.370000Z,276.46676757916754,227.32114343083873,POM,0.12572706528590685,7.953736911984481,22.548636737181106,37.98888310935482
142,226.46151340428509,0.19339118038765993,5.1708666237801655,0.7757011935001671,0.2376433332764285,2.71404128430612,2016-03-31T23:39:37.805000Z,0.9883737297480764,-0.06691509962485848,10,0.5,6,-1,peak,max mdccm,2016-03-31T23:39:35.810957Z,Multiple triggers,42.06118272151072,0.1063636363636364,11,53.85690833333333,-166.41502499999999,us20005dt6,pavdut,lts,3,18.78,3.8,52.179,-169.3247,2016-03-31T23:38:55.040000Z,2016-03-31T15:38:55.040000Z,270.13736902280726,227.44988713403316,POM,0.12647608076280145,7.906633364734332,22.690436153427836,37.81095667618274
143,226.47502909220242,0.1787978318562833,5.592908983391892,0.7012079356447494,0.3253143027681644,3.374189468250677,2016-03-31T12:34:38.225000Z,-8.36426521040417,-0.050135298734724776,10,0.5,6,-1,peak,max mdccm,2016-03-31T12:34:36.226472Z,Multiple triggers,29.28570132996699,0.09187500000000001,11,53.85690833333333,-166.41502499999999,us20005dn0,pavdut,lts,3,10.0,4.6,52.188,-168.5209,2016-03-31T12:34:00.690000Z,2016-03-31T04:34:00.690000Z,233.3507729548588,218.11076388179825,POM,0.12866253312155854,7.7722704173344255,23.105208140516925,33.75647190127348
144,211.56711704822055,0.23167574402586782,4.316377634632069,0.27513207050012645,12.204800201168979,62.303263864692184,2016-03-30T09:28:06.025000Z,7.898926014602068,-0.10292010498130874,10,0.5,6,-1,peak,max mdccm,2016-03-30T09:28:04.026019Z,Multiple triggers,34.818957855243085,0.08,11,53.85690833333333,-166.41502499999999,us20005dcw,pavdut,lts,3,10.0,4.0,52.2367,-168.5616,2016-03-30T09:27:31.350000Z,2016-03-30T01:27:31.350000Z,230.7056176815558,219.46604306282262,POM,0.12875563904455908,7.766650124379603,23.122898704529497,33.41601920208007
145,227.26160995495735,0.18606275906842848,5.37453064227769,0.7805996186720946,0.26436718748831245,2.869426249179895,2016-03-30T01:16:23.805000Z,-6.746792638412074,-0.060238906948563986,10,0.5,6,-1,peak,max mdccm,2016-03-30T01:16:21.810909Z,Multiple triggers,30.877072493007383,0.07120000000000001,11,53.85690833333333,-166.41502499999999,us20005d9r,pavdut,lts,3,32.84,4.7,52.2199,-168.6628,2016-03-30T01:15:46.640000Z,2016-03-29T17:15:46.640000Z,236.4536542308394,220.51481731654528,POM,0.1258238521198645,7.9476186998897695,22.56695166139076,33.010908688540916
146,225.08628411563393,0.18417191377422584,5.429709555094748,0.6988641635284178,0.30161367804522055,3.2725089823557028,2016-03-29T13:51:41.805000Z,-6.2607219725991,-0.058424213237996375,10,0.5,6,-1,peak,max mdccm,2016-03-29T13:51:39.815649Z,Multiple triggers,28.54272658095702,0.0825,11,53.85690833333333,-166.41502499999999,us20005eib,pavdut,lts,3,37.27,4.0,52.2455,-168.5034,2016-03-29T13:51:07.230000Z,2016-03-29T05:51:07.230000Z,227.51064158750123,218.82556214303483,POM,0.12574770053622947,7.952431700426106,22.55254133133314,31.78564860066855
147,218.86305282290812,0.1827684205603114,5.471404725905654,0.6415117110197983,0.3147167989977988,3.425849572964779,2016-03-29T02:48:47.765000Z,0.22970381121194805,-0.05456926222245201,10,0.5,6,-1,peak,max mdccm,2016-03-29T02:48:45.762183Z,Multiple triggers,28.82192749620301,0.09066666666666669,11,53.85690833333333,-166.41502499999999,us20005ehx,pavdut,lts,3,15.8,3.0,52.1912,-168.5905,2016-03-29T02:48:08.000000Z,2016-03-28T18:48:08.000000Z,235.92338185407982,219.09275663412006,POM,0.1281991583378594,7.80036322363813,23.017199352280212,33.642182616314436
148,224.89575659475508,0.18565005907699686,5.386478221292987,0.7386332473015789,0.27632618418775046,3.0835291496711648,2016-03-28T20:05:28.005000Z,-7.809568574883627,-0.05890871258679914,10,0.5,6,-1,peak,max mdccm,2016-03-28T20:05:26.009726Z,Multiple triggers,33.63961215402539,0.07919999999999999,11,53.85690833333333,-166.41502499999999,us20005czb,pavdut,lts,3,26.24,3.8,52.0959,-168.5525,2016-03-28T20:04:50.510000Z,2016-03-28T12:04:50.510000Z,242.9206885244297,217.08618801987146,POM,0.12674134649019772,7.890085025073809,22.740689927941876,34.019726404177696
149,219.78328377870173,0.17880072148535187,5.59281859543237,0.8002953394035913,0.41924656669130833,4.316783112764966,2016-03-28T17:34:40.365000Z,-2.357285571899041,-0.05051059589734486,10,0.5,6,-1,peak,max mdccm,2016-03-28T17:34:38.365710Z,Multiple triggers,34.275683411732366,0.09037037037037038,11,53.85690833333333,-166.41502499999999,us20005dy3,pavdut,lts,3,10.0,4.0,52.1006,-168.5729,2016-03-28T17:33:59.190000Z,2016-03-28T09:33:59.190000Z,243.30777135270074,217.4259982068027,POM,0.128290125588007,7.794832185381252,23.03447222747831,35.03571033070691
150,98.50828548827855,0.0927063137995182,10.786751829681712,0.8474275404907916,1.5826254730597746,7.652061482988614,2016-04-02T06:02:19.865000Z,-46.3497674592052,0.031535658542690345,10,0.5,6,-1,peak,max mdccm,2016-04-02T06:02:17.871175Z,Multiple triggers,24.398304674185447,0.1275,10,53.85690833333333,-166.41502499999999,ak01649wjz9b,pavdut,lts,3,23.0,4.4,57.155,-157.9255,2016-04-02T06:00:47.996000Z,2016-04-01T22:00:47.996000Z,649.3313693816467,52.15851802907335,POM,0.12424197234220855,8.048809763303085,22.267916408381183,85.07517547595828
151,221.4092647331551,0.17898255562488152,5.587136670994005,0.8270842964024123,0.3660766848397725,3.865949129803454,2016-03-28T17:15:33.685000Z,0.7086382961049367,-0.05032916377070984,10,0.5,6,-1,peak,max mdccm,2016-03-28T17:15:31.693305Z,Multiple triggers,31.160181337600175,0.12333333333333336,11,53.85690833333333,-166.41502499999999,us20005cx1,pavdut,lts,3,11.24,5.5,52.29,-168.6929,2016-03-28T17:14:55.480000Z,2016-03-28T09:14:55.480000Z,231.7426736975538,222.11790302926005,POM,0.12865339185417168,7.77282266396441,23.103471382304285,33.44330514236113
152,229.50201232563495,0.18307510784446485,5.4622390327885,0.7094027431775836,0.24470055676404634,2.5736089120297265,2016-03-28T11:45:38.765000Z,-9.647196608045874,-0.05410405980914701,10,0.5,6,-1,peak,max mdccm,2016-03-28T11:45:36.767404Z,Multiple triggers,37.102593560831224,0.2845454545454546,11,53.85690833333333,-166.41502499999999,us20005cvp,pavdut,lts,3,10.0,4.6,52.2886,-168.5243,2016-03-28T11:45:02.230000Z,2016-03-28T03:45:02.230000Z,224.58581123466953,219.85481571758908,POM,0.12897104803531784,7.753678172221697,23.163836373487236,32.62740440382722
153,223.40091301187238,0.18846955173353502,5.305896845416366,0.8130890087060286,0.2828550802230487,3.127626960142777,2016-03-28T06:03:18.785000Z,-6.840388097364979,-0.06025128473645955,10,0.5,6,-1,peak,max mdccm,2016-03-28T06:03:16.778806Z,Multiple triggers,31.673338564120414,0.07945945945945947,11,53.85690833333333,-166.41502499999999,us20005cut,pavdut,lts,3,11.5,4.0,52.0843,-168.526,2016-03-28T06:02:38.000000Z,2016-03-27T22:02:38.000000Z,242.93124567506672,216.5605249145074,POM,0.12821826699707548,7.799200717810426,23.02082752378137,34.85880610505054
154,217.25565803063625,0.19651909362530495,5.088564075644781,0.6818482255855973,0.17443206936126954,2.0590444371249816,2016-03-28T03:23:44.765000Z,1.544715148293335,-0.06834899957299245,10,0.5,6,-1,peak,max mdccm,2016-03-28T03:23:42.760774Z,Multiple triggers,29.593451979694862,0.05333333333333332,11,53.85690833333333,-166.41502499999999,us20005gbs,pavdut,lts,3,10.0,3.8,52.1107,-168.6672,2016-03-28T03:23:04.730000Z,2016-03-27T19:23:04.730000Z,246.23266868088936,218.8003731789296,POM,0.1281700940523125,7.802132060477782,23.011681087717715,35.41077365744782
155,217.52103309602137,0.18047748048537113,5.540857492639125,0.7160405733070849,0.38411039760969024,4.141749943776546,2016-03-28T05:35:15.985000Z,-1.8106010837317967,-0.05280568295302304,10,0.5,6,-1,peak,max mdccm,2016-03-28T05:35:13.979746Z,Multiple triggers,26.442356070338754,0.07428571428571429,11,53.85690833333333,-166.41502499999999,us20005cwp,pavdut,lts,3,22.8,3.9,52.143,-168.398,2016-03-28T05:34:38.050000Z,2016-03-27T21:34:38.050000Z,232.58158329834387,215.71043201228957,POM,0.12767179753234809,7.832583384334594,22.917107507237958,32.829746419929684
156,223.93614187630817,0.11317910494668812,8.835553174510789,0.3933638564897879,0.8504075504323465,6.254240114224473,2016-03-27T22:12:05.305000Z,31.84664702811841,-0.0030644204143941284,10,0.5,6,-1,peak,max mdccm,2016-03-27T22:12:03.310766Z,Multiple triggers,25.988615298118873,0.07750000000000001,11,53.85690833333333,-166.41502499999999,us20005drz,pavdut,lts,3,217.7,4.2,52.6512,-173.0367,2016-03-27T22:11:00.000000Z,2016-03-27T14:11:00.000000Z,461.6675595344991,255.78278890442658,POM,0.11011468453229399,9.081440901796563,19.624221381560936,64.02076644796242
157,217.334399409061,0.1827451610004231,5.472101118987686,0.7296156274860494,0.29126760052155953,3.1873258264601816,2016-03-27T21:06:18.745000Z,-0.7780580147280034,-0.054837531433261893,10,0.5,6,-1,peak,max mdccm,2016-03-27T21:06:16.740705Z,Multiple triggers,34.1441339225911,0.06666666666666667,11,53.85690833333333,-166.41502499999999,us20005drk,pavdut,lts,3,13.1,3.0,52.0457,-168.5693,2016-03-27T21:05:37.000000Z,2016-03-27T13:05:37.000000Z,248.15274454310085,216.556341394333,POM,0.1279076295671612,7.818141915255526,22.96185871629074,35.40070492086351
158,135.47118736972976,0.27932444545007956,3.58006617855693,0.5379122991487802,0.4892985675618069,7.461707747674808,2016-04-02T06:07:40.645000Z,-81.35941213520658,-0.15483773248270344,10,0.5,6,-1,peak,max mdccm,2016-04-02T06:07:43.652163Z,Taup,0.0,0.0,10,53.85690833333333,-166.41502499999999,ak01649wl7a4,pavdut,lts,3,8.0,3.3,56.9453,-157.8694,2016-04-02T06:06:18.526000Z,2016-04-01T22:06:18.526000Z,640.6628916012037,54.111775234523186,POM,0.12448671296737612,8.032985819635764,22.314139658336572,85.1261628717245
159,221.22117720851895,0.1914633013536931,5.222933026484719,0.736223517382273,0.24192965149043655,2.739708552707725,2016-03-27T20:41:18.205000Z,-2.7658855650138037,-0.06434700777155314,10,0.5,6,-1,peak,max mdccm,2016-03-27T20:41:16.202959Z,Multiple triggers,33.467917180112345,0.10200000000000001,11,53.85690833333333,-166.41502499999999,us20005cs2,pavdut,lts,3,25.5,3.4,52.1703,-168.568,2016-03-27T20:40:41.000000Z,2016-03-27T12:40:41.000000Z,236.85240205213492,218.45529164350515,POM,0.12711629358213997,7.866812127855351,22.811754036714625,33.27295865760347
160,224.3588169945723,0.1803044227000438,5.5461756568423715,0.8547562056077941,0.2725614133286989,2.8745938938987763,2016-03-27T18:28:02.285000Z,-7.315631669017165,-0.05213203302741229,10,0.5,6,-1,peak,max mdccm,2016-03-27T18:28:00.292756Z,Multiple triggers,35.05612984251,0.0977777777777778,11,53.85690833333333,-166.41502499999999,us20005crb,pavdut,lts,3,12.18,4.8,52.0955,-168.5497,2016-03-27T18:27:23.580000Z,2016-03-27T10:27:23.580000Z,242.84594118194212,217.04318532555513,POM,0.1281723896726315,7.801992321077312,23.01211693540401,34.792756006022834
161,221.64339315389793,0.18967312882874554,5.272228101972697,0.7998160888860001,0.26021844059791155,2.914344988283858,2016-03-27T18:22:22.965000Z,-2.7148684805669916,-0.06118614845338022,10,0.5,6,-1,peak,max mdccm,2016-03-27T18:22:20.974448Z,Multiple triggers,33.486210868185125,0.10173913043478262,11,53.85690833333333,-166.41502499999999,us20005cs3,pavdut,lts,3,8.65,3.9,52.1578,-168.6193,2016-03-27T18:21:41.970000Z,2016-03-27T10:21:41.970000Z,240.07411435314322,218.92852467333094,POM,0.12848698037536532,7.782889729983326,23.071858628170002,34.744448186096065
162,221.83170020322757,0.1895421536677406,5.275871254227478,0.7552947661898403,0.260356519955002,2.9119972010132926,2016-03-27T19:45:13.165000Z,-2.694235103600789,-0.0617383850907581,10,0.5,6,-1,peak,max mdccm,2016-03-27T19:45:11.170193Z,Multiple triggers,36.27823167135048,0.09259259259259262,11,53.85690833333333,-166.41502499999999,us20005crp,pavdut,lts,3,15.26,4.1,52.114,-168.6897,2016-03-27T19:44:33.630000Z,2016-03-27T11:44:33.630000Z,246.87113512754527,219.13746509962678,POM,0.1278037685769825,7.824495405216872,22.942148354189417,35.080193327847326
163,218.33254235328656,0.18329112182043059,5.455801623494318,0.7862700782687677,0.2132288927302768,2.3353146717756204,2016-03-27T18:14:36.805000Z,0.4969298047771531,-0.05553441901895215,10,0.5,6,-1,peak,max mdccm,2016-03-27T18:14:34.798538Z,Multiple triggers,36.211034669662936,0.12000000000000001,11,53.85690833333333,-166.41502499999999,us20005cr7,pavdut,lts,3,17.56,4.5,52.131,-168.6446,2016-03-27T18:13:58.440000Z,2016-03-27T10:13:58.440000Z,243.49721253482423,218.8294721580637,POM,0.12775670280147844,7.827377961952441,22.93321732706539,34.49853826240346
164,199.82077574053937,0.35940108487393724,2.782406737449771,0.407742429367939,0.2502931363060208,6.54757020099558,2016-03-27T18:08:50.305000Z,14.890759006349327,-0.23266145060825674,10,0.5,6,-1,peak,max mdccm,2016-03-27T18:08:50.314983Z,Taup,0.0,0.0,11,53.85690833333333,-166.41502499999999,us20005dra,pavdut,lts,3,25.7,3.2,52.0285,-168.4486,2016-03-27T18:08:16.000000Z,2016-03-27T10:08:16.000000Z,245.11259998552416,214.7115347468887,POM,0.1267396342656805,7.890191618383007,22.740365493085857,34.31498290085486
165,220.3308415169131,0.18538376410250432,5.394215641489886,0.784280391057027,0.29528973879664067,3.2452824206062303,2016-03-27T18:07:21.465000Z,-6.084356916514764,-0.057283714940767255,10,0.5,6,-1,peak,max mdccm,2016-03-27T18:07:19.474783Z,Multiple triggers,33.31401440744405,0.05600000000000002,11,53.85690833333333,-166.41502499999999,us20005dr8,pavdut,lts,3,10.0,4.5,51.9965,-168.4474,2016-03-27T18:06:39.090000Z,2016-03-27T10:06:39.090000Z,248.05891015559024,214.24648460039833,POM,0.12810004916173706,7.806398253113987,22.998383004585506,35.644783313202396
166,186.7363430205305,0.18348052792479622,5.4501696245929345,0.7033902818544332,0.32622084663980333,3.854573656658772,2016-03-27T18:05:22.925000Z,30.35468944232008,-0.055894936001150725,10,0.5,6,-1,peak,max mdccm,2016-03-27T18:05:25.935979Z,Taup,0.0,0.0,11,53.85690833333333,-166.41502499999999,us20005dr7,pavdut,lts,3,20.7,3.8,52.1139,-168.5321,2016-03-27T18:04:52.000000Z,2016-03-27T10:04:52.000000Z,240.47841484085828,217.0910324628506,POM,0.1275855919236455,7.837875616852231,22.900752921543244,33.93597871230514
167,220.9343809472473,0.19073609756722615,5.2428460724249835,0.8355928852039093,0.24641516943183905,2.7824753944241536,2016-03-27T18:02:11.285000Z,-1.259911323750913,-0.06271542789875645,10,0.5,6,-1,peak,max mdccm,2016-03-27T18:02:09.278925Z,Multiple triggers,35.145716685273975,0.07185185185185186,11,53.85690833333333,-166.41502499999999,us20005cr4,pavdut,lts,3,16.0,5.8,52.175,-168.6554,2016-03-27T18:01:30.960000Z,2016-03-27T10:01:30.960000Z,240.06086255328742,219.67446962349638,POM,0.1280206696684697,7.811238627244041,22.983314322341332,34.158924512861375
168,39.64585659339656,0.07415301508202249,13.485628317255545,0.6661435484593203,4.452982307501494,17.688904096500437,2016-04-02T05:58:59.065000Z,13.901442359918406,0.05035383755905441,10,0.5,6,-1,peak,max mdccm,2016-04-02T05:58:59.057748Z,Taup,0.0,0.0,11,53.85690833333333,-166.41502499999999,ak01649waqds,pavdut,lts,3,7.0,3.3,56.9911,-157.9316,2016-04-02T05:57:33.929000Z,2016-04-01T21:57:33.929000Z,639.8435539157562,53.54729895331495,POM,0.1245068526410769,8.031686439643268,22.317944044605273,85.1287478995881
169,158.8359545572472,0.19004672801313693,5.26186380820445,0.5276982264381312,0.15445483695240503,1.7668772095225904,2016-03-26T23:23:49.045000Z,-14.706464835690582,-0.06775677926265354,10,0.5,6,-1,peak,max mdccm,2016-03-26T23:23:47.040458Z,Multiple triggers,83.6018606557694,0.14941176470588236,11,53.85690833333333,-166.41502499999999,us20005ejh,pavdut,lts,3,38.8,3.0,53.292,-165.7356,2016-03-26T23:23:33.000000Z,2016-03-26T15:23:33.000000Z,77.32058695700495,144.1294897215566,POM,0.1222899487504834,8.177286933371514,21.899787641888068,12.860457830887222
170,109.31986301340959,0.08151012605208456,12.268414348433286,0.5097442384121375,1.3362324095500586,4.818802311307252,2016-03-25T11:35:34.645000Z,-36.63632259831249,0.04404271485231863,10,0.5,6,-1,peak,max mdccm,2016-03-25T11:35:32.647771Z,Multiple triggers,27.64251140368291,0.084,11,53.85690833333333,-166.41502499999999,us20005ffx,pavdut,lts,3,27.49,3.6,54.7627,-160.6244,2016-03-25T11:34:39.130000Z,2016-03-25T03:34:39.130000Z,390.02431135363696,72.6835404150971,POM,0.1255528409044032,7.964773977208584,22.51567446798466,52.47777056441115
171,122.9960074504541,0.261830564623428,3.819263810694629,0.6108259767637658,0.47193088171439035,6.231019841476893,2016-04-02T06:00:35.245000Z,-68.50275255370617,-0.13734408103862072,10,0.5,6,-1,peak,max mdccm,2016-04-02T06:00:38.246728Z,Taup,0.0,0.0,11,53.85690833333333,-166.41502499999999,ak01649wb46w,pavdut,lts,3,7.1,3.1,56.9165,-157.8198,2016-04-02T05:59:12.888000Z,2016-04-01T21:59:12.888000Z,641.7763575632406,54.49325489674793,POM,0.12448648358480728,8.03300062145898,22.314096328544764,85.35872766568419
172,214.41988014306827,0.17153064719235897,5.8298619889107846,0.5323760126229101,0.33043678405667487,3.1513462439916395,2016-03-25T06:51:02.965000Z,31.498935976726358,-0.04686124638225497,10,0.5,6,-1,peak,max mdccm,2016-03-25T06:51:00.965568Z,Multiple triggers,25.425408424804512,0.02666666666666667,11,53.85690833333333,-166.41502499999999,us20005fhe,pavdut,lts,3,16.9,3.3,51.3822,-174.3072,2016-03-25T06:49:38.000000Z,2016-03-24T22:49:38.000000Z,600.8099212296896,245.91881611979463,POM,0.124669400810104,8.02121445600911,22.348653207283533,79.4055675608573
173,222.89490823288793,0.18512707478937301,5.401695031036075,0.6514430210350671,0.21013532862560735,2.2888834115230736,2016-03-25T05:06:24.965000Z,-4.0042343060151495,-0.05938855035221399,10,0.5,6,-1,peak,max mdccm,2016-03-25T05:06:22.973104Z,Multiple triggers,45.44661441458918,0.15999999999999998,11,53.85690833333333,-166.41502499999999,us20005fhd,pavdut,lts,3,38.5,3.2,52.1365,-168.6426,2016-03-25T05:05:47.000000Z,2016-03-24T21:05:47.000000Z,242.92640608697812,218.89067392687278,POM,0.12573852443715902,7.953012050016342,22.550805019743542,33.70310398405278
174,217.68581839563547,0.17137866544468308,5.835032017580835,0.5930386480033373,0.29273232765348434,3.001500526614336,2016-03-25T02:59:46.525000Z,24.846686680004154,-0.04632908134055988,10,0.5,6,-1,peak,max mdccm,2016-03-25T02:59:44.522276Z,Multiple triggers,24.849655504626057,0.05789473684210527,11,53.85690833333333,-166.41502499999999,us20005cck,pavdut,lts,3,10.0,4.4,51.3732,-173.4039,2016-03-25T02:58:28.780000Z,2016-03-24T18:58:28.780000Z,547.7976622710207,242.53250507563962,POM,0.1250495841041232,7.996827875631675,22.420505202194967,73.34227626337677
175,110.13260855547128,0.10027493678313068,9.972581704666112,0.6259816116341937,0.942360308746566,4.6107082426016746,2016-03-23T16:30:32.425000Z,-33.28419759845974,0.024382374070091722,10,0.5,6,-1,peak,max mdccm,2016-03-23T16:30:30.424764Z,Multiple triggers,93.72837893822523,0.2610526315789474,11,53.85690833333333,-166.41502499999999,us20005c29,pavdut,lts,3,53.01,4.5,54.2936,-162.8305,2016-03-23T16:29:56.800000Z,2016-03-23T08:29:56.800000Z,239.58730028580527,76.84841095701152,POM,0.1246573108532224,8.021992397842183,22.34636889796535,33.26476370703306
176,19.618144622751572,0.2524279648902834,3.961526213764173,0.284580731066951,1.713930152793467,22.733502463384724,2016-03-23T04:56:13.845000Z,-135.87572976307888,-0.12736272303684343,10,0.5,6,-1,peak,max mdccm,2016-03-23T04:56:13.836670Z,Taup,0.0,0.0,11,53.85690833333333,-166.41502499999999,us20005byv,pavdut,lts,3,10.0,4.7,51.4747,-173.4573,2016-03-23T04:55:00.860000Z,2016-03-22T20:55:00.860000Z,544.8741650485642,243.74241485967266,POM,0.12506524185343998,7.995826699570681,22.42346520410422,72.9766704117271
177,9.115481775860871,2.0081075177081136,0.49798130388024076,0.24645428380493933,0.38163315441997164,35.5351166408538,2016-03-22T19:28:52.725000Z,-127.46206759116063,-1.8832659452018403,10,0.5,6,-1,peak,max mdccm,2016-03-22T19:28:52.718130Z,Taup,0.0,0.0,11,53.85690833333333,-166.41502499999999,us20005dxz,pavdut,lts,3,10.0,4.0,51.1285,-173.7663,2016-03-22T19:27:34.860000Z,2016-03-22T11:27:34.860000Z,583.9392857717033,241.65341418470024,POM,0.1248415725062732,8.010152226733211,22.381187861539953,77.85813038966594
178,116.70317998791765,0.0866132200281514,11.545581606075558,0.4474358349245466,1.3406600245575095,5.83137915328976,2016-03-22T17:38:04.845000Z,-77.30248974507012,0.014796020167182011,10,0.5,6,-1,peak,max mdccm,2016-03-22T17:38:02.838045Z,Multiple triggers,61.46588490559655,0.11058823529411764,11,53.85690833333333,-166.41502499999999,us20005c9x,pavdut,lts,3,183.46,4.1,55.6426,-163.7812,2016-03-22T17:37:21.840000Z,2016-03-22T09:37:21.840000Z,261.2609819851899,39.40069024284753,POM,0.10140924019533341,9.86103434039946,18.016940814961547,40.93804504277567
179,77.15915173131202,0.23654306704884157,4.227559963926228,0.6728926242914863,0.6460624017273098,6.960492188183707,2016-03-24T20:16:43.265000Z,167.2612035341964,-0.11139021642367497,10,0.5,6,-1,peak,max mdccm,2016-03-24T20:16:46.262914Z,Taup,0.0,0.0,11,53.85690833333333,-166.41502499999999,us20005cbf,pavdut,lts,3,10.0,3.9,51.6033,-173.2953,2016-03-24T20:15:35.420000Z,2016-03-24T12:15:35.420000Z,527.8190369407979,244.42035526550842,POM,0.1251528506251666,7.990229507396559,22.440028272151928,70.84291368993955
180,92.41919782460997,1.551900343137584,0.6443712732083241,0.25859701575001426,1.0405736094962956,44.54666244416654,2016-03-22T10:04:50.065000Z,149.12806029477196,-1.4449240261506373,10,0.5,6,-1,peak,max mdccm,2016-03-22T10:04:48.065806Z,Multiple triggers,23.078690697486323,0.09,11,53.85690833333333,-166.41502499999999,us20005dx5,pavdut,lts,3,105.8,3.8,53.1441,-168.5444,2016-03-22T10:04:20.000000Z,2016-03-22T02:04:20.000000Z,162.03899995926398,241.54725811938192,POM,0.1069763169869466,9.347863416554352,19.043006084174813,25.805805803659403
181,55.95425709859046,1.316004712320491,0.7598756984970938,0.2428932565893481,2.0129444230648295,55.557061725165426,2016-03-22T02:43:20.525000Z,-171.3887263551021,-1.1911626831469742,10,0.5,6,-1,peak,max mdccm,2016-03-22T02:43:20.518764Z,Taup,0.0,0.0,11,53.85690833333333,-166.41502499999999,us20005bmb,pavdut,lts,3,10.0,3.9,51.3527,-173.9954,2016-03-22T02:42:02.670000Z,2016-03-21T18:42:02.670000Z,583.8642591623983,244.56553074348838,POM,0.12484202917351676,8.010122925910707,22.381274166386024,77.84876378088036
182,299.8498925092238,0.3151312010484145,3.1732814671257104,0.30570707277962267,0.7755912764228696,14.054760106159208,2016-03-21T15:44:58.625000Z,-54.600260023557155,-0.1904297935062443,10,0.5,6,-1,peak,max mdccm,2016-03-21T15:45:01.617595Z,Taup,0.0,0.0,11,53.85690833333333,-166.41502499999999,us20005bg8,pavdut,lts,3,17.15,4.3,51.3529,-174.1897,2016-03-21T15:43:42.900000Z,2016-03-21T07:43:42.900000Z,595.4312932249874,245.24963248566667,POM,0.12470140754217021,8.019155675222274,22.354700827033557,78.71759510418866
183,1.4340047708086558,0.09194430060348856,10.876149945525366,0.3985622435957856,31.267716851307746,12.209560429888853,2016-03-21T15:33:48.905000Z,-116.4256507551612,0.03284564241990691,10,0.5,6,-1,peak,max mdccm,2016-03-21T15:33:48.909357Z,Taup,0.0,0.0,11,53.85690833333333,-166.41502499999999,us20005bi2,pavdut,lts,3,10.0,4.0,51.3464,-174.1374,2016-03-21T15:32:29.960000Z,2016-03-21T07:32:29.960000Z,592.6818850565866,245.00835401564746,POM,0.12478994302339547,8.013466275984445,22.37143082937151,78.94935703678026
184,45.24859338476887,0.08264641017761985,12.099739091520686,0.31512599533437385,10.64805280992989,42.688017559605555,2016-03-21T14:15:49.005000Z,41.44817046617766,0.043035180015506644,10,0.5,6,-1,peak,max mdccm,2016-03-21T14:15:47.014752Z,Multiple triggers,35.525044440429305,0.08571428571428573,11,53.85690833333333,-166.41502499999999,us20005bi1,pavdut,lts,3,25.18,3.2,53.9207,-161.14,2016-03-21T14:14:58.600000Z,2016-03-21T06:14:58.600000Z,346.82764240040854,86.69676385094654,POM,0.1256815901931265,7.956614795081498,22.54003234753755,47.13475168046406
185,153.84459825514526,0.074115863000073,13.492388262402274,0.27045136938450764,21.052353475768676,47.6047547802886,2016-03-20T22:33:13.585000Z,-56.89870559520955,0.05139735446968921,10,0.5,6,-1,peak,max mdccm,2016-03-20T22:33:11.580841Z,Multiple triggers,23.2416379336522,0.065,10,53.85690833333333,-166.41502499999999,us20005c24,pavdut,lts,3,26.18,3.8,53.2592,-160.3484,2016-03-20T22:32:12.230000Z,2016-03-20T14:32:12.230000Z,407.3602940475768,96.94589265993571,POM,0.1255132174697622,7.967288387304016,22.50817903541051,54.700840577407774
186,204.01982574457088,1.0150217735980374,0.9852005405314722,0.24534038796946345,0.8852722611774485,5.652986318097533,2016-03-20T20:55:50.965000Z,40.01602030054616,-0.8904484861742885,10,0.5,6,-1,peak,max mdccm,2016-03-20T20:55:53.960899Z,Taup,0.0,0.0,10,53.85690833333333,-166.41502499999999,us20005c1z,pavdut,lts,3,23.73,4.0,51.2319,-174.1575,2016-03-20T20:54:34.990000Z,2016-03-20T12:54:34.990000Z,600.5554091607174,244.03584604511704,POM,0.12457328742374887,8.027403151033472,22.330494316699045,78.97089919936019
187,43.73994570289233,0.1488945837799824,6.716161022201275,0.760104561281791,0.5423244798136002,5.175345996924193,2016-04-02T05:57:26.825000Z,10.330927531406985,-0.024547465917800187,10,0.5,6,-1,peak,max mdccm,2016-04-02T05:57:26.819222Z,Taup,0.0,0.0,11,53.85690833333333,-166.41502499999999,ak01649wacxf,pavdut,lts,3,9.5,3.4,57.0283,-157.6082,2016-04-02T05:55:59.557000Z,2016-04-01T21:55:59.557000Z,659.0304666346015,54.070873234299306,POM,0.12434711786218222,8.042003845302881,22.287772978058975,87.26222178796965
188,272.4612281473719,0.33766682161554595,2.9614991346071906,0.26292694105666503,0.23961666765491335,62.788416084703556,2016-03-20T17:03:49.625000Z,-27.821017395297076,-0.2129132833075279,10,0.5,6,-1,peak,max mdccm,2016-03-20T17:03:49.634455Z,Taup,0.0,0.0,10,53.85690833333333,-166.41502499999999,us20005b96,pavdut,lts,3,10.0,4.1,51.2899,-174.1801,2016-03-20T17:02:29.960000Z,2016-03-20T09:02:29.960000Z,598.4932743033427,244.64021075207484,POM,0.12475353830801804,8.015804710332043,22.36455141214685,79.67445482693076
189,349.12142474996153,0.363459476243943,2.751338361938403,0.32050873813406305,1.8254771186986947,27.743397904147443,2016-03-20T11:04:35.285000Z,-104.99880638639857,-0.23880735496427635,10,0.5,6,-1,peak,max mdccm,2016-03-20T11:04:38.293917Z,Taup,0.0,0.0,10,53.85690833333333,-166.41502499999999,us20005cw0,pavdut,lts,3,23.47,3.0,51.2919,-174.0289,2016-03-20T11:03:20.700000Z,2016-03-20T03:03:20.700000Z,589.4052382171841,244.12261836356296,POM,0.12465212127966661,8.02232637306206,22.34538837731467,77.593917145902
190,91.17312390598568,0.09862240685277215,10.139683586234554,0.34064417156296056,5.280817296769836,20.771636492948886,2016-03-20T10:29:48.345000Z,156.23715858036235,0.026163811621880223,10,0.5,6,-1,peak,max mdccm,2016-03-20T10:29:51.344119Z,Taup,0.0,0.0,11,53.85690833333333,-166.41502499999999,us20005cwj,pavdut,lts,3,10.0,3.0,51.5369,-174.3234,2016-03-20T10:28:32.320000Z,2016-03-20T02:28:32.320000Z,593.2809985681828,247.41028248634805,POM,0.12478621847465238,8.013705457410975,22.370726983927486,79.02411930069401
191,217.18486581038087,0.20116243558264585,4.97110704144939,0.6871172204712691,0.2577122531926146,3.1062252799292196,2016-03-20T04:48:02.625000Z,23.825906142317024,-0.07564476823080807,10,0.5,6,-1,peak,max mdccm,2016-03-20T04:48:00.635930Z,Multiple triggers,31.487837666901054,0.06720000000000001,11,53.85690833333333,-166.41502499999999,us20005cw7,pavdut,lts,3,36.85,3.7,52.2047,-171.0056,2016-03-20T04:47:09.770000Z,2016-03-19T20:47:09.770000Z,358.5876442746215,241.0107719526979,POM,0.12551766735183778,7.9670059291088196,22.509020784460006,48.265930045029734
192,87.69686591664237,0.27073744089299145,3.6936154700348536,0.47914460737532044,0.4772914123204488,7.1875643115225785,2016-03-20T04:03:49.445000Z,157.7374146313623,-0.1459398305358655,10,0.5,6,-1,peak,max mdccm,2016-03-20T04:03:52.445028Z,Taup,0.0,0.0,11,53.85690833333333,-166.41502499999999,us20005b6a,pavdut,lts,3,10.0,4.2,51.386,-174.1546,2016-03-20T04:02:33.650000Z,2016-03-19T20:02:33.650000Z,591.4452100039969,245.43428054800466,POM,0.12479761035712593,8.012973943478238,22.372879772589954,78.79502760206353
193,103.28475690581712,0.34001141657791795,2.9410777145797318,0.33730938481548733,0.8017698626684133,13.801739749521971,2016-03-20T02:18:47.065000Z,154.60748681951526,-0.224026842620589,10,0.5,6,-1,peak,max mdccm,2016-03-20T02:18:50.057331Z,Taup,0.0,0.0,11,53.85690833333333,-166.41502499999999,us20005cw9,pavdut,lts,3,180.05,4.1,52.6228,-174.0022,2016-03-20T02:17:40.070000Z,2016-03-19T18:17:40.070000Z,524.5541032834138,257.8922437253324,POM,0.11598457395732895,8.621836213908091,20.717034948321412,69.98733096714822
194,212.8413890440329,0.17140260688268774,5.834216982968206,0.4974682681393119,0.3558859750233223,3.9849650447852696,2016-03-20T01:26:22.785000Z,33.41186984172606,-0.04662812286233027,10,0.5,6,-1,peak,max mdccm,2016-03-20T01:26:20.778793Z,STA/LTA trigger,24.86885454839034,0.045000000000000005,11,53.85690833333333,-166.41502499999999,us20005b5m,pavdut,lts,3,10.0,4.2,51.4348,-174.2622,2016-03-20T01:24:58.160000Z,2016-03-19T17:24:58.160000Z,595.1616883637514,246.25325888575895,POM,0.12477448402035747,8.014459108777768,22.368509492331498,79.25879255948787
195,217.67417845940975,0.15604513853863378,6.408402141617627,0.565616761725794,0.36524054476944334,3.3364768411959176,2016-03-20T00:45:21.645000Z,22.712168751857348,-0.043674708114191496,10,0.5,6,-1,peak,max mdccm,2016-03-20T00:45:19.642031Z,Multiple triggers,64.22924656374336,0.14782608695652175,11,53.85690833333333,-166.41502499999999,us20005cw8,pavdut,lts,3,93.3,3.5,53.0778,-168.631,2016-03-20T00:44:52.000000Z,2016-03-19T16:44:52.000000Z,170.79755966189032,240.3863472112671,POM,0.11237043042444228,8.899138289520023,20.043276554788164,26.082031496073668
196,125.50062630525088,1.773500513584517,0.5638566170916107,0.27431914775125743,0.3858561924726889,28.915735214577694,2016-03-19T22:01:51.425000Z,118.86351706713992,-1.6486931878571196,10,0.5,6,-1,peak,max mdccm,2016-03-19T22:01:49.431894Z,STA/LTA trigger,27.544054899249286,0.045000000000000005,11,53.85690833333333,-166.41502499999999,us20005b4a,pavdut,lts,3,14.4,4.1,51.3394,-173.9738,2016-03-19T22:00:30.000000Z,2016-03-19T14:00:30.000000Z,583.3561092186809,244.36414337239083,POM,0.12480732572739744,8.012350189957496,22.374715767535495,77.41189386744873
197,169.87285750167143,1.2150166226562247,0.8230340073980525,0.27381947061483275,8.070863079241857,15.821112130023494,2016-03-19T21:39:59.265000Z,-91.15636168052562,-1.0892741790841238,10,0.5,6,-1,peak,max mdccm,2016-03-19T21:39:59.262195Z,Taup,0.0,0.0,11,53.85690833333333,-166.41502499999999,us20005d1a,pavdut,lts,3,11.2,3.0,54.3289,-161.5138,2016-03-19T21:39:14.000000Z,2016-03-19T13:39:14.000000Z,324.891037066229,78.71649582114581,POM,0.12574244357210093,7.952764170887122,22.551546600107756,45.262194507169355
198,213.23441053131853,0.17004921737820924,5.880650410615438,0.3577654029734367,2.151535250087065,20.953726699903058,2016-04-02T04:29:04.405000Z,38.44082015277479,-0.04656401514773727,10,0.5,6,-1,peak,max mdccm,2016-04-02T04:29:04.411158Z,Taup,0.0,0.0,11,53.85690833333333,-166.41502499999999,us20005h45,pavdut,lts,3,37.75,3.3,51.503,-175.9256,2016-04-02T04:27:34.380000Z,2016-04-01T20:27:34.380000Z,693.8247913217702,251.67523068409332,POM,0.12348520223047198,8.098136310564618,22.125084432271816,90.03115827438025
199,214.81470646212017,0.19326221529146598,5.174317175718299,0.7093634661926949,0.19790135507312234,2.311207678773542,2016-03-19T09:41:59.205000Z,9.340196239650254,-0.06375200499269512,10,0.5,6,-1,peak,max mdccm,2016-03-19T09:41:57.204747Z,Multiple triggers,64.71842815073859,0.29789473684210527,11,53.85690833333333,-166.41502499999999,us20005azp,pavdut,lts,3,25.6,3.9,52.7747,-168.1279,2016-03-19T09:41:32.000000Z,2016-03-19T01:41:32.000000Z,165.93609278353233,224.15490270177042,POM,0.12951021029877086,7.721398935984051,23.26635708611711,24.164747107426265
200,142.6065569165074,1.562335419242355,0.6400674193797282,0.2747919523361052,0.9494226001077943,46.313488528115386,2016-03-19T08:51:43.705000Z,102.69474944132742,-1.4377480268940415,10,0.5,6,-1,peak,max mdccm,2016-03-19T08:51:41.707025Z,STA/LTA trigger,22.52084989690468,0.07,11,53.85690833333333,-166.41502499999999,us20005az6,pavdut,lts,3,23.2,4.0,51.3367,-174.2479,2016-03-19T08:50:27.000000Z,2016-03-19T00:50:27.000000Z,599.8361729892872,245.30130635783482,POM,0.12458739234831363,8.026494343859952,22.333159039711738,78.90702542895949
201,91.26646514399448,0.08113482158675447,12.325164219788626,0.7992458024094475,1.4795464749452938,6.14033159179084,2016-04-02T05:51:30.285000Z,-37.8675465496176,0.04332063691019061,10,0.5,6,-1,peak,max mdccm,2016-04-02T05:51:28.293033Z,Multiple triggers,37.19690817756034,0.13874999999999998,11,53.85690833333333,-166.41502499999999,ak01649w95tp,pavdut,lts,3,11.4,6.2,57.008,-157.9322,2016-04-02T05:50:00.932000Z,2016-04-01T21:50:00.932000Z,640.7395619630189,53.39891859437689,POM,0.12445545849694509,8.035003141501795,22.308235891186765,84.81103261466917
202,101.20271248498057,0.2795430494459481,3.5772665497567955,0.265595997096698,1.5336524615623013,25.198735850143052,2016-03-19T07:58:40.945000Z,-29.087375469348956,-0.1540142424429068,10,0.5,6,-1,peak,max mdccm,2016-03-19T07:58:40.955720Z,Taup,0.0,0.0,11,53.85690833333333,-166.41502499999999,us20005d10,pavdut,lts,3,28.5,3.8,54.8049,-160.576,2016-03-19T07:57:48.000000Z,2016-03-18T23:57:48.000000Z,394.10682760683017,72.11533701563161,POM,0.1255288070030413,7.966298922730717,22.51112800677584,52.95571959958867
203,117.41778784547489,0.7276633439538678,1.3742618867763081,0.24110128950620352,1.8429744918604725,69.81176226017153,2016-03-19T06:40:16.165000Z,126.02122061309285,-0.6030461265584157,10,0.5,6,-1,peak,max mdccm,2016-03-19T06:40:14.158867Z,Multiple triggers,38.04886134515972,0.05500000000000001,11,53.85690833333333,-166.41502499999999,us20005d0z,pavdut,lts,3,22.4,3.0,51.2,-174.0711,2016-03-19T06:38:52.000000Z,2016-03-18T22:38:52.000000Z,597.3575796939774,243.43900845856774,POM,0.124617217395452,8.024573336657538,22.33879379896944,78.63886748614281
204,213.67995688402078,0.17381680332279345,5.753183701939967,0.52307480128839,0.2945258846448753,3.441652081065598,2016-03-19T04:42:42.885000Z,31.026130458740965,-0.04912800317165161,10,0.5,6,-1,peak,max mdccm,2016-03-19T04:42:40.880161Z,Multiple triggers,25.78640452958566,0.045714285714285714,11,53.85690833333333,-166.41502499999999,us20005ayj,pavdut,lts,3,16.88,4.5,51.2981,-174.1776,2016-03-19T04:41:19.360000Z,2016-03-18T20:41:19.360000Z,597.8679516172797,244.70608734276175,POM,0.12468880015114184,8.019966498898437,22.352318649757343,79.0401606012892
205,353.8648270189488,1.3394427737761556,0.7465791145229752,0.25781041874715765,1.1904896414874182,49.5531116841825,2016-03-19T04:16:52.665000Z,-109.66157067239553,-1.2147190320438592,10,0.5,6,-1,peak,max mdccm,2016-03-19T04:16:55.672204Z,Taup,0.0,0.0,11,53.85690833333333,-166.41502499999999,us20005bsg,pavdut,lts,3,14.62,3.0,51.2654,-174.1193,2016-03-19T04:15:36.660000Z,2016-03-18T20:15:36.660000Z,596.3179764122408,244.20325634655327,POM,0.12472374173229647,8.017719690821751,22.35892099128269,79.01220360639012
206,214.88280223725724,0.8016282722206488,1.2474609923996658,0.3039642356706198,5.663649643076444,29.18883260556234,2016-03-19T04:11:12.965000Z,30.811223097812558,-0.6768355735084428,10,0.5,6,-1,peak,max mdccm,2016-03-19T04:11:15.963956Z,Taup,0.0,0.0,11,53.85690833333333,-166.41502499999999,us20005d0w,pavdut,lts,3,10.0,3.4,51.4031,-174.184,2016-03-19T04:09:57.070000Z,2016-03-18T20:09:57.070000Z,592.2379360329453,245.6940253350698,POM,0.12479269871220597,8.013289321566615,22.371951587100682,78.89395602270581
207,151.67251846399793,0.2098998159056549,4.764177594369482,0.26403846336238224,3.277130888276508,36.11863721163908,2016-03-19T04:01:11.045000Z,95.82393521641887,-0.08478523773369145,10,0.5,6,-1,peak,max mdccm,2016-03-19T04:01:11.047919Z,Taup,0.0,0.0,11,53.85690833333333,-166.41502499999999,us20005ay8,pavdut,lts,3,10.0,4.9,51.7941,-173.589,2016-03-19T03:59:59.310000Z,2016-03-18T19:59:59.310000Z,534.9713920776796,247.4964536804168,POM,0.12511457817196345,7.992673712455413,22.432792346622698,71.73791854750304
208,161.01500168114723,0.15394792697973353,6.495702927728575,0.33516674619755565,5.258386984953011,36.103962529742006,2016-03-19T02:32:50.565000Z,82.75165614486531,-0.029175627582110883,10,0.5,6,-1,peak,max mdccm,2016-03-19T02:32:53.565079Z,Taup,0.0,0.0,11,53.85690833333333,-166.41502499999999,us20005ay1,pavdut,lts,3,10.64,4.2,51.2389,-174.0645,2016-03-19T02:31:34.430000Z,2016-03-18T18:31:34.430000Z,594.6447752955642,243.76665782601253,POM,0.12477229939762265,8.014599432949566,22.368096662158802,79.1350793509427
209,66.77404332445627,0.10530299044002746,9.496406472611275,0.34156055952544395,51.34859535760649,65.704810099305,2016-03-19T02:25:47.265000Z,178.39822156126718,0.019405833479412132,10,0.5,6,-1,peak,max mdccm,2016-03-19T02:25:50.263581Z,Taup,0.0,0.0,11,53.85690833333333,-166.41502499999999,us20005d26,pavdut,lts,3,16.47,3.0,51.3464,-174.1846,2016-03-19T02:24:31.490000Z,2016-03-18T18:24:31.490000Z,595.4987459461803,245.17226488572348,POM,0.12470882391943959,8.01867877966669,22.35610217686483,78.77358067180553
210,145.62247629191012,0.17690553099378858,5.652734509669522,0.32333645607493394,10.826526644183707,52.61329609707681,2016-03-19T02:19:56.585000Z,98.56512185640611,-0.05215214339211206,10,0.5,6,-1,peak,max mdccm,2016-03-19T02:19:59.587431Z,Taup,0.0,0.0,11,53.85690833333333,-166.41502499999999,us20005d0t,pavdut,lts,3,10.0,3.2,51.2537,-174.1448,2016-03-19T02:18:39.910000Z,2016-03-18T18:18:39.910000Z,598.5171293819807,244.1875981483162,POM,0.12475338760167652,8.015814393697164,22.36452293380075,79.6774308318451
211,39.52357537083901,0.25162048620288835,3.974239200832293,0.27478115919950175,1.2533208618783016,17.867359097892148,2016-03-19T02:08:07.345000Z,-156.46823907750422,-0.12684699412957345,10,0.5,6,-1,peak,max mdccm,2016-03-19T02:08:10.348570Z,Taup,0.0,0.0,11,53.85690833333333,-166.41502499999999,us20005axz,pavdut,lts,3,10.0,4.2,51.1798,-174.0157,2016-03-19T02:06:51.070000Z,2016-03-18T18:06:51.070000Z,595.3201951941255,243.05533629333482,POM,0.12477349207331491,8.014522823585125,22.368322043032446,79.27857009823435
212,208.4243232324007,0.20464319642411444,4.886553853114872,0.3231816896591817,1.531409334294826,21.554198932307997,2016-03-19T01:43:38.525000Z,37.29073124092122,-0.07983270973426586,10,0.5,6,-1,peak,max mdccm,2016-03-19T01:43:41.524549Z,Taup,0.0,0.0,11,53.85690833333333,-166.41502499999999,us20005d0r,pavdut,lts,3,10.0,3.1,51.4179,-174.1499,2016-03-19T01:42:22.990000Z,2016-03-18T17:42:22.990000Z,589.3581094993614,245.7150544733219,POM,0.12481048668984858,8.012147268402044,22.37531312632385,78.53454885082812
213,192.6757834251871,0.34772555519476334,2.8758311980834814,0.4308082042823929,0.727786573679216,14.818515750877708,2016-03-19T01:41:28.545000Z,52.34741797340618,-0.22302145466119538,10,0.5,6,-1,peak,max mdccm,2016-03-19T01:41:31.546423Z,Taup,0.0,0.0,11,53.85690833333333,-166.41502499999999,us20005d20,pavdut,lts,3,19.57,3.5,51.3584,-174.1099,2016-03-19T01:40:13.620000Z,2016-03-18T17:40:13.620000Z,590.3518302211979,245.02320139859327,POM,0.12470410053356797,8.018982501147338,22.355209675331842,77.92642269461913
214,218.94016809744107,0.17666890065266758,5.660305782770493,0.7068619742984206,0.28379907450171427,2.9874307097849453,2016-03-19T01:36:34.505000Z,27.65975238778333,-0.05189026796448494,10,0.5,6,-1,peak,max mdccm,2016-03-19T01:36:32.513111Z,Multiple triggers,30.061192956369116,0.07913043478260871,11,53.85690833333333,-166.41502499999999,us20005axu,pavdut,lts,3,17.0,6.0,51.5145,-174.1423,2016-03-19T01:35:12.170000Z,2016-03-18T17:35:12.170000Z,583.5277783524461,246.5999204852244,POM,0.12477863268818264,8.014192642252816,22.369293473285605,77.24311089278545
215,214.63605273288346,0.1741231150624482,5.743062887666327,0.516816179284081,0.22775850164042621,2.402863495647466,2016-03-19T01:23:41.065000Z,30.93453756435443,-0.04934638330611957,10,0.5,6,-1,peak,max mdccm,2016-03-19T01:23:39.073942Z,STA/LTA trigger,22.85900490164952,0.065,11,53.85690833333333,-166.41502499999999,us20005axl,pavdut,lts,3,10.0,5.0,51.3815,-174.2064,2016-03-19T01:22:16.200000Z,2016-03-18T17:22:16.200000Z,594.8022428007163,245.57059029723789,POM,0.12477673175632864,8.014314735802337,22.36893425034832,79.2139424993134
216,332.37843829889243,0.06201806622385439,16.124333777040018,0.2740358794731731,0.2626613954199213,41.49013141881636,2016-03-18T13:35:11.225000Z,-89.01319235760974,0.06299843337223199,10,0.5,6,-1,peak,max mdccm,2016-03-18T13:35:11.220181Z,Taup,0.0,0.0,11,53.85690833333333,-166.41502499999999,us20005awc,pavdut,lts,3,10.0,3.8,51.4043,-173.5392,2016-03-18T13:33:57.120000Z,2016-03-18T05:33:57.120000Z,553.8592694357061,243.3652459412827,POM,0.12501649959608638,7.998944165217251,22.414250985431785,74.10018059560699
217,122.61707637122305,0.1774258161631541,5.636158376639156,0.3190570359200321,9.139032006043879,40.24284594882826,2016-03-18T11:53:29.945000Z,122.23820177656165,-0.052615539926015434,10,0.5,6,-1,peak,max mdccm,2016-03-18T11:53:32.939981Z,Taup,0.0,0.0,11,53.85690833333333,-166.41502499999999,us20005aqb,pavdut,lts,3,27.6,4.4,51.524,-173.622,2016-03-18T11:52:20.210000Z,2016-03-18T03:52:20.210000Z,551.7842327926991,244.8552781477847,POM,0.12481027623713865,8.012160778332122,22.375273354884115,72.72998132420072
218,311.3679054414744,0.8703580624108522,1.1489524176176935,0.25431898443225337,8.319497735560214,57.793848502820794,2016-03-18T09:47:02.225000Z,-66.7123344476772,-0.7454824170312091,10,0.5,6,-1,peak,max mdccm,2016-03-18T09:47:02.227541Z,Taup,0.0,0.0,11,53.85690833333333,-166.41502499999999,us20005ci1,pavdut,lts,3,25.6,3.8,51.5307,-173.5505,2016-03-18T09:45:50.000000Z,2016-03-18T01:45:50.000000Z,547.1454253419722,244.65557099379723,POM,0.12487564537964309,8.007966621192073,22.387627388957082,72.22754075541584
219,234.32132443344193,0.539376711148453,1.853991800778305,0.2607750724879081,0.7179931085898317,43.56743707503014,2016-03-18T09:39:17.045000Z,10.45815330746322,-0.4143159640541438,10,0.5,6,-1,peak,max mdccm,2016-03-18T09:39:20.042119Z,Taup,0.0,0.0,11,53.85690833333333,-166.41502499999999,us20005apm,pavdut,lts,3,10.0,5.1,51.5464,-173.5416,2016-03-18T09:38:06.960000Z,2016-03-18T01:38:06.960000Z,545.717327159514,244.77947774090515,POM,0.1250607470943092,7.996114074433706,22.422615490876733,73.08211899170277
220,246.44890759261773,1.3687389997496322,0.730599478923972,0.25794374620954724,10.723806637566552,74.37055653526632,2016-03-18T09:21:05.805000Z,-1.5947221486868841,-1.2440153854157754,10,0.5,6,-1,peak,max mdccm,2016-03-18T09:21:05.806031Z,Taup,0.0,0.0,11,53.85690833333333,-166.41502499999999,us20005apd,pavdut,lts,3,21.76,4.2,51.3814,-174.0011,2016-03-18T09:19:48.980000Z,2016-03-18T01:19:48.980000Z,582.5435792304407,244.85418544393085,POM,0.1247236143338568,8.017727880489632,22.35889691830602,76.82603092135717
221,227.3565837071364,1.2559130315214384,0.7962334770812751,0.2777358358719893,1.3114359955876047,50.37003470899859,2016-03-20T19:59:38.165000Z,17.091086040219864,-1.1313623648449689,10,0.5,6,-1,peak,max mdccm,2016-03-20T19:59:38.167815Z,Taup,0.0,0.0,10,53.85690833333333,-166.41502499999999,us20005cw1,pavdut,lts,3,24.3,3.0,51.2563,-174.212,2016-03-20T19:58:19.000000Z,2016-03-20T11:58:19.000000Z,602.3494534669381,244.44766974735626,POM,0.1245506666764695,8.028861078661116,22.326220878261193,79.16781515888798
222,127.57682655367529,0.061955755238005505,16.14055056158157,0.4978701828146875,12.872555657538324,38.300386124263326,2016-04-02T05:54:24.405000Z,-74.1531342260646,0.06233765493504355,10,0.5,6,-1,peak,max mdccm,2016-04-02T05:54:24.408426Z,Taup,0.0,0.0,11,53.85690833333333,-166.41502499999999,ak01649w9pri,pavdut,lts,3,20.5,4.1,57.0384,-157.8246,2016-04-02T05:52:59.349000Z,2016-04-01T21:52:59.349000Z,648.0941305302118,53.423692327610695,POM,0.12429341017304905,8.045478827942185,22.277630011360472,85.0594262674437
223,136.8053005729987,0.18142766870642574,5.511838448512139,0.5598209377896024,1.1528423938179104,10.496928013263329,2016-03-17T05:13:18.765000Z,-69.8516587990823,-0.05595677539422153,10,0.5,6,-1,peak,max mdccm,2016-03-17T05:13:21.760627Z,Taup,0.0,0.0,11,53.85690833333333,-166.41502499999999,us20005ch2,pavdut,lts,3,5.4,3.2,55.2932,-159.7497,2016-03-17T05:12:19.000000Z,2016-03-16T21:12:19.000000Z,459.5096047236838,66.9536417739164,POM,0.1254708933122042,7.969975933077483,22.500173164896104,62.76062672096349
224,84.53566502822503,0.06302535030165007,15.86663136680446,0.5661670682160043,2.465280763898704,8.577873621014248,2016-03-17T00:59:06.865000Z,-12.346763626991219,0.06245176906216804,10,0.5,6,-1,peak,max mdccm,2016-03-17T00:59:04.864099Z,Multiple triggers,23.897127806983345,0.06,11,53.85690833333333,-166.41502499999999,us20005adq,pavdut,lts,3,25.56,3.5,54.8528,-160.1786,2016-03-17T00:58:06.420000Z,2016-03-16T16:58:06.420000Z,420.19167646069565,72.18890140123379,POM,0.1254771193638181,7.969580470687427,22.50135083116216,56.33409925192057
225,219.46359733039696,0.17407549820237322,5.744633853280373,0.5285831985087388,0.27522219781802315,2.4294198239219895,2016-03-16T23:14:33.505000Z,24.065914113664945,-0.04904893599315943,10,0.5,6,-1,peak,max mdccm,2016-03-16T23:14:31.511623Z,Multiple triggers,26.280210867833603,0.0475,12,53.85690833333333,-166.41502499999999,us20005ab5,pavdut,lts,3,10.0,4.3,51.4251,-173.5291,2016-03-16T23:13:14.260000Z,2016-03-16T15:13:14.260000Z,552.0311289988375,243.5295114440619,POM,0.1250265622092138,7.998300379775662,22.416153168099044,73.87162267530971
226,64.15920744152936,0.06060138930463032,16.501271859844866,0.5088854985712079,114.11313055843264,61.81149623715618,2016-03-16T22:23:01.485000Z,-178.62619784954592,0.06448124871044844,10,0.5,6,-1,peak,max mdccm,2016-03-16T22:23:01.491709Z,Taup,0.0,0.0,12,53.85690833333333,-166.41502499999999,us20005ccz,pavdut,lts,3,10.0,3.6,51.6196,-173.5452,2016-03-16T22:21:48.900000Z,2016-03-16T14:21:48.900000Z,541.7963262983208,245.53300959198344,POM,0.12508263801507877,7.994714661194222,22.42675391625084,72.59170860884925
227,139.50071534918555,0.44522610149895525,2.2460498084754508,0.2879459386254957,1.0898277480287208,49.42682483614969,2016-03-18T02:03:49.045000Z,120.30962477947662,-0.3225325365457657,10,0.5,6,-1,peak,max mdccm,2016-03-18T02:03:47.053839Z,Multiple triggers,28.45879098329146,0.045,11,53.85690833333333,-166.41502499999999,us20005bqm,pavdut,lts,3,67.22,4.0,51.5503,-179.9617,2016-03-18T02:01:43.090000Z,2016-03-17T18:01:43.090000Z,949.3273572100791,259.8103401286622,POM,0.12269356495318957,8.150386700244002,21.97582640941555,120.75383944126759
228,40.39964664167536,0.6359388266461269,1.5724782920927987,0.2792194047372163,2.4905518378326006,86.61446058605253,2016-03-16T05:10:11.845000Z,-155.18545557974818,-0.5117448511312485,10,0.5,6,-1,peak,max mdccm,2016-03-16T05:10:11.855608Z,Taup,0.0,0.0,12,53.85690833333333,-166.41502499999999,us20005at3,pavdut,lts,3,46.45,3.6,51.5616,-173.6177,2016-03-16T05:08:59.910000Z,2016-03-15T21:08:59.910000Z,549.3919205290402,245.21419106192718,POM,0.12419397551487839,8.051920359697322,22.258853218188648,71.94560819637711
229,162.36839399457128,0.3989339269140017,2.506680762239533,0.27494886833861887,0.5222449823223926,27.93788728303508,2016-03-21T22:23:56.285000Z,89.28327286604997,-0.27558762098321,10,0.5,6,-1,peak,max mdccm,2016-03-21T22:23:59.277599Z,Taup,0.0,0.0,11,53.85690833333333,-166.41502499999999,us20005cza,pavdut,lts,3,39.1,3.1,51.4597,-176.0586,2016-03-21T22:22:28.000000Z,2016-03-21T14:22:28.000000Z,704.2407013443208,251.65166686062125,POM,0.12334630593079168,8.107255360862526,22.098885040699805,91.2775989389251
230,213.91898285619686,0.19140772758804606,5.22444946503013,0.3904889155377731,0.32869966492220737,3.368841827818528,2016-03-15T22:56:30.345000Z,29.508901381397123,-0.06635402816072242,10,0.5,6,-1,peak,max mdccm,2016-03-15T22:56:28.336647Z,Multiple triggers,28.81472324817097,0.07600000000000001,12,53.85690833333333,-166.41502499999999,us20005a1v,pavdut,lts,3,10.0,4.3,51.4416,-173.4608,2016-03-15T22:55:11.310000Z,2016-03-15T14:55:11.310000Z,547.0329427759713,243.427884237594,POM,0.12505369942732364,7.996564712435086,22.421283172807254,73.24664659443053
231,150.97418213572604,0.15637961685358137,6.39469529418468,0.6548432684116117,3.8682102645338348,23.680198651083685,2016-04-02T05:55:42.765000Z,-96.93589209323561,-0.03206025584216181,10,0.5,6,-1,peak,max mdccm,2016-04-02T05:55:45.760812Z,Taup,0.0,0.0,11,53.85690833333333,-166.41502499999999,ak01649wa22p,pavdut,lts,3,12.8,3.5,57.0278,-157.6227,2016-04-02T05:54:18.894000Z,2016-04-01T21:54:18.894000Z,658.231312899473,54.03829004249043,POM,0.12431936101141956,8.043799387837453,22.282530865586928,86.86681180491162
232,338.38003236601406,0.06729962603557649,14.85892357665363,0.38769987509548137,44.76316435206341,56.81296651983875,2016-03-15T15:25:21.385000Z,-94.47641982876718,0.05743449765496454,10,0.5,6,-1,peak,max mdccm,2016-03-15T15:25:24.382359Z,Taup,0.0,0.0,12,53.85690833333333,-166.41502499999999,us20005as8,pavdut,lts,3,32.81,3.7,51.4859,-173.4702,2016-03-15T15:24:12.680000Z,2016-03-15T07:24:12.680000Z,544.9795682256462,243.9036125372469,POM,0.12473412369054103,8.017052354341693,22.36088276115149,71.70235925459491
233,144.04915211830607,0.03595836011098915,27.809944527876073,0.5196895655096119,71.2465162352515,71.53232570184954,2016-03-15T14:42:53.005000Z,100.61683211123744,0.08882785622974068,10,0.5,6,-1,peak,max mdccm,2016-03-15T14:42:56.003656Z,Taup,0.0,0.0,12,53.85690833333333,-166.41502499999999,us20005a23,pavdut,lts,3,29.47,3.6,51.5218,-173.577,2016-03-15T14:41:43.660000Z,2016-03-15T06:41:43.660000Z,549.2317957516011,244.6659842295435,POM,0.12478621634072984,8.013705594450363,22.370726580671157,72.34365577787963
234,88.30101544753836,1.286143088539175,0.7775184650222849,0.3020604410899309,0.7765981850557043,38.9714704514339,2016-03-15T11:07:51.505000Z,154.63667452547975,-1.1612808161280974,10,0.5,6,-1,peak,max mdccm,2016-03-15T11:07:54.507802Z,Taup,0.0,0.0,12,53.85690833333333,-166.41502499999999,us20005c4t,pavdut,lts,3,25.6,3.5,51.3947,-173.4533,2016-03-15T11:06:42.000000Z,2016-03-15T03:06:42.000000Z,549.3898344673509,242.93768997301814,POM,0.12486227241107747,8.008824288474846,22.385099958774084,72.50780188697506
235,218.24763922342652,0.17151916406851458,5.830252295309361,0.44008459487732576,0.39014622406747934,3.676776644257984,2016-03-15T10:59:57.545000Z,26.971300587354648,-0.047432034895827715,10,0.5,6,-1,peak,max mdccm,2016-03-15T10:59:55.540008Z,STA/LTA trigger,24.608238566309616,0.044000000000000004,12,53.85690833333333,-166.41502499999999,us10004xrb,pavdut,lts,3,49.74,4.3,51.6013,-173.5107,2016-03-15T10:58:42.140000Z,2016-03-15T02:58:42.140000Z,540.7595413532431,245.21893981078117,POM,0.12408712917268687,8.058853538374168,22.23867964266723,70.82000839119598
236,112.87426753871063,0.08404970831033788,11.89772124262093,0.4449936889042695,1.1855110720838784,6.599665162678349,2016-03-14T19:47:03.085000Z,-31.380624654492806,0.0416481474592446,10,0.5,6,-1,peak,max mdccm,2016-03-14T19:47:01.087590Z,Multiple triggers,34.167009051926684,0.23571428571428574,11,53.85690833333333,-166.41502499999999,us20005b50,pavdut,lts,3,26.2,3.3,54.1948,-161.3458,2016-03-14T19:46:14.000000Z,2016-03-14T11:46:14.000000Z,334.2606621332784,81.49364288421783,POM,0.12569785576958248,7.955585191788046,22.543109912574415,45.51758983778496
237,258.0222517302255,0.12567611529430855,7.956961413536678,0.2903665926004556,0.9622636809205811,59.03380371350957,2016-03-14T11:21:07.585000Z,173.2898425354822,7.01503848740126e-05,10,0.5,6,-1,peak,max mdccm,2016-03-14T11:21:07.592913Z,Taup,0.0,0.0,12,53.85690833333333,-166.41502499999999,us20005b5a,pavdut,lts,3,28.3,3.3,54.5941,-162.3071,2016-03-14T11:20:28.950000Z,2016-03-14T03:20:28.950000Z,280.15826698437576,71.31209426570767,POM,0.12574626567918257,7.952522443499895,22.55226982465847,38.642912878728595
238,217.1279467832711,0.17499575387182506,5.7144243667331835,0.27004852001778945,0.21374789667059657,2.072884069335146,2016-03-14T07:29:26.325000Z,27.347255202855962,-0.05025070372485747,10,0.5,6,-1,peak,max mdccm,2016-03-14T07:29:24.324220Z,STA/LTA trigger,23.602914930207078,0.052000000000000005,12,53.85690833333333,-166.41502499999999,us20005b58,pavdut,lts,3,20.2,4.4,51.3515,-173.9733,2016-03-14T07:28:05.000000Z,2016-03-13T23:28:05.000000Z,582.6212583759386,244.47520198612708,POM,0.12474505014696759,8.016350138316962,22.36294744898055,76.92422006634028
239,225.0952483424138,1.2941610000446815,0.7727013872041226,0.24880356545143045,0.7058553877756096,37.030853013209594,2016-03-17T21:44:25.365000Z,-164.69305201376437,-1.1711388473559394,10,0.5,6,-1,peak,max mdccm,2016-03-17T21:44:28.365816Z,Taup,0.0,0.0,11,53.85690833333333,-166.41502499999999,ak0163jp4wyu,pavdut,lts,3,6.5,3.0,56.9511,-154.6647,2016-03-17T21:42:41.025000Z,2016-03-17T13:42:41.025000Z,818.8179582716394,60.402196328649445,POM,0.12302215268874202,8.128617311144742,22.037760360956245,107.34081633147782
240,23.57444558200831,0.15487474272927207,6.45683074191151,0.2543080226121033,58.02962196030374,47.51378006582675,2016-03-14T06:16:25.885000Z,-139.05034888396096,-0.03010887278726676,10,0.5,6,-1,peak,max mdccm,2016-03-14T06:16:25.876047Z,Taup,0.0,0.0,12,53.85690833333333,-166.41502499999999,us20005b57,pavdut,lts,3,15.7,3.6,51.3307,-174.0411,2016-03-14T06:15:08.000000Z,2016-03-13T22:15:08.000000Z,587.8582882808428,244.52409669804734,POM,0.12476586994200531,8.015012442624158,22.366881689104385,77.87604658315911
241,92.17706574585134,0.4760233221181051,2.1007374083068395,0.24118441967340828,0.7694478117097763,39.77824416468013,2016-03-14T01:14:47.165000Z,150.5235855628639,-0.35118274873748073,10,0.5,6,-1,peak,max mdccm,2016-03-14T01:14:47.168616Z,Taup,0.0,0.0,12,53.85690833333333,-166.41502499999999,us20005b56,pavdut,lts,3,10.0,3.8,51.2074,-173.8528,2016-03-14T01:13:29.290000Z,2016-03-13T17:13:29.290000Z,584.1033789126423,242.70065130871524,POM,0.12484057338062439,8.010216333684372,22.380999038493652,77.87861628610875
242,67.08558263934958,0.09500028059427061,10.526284698787608,0.32196471390394066,626.0872589200469,84.2004187533047,2016-03-21T11:12:18.265000Z,177.4270000991143,0.029728883205939374,10,0.5,6,-1,peak,max mdccm,2016-03-21T11:12:21.263107Z,Taup,0.0,0.0,11,53.85690833333333,-166.41502499999999,us20005bfa,pavdut,lts,3,10.0,4.0,51.2616,-174.2169,2016-03-21T11:11:01.110000Z,2016-03-21T03:11:01.110000Z,602.3304253616747,244.5125827384639,POM,0.12472916380020999,8.017371154686732,22.359945539197703,80.15310650425926
243,64.57974762582296,0.20659642582565507,4.840354793184521,0.2955224686558594,4.107060705142139,31.834063601474753,2016-03-13T20:58:46.985000Z,-175.67067848329532,-0.08283310908374816,10,0.5,6,-1,peak,max mdccm,2016-03-13T20:58:49.991735Z,Taup,0.0,0.0,12,53.85690833333333,-166.41502499999999,us20005bkj,pavdut,lts,3,53.0,3.8,51.7701,-174.0852,2016-03-13T20:57:36.030000Z,2016-03-13T12:57:36.030000Z,566.5302695163938,248.90906914252764,POM,0.12376331674190691,8.079938598327777,22.177558587608132,73.96173521402827
244,231.12220322209402,0.19231811839530263,5.1997180938747425,0.7409623565865701,0.20169438248517446,1.957797939636123,2016-03-13T18:25:43.265000Z,7.271142974850733,-0.06403847044982,10,0.5,6,-1,peak,max mdccm,2016-03-13T18:25:41.262158Z,Multiple triggers,43.15369048611258,0.09200000000000001,12,53.85690833333333,-166.41502499999999,us20005bkb,pavdut,lts,3,13.2,3.2,52.6951,-169.4206,2016-03-13T18:25:05.000000Z,2016-03-13T10:25:05.000000Z,238.5425535668968,238.39334619694475,POM,0.12827964794548263,7.795468852744189,23.032482618344137,34.16215838489492
245,212.15592179606233,0.168888317844957,5.921072651798338,0.4771419277582362,0.2618909670012668,2.5248512257438165,2016-03-13T16:52:54.425000Z,26.90731614730683,-0.049263413180102966,10,0.5,6,-1,peak,max mdccm,2016-03-13T16:52:52.430128Z,Multiple triggers,44.46667345039591,0.15846153846153846,12,53.85690833333333,-166.41502499999999,us20005bki,pavdut,lts,3,96.49,3.1,52.4486,-170.1034,2016-03-13T16:52:11.730000Z,2016-03-13T08:52:11.730000Z,292.26344578877485,239.06323794336916,POM,0.11962490466485404,8.359463297393134,21.39871845956968,40.40012759616459
246,146.65119668492602,0.19374790522074575,5.161346125836327,0.3868214199561769,0.129187493828959,1.441957142123357,2016-03-13T14:35:06.225000Z,-27.18386989324469,-0.0680018984357868,10,0.5,6,-1,peak,max mdccm,2016-03-13T14:35:04.235009Z,Multiple triggers,30.907982414946563,0.08375,12,53.85690833333333,-166.41502499999999,us20005bji,pavdut,lts,3,36.85,3.4,52.7598,-163.3313,2016-03-13T14:34:30.710000Z,2016-03-13T06:34:30.710000Z,239.05266878123618,119.46732679168133,POM,0.12574600678495895,7.952538816680853,22.552220836204697,33.2450087688891
247,97.2605543900537,0.7743488180852388,1.2914076662152558,0.2611400686966341,188.12782092959145,85.61854523989496,2016-03-13T14:20:00.585000Z,147.91719649054073,-0.6493686687026402,10,0.5,6,-1,peak,max mdccm,2016-03-13T14:20:00.592900Z,Taup,0.0,0.0,12,53.85690833333333,-166.41502499999999,us10004x7d,pavdut,lts,3,10.0,4.5,51.5087,-173.7512,2016-03-13T14:18:45.680000Z,2016-03-13T06:18:45.680000Z,560.3610658491068,245.17775088059446,POM,0.12498014938259856,8.001270641297806,22.407379752099757,74.9128995396459
248,213.56728694108813,0.14547142057676266,6.874202479326982,0.3091204555605155,1.0283685515048506,7.2128968072483985,2016-03-13T12:28:56.725000Z,31.88040568479255,-0.021422717664147092,10,0.5,6,-1,peak,max mdccm,2016-03-13T12:28:56.729940Z,Taup,0.0,0.0,12,53.85690833333333,-166.41502499999999,us20005afe,pavdut,lts,3,43.79,4.2,51.3961,-174.1313,2016-03-13T12:27:39.760000Z,2016-03-13T04:27:39.760000Z,589.476984839535,245.44769262588068,POM,0.12404870291261556,8.061349909514464,22.231425120283365,76.96994013949079
249,24.273722695138247,0.3969736555822869,2.5190588492155355,0.24361125828287505,0.5941772115993535,77.58090223539742,2016-03-13T07:22:32.165000Z,-139.10249457070137,-0.27218182431135823,10,0.5,6,-1,peak,max mdccm,2016-03-13T07:22:35.158971Z,Taup,0.0,0.0,12,53.85690833333333,-166.41502499999999,us20005afc,pavdut,lts,3,18.0,3.1,51.42,-173.988,2016-03-13T07:21:18.480000Z,2016-03-12T23:21:18.480000Z,579.5494442818649,245.17122812443688,POM,0.12479183127092869,8.013345022792036,22.371787661723115,76.67897050851026
250,80.39572962278544,0.7462998189024276,1.3399440475152273,0.2575930765588266,3.5216524161885006,44.64065628944823,2016-03-13T04:36:49.225000Z,168.12468893294533,-0.6215276985419618,10,0.5,6,-1,peak,max mdccm,2016-03-13T04:36:49.235904Z,Taup,0.0,0.0,12,53.85690833333333,-166.41502499999999,us20005bk5,pavdut,lts,3,10.0,3.3,51.6182,-174.4309,2016-03-13T04:35:29.930000Z,2016-03-12T20:35:29.930000Z,595.539265526659,248.52041855573074,POM,0.12477212036046578,8.014610933203723,22.368062829396443,79.30590413127823
251,221.49341143147882,0.17006970106354113,5.8799421281182935,0.5594393734723759,0.2816925853103034,2.711980749400311,2016-03-13T04:20:45.325000Z,24.58080620591474,-0.04512056095493304,10,0.5,6,-1,peak,max mdccm,2016-03-13T04:20:43.321610Z,Multiple triggers,28.315043261553676,0.095,12,53.85690833333333,-166.41502499999999,us10004x57,pavdut,lts,3,10.0,5.4,51.5524,-173.8827,2016-03-13T04:19:25.580000Z,2016-03-12T20:19:25.580000Z,565.7922377801957,246.07421763739356,POM,0.1249491401086081,8.003256357993193,22.4015183781229,75.59160992880508
252,108.96937874629936,1.3582681051322902,0.7362316734240062,0.2590682370602042,0.8515477403611199,44.29600524777425,2016-03-13T03:21:24.125000Z,136.718908781006,-1.2333769433625352,10,0.5,6,-1,peak,max mdccm,2016-03-13T03:21:22.128884Z,STA/LTA trigger,29.983149350250088,0.07,12,53.85690833333333,-166.41502499999999,us10004x4s,pavdut,lts,3,10.0,5.0,51.4779,-173.9784,2016-03-13T03:20:02.390000Z,2016-03-12T19:20:02.390000Z,575.6966293565732,245.6882875273054,POM,0.12489116176975501,8.006971717050444,22.390559973612465,76.82888370669257
253,43.78454361520602,0.20342106184841233,4.915911808312119,0.2631769750538375,3.1816176792683386,26.074537294705152,2016-03-13T03:56:33.445000Z,-159.42526056905706,-0.07862453643526203,10,0.5,6,-1,peak,max mdccm,2016-03-13T03:56:36.446900Z,Taup,0.0,0.0,12,53.85690833333333,-166.41502499999999,us10004x51,pavdut,lts,3,10.0,4.2,51.3,-174.0743,2016-03-13T03:55:17.630000Z,2016-03-12T19:55:17.630000Z,591.620477026463,244.359283046149,POM,0.1247965254131503,8.013043605896948,22.372674743137075,78.81690042431349
254,294.8539648922912,0.13638529289487084,7.33216887814161,0.28052948213169676,4.173247857533265,24.29528430758964,2016-03-19T01:50:27.365000Z,-48.654898218250736,-0.011670810957452066,10,0.5,6,-1,peak,max mdccm,2016-03-19T01:50:30.358873Z,Taup,0.0,0.0,11,53.85690833333333,-166.41502499999999,us20005d0s,pavdut,lts,3,10.0,3.0,51.3878,-174.3758,2016-03-19T01:49:09.920000Z,2016-03-18T17:49:09.920000Z,604.6216587171575,246.19906667404044,POM,0.12471448193741877,8.01831499008909,22.357171288178133,80.43887341827845
255,52.977149950599824,0.8029324735348534,1.2454347444655847,0.22324880471064068,1.7260684003202116,71.97440623602253,2016-03-13T02:30:05.085000Z,-167.20959692657834,-0.6780872816286219,10,0.5,6,-1,peak,max mdccm,2016-03-13T02:30:05.093839Z,Taup,0.0,0.0,12,53.85690833333333,-166.41502499999999,us10004x4k,pavdut,lts,3,10.0,4.6,51.4494,-174.0792,2016-03-13T02:28:47.310000Z,2016-03-12T18:28:47.310000Z,583.344215460816,245.7675530240215,POM,0.12484519190623157,8.00992000357593,22.381871887888767,77.78383860110985
256,355.31813714562475,0.9441464530985499,1.059157715117339,0.23209851577196206,2.029605109875524,46.281870714421075,2016-03-13T01:34:58.545000Z,-103.97156896800195,-0.8195530319685954,10,0.5,6,-1,peak,max mdccm,2016-03-13T01:35:01.537739Z,Taup,0.0,0.0,12,53.85690833333333,-166.41502499999999,us20005bk0,pavdut,lts,3,29.05,3.1,51.9099,-174.4281,2016-03-13T01:33:45.230000Z,2016-03-12T17:33:45.230000Z,580.9025339254234,251.3465681776228,POM,0.12459342112995452,8.026105960739061,22.334298021502406,76.30773864725523
257,111.7194248050059,0.3589424761939567,2.7859617245735055,0.22503018812926892,79.60214135106537,79.42401537102242,2016-03-13T02:13:58.365000Z,133.7222536563803,-0.23414889902583094,10,0.5,6,-1,peak,max mdccm,2016-03-13T02:14:01.356280Z,Taup,0.0,0.0,12,53.85690833333333,-166.41502499999999,us20005bk2,pavdut,lts,3,10.0,3.0,51.3836,-174.1632,2016-03-13T02:12:42.480000Z,2016-03-12T18:12:42.480000Z,592.0962920113981,245.4416784613862,POM,0.12479357716812575,8.01323291384435,22.37211759417545,78.87627981148046
258,65.91429293965734,1.4849297290110348,0.6734325405862817,0.2401298585902461,0.6737583293669378,35.78373784526116,2016-03-13T00:44:45.665000Z,178.97860231130323,-1.3601823124655454,10,0.5,6,-1,peak,max mdccm,2016-03-13T00:44:45.658929Z,Taup,0.0,0.0,12,53.85690833333333,-166.41502499999999,us20005bjy,pavdut,lts,3,23.7,4.1,51.4242,-173.8986,2016-03-13T00:43:30.000000Z,2016-03-12T16:43:30.000000Z,573.9762758316947,244.8928952509606,POM,0.12474741654548929,8.01619807200856,22.363394613010378,75.65892949332844
259,231.0647374724889,1.0545081942377528,0.9483093687316922,0.24485747436747995,15.162944929501798,70.90848729151674,2016-03-12T23:57:20.165000Z,13.0101802982972,-0.9297189163658394,10,0.5,6,-1,peak,max mdccm,2016-03-12T23:57:23.163863Z,Taup,0.0,0.0,12,53.85690833333333,-166.41502499999999,us20005acp,pavdut,lts,3,13.0,3.9,51.2925,-174.0141,2016-03-12T23:56:05.000000Z,2016-03-12T15:56:05.000000Z,588.4938952961434,244.0749177707861,POM,0.12478927787191336,8.013508989341403,22.371305132315374,78.16386316515316
260,223.8151727039317,0.38871515293128006,2.572577869576356,0.23387706708758266,0.5611236826755861,85.22109372727195,2016-03-12T22:43:44.605000Z,20.151820271759107,-0.26386572331807306,10,0.5,6,-1,peak,max mdccm,2016-03-12T22:43:47.612352Z,Taup,0.0,0.0,12,53.85690833333333,-166.41502499999999,us20005acl,pavdut,lts,3,17.5,3.7,51.3686,-173.7896,2016-03-12T22:42:32.000000Z,2016-03-12T14:42:32.000000Z,570.7364945751508,243.9669929756908,POM,0.124849429613207,8.009648126531902,22.382672771662683,75.61235190878796
261,182.04741218738184,1.3486047185030354,0.7415071193803993,0.23297356316742523,1.3140130306255786,48.57103236801069,2016-03-12T22:32:07.805000Z,60.801054965558535,-1.2237389812861617,10,0.5,6,-1,peak,max mdccm,2016-03-12T22:32:07.799697Z,Taup,0.0,0.0,12,53.85690833333333,-166.41502499999999,us20005ac8,pavdut,lts,3,10.0,3.7,51.2391,-173.8147,2016-03-12T22:30:50.440000Z,2016-03-12T14:30:50.440000Z,579.9472044149493,242.84846715294037,POM,0.12486573721687373,8.008602057609643,22.38575478688965,77.35969657811636
262,175.53665151893472,0.9187438244959732,1.0884426902663582,0.22769610712097,21.92727471891346,77.60836728759901,2016-03-12T21:30:33.505000Z,69.62057212936509,-0.7940493696695382,10,0.5,6,-1,peak,max mdccm,2016-03-12T21:30:36.504121Z,Taup,0.0,0.0,12,53.85690833333333,-166.41502499999999,us10004x3g,pavdut,lts,3,24.2,4.4,51.4125,-174.0041,2016-03-12T21:29:20.000000Z,2016-03-12T13:29:20.000000Z,580.9389371976673,245.1572236482998,POM,0.12469445482643501,8.019602807453806,22.35338710043462,76.50412135118204
263,165.7794324124714,1.6128449956590398,0.6200223844768049,0.2671755991113043,0.7644171723447202,43.80134215388668,2016-03-12T20:00:22.625000Z,78.01059570200005,-1.487977593040966,10,0.5,6,-1,peak,max mdccm,2016-03-12T20:00:22.625131Z,Taup,0.0,0.0,12,53.85690833333333,-166.41502499999999,us20005a83,pavdut,lts,3,10.0,4.0,51.3125,-173.8848,2016-03-12T19:59:05.300000Z,2016-03-12T11:59:05.300000Z,579.6703891001133,243.79002811447143,POM,0.12486740261807387,8.0084952440202,22.38606953911364,77.32513108427828
264,353.6623046097853,1.1063114182551441,0.9039046180841045,0.21914229006702268,1.8232525054132351,51.974470210272784,2016-03-12T19:51:35.965000Z,-109.80619876380084,-0.9814455054233444,10,0.5,6,-1,peak,max mdccm,2016-03-12T19:51:35.966053Z,Taup,0.0,0.0,12,53.85690833333333,-166.41502499999999,us20005ad8,pavdut,lts,3,10.0,3.7,51.3164,-173.8929,2016-03-12T19:50:18.610000Z,2016-03-12T11:50:18.610000Z,579.918024961507,243.85610584598444,POM,0.12486591283179972,8.008590794086832,22.38578797716991,77.35605300715467
265,205.85641911118398,0.3927433383056006,2.5461921373746694,0.2386863887303938,0.5707513052459218,72.56002450276142,2016-03-12T19:02:57.265000Z,37.731044327960376,-0.267893323848976,10,0.5,6,-1,peak,max mdccm,2016-03-12T19:02:55.267879Z,Multiple triggers,22.54388185640335,0.065,12,53.85690833333333,-166.41502499999999,us20005a81,pavdut,lts,3,15.0,4.0,51.3192,-173.813,2016-03-12T19:01:42.000000Z,2016-03-12T11:01:42.000000Z,575.0379399761093,243.58746343914436,POM,0.12485001445662457,8.009610606392203,22.382783301517694,76.32787856085893
266,32.15890299807069,0.37796769697990434,2.6457287434623487,0.2646829511645856,0.3158832980104039,86.77181830026777,2016-03-12T18:16:40.405000Z,-148.42772101785192,-0.2531417850885023,10,0.5,6,-1,peak,max mdccm,2016-03-12T18:16:40.405037Z,Taup,0.0,0.0,12,53.85690833333333,-166.41502499999999,us20005ac1,pavdut,lts,3,21.08,3.2,51.367,-173.7303,2016-03-12T18:15:25.440000Z,2016-03-12T10:15:25.440000Z,567.3282497002006,243.7311819802188,POM,0.12482591189140203,8.011157177605844,22.378228218207404,74.96503686891509
267,218.99181769116745,0.15757664795376125,6.346117987567781,0.6130549058975331,0.37973793156054114,3.3917224600602935,2016-03-12T18:08:06.665000Z,27.410885872464775,-0.032732356061559525,10,0.5,6,-1,peak,max mdccm,2016-03-12T18:08:04.659882Z,Multiple triggers,25.39304182528117,0.0688888888888889,12,53.85690833333333,-166.41502499999999,us10004x1w,pavdut,lts,3,19.0,6.3,51.5648,-173.9423,2016-03-12T18:06:44.760000Z,2016-03-12T10:06:44.760000Z,568.6973329828982,246.40270356363223,POM,0.12484429189220173,8.009977747828966,22.381701794930052,75.25988242297618
268,323.6236240228444,0.6999013681950679,1.4287727463354414,0.2791336768988919,1.169249763669171,14.587357591640739,2016-03-12T18:02:16.685000Z,-74.85805398156643,-0.5760889046735328,10,0.5,6,-1,peak,max mdccm,2016-03-12T18:02:19.687747Z,Taup,0.0,0.0,12,53.85690833333333,-166.41502499999999,us10004x1u,pavdut,lts,3,51.47,4.6,51.7414,-174.1299,2016-03-12T18:01:05.180000Z,2016-03-12T10:01:05.180000Z,570.737518932438,248.76557004127798,POM,0.12381246352153503,8.076731304405936,22.186833550977138,74.507747245956
269,252.65064919414192,0.16020233803199296,6.242106153284083,0.2213521154573284,0.5774210529165101,52.750503752442995,2016-03-12T14:16:46.045000Z,-8.554724095702426,-0.03556382885855762,10,0.5,6,-1,peak,max mdccm,2016-03-12T14:16:44.036815Z,STA/LTA trigger,21.695137375986555,0.060000000000000005,12,53.85690833333333,-166.41502499999999,us10004x0q,pavdut,lts,3,27.1,4.0,51.3315,-173.92,2016-03-12T14:15:31.490000Z,2016-03-12T06:15:31.490000Z,580.6307069780202,244.0959250984395,POM,0.12463850917343534,8.023202512864568,22.342816531855092,76.34681513035477
270,220.08067354055146,0.15679335237131448,6.377821411916894,0.35339957820749224,0.49825222130522784,4.151945373051319,2016-03-12T13:25:00.845000Z,25.317714177415922,-0.031932711109125475,10,0.5,6,-1,peak,max mdccm,2016-03-12T13:24:58.854691Z,STA/LTA trigger,26.253796895682033,0.05777777777777778,12,53.85690833333333,-166.41502499999999,us10004x0f,pavdut,lts,3,12.71,5.6,51.4497,-173.9725,2016-03-12T13:23:38.250000Z,2016-03-12T05:23:38.250000Z,576.9343060485252,245.39838771796738,POM,0.124860641262189,8.008928913797158,22.384791682201534,76.74469121229988
271,349.8157127852348,1.261418231547569,0.7927584800904229,0.2522016277578435,1.4166500192137566,50.11607142317904,2016-03-12T12:41:24.085000Z,-105.57742051603097,-1.1366743127936318,10,0.5,6,-1,peak,max mdccm,2016-03-12T12:41:24.083445Z,Taup,0.0,0.0,12,53.85690833333333,-166.41502499999999,us20005a7u,pavdut,lts,3,21.77,4.0,51.3487,-173.9149,2016-03-12T12:40:07.660000Z,2016-03-12T04:40:07.660000Z,579.320359401899,244.2382922692038,POM,0.12474391875393723,8.016422844407696,22.362733656983313,76.42344526749837
272,39.54861656349408,0.18410279267147564,5.431748130971927,0.26109489087741056,0.8657768357589923,84.14567936970121,2016-03-12T11:41:57.525000Z,37.423833110190515,-0.05558899385262411,10,0.5,6,-1,peak,max mdccm,2016-03-12T11:41:55.516163Z,Multiple triggers,29.341585044679416,0.12400000000000003,12,53.85690833333333,-166.41502499999999,us20005abv,pavdut,lts,3,31.7,3.4,54.1456,-164.1302,2016-03-12T11:41:31.000000Z,2016-03-12T03:41:31.000000Z,153.2242925244768,76.97244967368458,POM,0.12851379881885153,7.781265585414406,23.076952755397162,22.43616331951439
273,67.81299983297333,0.7261804452601804,1.3770682018870857,0.22526942639356762,0.5805238163351794,61.22326659823031,2016-03-12T11:57:08.305000Z,178.22299680046035,-0.6017971764775716,10,0.5,6,-1,peak,max mdccm,2016-03-12T11:57:08.302810Z,Taup,0.0,0.0,12,53.85690833333333,-166.41502499999999,us10004wzx,pavdut,lts,3,37.59,4.5,51.4967,-174.0267,2016-03-12T11:55:52.680000Z,2016-03-12T03:55:52.680000Z,577.54553721914,246.03599663343368,POM,0.12438326878260891,8.039666506495756,22.294600675275433,75.62281006847086
274,45.868480270924124,0.35867548731958426,2.788035523344777,0.2471076734731111,0.24581581954804937,40.1745106392292,2016-03-22T06:15:10.925000Z,-153.9269202118278,-0.23509706621240117,10,0.5,6,-1,peak,max mdccm,2016-03-22T06:15:13.925061Z,Taup,0.0,0.0,11,53.85690833333333,-166.41502499999999,us20005c9f,pavdut,lts,3,31.2,3.4,51.4762,-176.1216,2016-03-22T06:13:42.000000Z,2016-03-21T22:13:42.000000Z,707.3766948435824,251.94156005909636,POM,0.12357842110718309,8.092027645608706,22.14267062602673,91.92506133645861
275,90.91497298959479,0.3892548148812456,2.5690112537338337,0.242945107944647,0.7552005459800879,34.87966484132653,2016-03-12T02:40:37.685000Z,154.50785807047566,-0.2644033851464831,10,0.5,6,-1,peak,max mdccm,2016-03-12T02:40:40.677394Z,Taup,0.0,0.0,12,53.85690833333333,-166.41502499999999,us20005a7j,pavdut,lts,3,4.6,3.4,51.398,-174.119,2016-03-12T02:39:21.650000Z,2016-03-11T18:39:21.650000Z,588.6329798260283,245.42283106007048,POM,0.12485142973476249,8.009519811862988,22.383050776016326,79.02739354574656
276,218.52410057821135,1.573545902244484,0.6355073586182735,0.2503550131942637,0.8300115757614812,39.45076556036878,2016-03-12T01:09:37.925000Z,-158.63883873692185,-1.4484391721340495,10,0.5,6,-1,peak,max mdccm,2016-03-12T01:09:40.925213Z,Taup,0.0,0.0,12,53.85690833333333,-166.41502499999999,ak0163b3c70z,pavdut,lts,3,4.8,3.3,56.0745,-158.8694,2016-03-12T01:08:27.717000Z,2016-03-11T17:08:27.717000Z,542.2888504029473,59.88526184128948,POM,0.12510673011043458,7.993175100310568,22.431308610934927,73.2082125190893
277,206.88810798553027,0.2330424525808802,4.291063662115116,0.23239046319642392,0.24585956162627404,78.2145346197585,2016-03-11T20:13:07.985000Z,-133.47286827795241,-0.10740302628094162,10,0.5,6,-1,peak,max mdccm,2016-03-11T20:13:07.979196Z,Taup,0.0,0.0,12,53.85690833333333,-166.41502499999999,us20005bfc,pavdut,lts,3,21.22,3.4,54.6958,-160.7974,2016-03-11T20:12:16.800000Z,2016-03-11T12:12:16.800000Z,377.5465250280794,73.41523970757785,POM,0.12563942629993857,7.959284990785484,22.532054952529982,51.1791965002385
278,2.5953332129496403,1.1964746195567626,0.8357887276960817,0.2872868796560404,9.072095927480952,53.559066781746,2016-03-11T18:06:28.025000Z,-111.00076735556769,-1.0732569913554373,10,0.5,6,-1,peak,max mdccm,2016-03-11T18:06:28.033573Z,Taup,0.0,0.0,12,53.85690833333333,-166.41502499999999,us200059zu,pavdut,lts,3,62.3,4.1,51.9478,-174.3824,2016-03-11T18:05:13.010000Z,2016-03-11T10:05:13.010000Z,576.2753984766849,251.59456585738195,POM,0.12321762820132537,8.115721870300078,22.074617472673516,75.02357293559191
279,224.14818776703282,0.15793574555674203,6.331688855330898,0.5517720106924803,0.33129023632652466,2.603056105869399,2016-03-08T14:37:57.265000Z,17.295773336559364,-0.044536196060111125,10,0.5,6,-1,peak,max mdccm,2016-03-08T14:37:55.263694Z,Multiple triggers,40.28804043821356,0.11266666666666666,12,53.85690833333333,-166.41502499999999,us10004wwh,pavdut,lts,3,105.35,3.0,52.9259,-169.1501,2016-03-08T14:37:23.050000Z,2016-03-08T06:37:23.050000Z,209.37283306178747,241.4439611035922,POM,0.1133995494966309,8.818377184379466,20.23482893766487,31.013693986769727
280,151.02226576491694,0.18676133773959805,5.354427271206974,0.45269764642264526,,,2016-03-08T12:17:21.305000Z,-20.03264491996356,-0.07017210136727768,10,0.5,6,-1,peak,max mdccm,2016-03-08T12:17:19.314382Z,Multiple triggers,122.94758208228535,0.3215384615384615,12,53.85690833333333,-166.41502499999999,us10004wwg,pavdut,lts,3,40.5,3.0,53.481,-165.694,2016-03-08T12:17:07.370000Z,2016-03-08T04:17:07.370000Z,63.41500557638193,130.98962084495338,POM,0.11658923637232037,8.577121105816005,20.830048039589965,11.264381773042242
281,118.18038965506278,0.10811660464669294,9.249273072048771,0.5227672585875051,0.8477127836420086,4.655246405562195,2016-03-27T17:59:46.985000Z,-65.63378711743887,0.014234637522050175,10,0.5,6,-1,peak,max mdccm,2016-03-27T17:59:44.983787Z,Multiple triggers,42.37663324807697,0.16125,11,53.85690833333333,-166.41502499999999,ak0164067wau,pavdut,lts,3,97.4,3.5,58.1084,-154.5732,2016-03-27T17:57:54.940000Z,2016-03-27T09:57:54.940000Z,875.9090775092272,52.54660253762391,POM,0.12235124216874312,8.17319041698678,21.91133232245397,111.56378663551375
282,155.45366728387938,0.18421179509980606,5.428534038540797,0.5257274558768437,0.054002515437292065,0.632328746496853,2016-03-07T17:46:35.545000Z,-23.541229103188527,-0.0631584239023682,10,0.5,6,-1,peak,max mdccm,2016-03-07T17:46:33.555896Z,Multiple triggers,113.08467444729807,0.24947368421052632,12,53.85690833333333,-166.41502499999999,us10004wkr,pavdut,lts,3,38.8,3.3,53.4219,-165.6088,2016-03-07T17:46:20.000000Z,2016-03-07T09:46:20.000000Z,72.02415151866633,131.91243818069086,POM,0.12105337119743786,8.260819092505912,21.667075715844014,12.215895716810817
283,195.12416444991936,0.09495821798252313,10.530947412935319,0.4953560975891344,0.8912662454892493,4.794839642687748,2016-03-07T12:09:17.225000Z,45.26996034986351,-0.044570965816483225,10,0.5,6,-1,peak,max mdccm,2016-03-07T12:09:15.223684Z,Multiple triggers,44.59544929279862,0.17562500000000003,12,53.85690833333333,-166.41502499999999,us10004wkx,pavdut,lts,3,91.67,3.3,53.6873,-166.9148,2016-03-07T12:09:01.300000Z,2016-03-07T04:09:01.300000Z,37.97601266631747,240.39412479978287,POM,0.050387252166039904,19.846289627081152,8.840313499414723,13.733683750499035
284,105.7203492559411,0.08043247074989122,12.43278977602901,0.4993116542771514,1.359183071298462,6.591124076082735,2016-03-07T01:12:17.465000Z,-28.4591519080808,0.04526322419728064,10,0.5,6,-1,peak,max mdccm,2016-03-07T01:12:15.458068Z,Multiple triggers,43.74118130570261,0.14222222222222222,12,53.85690833333333,-166.41502499999999,us10004wkw,pavdut,lts,3,2.5,3.2,54.4721,-160.7255,2016-03-07T01:11:23.000000Z,2016-03-06T17:11:23.000000Z,377.7679726304709,77.2611973478603,POM,0.12569569494717187,7.95572195547577,22.54270106535011,53.03806813342234
285,126.06175623407108,0.07877771582103718,12.693945103355677,0.514213738854921,1.5006739603698644,6.619652520121747,2016-03-06T13:20:06.825000Z,-81.71067499522962,0.02966524404069691,10,0.5,6,-1,peak,max mdccm,2016-03-06T13:20:04.833179Z,Multiple triggers,75.25891820692709,0.26117647058823534,12,53.85690833333333,-166.41502499999999,us10004vnc,pavdut,lts,3,204.99,5.0,56.2859,-162.0099,2016-03-06T13:19:09.410000Z,2016-03-06T05:19:09.410000Z,390.1223656475835,44.35108123884146,POM,0.10844295986173409,9.221437715044024,19.314366137741715,55.67317917686468
286,214.94307194720864,0.2065742196700748,4.840875117897706,0.6903009497631485,0.22152771048050157,2.275901160349065,2016-03-06T12:16:18.725000Z,26.099944665518535,-0.08134883411667185,10,0.5,6,-1,peak,max mdccm,2016-03-06T12:16:16.718987Z,Multiple triggers,28.584365056625707,0.08588235294117647,12,53.85690833333333,-166.41502499999999,us10004w6b,pavdut,lts,3,45.67,3.7,52.2845,-170.8074,2016-03-06T12:15:28.510000Z,2016-03-06T04:15:28.510000Z,342.39891489649824,241.04301661272717,POM,0.12522538555340296,7.985601286677974,22.45374301815353,46.128986777541996
287,225.07324846144047,0.1589883885233225,6.289767506218272,0.6170611478139874,0.40752400664450983,3.312184436297912,2016-03-06T10:57:54.865000Z,14.866290174331425,-0.045428054716895344,10,0.5,6,-1,peak,max mdccm,2016-03-06T10:57:52.864682Z,Multiple triggers,95.14977395011525,0.3054545454545455,12,53.85690833333333,-166.41502499999999,us10004w6a,pavdut,lts,3,70.07,3.5,53.2916,-168.0143,2016-03-06T10:57:33.420000Z,2016-03-06T02:57:33.420000Z,123.21106825669689,239.9395386357719,POM,0.11356033380642716,8.80589169194044,20.264777375515646,19.57468161857938
288,102.19347292567994,0.07230269936578729,13.830742265110882,0.6376089630499466,1.3254666771467045,5.856741497885537,2016-03-06T07:44:46.005000Z,-21.216289125029505,0.053749617349796164,10,0.5,6,-1,peak,max mdccm,2016-03-06T07:44:44.001393Z,Multiple triggers,35.460829179893054,0.10555555555555557,12,53.85690833333333,-166.41502499999999,us10004w68,pavdut,lts,3,26.7,3.5,54.1565,-162.527,2016-03-06T07:44:06.000000Z,2016-03-05T23:44:06.000000Z,257.0573565876459,80.97718380065044,POM,0.12605231671558345,7.933213970643137,22.61019355889871,35.7913927478428
289,358.29511336262675,0.7449467586754407,1.3423778120439895,0.27516591600345397,5.941207650790134,28.565467603544505,2016-03-05T17:41:53.445000Z,-113.0173642875148,-0.6204830206425682,10,0.5,6,-1,peak,max mdccm,2016-03-05T17:41:56.436648Z,Taup,0.0,0.0,12,53.85690833333333,-166.41502499999999,us10004wc2,pavdut,lts,3,46.51,4.1,51.7712,-173.0569,2016-03-05T17:40:50.120000Z,2016-03-05T09:40:50.120000Z,504.1267021167903,245.27774907511196,POM,0.12446373803287245,8.034468639660231,22.309799817624043,66.31664779988424
290,49.75658211652984,1.5543392772032634,0.643360181825495,0.2365293952696192,1.119923367111846,45.17210118041632,2016-03-04T04:17:54.565000Z,60.52083525763419,-1.428716038419445,10,0.5,6,-1,peak,max mdccm,2016-03-04T04:17:57.574831Z,Taup,0.0,0.0,12,53.85690833333333,-166.41502499999999,us10004wr9,pavdut,lts,3,39.74,3.3,52.8495,-162.2396,2016-03-04T04:17:16.750000Z,2016-03-03T20:17:16.750000Z,299.7299757668944,110.27741737416405,POM,0.12562323878381837,7.960310605594821,22.528992402114703,40.82483118258325
291,138.85556535360595,0.1481899484496071,6.748096010979154,0.4449509282062649,0.35837458717842763,3.3401513624144172,2016-03-04T03:04:36.605000Z,-27.85709449104138,-0.022521270186585785,10,0.5,6,-1,peak,max mdccm,2016-03-04T03:04:34.613227Z,Multiple triggers,24.69535851317459,0.0325,12,53.85690833333333,-166.41502499999999,us10004wr7,pavdut,lts,3,36.5,3.3,52.8046,-162.2115,2016-03-04T03:03:53.270000Z,2016-03-03T19:03:53.270000Z,303.4926517387963,110.99847086256456,POM,0.1256686782630213,7.957432303911287,22.53758936556095,41.35322748269541
292,142.11201879264064,0.14502311031769577,6.895452716531482,0.34320410054514605,0.5743519670924577,4.855770491917212,2016-03-03T21:52:13.085000Z,-33.599889910116644,-0.01879248446611287,10,0.5,6,-1,peak,max mdccm,2016-03-03T21:52:11.085861Z,Multiple triggers,22.7205655047983,0.04333333333333333,12,53.85690833333333,-166.41502499999999,us10004vy7,pavdut,lts,3,10.4,3.1,52.959,-162.3228,2016-03-03T21:51:27.310000Z,2016-03-03T13:51:27.310000Z,289.859666730172,108.51212888252398,POM,0.1262306258515829,7.922007779441428,22.643951888422183,40.925861413490786
293,185.45644066804084,1.9615839502005876,0.509792099337753,0.2875387902063362,0.5454908761805615,38.26493854170613,2016-03-15T23:53:27.725000Z,-123.41593981289645,-1.8387747092552533,10,0.5,6,-1,peak,max mdccm,2016-03-15T23:53:27.725391Z,Taup,0.0,0.0,12,53.85690833333333,-166.41502499999999,ak0163gfb1bm,pavdut,lts,3,40.5,3.4,56.5771,-155.4897,2016-03-15T23:51:49.948000Z,2016-03-15T15:51:49.948000Z,757.3726789790821,62.040500855144394,POM,0.12280924094533423,8.142709720395777,21.997626545811855,97.77739079171229
294,331.0353092304381,0.08738796608640845,11.443223189463053,0.5690498940650074,4.384646614376416,22.222157527184052,2016-03-15T19:00:00.025000Z,-69.62724436741814,0.026808581384249366,10,0.5,6,-1,peak,max mdccm,2016-03-15T19:00:03.033092Z,Taup,0.0,0.0,12,53.85690833333333,-166.41502499999999,us20005as4,pavdut,lts,3,218.48,4.0,52.6543,-175.6091,2016-03-15T18:58:40.330000Z,2016-03-15T10:58:40.330000Z,627.5562150510494,261.40806486301994,POM,0.11419654747065781,8.756832164798542,20.383338314020513,82.70309165833162
295,107.04560325038074,0.08156403409389465,12.260305796655704,0.40765382500495256,1.833528456467433,6.325844785974226,2016-03-02T04:25:40.085000Z,-29.773342934213986,0.044182720554878624,10,0.5,6,-1,peak,max mdccm,2016-03-02T04:25:38.092333Z,Multiple triggers,25.99777184360575,0.12000000000000002,12,53.85690833333333,-166.41502499999999,us10004uxp,pavdut,lts,3,13.1,3.3,54.3913,-161.6465,2016-03-02T04:24:52.000000Z,2016-03-01T20:24:52.000000Z,317.3268413342011,77.27226031616675,POM,0.12574675464877327,7.952491519905444,22.55236234845501,44.15233349291484
296,88.1576284565453,0.09386365306609594,10.653751130864578,0.5641756113617906,1.0305762437063777,5.502221345286699,2016-03-01T09:46:20.305000Z,-23.317116651898317,0.0335133744069598,10,0.5,6,-1,peak,max mdccm,2016-03-01T09:46:18.303973Z,Multiple triggers,24.853238134861787,0.043333333333333335,12,53.85690833333333,-166.41502499999999,us10004vlj,pavdut,lts,3,13.2,3.2,54.797,-162.747,2016-03-01T09:45:39.050000Z,2016-03-01T01:45:39.050000Z,260.53763298953515,64.84051180464698,POM,0.12737702747305574,7.850709188605705,22.861193054464373,36.973973337840604
297,210.62199439214623,0.1379890883587637,7.246949826931659,0.34389060767947605,0.7659016147472149,6.8203335359600885,2016-02-29T13:11:44.185000Z,51.77916189251482,-0.037011793374573956,10,0.5,6,-1,peak,max mdccm,2016-02-29T13:11:42.186483Z,Multiple triggers,34.227911410404964,0.17200000000000001,12,53.85690833333333,-166.41502499999999,us10004uh4,pavdut,lts,3,222.7,3.1,53.3679,-171.2933,2016-02-29T13:10:52.000000Z,2016-02-29T05:10:52.000000Z,327.34741828415065,262.40115628466106,POM,0.10097729498418974,9.903216363208902,17.937583149753394,49.99648259527484
298,119.98406338143388,0.24587255076197193,4.067147784089552,0.6293922670569481,0.38737459145147035,6.137892256230089,2016-02-28T18:09:12.125000Z,-41.694419943672926,-0.12012690918092836,10,0.5,6,-1,peak,max mdccm,2016-02-28T18:09:15.134572Z,Taup,0.0,0.0,12,53.85690833333333,-166.41502499999999,us10004uk5,pavdut,lts,3,13.7,3.4,54.3512,-161.5092,2016-02-28T18:08:30.000000Z,2016-02-28T10:08:30.000000Z,325.51268197319087,78.28964343776096,POM,0.12574564158104357,7.952561913293003,22.552151731659926,45.134571858814475
299,216.30096389022594,0.1608941229368084,6.215267417771081,0.4165525175472695,0.44277780504215203,4.582828343566405,2016-03-14T06:25:04.445000Z,38.26008130957348,-0.03810537158437133,10,0.5,6,-1,peak,max mdccm,2016-03-14T06:25:02.441184Z,STA/LTA trigger,25.847449019160802,0.05500000000000001,12,53.85690833333333,-166.41502499999999,us20005aig,pavdut,lts,3,63.6,3.6,51.822,-176.007,2016-03-14T06:23:30.530000Z,2016-03-13T22:23:30.530000Z,684.2324733971033,254.56104519979942,POM,0.12278875135243708,8.144068483355843,21.993764861564095,88.27118436154645
300,105.40355763715434,0.08037846629237548,12.441143083802007,0.6170500540433475,1.321082799089357,5.682187498228927,2016-02-28T16:08:52.485000Z,-37.1966202349505,0.04129941858990477,10,0.5,6,-1,peak,max mdccm,2016-02-28T16:08:50.492301Z,Multiple triggers,66.37587515508064,0.2685714285714285,12,53.85690833333333,-166.41502499999999,us10004te2,pavdut,lts,3,88.08,3.7,54.925,-161.3119,2016-02-28T16:08:02.940000Z,2016-02-28T08:08:02.940000Z,352.07428313930313,68.20693740220385,POM,0.12167788488228025,8.218420306758869,21.784555933960704,47.45230099899421
301,218.5145244998056,0.17244450313183257,5.79896709862365,0.641448885148105,0.3869724325965862,3.526956130501219,2016-02-28T11:14:14.925000Z,-4.60600844637645,-0.04176446679578158,10,0.5,6,-1,peak,max mdccm,2016-02-28T11:14:12.925612Z,Multiple triggers,54.51048910245079,0.18399999999999997,12,53.85690833333333,-166.41502499999999,us10004uks,pavdut,lts,3,24.58,4.1,53.0133,-167.3512,2016-02-28T11:13:54.530000Z,2016-02-28T03:13:54.530000Z,112.63109793883729,213.90851605342914,POM,0.130680036336051,7.652278251809208,23.489069478290084,17.24561163760442
302,107.15544654484512,0.05902520500778457,16.94191489666346,0.5328715651960019,3.1912435287852086,9.425896624270251,2016-02-27T15:52:30.165000Z,-37.08709818601113,0.06379396268567122,10,0.5,6,-1,peak,max mdccm,2016-02-27T15:52:28.173308Z,Multiple triggers,37.006285283461565,0.20142857142857143,12,53.85690833333333,-166.41502499999999,us10004t60,pavdut,lts,3,74.4,3.0,54.7722,-161.592,2016-02-27T15:51:43.000000Z,2016-02-27T07:51:43.000000Z,329.92528546297234,70.06834835883399,POM,0.12281916769345579,8.142051593248855,21.9994974830112,44.59330843527246
303,263.92847613463283,1.1407266743754276,0.8766341863159477,0.2592365747838989,2.734345194445869,58.940763245136395,2016-03-12T23:55:18.225000Z,146.88850430048387,-1.0202298288222145,10,0.5,6,-1,peak,max mdccm,2016-03-12T23:55:21.231992Z,Taup,0.0,0.0,12,53.85690833333333,-166.41502499999999,ak0163bgpetl,pavdut,lts,3,142.5,3.4,57.7782,-156.5272,2016-03-12T23:53:44.091000Z,2016-03-12T15:53:44.091000Z,756.9832157464726,50.816980435116704,POM,0.12049684555321305,8.298972437070034,21.562465644279428,97.14099187984552
304,221.88124305955398,0.19564613005209705,5.11126900252879,0.47587223904805376,0.371398930712286,3.602373101318733,2016-02-26T17:59:54.625000Z,9.156119376961158,-0.0699563211546797,10,0.5,6,-1,peak,max mdccm,2016-02-26T17:59:52.635688Z,Multiple triggers,36.101558991290084,0.11384615384615385,12,53.85690833333333,-166.41502499999999,us10004u4p,pavdut,lts,3,39.72,3.6,52.3055,-169.465,2016-02-26T17:59:14.090000Z,2016-02-26T09:59:14.090000Z,267.5046389590884,231.03736243651514,POM,0.12568980889741735,7.956094521682002,22.54158737742253,36.77568821284874
305,228.06251334552041,0.3613610283707989,2.767315569441767,0.2717142155431089,3.9577966326590444,78.95289069273079,2016-03-08T05:00:30.605000Z,36.412003766274836,-0.2462685014240954,10,0.5,6,-1,peak,max mdccm,2016-03-08T05:00:33.598336Z,Taup,0.0,0.0,12,53.85690833333333,-166.41502499999999,us10004wwa,pavdut,lts,3,230.4,3.0,52.286,-179.877,2016-03-08T04:58:37.430000Z,2016-03-07T20:58:37.430000Z,917.6073833623371,264.47451711179525,POM,0.11509252694670351,8.688661432058705,20.550462513463046,116.1683358713778
306,61.99903203367978,0.18870003103684804,5.299416192489798,0.6608758132136247,0.773921261495508,7.8957159205523055,2016-02-26T14:44:36.505000Z,-173.6064465188257,-0.06372218259829457,10,0.5,6,-1,peak,max mdccm,2016-02-26T14:44:39.497797Z,Taup,0.0,0.0,12,53.85690833333333,-166.41502499999999,us10004szt,pavdut,lts,3,39.11,3.7,52.1215,-172.8177,2016-02-26T14:43:37.180000Z,2016-02-26T06:43:37.180000Z,471.1224093095628,248.39258551485406,POM,0.12497784843855347,8.001417951211245,22.406944819090352,62.31779735313509
307,188.3875191191944,0.1982796371598228,5.04338223694626,0.4351757100116074,0.2652841664234744,2.9543334526720173,2016-02-25T23:16:37.385000Z,-9.119796654665834,-0.06865948572048705,10,0.5,6,-1,peak,max mdccm,2016-02-25T23:16:35.378481Z,Multiple triggers,58.8175333751816,0.11166666666666669,12,53.85690833333333,-166.41502499999999,us10004uvq,pavdut,lts,3,10.0,3.7,52.0265,-166.3771,2016-02-25T23:16:03.820000Z,2016-02-25T15:16:03.820000Z,203.7132064752515,179.26772246452856,POM,0.12962015143933575,7.7148498045692815,23.287271864164367,29.92848059090359
308,113.61330919506372,0.10056332539010837,9.943983018866659,0.5394872775035247,1.0305267549254467,6.085272381844703,2016-02-25T16:45:48.805000Z,-18.641066400780346,0.028442225286486017,10,0.5,6,-1,peak,max mdccm,2016-02-25T16:45:46.796701Z,Multiple triggers,25.883992641856924,0.052000000000000005,12,53.85690833333333,-166.41502499999999,us10004uvk,pavdut,lts,3,24.86,3.1,53.6775,-163.5879,2016-02-25T16:45:16.480000Z,2016-02-25T08:45:16.480000Z,187.47735328412801,94.97224279428339,POM,0.1290055506765944,7.751604444578608,23.17039463306401,26.966700680930014
309,94.80787139267215,1.283639476833901,0.7790349378055136,0.22640339150818758,1.7116825796216093,54.7296820469077,2016-02-24T10:45:56.285000Z,143.5418073025338,-1.1581558954142488,10,0.5,6,-1,peak,max mdccm,2016-02-24T10:45:54.293284Z,STA/LTA trigger,25.907295963724064,0.055,12,53.85690833333333,-166.41502499999999,us10004tpa,pavdut,lts,3,36.7,3.0,52.0213,-171.0059,2016-02-24T10:45:00.000000Z,2016-02-24T02:45:00.000000Z,370.0151293234469,238.34967869520594,POM,0.1254835814196521,7.96917005943368,22.50257314855709,49.70328381966076
310,120.29386929016556,0.08621752642517888,11.598569820578394,0.47975935338138986,1.4499237726721805,6.479320101537468,2016-02-23T18:06:56.665000Z,-71.03440869852584,0.005781448403460107,10,0.5,6,-1,peak,max mdccm,2016-02-23T18:06:54.659888Z,Multiple triggers,121.20619602624305,0.2175,12,53.85690833333333,-166.41502499999999,us10004uby,pavdut,lts,3,86.83,3.2,54.3566,-165.4136,2016-02-23T18:06:38.060000Z,2016-02-23T10:06:38.060000Z,85.928051846185,49.25946059163972,POM,0.09199897482863899,10.869686340121078,16.295831187883213,16.789888440608173
311,110.76274027066017,0.096323735240084,10.381657205335012,0.6466386178539485,0.6829623148240662,4.200443142327771,2016-02-23T06:51:02.645000Z,-51.793538290245465,0.016800580967247042,10,0.5,6,-1,peak,max mdccm,2016-02-23T06:51:00.642582Z,Multiple triggers,63.9092307268959,0.15280000000000002,12,53.85690833333333,-166.41502499999999,us10004sx8,pavdut,lts,3,148.7,3.5,55.2661,-162.0906,2016-02-23T06:50:13.000000Z,2016-02-22T22:50:13.000000Z,320.64507364904847,58.9692019804147,POM,0.11312431620733104,8.839832438564564,20.18357608186671,45.54258193665522
312,81.71346505520296,0.2547705073491171,3.925101105324095,0.3697044900547141,1.5242845946917514,18.018356736793038,2016-02-23T04:32:01.525000Z,-7.186236314596215,-0.129109935631507,10,0.5,6,-1,peak,max mdccm,2016-02-23T04:32:04.516499Z,Taup,0.0,0.0,12,53.85690833333333,-166.41502499999999,us10004ubw,pavdut,lts,3,13.0,3.1,54.6419,-160.6798,2016-02-23T04:31:12.000000Z,2016-02-22T20:31:12.000000Z,383.79619360113145,74.52722874060673,POM,0.1256605717176101,7.9579456493898775,22.536055601130602,52.51649858895243
313,79.90234236811148,0.2449635879956219,4.082239357213663,0.2548408170254739,1.7680741793379853,21.105227399981032,2016-03-03T05:29:47.365000Z,-175.79843851673462,-0.12682701670056606,10,0.5,6,-1,peak,max mdccm,2016-03-03T05:29:50.373476Z,Taup,0.0,0.0,12,53.85690833333333,-166.41502499999999,us10004ugc,pavdut,lts,3,181.6,3.1,52.2757,-179.6296,2016-03-03T05:27:56.000000Z,2016-03-02T21:27:56.000000Z,901.7325638512008,264.10390385137686,POM,0.11813657129505584,8.464779272308636,21.11963724751194,114.37347612645554
314,104.10188744123923,0.06799463239003309,14.70704325988214,0.6051518084641189,1.6079589148969635,6.789122639749451,2016-02-22T18:09:00.065000Z,-31.052464130732062,0.05738769191504797,10,0.5,6,-1,peak,max mdccm,2016-02-22T18:08:58.069299Z,Multiple triggers,28.242617668041426,0.07529411764705884,12,53.85690833333333,-166.41502499999999,us10004tps,pavdut,lts,3,19.1,3.7,54.8731,-159.5195,2016-02-22T18:07:55.000000Z,2016-02-22T10:07:55.000000Z,462.0549747836486,73.04942331050718,POM,0.12538232430508106,7.975605856267217,22.483421300273548,61.90929930860198
315,219.6729165309983,0.14418819108797784,6.93538071637115,0.6189142973198489,0.5839218015659817,4.311241246158801,2016-02-28T17:23:39.085000Z,27.352415075280078,-0.019637783677538143,10,0.5,6,-1,peak,max mdccm,2016-02-28T17:23:37.078699Z,Multiple triggers,25.406384242443785,0.05,12,53.85690833333333,-166.41502499999999,us10004ter,pavdut,lts,3,13.4,4.3,51.3683,-174.6855,2016-02-28T17:22:13.000000Z,2016-02-28T09:22:13.000000Z,624.4055455819921,247.02533160627837,POM,0.1245504074104397,8.028877791660928,22.32617189931987,82.60869922770605
316,353.47104971404997,0.31910939924871,3.1337215461353805,0.4643653082603185,0.4488172374959034,9.822436630014096,2016-02-22T02:34:12.785000Z,-114.93367471238946,-0.1938791661093501,10,0.5,6,-1,peak,max mdccm,2016-02-22T02:34:15.784622Z,Taup,0.0,0.0,12,53.85690833333333,-166.41502499999999,us10004rp4,pavdut,lts,3,34.87,3.1,51.6458,-171.8867,2016-02-22T02:33:16.800000Z,2016-02-21T18:33:16.800000Z,443.7040520268135,238.5373750016605,POM,0.1252302331393599,7.985292168921944,22.454659637487968,58.984622384218746
317,159.13890040972944,0.7569225076959885,1.3211392049153354,0.4117135918876028,1.3310596080370618,40.648302378658684,2016-02-21T23:43:34.025000Z,98.84908871654437,-0.6371995828465549,10,0.5,6,-1,peak,max mdccm,2016-02-21T23:43:37.025636Z,Taup,0.0,0.0,12,53.85690833333333,-166.41502499999999,us10004sdr,pavdut,lts,3,145.92,3.9,52.4227,-175.0233,2016-02-21T23:42:19.050000Z,2016-02-21T15:42:19.050000Z,597.3437001711231,257.9879891262738,POM,0.11972292484943353,8.352619193505541,21.417117102756666,77.97563647336548
318,196.27795952930182,0.20342309872646233,4.915862585225258,0.3319443184796405,1.972549450518317,19.454176792670978,2016-02-27T00:18:31.345000Z,55.458155565119114,-0.08043402541864052,10,0.5,6,-1,peak,max mdccm,2016-02-27T00:18:34.355485Z,Taup,0.0,0.0,12,53.85690833333333,-166.41502499999999,us10004t2a,pavdut,lts,3,47.0,3.0,51.4592,-176.0943,2016-02-27T00:17:03.000000Z,2016-02-26T16:17:03.000000Z,706.4952778544339,251.73611509442094,POM,0.12298907330782181,8.130803599903231,22.031524159049106,91.35548500438546
319,216.00250768615507,0.15985711489383958,6.2555864383271,0.4232005417511163,0.2536289004753809,2.510012743007735,2016-02-20T15:43:55.825000Z,40.493148832328984,-0.044437064393627254,10,0.5,6,-1,peak,max mdccm,2016-02-20T15:43:53.831604Z,STA/LTA trigger,23.090624743170586,0.030000000000000002,12,53.85690833333333,-166.41502499999999,us10004s3s,pavdut,lts,3,192.1,4.2,52.418,-174.381,2016-02-20T15:42:41.080000Z,2016-02-20T07:42:41.080000Z,556.2958361639968,256.49565651848405,POM,0.11542005050021233,8.664005912890849,20.6115999945368,73.94160378797429
320,187.33580194043225,1.4632896185440074,0.6833917136615876,0.25834551435421726,1.260525467769533,52.803648250717885,2016-03-19T17:39:07.465000Z,56.13854990344822,-1.338560167060074,10,0.5,6,-1,peak,max mdccm,2016-03-19T17:39:07.457488Z,Taup,0.0,0.0,11,53.85690833333333,-166.41502499999999,us20005bt9,pavdut,lts,3,10.0,4.0,51.1789,-174.1333,2016-03-19T17:37:47.310000Z,2016-03-19T09:37:47.310000Z,602.2853809618136,243.47435184388047,POM,0.12472945148393348,8.017352662925893,22.359999899804265,80.14748814546809
321,209.2620641311222,0.22285401546951109,4.4872424573243155,0.286108581819647,0.23271167074447296,3.1111370852446782,2016-02-19T11:53:14.765000Z,27.50944250716381,-0.09855407886908243,10,0.5,6,-1,peak,max mdccm,2016-02-19T11:53:12.764924Z,Multiple triggers,22.267449731918223,0.04666666666666666,12,53.85690833333333,-166.41502499999999,us10004ss2,pavdut,lts,3,58.3,3.1,52.3712,-169.9856,2016-02-19T11:52:30.000000Z,2016-02-19T03:52:30.000000Z,290.6340367911877,236.771506638286,POM,0.12429993660042865,8.045056396243982,22.27886252066286,39.644924212641044
322,214.0611647159808,0.20305963705332147,4.924661614249856,0.619112097613749,0.24678917593389693,2.5436799146210944,2016-02-19T11:27:36.525000Z,19.618278748466935,-0.07730210043069008,10,0.5,6,-1,peak,max mdccm,2016-02-19T11:27:34.524144Z,Multiple triggers,40.29205291773968,0.08473684210526318,12,53.85690833333333,-166.41502499999999,us10004r0k,pavdut,lts,3,25.7,4.4,52.3713,-169.62,2016-02-19T11:26:54.000000Z,2016-02-19T03:26:54.000000Z,270.86119224150843,233.67944346444773,POM,0.1257575366226314,7.951809703467421,22.554402550719672,37.56414396690377
323,253.33909662264296,1.3959900327725328,0.7163374927641359,0.2675286660776759,0.8824941608658861,41.21314551211451,2016-02-19T11:27:08.085000Z,-8.163907787293795,-1.2702246480883725,10,0.5,6,-1,peak,max mdccm,2016-02-19T11:27:11.076832Z,Taup,0.0,0.0,12,53.85690833333333,-166.41502499999999,us10004s1q,pavdut,lts,3,16.28,3.8,52.699,-170.3077,2016-02-19T11:26:30.620000Z,2016-02-19T03:26:30.620000Z,289.8262238437663,245.17518883534916,POM,0.1257653846841603,7.95131349147733,22.555887606952865,40.45683206202724
324,76.83641646873241,1.3913233703253254,0.7187401730815286,0.2994581126164463,0.7698122023746421,38.962616030308396,2016-02-19T11:26:21.665000Z,158.49297086861156,-1.2650385614507806,10,0.5,6,-1,peak,max mdccm,2016-02-19T11:26:21.664067Z,Taup,0.0,0.0,12,53.85690833333333,-166.41502499999999,us10004s2f,pavdut,lts,3,25.6,3.2,52.5086,-169.5136,2016-02-19T11:25:46.000000Z,2016-02-19T03:25:46.000000Z,255.74943178419412,235.329387337344,POM,0.12628480887454463,7.91860880902494,22.654211718101546,35.66406684685617
325,99.05292586606356,0.258755010181962,3.864659468030315,0.5185897126212462,0.7327312286728467,11.128287310832661,2016-03-16T15:19:28.785000Z,161.289374631977,-0.1361753346150107,10,0.5,6,-1,peak,max mdccm,2016-03-16T15:19:31.783270Z,Taup,0.0,0.0,12,53.85690833333333,-166.41502499999999,us20005a9f,pavdut,lts,3,81.1,3.1,51.6198,179.9749,2016-03-16T15:17:31.000000Z,2016-03-16T07:17:31.000000Z,950.6973024050426,260.3423004980406,POM,0.1225796755669513,8.157959265064411,21.954366243824857,120.78326975712781
326,220.279764946378,0.1934693962061377,5.168776145528052,0.45566530288712914,0.49387224011726083,5.3817062813501195,2016-02-19T06:07:24.185000Z,6.297326889593791,-0.06772318640752456,10,0.5,6,-1,peak,max mdccm,2016-02-19T06:07:22.191763Z,STA/LTA trigger,22.805486270569716,0.05,12,53.85690833333333,-166.41502499999999,us10004qzn,pavdut,lts,3,22.0,4.4,51.9054,-169.6714,2016-02-19T06:06:36.000000Z,2016-02-18T22:06:36.000000Z,308.5212530061347,226.5770918359718,POM,0.12574620979861315,7.952525977534704,22.552259250830147,42.46176267151841
327,345.6156424756315,0.20248070741854854,4.938742128813767,0.4125234608893338,1.565321375830262,11.524898105717057,2016-03-08T15:44:03.765000Z,81.04390929476301,-0.0797225907402718,10,0.5,6,-1,peak,max mdccm,2016-03-08T15:44:06.763684Z,Taup,0.0,0.0,12,53.85690833333333,-166.41502499999999,ak01634pq3t0,pavdut,lts,3,33.0,3.1,56.4981,-151.6522,2016-03-08T15:42:01.008000Z,2016-03-08T07:42:01.008000Z,983.1987069747809,66.6595517703945,POM,0.12275811667827674,8.146100861263537,21.98799132463868,125.75568416179091
328,139.3522622676007,0.16733118689502674,5.976172275807368,0.5135090588007682,0.30015133693360374,3.7133551809349967,2016-02-18T15:43:43.725000Z,-30.113800221778348,-0.03645648363627421,10,0.5,6,-1,peak,max mdccm,2016-02-18T15:43:41.718786Z,Multiple triggers,110.77573181185377,0.31684210526315787,12,53.85690833333333,-166.41502499999999,us10004qxv,pavdut,lts,3,14.48,3.9,53.5052,-164.7784,2016-02-18T15:43:22.060000Z,2016-02-18T07:43:22.060000Z,115.00510507609967,109.23846204582236,POM,0.13087470325875253,7.640896025742261,23.526166749856614,18.01878623148738
329,71.21645213023771,0.685528111821988,1.4587293836020998,0.227670997394689,0.760514616133344,57.81981430096596,2016-02-17T07:10:33.825000Z,-173.3550217835254,-0.5676314521180996,10,0.5,6,-1,peak,max mdccm,2016-02-17T07:10:31.824524Z,Multiple triggers,31.697908256104917,0.065,12,53.85690833333333,-166.41502499999999,us10004r3e,pavdut,lts,3,165.6,3.0,52.5041,-174.573,2016-02-17T07:09:21.000000Z,2016-02-16T23:09:21.000000Z,565.4519125399877,257.8614303467123,POM,0.11789665970388835,8.482004515748116,21.07470010850049,74.47452351381317
330,65.52072839559685,0.4019868147021398,2.4876437819010806,0.2470561114660103,0.3920147394479384,63.515538035606795,2016-02-17T06:31:07.445000Z,160.47803828497763,-0.2762415815505479,10,0.5,6,-1,peak,max mdccm,2016-02-17T06:31:07.446528Z,Taup,0.0,0.0,12,53.85690833333333,-166.41502499999999,us10004qms,pavdut,lts,3,22.4,3.8,51.9377,-169.5596,2016-02-17T06:30:26.000000Z,2016-02-16T22:30:26.000000Z,300.6070076705047,225.99876668057445,POM,0.12574523315159192,7.952587743779138,22.552074447942072,41.44652771953252
331,139.23877050270343,0.4511894537157315,2.2163638617095036,0.4003132115384577,0.2499855557668157,7.892896316404972,2016-03-03T09:10:48.165000Z,112.83984156218031,-0.32786904319227594,10,0.5,6,-1,peak,max mdccm,2016-03-03T09:10:48.172034Z,Taup,0.0,0.0,12,53.85690833333333,-166.41502499999999,us10004vxy,pavdut,lts,3,50.1,3.2,51.7156,-175.3673,2016-03-03T09:09:24.000000Z,2016-03-03T01:09:24.000000Z,648.7351037260325,252.07861206488374,POM,0.12332041052345552,8.108957760968531,22.094001043257784,84.17203386496622
332,103.96178210151879,0.41398917706130445,2.415522084655652,0.3146624716075629,0.43346480571477053,13.21017860907682,2016-03-03T07:50:26.325000Z,-30.631820377597705,-0.291211979820982,10,0.5,6,-1,peak,max mdccm,2016-03-03T07:50:29.324271Z,Taup,0.0,0.0,12,53.85690833333333,-166.41502499999999,us10004vxx,pavdut,lts,3,6.07,3.1,55.4689,-151.7424,2016-03-03T07:48:24.380000Z,2016-03-02T23:48:24.380000Z,961.7631839000937,73.32996172392107,POM,0.1227771972403224,8.144834891796835,21.991587298388904,124.94427138096374
333,205.53915841116725,0.18566149177085367,5.386146531851719,0.6294225220661294,0.2528164453961983,2.364687520347644,2016-02-15T14:44:12.665000Z,-0.3278056310540194,-0.06978224139466124,10,0.5,6,-1,peak,max mdccm,2016-02-15T14:44:10.661038Z,Multiple triggers,94.36763046940654,0.21904761904761902,12,53.85690833333333,-166.41502499999999,us200050ab,pavdut,lts,3,45.5,3.6,53.2561,-166.886,2016-02-15T14:43:58.050000Z,2016-02-15T06:43:58.050000Z,73.79328442562866,205.21135278011323,POM,0.11587925037619243,8.629672670073223,20.697358310150975,12.711038293470644
334,284.8647032183521,0.08308112566048861,12.036428154410238,0.5324357278384105,1.7711508596064425,6.273332150522947,2016-02-15T02:47:56.605000Z,41.27717799676475,0.04258801871543008,10,0.5,6,-1,peak,max mdccm,2016-02-15T02:47:54.615627Z,STA/LTA trigger,51.69309511273934,0.20400000000000001,12,53.85690833333333,-166.41502499999999,us200050ep,pavdut,lts,3,20.0,3.0,56.5494,-169.7376,2016-02-15T02:47:01.000000Z,2016-02-14T18:47:01.000000Z,366.7886176752576,326.1418812151168,POM,0.1256691443759187,7.95740278941236,22.53767755498633,49.89562741978245
335,221.93647805253613,0.1489190069628651,6.715059550788993,0.5899757590463016,0.45317507696539217,3.3477638454626515,2016-02-14T22:31:55.665000Z,26.420565003399048,-0.025516432958819918,10,0.5,6,-1,peak,max mdccm,2016-02-14T22:31:53.656281Z,STA/LTA trigger,23.195009999473218,0.07,12,53.85690833333333,-166.41502499999999,us200050b6,pavdut,lts,3,65.72,3.0,51.9785,-173.2648,2016-02-14T22:30:45.850000Z,2016-02-14T14:30:45.850000Z,505.67423423822476,248.35704305593518,POM,0.1234025740040452,8.103558682391986,22.109498050733787,66.276281256608
336,119.63469609488516,1.4190240708886495,0.7047096807693756,0.29981327526627444,1.0750711149261858,50.27796302434578,2016-02-19T01:29:47.265000Z,135.1539341521484,-1.29940667618013,10,0.5,6,-1,peak,max mdccm,2016-02-19T01:29:50.266625Z,Taup,0.0,0.0,12,53.85690833333333,-166.41502499999999,us10004ssa,pavdut,lts,3,151.73,3.0,51.9661,-175.552,2016-02-19T01:28:26.030000Z,2016-02-18T17:28:26.030000Z,649.1445794981842,254.78863024703358,POM,0.11961739470851948,8.359988130796308,21.397308916773692,84.23662538701205
337,221.06661051002663,0.14640313812607547,6.830454680137028,0.40785565646901617,0.9580922073392535,5.718790622182837,2016-02-13T16:46:34.645000Z,24.98573128224129,-0.021923670343251156,10,0.5,6,-1,peak,max mdccm,2016-02-13T16:46:34.636761Z,Taup,0.0,0.0,12,53.85690833333333,-166.41502499999999,us200050bk,pavdut,lts,3,45.0,3.1,51.7785,-173.2374,2016-02-13T16:45:27.000000Z,2016-02-13T08:45:27.000000Z,514.5461520350284,246.05234179226792,POM,0.12447946778282432,8.03345337035559,22.312771067646487,67.63676119398627
338,213.70789941801468,0.1981548791191497,5.046557543499619,0.4731587035845553,0.13549172749241878,1.3651933201723239,2016-02-13T01:39:38.025000Z,24.12565967073951,-0.07348520451202833,10,0.5,6,-1,peak,max mdccm,2016-02-13T01:39:36.028826Z,Multiple triggers,30.9980727911342,0.11692307692307694,12,53.85690833333333,-166.41502499999999,us10004r8j,pavdut,lts,3,26.79,4.0,50.8846,-173.3617,2016-02-13T01:38:18.960000Z,2016-02-12T17:38:18.960000Z,576.8606878080927,237.83355908875419,POM,0.12466967460712136,8.021196839980187,22.348704939669833,75.8888261345319
339,133.37310390405162,0.1705132846602888,5.864645690171799,0.6835731936783626,0.31310361544085197,3.424717975631154,2016-02-12T20:03:57.625000Z,-22.506656165114123,-0.03996249471084967,10,0.5,6,-1,peak,max mdccm,2016-02-12T20:03:55.619785Z,Multiple triggers,80.93512632093892,0.18846153846153849,12,53.85690833333333,-166.41502499999999,us20004ztg,pavdut,lts,3,10.0,4.0,53.3186,-164.1508,2016-02-12T20:03:28.750000Z,2016-02-12T12:03:28.750000Z,161.4587468436376,110.86644773893748,POM,0.13055078994943914,7.659854072022765,23.46444502836943,24.429785346139102
340,221.67224116479224,0.16289089313073238,6.139078623612332,0.5278711530436283,0.36038086156081883,3.1573914928494844,2016-02-12T19:58:44.265000Z,23.327915815910302,-0.037739558129899514,10,0.5,6,-1,peak,max mdccm,2016-02-12T19:58:42.263209Z,Multiple triggers,30.020602680698133,0.06461538461538462,12,53.85690833333333,-166.41502499999999,us10004qui,pavdut,lts,3,37.1,3.3,52.0011,-172.3429,2016-02-12T19:57:40.680000Z,2016-02-12T11:57:40.680000Z,448.75761499672035,245.00015698070254,POM,0.12515133500083286,7.990326271736095,22.439741715672408,59.56320916617219
341,212.4430407547676,1.2959667406856525,0.7716247405168234,0.27101977051950776,2.9531213812011448,57.97924672030442,2016-02-19T11:16:25.685000Z,-148.96380883562023,-1.1731901568591476,10,0.5,6,-1,peak,max mdccm,2016-02-19T11:16:23.678081Z,Multiple triggers,29.310244995720677,0.072,12,53.85690833333333,-166.41502499999999,ak0162avi6fb,pavdut,lts,3,16.2,3.1,56.7763,-153.1908,2016-02-19T11:14:26.637000Z,2016-02-19T03:14:26.637000Z,898.5155984677349,63.47923191914736,POM,0.12277658382650497,8.144875584851713,21.99147169136249,116.24108133890451
342,148.4883234160274,0.19492043594193398,5.13029839671555,0.5523926348343271,0.22411775357263464,2.911863759096093,2016-02-11T02:56:32.465000Z,-31.286868302207154,-0.06407920306288928,10,0.5,6,-1,peak,max mdccm,2016-02-11T02:56:30.462104Z,Multiple triggers,55.06925901530414,0.2289655172413793,12,53.85690833333333,-166.41502499999999,us200050jg,pavdut,lts,3,24.2,3.6,53.4559,-165.1303,2016-02-11T02:56:14.130000Z,2016-02-10T18:56:14.130000Z,95.94915140175195,117.20145511382027,POM,0.1308412328790447,7.642850636576035,23.519787625106435,15.072103970330557
343,150.50793124232945,0.1961355430026068,5.098514959049055,0.5636147841795087,0.2749791385849747,3.42524688663417,2016-02-11T02:35:58.265000Z,-35.8188286575197,-0.07922199516524485,10,0.5,6,-1,peak,max mdccm,2016-02-11T02:35:56.260092Z,Multiple triggers,67.24309809082744,0.2518518518518519,12,53.85690833333333,-166.41502499999999,us200050cp,pavdut,lts,3,51.1,4.1,53.506,-165.1587,2016-02-11T02:35:40.000000Z,2016-02-10T18:35:40.000000Z,91.7390324220162,114.68910258480976,POM,0.11691354783736195,8.553328664622313,20.89069768562459,15.060092093188683
344,100.29252483276758,0.08936676585727436,11.189842111966739,0.4842604149359683,2.3736126416866226,11.181662808214242,2016-02-26T16:10:51.165000Z,-54.09028374546335,0.02808007944446926,10,0.5,6,-1,peak,max mdccm,2016-02-26T16:10:51.160405Z,Taup,0.0,0.0,12,53.85690833333333,-166.41502499999999,ak0162mj7nvs,pavdut,lts,3,192.8,3.0,58.4964,-156.4002,2016-02-26T16:09:07.929000Z,2016-02-26T08:09:07.929000Z,807.1159171747818,46.20224108730422,POM,0.11744684530174362,8.514490086394462,20.990483249371024,103.23140535501467
345,104.66843369045807,0.08668794470788553,11.535629358496434,0.7217933876605472,1.099381095116244,5.782354435073785,2016-02-14T07:35:22.125000Z,-44.56662723898046,0.03610080664455155,10,0.5,6,-1,peak,max mdccm,2016-02-14T07:35:20.119965Z,Multiple triggers,29.33619447865915,0.1757142857142857,12,53.85690833333333,-166.41502499999999,ak01622jjtzy,pavdut,lts,3,56.0,4.5,56.624,-156.4178,2016-02-14T07:33:50.705000Z,2016-02-13T23:33:50.705000Z,705.7235487294078,60.10180645147762,POM,0.12278875135243708,8.144068483355843,21.993764861564095,91.05496533020144
346,137.31835897242456,1.072848939469994,0.9320976730368185,0.26406555284196276,2.4224405120091133,58.405774865915106,2016-02-09T08:26:05.185000Z,119.55637181651747,-0.9625860394572552,10,0.5,6,-1,peak,max mdccm,2016-02-09T08:26:08.191961Z,Taup,0.0,0.0,12,53.85690833333333,-166.41502499999999,us200050qu,pavdut,lts,3,220.06,3.0,52.6934,-173.2386,2016-02-09T08:25:02.830000Z,2016-02-09T00:25:02.830000Z,473.04302039649485,256.87473078894203,POM,0.11026290001273882,9.069233621503413,19.65172192322427,65.36196144250489
347,217.51210931008075,0.19766792000403496,5.058989845087595,0.5436858742852759,0.31999152531412056,3.398645263364216,2016-02-07T23:57:56.205000Z,19.732981517571403,-0.072000975941277,10,0.5,6,-1,peak,max mdccm,2016-02-07T23:57:54.201794Z,Multiple triggers,59.93517101334915,0.25375000000000003,12,53.85690833333333,-166.41502499999999,us20004zc7,pavdut,lts,3,33.5,3.4,52.2305,-170.3645,2016-02-07T23:57:09.000000Z,2016-02-07T15:57:09.000000Z,320.7476440398133,237.24509082765215,POM,0.12566694406275797,7.957542116251358,22.537261252146777,43.591793661581676
348,17.3582645958885,0.370257710402986,2.7008215410601624,0.4354022907386489,0.47376827863581994,9.015675713749062,2016-02-17T02:57:50.145000Z,-127.00971079989813,-0.2460350604471435,10,0.5,6,-1,peak,max mdccm,2016-02-17T02:57:50.136433Z,Taup,0.0,0.0,12,53.85690833333333,-166.41502499999999,us10004ql3,pavdut,lts,3,21.42,3.9,51.5298,-175.3322,2016-02-17T02:56:24.200000Z,2016-02-16T18:56:24.200000Z,655.5802826038516,250.34855379599034,POM,0.1242226499558425,8.050061726709828,22.264267711999686,85.93643331215219
349,217.90016896211682,0.19466281397121515,5.1370879707300965,0.6514851923247962,0.2169366119287437,2.0968604367313333,2016-02-07T15:10:29.505000Z,15.545466443153572,-0.06902104299769452,10,0.5,6,-1,peak,max mdccm,2016-02-07T15:10:27.506362Z,Multiple triggers,33.26512090551471,0.0676923076923077,12,53.85690833333333,-166.41502499999999,us200050fp,pavdut,lts,3,41.8,3.9,52.4241,-169.4879,2016-02-07T15:09:47.910000Z,2016-02-07T07:09:47.910000Z,260.17484602471546,233.4456354052704,POM,0.12564177097352064,7.95913645797585,22.532498551915186,35.83636222544736
350,109.43649009681482,0.0938356203193475,10.65693386580421,0.6918792605771601,0.7677587390487286,4.524212043964496,2016-02-22T22:22:55.585000Z,-60.96234501644821,0.0271563730339998,10,0.5,6,-1,peak,max mdccm,2016-02-22T22:22:53.578114Z,Multiple triggers,46.22385302279291,0.14117647058823532,12,53.85690833333333,-166.41502499999999,ak0162g0pfwj,pavdut,lts,3,132.8,3.8,58.5302,-155.2873,2016-02-22T22:21:04.994000Z,2016-02-22T14:21:04.994000Z,863.0853223879637,48.474145080366604,POM,0.1209919933533473,8.265009710845751,21.655534812246813,109.97411362281987
351,63.49615881561385,1.3580330439009909,0.7363591073803843,0.23848394227140174,9.4580258674284,72.90229194280579,2016-02-15T12:21:33.885000Z,-166.8291074711986,-1.235282775284243,10,0.5,6,-1,peak,max mdccm,2016-02-15T12:21:31.882599Z,Multiple triggers,25.830634296413937,0.084,12,53.85690833333333,-166.41502499999999,us10004swf,pavdut,lts,3,76.82,3.2,51.9744,-176.3808,2016-02-15T12:20:04.150000Z,2016-02-15T04:20:04.150000Z,701.6549910618097,256.66705134441526,POM,0.1227502686167479,8.146621683755413,21.986512284425217,90.2525990687642
352,96.59018157413271,0.034343336968363974,29.1177296172812,0.35997509134824657,4.5223747110656785,62.87386217689183,2016-02-05T20:30:19.225000Z,-5.27698611258441,0.09249561914312221,10,0.5,6,-1,peak,max mdccm,2016-02-05T20:30:17.226824Z,STA/LTA trigger,23.79802119595658,0.04,12,53.85690833333333,-166.41502499999999,us20004zjq,pavdut,lts,3,36.21,3.3,53.7876,-163.653,2016-02-05T20:29:49.660000Z,2016-02-05T12:29:49.660000Z,182.0445838539487,91.3131954615483,POM,0.12683895611148618,7.884013166436354,22.75918641825765,26.066823537953017
353,63.57395747306248,0.21510006029948753,4.648999161635207,0.5614827141578078,0.9325022317946743,11.124261978097621,2016-02-22T05:45:02.105000Z,-169.99376253015032,-0.09232677245273564,10,0.5,6,-1,peak,max mdccm,2016-02-22T05:45:02.113889Z,Taup,0.0,0.0,12,53.85690833333333,-166.41502499999999,us10004smr,pavdut,lts,3,46.8,3.0,51.2214,-177.6948,2016-02-22T05:43:17.000000Z,2016-02-21T21:43:17.000000Z,818.4845927897092,253.58019494291213,POM,0.12277328784675189,8.14509424271687,21.99085051619798,105.11388883867082
354,107.56342778364629,0.0920468579851082,10.864031884301635,0.6063106825845239,0.9605431240790727,5.516328219424878,2016-02-11T23:28:32.345000Z,-50.686001802453006,0.030694291644677837,10,0.5,6,-1,peak,max mdccm,2016-02-11T23:28:30.351380Z,Multiple triggers,22.917983163776313,0.05600000000000001,12,53.85690833333333,-166.41502499999999,ak0161xuf7rn,pavdut,lts,3,69.1,3.3,57.4064,-154.8181,2016-02-11T23:26:45.315000Z,2016-02-11T15:26:45.315000Z,828.9702139578544,56.87742598119327,POM,0.12274114962978604,8.14722693258306,21.984793745850922,105.95637989928085
355,219.31145189272092,0.1958660343047351,5.105530438443276,0.7686175582185576,0.19701362382921594,1.9172107852803322,2016-02-01T19:17:52.525000Z,4.033205881055835,-0.06987126288400161,10,0.5,6,-1,peak,max mdccm,2016-02-01T19:17:50.529947Z,Multiple triggers,42.466836249681045,0.12857142857142856,12,53.85690833333333,-166.41502499999999,us20004wdd,pavdut,lts,3,10.0,4.1,51.8901,-169.3587,2016-02-01T19:17:05.650000Z,2016-02-01T11:17:05.650000Z,295.23275890321094,223.34465777377676,POM,0.12599477142073348,7.936837288753092,22.59930057981854,41.63994733280567
356,103.43609588889228,0.09303756545047495,10.74834659697015,0.6498920753664033,0.8295714865669357,4.6008496227243825,2016-02-01T08:31:24.865000Z,-36.27750460638114,0.03173646033463144,10,0.5,6,-1,peak,max mdccm,2016-02-01T08:31:22.868507Z,Multiple triggers,30.923515931825985,0.095,12,53.85690833333333,-166.41502499999999,us20004w96,pavdut,lts,3,48.6,3.3,55.1756,-160.3117,2016-02-01T08:30:25.000000Z,2016-02-01T00:30:25.000000Z,421.46592991714385,67.15859128251114,POM,0.1247740257851064,8.014488542048506,22.368422899092092,55.988506627773155
357,256.5428542079949,1.589135019905133,0.6292731501566791,0.30075398042279067,1.1037369986963004,48.453672390996076,2016-01-31T14:30:05.485000Z,-13.144387500248172,-1.4639648085068662,10,0.5,6,-1,peak,max mdccm,2016-01-31T14:30:03.484005Z,Multiple triggers,34.22347188380386,0.065,12,53.85690833333333,-166.41502499999999,us20004ya1,pavdut,lts,3,41.5,3.0,52.0716,-171.8001,2016-01-31T14:29:12.000000Z,2016-01-31T06:29:12.000000Z,412.64007154339566,243.3984667077467,POM,0.12517021139826684,7.989121283962667,22.443310685810342,54.96400519306635
358,138.7865865436939,0.7346829047582878,1.361131439867928,0.2847398273141737,0.7035284574636971,9.750320112490229,2016-01-31T12:52:45.365000Z,-34.508370092606924,-0.6089465638619893,10,0.5,6,-1,peak,max mdccm,2016-01-31T12:52:45.372254Z,Taup,0.0,0.0,12,53.85690833333333,-166.41502499999999,us20004y9t,pavdut,lts,3,41.6,3.5,53.4167,-163.7197,2016-01-31T12:52:19.000000Z,2016-01-31T04:52:19.000000Z,184.87950942754085,104.27821645108695,POM,0.12573634089629845,7.953150162249067,22.550391850951268,26.372254391687786
359,9.410618123500626,1.2024082563619032,0.8316642826669165,0.24136230210944226,7.641877174416697,70.3114921115106,2016-02-20T16:40:31.985000Z,-119.0379109985339,-1.078230905446489,10,0.5,6,-1,peak,max mdccm,2016-02-20T16:40:31.976393Z,Taup,0.0,0.0,12,53.85690833333333,-166.41502499999999,us10004rei,pavdut,lts,3,26.0,4.6,51.556,-175.2575,2016-02-20T16:39:07.000000Z,2016-02-20T08:39:07.000000Z,649.6407321292488,250.37270712496675,POM,0.12417735091541422,8.052998333658842,22.255714149463845,84.97639319897486
360,94.41758316892435,0.07167066418265775,13.952710099789636,0.5569804896821161,1.672602761453593,7.069179034190768,2016-01-30T07:11:36.025000Z,-21.344187584273044,0.054049714131408466,10,0.5,6,-1,peak,max mdccm,2016-01-30T07:11:34.030710Z,Multiple triggers,27.389978560720365,0.09272727272727273,12,53.85690833333333,-166.41502499999999,us20004yj5,pavdut,lts,3,19.9,3.2,54.6362,-161.4165,2016-01-30T07:10:47.000000Z,2016-01-29T23:10:47.000000Z,337.1082072375379,73.07339558465131,POM,0.1257203783140662,7.954159965235445,22.547371454637013,46.17070978602362
361,287.10230645923417,2.8015351328178775,0.356947156680547,0.27688334576772056,0.17739082126317945,26.673711478082467,2016-01-29T22:27:26.205000Z,-179.21858981465306,-2.6745316722858776,10,0.5,6,-1,peak,max mdccm,2016-01-29T22:27:26.199418Z,Taup,0.0,0.0,12,53.85690833333333,-166.41502499999999,us20004yfx,pavdut,lts,3,32.58,3.5,53.256,-163.4945,2016-01-29T22:26:57.190000Z,2016-01-29T14:26:57.190000Z,204.75664201316172,107.88371664458113,POM,0.12700346053199973,7.873801200464459,22.790364778549062,29.0094178925749
362,107.01511481264856,1.3472711435884397,0.742241088409652,0.25332098814685167,1.1711890094181405,50.13240585674629,2016-02-09T16:10:43.325000Z,151.22837792580458,-1.224513026910163,10,0.5,6,-1,peak,max mdccm,2016-02-09T16:10:41.317979Z,STA/LTA trigger,22.192636352594867,0.060000000000000005,12,53.85690833333333,-166.41502499999999,us20004z19,pavdut,lts,3,35.0,4.3,51.214,179.7153,2016-02-09T16:08:40.240000Z,2016-02-09T08:08:40.240000Z,984.144572274402,258.24349273845314,POM,0.12275811667827674,8.146100861263537,21.98799132463868,125.79797870457527
363,249.03929374575387,0.5120424824506453,1.9529629557570702,0.2584371560801014,0.43630994287334685,59.99697268544975,2016-01-29T09:12:10.225000Z,-6.297617018728403,-0.38658041267962384,10,0.5,6,-1,peak,max mdccm,2016-01-29T09:12:10.226790Z,Taup,0.0,0.0,12,53.85690833333333,-166.41502499999999,us20004wuc,pavdut,lts,3,32.6,3.7,52.1073,-171.5733,2016-01-29T09:11:17.000000Z,2016-01-29T01:11:17.000000Z,397.2804828233962,242.74167672702546,POM,0.12546206977102148,7.970536448387003,22.498504197062154,53.226789709674016
364,42.81665480838507,0.6060318932929007,1.6500781742136645,0.2507801273384747,0.6039264750538857,86.21961162281858,2016-02-09T12:14:07.945000Z,-143.37968851258398,-0.4832894727376817,10,0.5,6,-1,peak,max mdccm,2016-02-09T12:14:10.937892Z,Taup,0.0,0.0,12,53.85690833333333,-166.41502499999999,us20004z01,pavdut,lts,3,44.67,5.3,51.4076,179.7,2016-02-09T12:12:06.310000Z,2016-02-09T04:12:06.310000Z,976.9921279310374,259.4369662958011,POM,0.12274242055521906,8.147142572849315,21.985033259626903,124.62789226110321
365,61.190865933480154,0.6252560168985163,1.5993448651007662,0.290511456599544,1.5840933024958004,66.71791181597885,2016-02-20T11:27:33.805000Z,-162.0625329337264,-0.5026231338290749,10,0.5,6,-1,peak,max mdccm,2016-02-20T11:27:31.801094Z,STA/LTA trigger,25.624303731158193,0.045,12,53.85690833333333,-166.41502499999999,us10004te7,pavdut,lts,3,77.02,3.2,51.4711,-179.8418,2016-02-20T11:25:31.390000Z,2016-02-20T03:25:31.390000Z,944.7682739505395,259.12833299975375,POM,0.12263288306944145,8.154419719821357,21.9643917246881,120.08109407467654
366,133.0685512863675,0.043554164265440405,22.959917079467083,0.439019436035211,5.75185604433686,14.620131828016724,2016-01-27T20:24:34.945000Z,-37.638553268965154,0.0819820100180064,10,0.5,6,-1,peak,max mdccm,2016-01-27T20:24:32.942833Z,Multiple triggers,27.888008281565703,0.08153846153846155,12,53.85690833333333,-166.41502499999999,us20004wbu,pavdut,lts,3,24.02,3.3,53.3546,-160.3213,2016-01-27T20:23:39.090000Z,2016-01-27T12:23:39.090000Z,407.0922220509896,95.42999801740235,POM,0.1255361742834468,7.965831408420259,22.512521649535064,54.75283349212475
367,95.83543168459829,0.3577908101459208,2.7949292481608503,0.44666533801135544,0.27394633286543946,6.445935873960167,2016-02-05T01:50:06.705000Z,160.79046048774757,-0.23553710708287964,10,0.5,6,-1,peak,max mdccm,2016-02-05T01:50:09.702432Z,Taup,0.0,0.0,12,53.85690833333333,-166.41502499999999,us200050d0,pavdut,lts,3,100.05,3.4,52.0546,-176.0253,2016-02-05T01:48:42.630000Z,2016-02-04T17:48:42.630000Z,675.6723995018708,256.62589217234586,POM,0.12225370306304115,8.179711329352058,21.89296116807414,87.07243203847786
368,115.1730994323346,1.7274319659294328,0.5788939997193794,0.2606608470429058,0.46183235903844766,37.02890439287361,2016-01-27T05:52:11.865000Z,-44.471939100498105,-1.602225780636065,10,0.5,6,-1,peak,max mdccm,2016-01-27T05:52:11.861099Z,Taup,0.0,0.0,12,53.85690833333333,-166.41502499999999,us20004y91,pavdut,lts,3,47.4,3.0,54.689,-161.8987,2016-01-27T05:51:30.000000Z,2016-01-26T21:51:30.000000Z,308.3900372434721,70.70116033183649,POM,0.1252061852933679,7.986825871716494,22.450112542874333,41.8610993211231
369,136.6548442482628,0.9175783001224747,1.0898252496452063,0.2710157876923316,7.968816434751362,7.618577817059176,2016-01-26T18:21:03.605000Z,112.25965584767698,-0.7949886239188054,10,0.5,6,-1,peak,max mdccm,2016-01-26T18:21:03.597231Z,Taup,0.0,0.0,12,53.85690833333333,-166.41502499999999,us20004wfx,pavdut,lts,3,85.48,3.1,51.8526,-173.8268,2016-01-26T18:19:52.390000Z,2016-01-26T10:19:52.390000Z,546.48432543777,248.9145000959398,POM,0.1225896762036692,8.157293753991246,21.95625053298549,71.20723062909042
370,5.907754988002807,0.24249123460698166,4.123860401060487,0.36571242288089734,0.6332502973225966,9.93264204984277,2016-02-05T22:46:24.265000Z,-102.11916298465871,-0.12234530960343615,10,0.5,6,-1,peak,max mdccm,2016-02-05T22:46:27.257193Z,Taup,0.0,0.0,12,53.85690833333333,-166.41502499999999,us200050cj,pavdut,lts,3,138.62,4.0,51.9973,179.1583,2016-02-05T22:44:22.010000Z,2016-02-05T14:44:22.010000Z,990.1636772383343,263.7885920033441,POM,0.12014592500354551,8.323211960542897,21.496541947485856,125.24719298685137
371,84.63495033137701,0.18838032611114605,5.30840996320386,0.37780605004882006,1.9332460109983964,15.955013223706345,2016-02-03T19:33:08.845000Z,174.49247662442343,-0.06561263824136525,10,0.5,6,-1,peak,max mdccm,2016-02-03T19:33:11.852862Z,Taup,0.0,0.0,12,53.85690833333333,-166.41502499999999,us200050dm,pavdut,lts,3,39.2,3.2,51.5193,-179.6451,2016-02-03T19:31:12.830000Z,2016-02-03T11:31:12.830000Z,930.093007840032,259.12742695580044,POM,0.1227676878697808,8.145465776472845,21.989795125593684,119.0228616390252
372,135.6731184395091,0.14515305776565188,6.889279601773803,0.5227644809196614,0.4677349253151637,4.91001758352391,2016-01-26T07:05:01.405000Z,-33.81774931626532,-0.015486163485964377,10,0.5,6,-1,peak,max mdccm,2016-01-26T07:04:59.415080Z,Multiple triggers,80.24579585507246,0.20833333333333337,12,53.85690833333333,-166.41502499999999,us20004wh4,pavdut,lts,3,19.06,3.5,53.4853,-163.6944,2016-01-26T07:04:32.090000Z,2016-01-25T23:04:32.090000Z,184.4931199082246,101.85536912324378,POM,0.1296668942796875,7.712068724674093,23.296165037042115,26.81508004855915
373,134.44515171919863,0.14842106848993064,6.737587932590872,0.5087961095986984,0.3962341874243571,3.9048530668334536,2016-01-26T06:48:21.585000Z,-28.482634760890562,-0.01983366696539038,10,0.5,6,-1,peak,max mdccm,2016-01-26T06:48:19.580769Z,Multiple triggers,62.46821033590461,0.22999999999999998,12,53.85690833333333,-166.41502499999999,us20004um5,pavdut,lts,3,25.7,4.1,53.3383,-163.5822,2016-01-26T06:47:50.000000Z,2016-01-25T22:47:50.000000Z,196.21660853185688,105.96251695830807,POM,0.12858740152454026,7.776811632741136,23.09093448199489,28.07076928886242
374,98.66666132519549,0.06833817326083402,14.633109904521255,0.5571916735299088,1.704536867109713,6.548941255188254,2016-01-24T14:43:46.765000Z,-22.140500891408408,0.05738470905487669,10,0.5,6,-1,peak,max mdccm,2016-01-24T14:43:44.775117Z,STA/LTA trigger,20.97758599597307,0.025,12,53.85690833333333,-166.41502499999999,us20004vrm,pavdut,lts,3,21.5,3.2,54.4491,-161.4403,2016-01-24T14:42:57.000000Z,2016-01-24T06:42:57.000000Z,331.56524431400055,76.52616043378708,POM,0.12572288231571072,7.954001543560198,22.547845250633294,45.38511671013665
375,212.41669537848986,0.19916436589787467,5.020978504321246,0.6796562537674199,0.3091504239155416,3.065493807983046,2016-01-24T12:22:55.685000Z,26.628717986215747,-0.0736651037700568,10,0.5,6,-1,peak,max mdccm,2016-01-24T12:22:53.689408Z,Multiple triggers,32.82306782752153,0.10222222222222223,12,53.85690833333333,-166.41502499999999,us20004vre,pavdut,lts,3,41.21,4.1,52.2671,-170.5392,2016-01-24T12:22:08.950000Z,2016-01-24T04:22:08.950000Z,328.1717517531776,239.0454133647056,POM,0.12549926212781787,7.968174338599098,22.505539246820195,44.37940799496287
376,107.90914686770631,0.09363657045498087,10.67958806202525,0.530381931081426,0.7560828486796964,4.188457757079476,2016-01-24T10:49:23.705000Z,-22.45441023155672,0.03473989473126014,10,0.5,6,-1,peak,max mdccm,2016-01-24T10:49:21.702279Z,STA/LTA trigger,21.530582964161376,0.04,12,53.85690833333333,-166.41502499999999,us20004vra,pavdut,lts,3,23.27,3.4,53.9649,-163.1848,2016-01-24T10:48:48.480000Z,2016-01-24T02:48:48.480000Z,212.598048700234,85.4547366361496,POM,0.12837646518624102,7.789589770595871,23.050868451609958,30.252279423058752
377,107.79162213707724,0.08802203918292921,11.360791107347325,0.6918692114742742,1.166697909557172,5.797514766248213,2016-01-24T10:39:32.205000Z,-35.2933807689175,0.03504336827690532,10,0.5,6,-1,peak,max mdccm,2016-01-24T10:39:30.198694Z,Multiple triggers,25.502296056356997,0.05600000000000001,12,53.85690833333333,-166.41502499999999,us20004vru,pavdut,lts,3,70.9,3.9,54.9953,-158.8309,2016-01-24T10:38:25.000000Z,2016-01-24T02:38:25.000000Z,508.0066684939468,72.49824136815974,POM,0.12306540745983453,8.125760281794662,22.04591526567734,66.5186939886419
378,156.30764788199406,0.19113126727456767,5.232006328736681,0.5833195628935284,0.26168604701187936,3.069625007304751,2016-01-23T23:21:24.765000Z,-41.58841074090671,-0.06702878529663103,10,0.5,6,-1,peak,max mdccm,2016-01-23T23:21:22.772031Z,Multiple triggers,89.02651667887254,0.23629629629629628,12,53.85690833333333,-166.41502499999999,us20004veq,pavdut,lts,3,39.74,3.9,53.5,-165.1395,2016-01-23T23:21:07.770000Z,2016-01-23T15:21:07.770000Z,93.17661512920769,114.71923714108735,POM,0.12410248197793664,8.057856571940144,22.241578215254748,14.842031224637037
379,151.76955621276818,0.15161122525290716,6.595817679936762,0.3757773896452708,0.6109326238446626,5.372157561651136,2016-01-23T17:07:33.665000Z,-41.73567150136739,-0.0244066023032333,10,0.5,6,-1,peak,max mdccm,2016-01-23T17:07:31.659244Z,Multiple triggers,31.19609341962977,0.055,12,53.85690833333333,-166.41502499999999,us20004vae,pavdut,lts,3,19.01,3.5,53.024,-162.8674,2016-01-23T17:06:53.550000Z,2016-01-23T09:06:53.550000Z,253.28185830987522,110.03388471140077,POM,0.12720462294967386,7.861349507679697,22.828500584810072,35.65924416934439
380,105.24371040431674,0.11070246690451223,9.03322236588063,0.5445546344366619,1.2743227120569691,6.589498656124874,2016-02-02T05:06:28.485000Z,-50.77450501040667,0.012009318976546474,10,0.5,6,-1,peak,max mdccm,2016-02-02T05:06:28.487130Z,Taup,0.0,0.0,12,53.85690833333333,-166.41502499999999,ak0161inqitk,pavdut,lts,3,55.2,3.1,58.3417,-152.4282,2016-02-02T05:04:21.200000Z,2016-02-01T21:04:21.200000Z,1000.7319404775727,54.46920539391008,POM,0.1227117858810587,8.149176485535575,21.97926007792867,127.287129699181
381,218.26080782505642,0.19392867861715254,5.156534903092731,0.5022028916953251,0.3367059071320293,3.8451018953253993,2016-01-23T04:39:55.925000Z,15.996813463849747,-0.06829334997190073,10,0.5,6,-1,peak,max mdccm,2016-01-23T04:39:53.928001Z,Multiple triggers,56.03630956303503,0.26,12,53.85690833333333,-166.41502499999999,us20004vet,pavdut,lts,3,42.84,3.5,52.8517,-168.673,2016-01-23T04:39:27.000000Z,2016-01-22T20:39:27.000000Z,187.39014792179722,234.25762128890617,POM,0.12563532864525181,7.959544586567955,22.531279702152855,26.688000693206348
382,96.05075644514693,0.06812491792843499,14.678916766556648,0.6358227658438931,1.442848581793033,5.979275486214647,2016-01-23T00:21:33.585000Z,-23.04656297167773,0.057571188564918205,10,0.5,6,-1,peak,max mdccm,2016-01-23T00:21:31.582350Z,Multiple triggers,30.882871394259986,0.07888888888888888,12,53.85690833333333,-166.41502499999999,us20004ve9,pavdut,lts,3,30.64,3.2,54.6014,-161.703,2016-01-23T00:20:47.580000Z,2016-01-22T16:20:47.580000Z,318.20356294572946,73.0041934734692,POM,0.1256961064933532,7.955695907357958,22.542778933531853,43.35234997621958
383,224.42934112530486,0.17792357063778835,5.62039080272153,0.7066668677804655,0.3158853836251576,2.7959695218274874,2016-01-22T01:02:54.905000Z,-4.290351822946519,-0.05212788012794539,10,0.5,6,-1,peak,max mdccm,2016-01-22T01:02:52.914574Z,Multiple triggers,46.56445244381763,0.12967741935483873,12,53.85690833333333,-166.41502499999999,us10004ge9,pavdut,lts,3,37.18,3.6,52.3801,-168.4264,2016-01-22T01:02:23.200000Z,2016-01-21T17:02:23.200000Z,212.4604520744475,220.13898930235834,POM,0.12579569050984296,7.949397916153211,22.561622403124645,29.89457400764363
384,223.86111770039798,0.17999949139548704,5.555571253270064,0.760444729005592,0.33080065604222186,2.959806262700482,2016-01-21T23:58:07.745000Z,-7.782849884910689,-0.050833535469740176,10,0.5,6,-1,peak,max mdccm,2016-01-21T23:58:05.746291Z,Multiple triggers,42.74276489364212,0.12,12,53.85690833333333,-166.41502499999999,us10004g83,pavdut,lts,3,10.0,4.1,52.254,-168.3002,2016-01-21T23:57:31.730000Z,2016-01-21T15:57:31.730000Z,218.61125182852183,216.0782678154873,POM,0.12916595592574687,7.74197808418548,23.200888672554054,31.856290694990157
385,90.18243866586101,0.10700859591586788,9.345043652252183,0.34005718874211543,5.219648734081628,26.367116971097914,2016-01-21T12:30:32.465000Z,-12.869930000727152,0.0186531489839334,10,0.5,6,-1,peak,max mdccm,2016-01-21T12:30:32.469889Z,Taup,0.0,0.0,12,53.85690833333333,-166.41502499999999,us10004g4x,pavdut,lts,3,32.6,3.1,54.4033,-161.4905,2016-01-21T12:29:48.000000Z,2016-01-21T04:29:48.000000Z,327.5441652129203,77.31250866513386,POM,0.12566174489980128,7.957871353747065,22.53627756702066,44.469888513704994
386,116.6865703029643,0.36903893493383627,2.709741182673006,0.2675088102995016,9.6578110927825,20.520327769833727,2016-01-20T05:27:53.105000Z,-22.44480274779437,-0.2433256001995526,10,0.5,6,-1,peak,max mdccm,2016-01-20T05:27:51.105203Z,Multiple triggers,25.559301912300747,0.07600000000000001,12,53.85690833333333,-166.41502499999999,us10004gs2,pavdut,lts,3,13.04,3.0,53.502,-161.0818,2016-01-20T05:27:01.210000Z,2016-01-19T21:27:01.210000Z,354.5326761237425,94.24176755516991,POM,0.12571333473428367,7.95460562806379,22.54603870868421,48.83520341683784
387,216.49534261945632,0.203158331825258,4.922269202624322,0.5993828511501313,0.23051986574586225,2.450762802225597,2016-01-19T18:17:14.845000Z,11.697100576715826,-0.07976076721264505,10,0.5,6,-1,peak,max mdccm,2016-01-19T18:17:12.846617Z,Multiple triggers,37.891254924143496,0.1542857142857143,12,53.85690833333333,-166.41502499999999,us10004fnw,pavdut,lts,3,66.8,4.0,52.0678,-169.5835,2016-01-19T18:16:32.100000Z,2016-01-19T10:16:32.100000Z,291.4459104783035,228.19244319617215,POM,0.12339756461261295,8.1038876507761,22.10855317133056,39.796617471175665
388,190.64551066792592,0.1916798234808145,5.217033185029469,0.2795831942157205,0.8879968338702773,62.324442170967984,2016-01-18T16:00:26.105000Z,51.47225425097048,-0.06640329171965137,10,0.5,6,-1,peak,max mdccm,2016-01-18T16:00:24.110823Z,Multiple triggers,32.049493262980306,0.105,12,53.85690833333333,-166.41502499999999,us10004fy5,pavdut,lts,3,42.56,3.0,52.181,-171.2611,2016-01-18T15:59:32.600000Z,2016-01-18T07:59:32.600000Z,374.77732241417306,242.1177649188964,POM,0.12527653176116313,7.982341033406619,22.46341444715586,50.21082274738241
389,207.19868316228406,0.21783872973575358,4.590551924412325,0.6473046049304109,0.3452551623761333,3.919281439911316,2016-01-18T15:11:22.225000Z,33.67205134708655,-0.09251257076893135,10,0.5,6,-1,peak,max mdccm,2016-01-18T15:11:20.219697Z,Multiple triggers,33.36169296967159,0.06666666666666667,12,53.85690833333333,-166.41502499999999,us10004fcs,pavdut,lts,3,41.61,4.6,52.1246,-171.1836,2016-01-18T15:10:28.020000Z,2016-01-18T07:10:28.020000Z,373.6536602907036,240.8707345093706,POM,0.12532615896682223,7.9791801507674975,22.472799287591442,50.07969719981618
390,225.613943397792,0.5019586696896702,1.9921958925786416,0.2765382796640655,0.572583401579768,83.42232303341163,2016-01-18T00:54:15.605000Z,10.591155146061482,-0.3762344486677816,10,0.5,6,-1,peak,max mdccm,2016-01-18T00:54:18.614854Z,Taup,0.0,0.0,12,53.85690833333333,-166.41502499999999,us10004fxy,pavdut,lts,3,17.28,3.6,52.087,-170.5327,2016-01-18T00:53:31.980000Z,2016-01-17T16:53:31.980000Z,339.4988315983473,236.2050985438535,POM,0.12572422102188857,7.953916849688813,22.548098555298502,46.634854225971345
391,151.16752359404106,0.08026016793582767,12.45948053335191,0.2500811309995882,0.2372343492251725,20.59649390728761,2016-01-18T00:46:00.085000Z,-50.88791975172634,0.045281658985364306,10,0.5,6,-1,peak,max mdccm,2016-01-18T00:45:58.084362Z,STA/LTA trigger,24.986498975575486,0.035,12,53.85690833333333,-166.41502499999999,us10004fxx,pavdut,lts,3,28.49,3.4,53.0927,-160.6817,2016-01-18T00:45:05.250000Z,2016-01-17T16:45:05.250000Z,389.951163544759,100.27960384231471,POM,0.12554182692119198,7.965472739438013,22.513590948843333,52.434361928753525
392,133.87740262731654,0.15270074297542205,6.54875661057494,0.49919352539951495,0.42958915154251764,4.411588164994583,2016-01-17T22:32:26.665000Z,-28.81486232538299,-0.022157013620957983,10,0.5,6,-1,peak,max mdccm,2016-01-17T22:32:24.656977Z,Multiple triggers,32.7177928378469,0.045,12,53.85690833333333,-166.41502499999999,us10004giv,pavdut,lts,3,25.2,3.2,53.568,-164.6893,2016-01-17T22:32:06.000000Z,2016-01-17T14:32:06.000000Z,118.39100021514055,105.06254030193354,POM,0.13054372935446407,7.660268363290819,23.463099952787562,17.986976983878613
393,136.34810489913843,0.1696458034297074,5.894634466536328,0.5827642391717269,0.26990456954313036,3.0503350066860264,2016-01-17T17:50:01.485000Z,-32.8373394897221,-0.040844973110439664,10,0.5,6,-1,peak,max mdccm,2016-01-17T17:49:59.477861Z,Multiple triggers,47.77575673355301,0.1496,12,53.85690833333333,-166.41502499999999,us10004gjp,pavdut,lts,3,31.9,3.3,53.6053,-164.7367,2016-01-17T17:49:41.000000Z,2016-01-17T09:49:41.000000Z,114.24762630578533,103.51076540941634,POM,0.12880083031926773,7.763925104529444,23.13148610035645,17.41786135394102
394,138.21456009132933,0.030814858718781944,32.45187684052209,0.3611028098461859,38.82322931151786,22.820666667622447,2016-01-28T02:33:20.525000Z,118.95072456926755,0.09197389263365513,10,0.5,6,-1,peak,max mdccm,2016-01-28T02:33:23.533361Z,Taup,0.0,0.0,12,53.85690833333333,-166.41502499999999,us20004xwb,pavdut,lts,3,13.44,3.3,51.5347,-178.4102,2016-01-28T02:31:33.040000Z,2016-01-27T18:31:33.040000Z,849.9277656241431,257.1652846605969,POM,0.12278875135243708,8.144068483355843,21.993764861564095,110.49336095002634
395,26.577113685567724,0.3118077451288731,3.2071044277193645,0.583359873055961,0.44651147961257287,7.083228067091625,2016-01-28T04:29:30.585000Z,-130.0534542919272,-0.1890574765121252,10,0.5,6,-1,peak,max mdccm,2016-01-28T04:29:33.584767Z,Taup,0.0,0.0,12,53.85690833333333,-166.41502499999999,us20004xwd,pavdut,lts,3,51.8,3.0,51.232,-179.1876,2016-01-28T04:27:37.000000Z,2016-01-27T20:27:37.000000Z,912.9075151554343,256.5236593936405,POM,0.1227502686167479,8.146621683755413,21.986512284425217,116.5847672252524
396,146.34612665451422,0.43660366172554377,2.2904068098004555,0.48267739051179614,0.48533194871081486,10.79156638136945,2016-01-31T04:29:32.945000Z,116.74057426784248,-0.3237804975009711,10,0.5,6,-1,peak,max mdccm,2016-01-31T04:29:35.954405Z,Taup,0.0,0.0,12,53.85690833333333,-166.41502499999999,us20004x1l,pavdut,lts,3,240.04,4.3,52.7304,-176.2077,2016-01-31T04:28:08.640000Z,2016-01-30T20:28:08.640000Z,664.341896313585,263.0867009223567,POM,0.11282316422457268,8.86342806349161,20.127516049929355,87.31440543775618
397,147.88861689880582,0.27041547356347273,3.698013234310266,0.4325532183597933,0.6274561270898071,11.487088851807584,2016-01-28T02:38:46.585000Z,109.8397551067984,-0.14762672221103565,10,0.5,6,-1,peak,max mdccm,2016-01-28T02:38:49.595380Z,Taup,0.0,0.0,12,53.85690833333333,-166.41502499999999,us20004xvc,pavdut,lts,3,4.8,3.3,51.5979,-178.48,2016-01-28T02:36:58.000000Z,2016-01-27T18:36:58.000000Z,851.7609658350436,257.72837200560423,POM,0.12278875135243708,8.144068483355843,21.993764861564095,111.59538002194843
398,82.28892555817544,0.3455826037051745,2.8936641754488486,0.2808719810917961,0.7735489494743135,17.03950009218366,2016-01-16T17:53:11.925000Z,166.91464218202918,-0.22223580263889345,10,0.5,6,-1,peak,max mdccm,2016-01-16T17:53:11.921581Z,Taup,0.0,0.0,12,53.85690833333333,-166.41502499999999,us10004f2u,pavdut,lts,3,65.81,3.4,51.9952,-173.455,2016-01-16T17:52:04.310000Z,2016-01-16T09:52:04.310000Z,516.5043848852686,249.20356774020465,POM,0.12334680106628107,8.107222816930976,22.09897842726363,67.61158051807966
399,198.1226748509249,0.1786673139880347,5.596994647084523,0.6402731871422686,0.32120053232751733,2.8727516544926175,2016-01-15T07:27:13.505000Z,-1.9779755727450663,-0.04783583104857758,10,0.5,6,-1,peak,max mdccm,2016-01-15T07:27:11.499838Z,Multiple triggers,97.37017907250032,0.2766666666666667,12,53.85690833333333,-166.41502499999999,us10004etf,pavdut,lts,3,25.7,4.1,53.1669,-166.7472,2016-01-15T07:26:58.000000Z,2016-01-14T23:26:58.000000Z,79.89405285449625,196.14469927817984,POM,0.13083148293945712,7.643420203856855,23.517929440779504,12.949837972556425
400,208.19366383899558,0.2143078206363852,4.666185289134614,0.6936698384997175,0.17755033092025263,1.9097783190022426,2016-01-14T23:43:42.045000Z,-1.053296935053595,-0.08419491115627228,10,0.5,6,-1,peak,max mdccm,2016-01-14T23:43:40.047536Z,Multiple triggers,31.568636768887977,0.0690909090909091,12,53.85690833333333,-166.41502499999999,us10004eql,pavdut,lts,3,17.96,4.3,52.4978,-167.552,2016-01-14T23:43:14.350000Z,2016-01-14T15:43:14.350000Z,169.27841065592676,207.14036690394198,POM,0.13011290948011292,7.685632455654561,23.381052688039222,24.89753576486535
401,213.73284612025594,0.2041453608124487,4.898470364549281,0.5455530110614228,0.2616165842363092,2.6682783805931365,2016-01-12T19:40:44.605000Z,31.675031446285004,-0.07847215212791386,10,0.5,6,-1,peak,max mdccm,2016-01-12T19:40:42.611314Z,Multiple triggers,81.12468516581491,0.34761904761904766,12,53.85690833333333,-166.41502499999999,us10004es1,pavdut,lts,3,37.72,3.9,52.6944,-170.3595,2016-01-12T19:40:02.260000Z,2016-01-12T11:40:02.260000Z,293.161768332704,245.40787756654095,POM,0.12567320868453483,7.957145444660384,22.538446532107695,40.03131433380765
402,110.16620656124957,0.09292603158961173,10.761247229584598,0.6816062052899879,1.0625944453009506,5.389212328168668,2016-01-12T17:32:41.585000Z,-57.61775996889418,0.026127944632592437,10,0.5,6,-1,peak,max mdccm,2016-01-12T17:32:39.581329Z,Multiple triggers,53.046734204090406,0.38999999999999996,12,53.85690833333333,-166.41502499999999,ak016k4r8e5,pavdut,lts,3,152.2,3.2,56.7685,-158.967,2016-01-12T17:31:25.736000Z,2016-01-12T09:31:25.736000Z,572.8495060810757,52.54844659235538,POM,0.11905397622220416,8.399551461713338,21.291599629575924,75.13532880922882
403,146.90222667823693,0.16429291245750338,6.086689833675349,0.4734673723998399,0.44595170113646576,4.8741969723272405,2016-01-12T17:04:08.045000Z,-32.949819787438344,-0.03673480909006699,10,0.5,6,-1,peak,max mdccm,2016-01-12T17:04:06.036667Z,Multiple triggers,45.32509605675151,0.14000000000000004,12,53.85690833333333,-166.41502499999999,us10004es0,pavdut,lts,3,20.52,3.1,52.9299,-163.1308,2016-01-12T17:03:31.690000Z,2016-01-12T09:03:31.690000Z,241.58713837209007,113.95240689079857,POM,0.1275581033674364,7.839564665832782,22.895538316554738,34.08666701869928
404,218.81835249385279,0.1581268632593212,6.324036152921362,0.5047729137130417,0.8528768185114668,5.158446459898414,2016-01-12T11:42:37.225000Z,35.99082634832672,-0.04316892662182138,10,0.5,6,-1,peak,max mdccm,2016-01-12T11:42:37.231199Z,Taup,0.0,0.0,12,53.85690833333333,-166.41502499999999,us10004esd,pavdut,lts,3,200.5,4.0,52.2203,-174.5441,2016-01-12T11:41:21.000000Z,2016-01-12T03:41:21.000000Z,574.5024823520816,254.8091788421795,POM,0.11495793663749983,8.698833932217562,20.52534618410496,76.23119904866712
405,187.8979025533613,0.2000059026578916,4.999852437907753,0.44608836979511635,0.2647853390270902,2.741009212362428,2016-01-12T09:40:26.705000Z,-10.612529989353902,-0.07206293518783899,10,0.5,6,-1,peak,max mdccm,2016-01-12T09:40:24.702891Z,Multiple triggers,32.27626287868407,0.0984,12,53.85690833333333,-166.41502499999999,us10004esc,pavdut,lts,3,23.7,3.5,51.857,-166.2619,2016-01-12T09:39:53.000000Z,2016-01-12T01:39:53.000000Z,222.79561584928314,177.2853725640074,POM,0.1279429674700526,7.8159825410808015,22.9685656702986,31.54289112047507
406,164.9448154267496,0.7967966374302208,1.255025376644583,0.2564871889016316,16.939630972568462,75.3768801360194,2016-01-27T07:01:47.165000Z,85.35590846353443,-0.6726897672818224,10,0.5,6,-1,peak,max mdccm,2016-01-27T07:01:50.175508Z,Taup,0.0,0.0,12,53.85690833333333,-166.41502499999999,us20004wbf,pavdut,lts,3,28.2,3.4,51.5401,-175.282,2016-01-27T07:00:25.000000Z,2016-01-26T23:00:25.000000Z,651.9540683606201,250.30072389028402,POM,0.12410687014839843,8.057571662263895,22.24240670226901,85.1755081474827
407,215.07582527382823,0.1414078749658518,7.071741939700934,0.6398600700148833,0.49765880066303936,3.523814315626595,2016-01-11T20:43:36.365000Z,28.537957511511195,-0.027146797002824616,10,0.5,6,-1,peak,max mdccm,2016-01-11T20:43:34.365452Z,Multiple triggers,29.044567729521212,0.0676923076923077,12,53.85690833333333,-166.41502499999999,us10004dvw,pavdut,lts,3,114.79,3.0,52.8357,-169.6659,2016-01-11T20:42:58.030000Z,2016-01-11T12:42:58.030000Z,244.48948317895122,243.61378278533942,POM,0.11426107796302719,8.751886625151409,20.395368910953163,35.435452003923444
408,97.29254283467662,0.08308236764910569,12.036248223250581,0.5875307061741677,1.6261137800744248,7.821740683913646,2016-01-11T18:14:46.765000Z,-19.863308285007776,0.0425859252404321,10,0.5,6,-1,peak,max mdccm,2016-01-11T18:14:44.759629Z,Multiple triggers,26.155430413336678,0.048571428571428564,12,53.85690833333333,-166.41502499999999,us10004dvy,pavdut,lts,3,33.2,3.2,54.3893,-161.5803,2016-01-11T18:14:00.000000Z,2016-01-11T10:14:00.000000Z,321.54321741585915,77.42923454966885,POM,0.1256682928895378,7.957456706115983,22.53751645222508,43.69962943919343
409,114.08871224981786,1.0934139801855403,0.9145666857399345,0.26548553625450294,5.016840405263269,68.8373488596782,2016-01-26T12:12:47.165000Z,142.02822785394562,-0.9706388322666146,10,0.5,6,-1,peak,max mdccm,2016-01-26T12:12:45.163484Z,STA/LTA trigger,26.21412237343085,0.06,12,53.85690833333333,-166.41502499999999,us20004vl1,pavdut,lts,3,23.0,3.8,51.249,-178.8985,2016-01-26T12:10:53.000000Z,2016-01-26T04:10:53.000000Z,893.6633379218504,256.1169401037635,POM,0.12277514791892559,8.144970842636237,21.99120107342924,115.20348409550519
410,148.45887307250155,0.17691011728931008,5.652587965699267,0.633102059136791,0.2382413527441818,2.675540726598882,2016-01-11T02:50:07.605000Z,-17.44175862317718,-0.050898591084639455,10,0.5,6,-1,peak,max mdccm,2016-01-11T02:50:05.598176Z,Multiple triggers,117.69905216269012,0.26428571428571435,12,53.85690833333333,-166.41502499999999,us10004dvp,pavdut,lts,3,35.01,3.8,52.5349,-163.9702,2016-01-11T02:49:34.560000Z,2016-01-10T18:49:34.560000Z,219.84963984147427,131.01711444932437,POM,0.12601152620467063,7.935781988512531,22.60247207092569,30.868175945916782
411,220.06832991533918,0.1163295475636687,8.596268282163539,0.6228162254899827,0.6439721183103071,3.7108858450993694,2016-01-10T16:25:49.765000Z,-27.46685985419029,0.02268215058411377,10,0.5,6,-1,peak,max mdccm,2016-01-10T16:25:47.775505Z,Multiple triggers,111.15440291437747,0.36833333333333323,12,53.85690833333333,-166.41502499999999,us10004epq,pavdut,lts,3,16.4,3.0,53.1716,-166.6699,2016-01-10T16:25:33.000000Z,2016-01-10T08:25:33.000000Z,78.12340132859502,192.6014700611489,POM,0.13901169814778247,7.193639192414629,25.086477098605243,12.94550471535711
412,46.285905945655884,0.3370120741362383,2.9672527388313883,0.25625392143789316,1.6316344053841232,83.57509866659746,2016-01-10T00:32:39.205000Z,52.821707459176025,-0.2112986955279464,10,0.5,6,-1,peak,max mdccm,2016-01-10T00:32:42.204063Z,Taup,0.0,0.0,12,53.85690833333333,-166.41502499999999,us10004epl,pavdut,lts,3,10.0,3.4,53.2274,-161.103,2016-01-10T00:31:52.550000Z,2016-01-09T16:31:52.550000Z,358.9618040965911,99.10761340483192,POM,0.1257133786082919,7.954602851903952,22.546047010233725,49.65406300013275
413,168.0881448888909,0.13285615987001398,7.526937410944262,0.518906624057404,0.5515575656982019,4.09519424186368,2016-01-08T21:41:11.645000Z,-33.15817558525356,-0.08565524350107281,10,0.5,6,-1,peak,max mdccm,2016-01-08T21:41:09.652291Z,Multiple triggers,60.1697580067103,0.14307692307692307,12,53.85690833333333,-166.41502499999999,us10004e9b,pavdut,lts,3,70.03,3.6,53.6912,-166.1357,2016-01-08T21:40:58.730000Z,2016-01-08T13:40:58.730000Z,26.063547144968005,134.92996930363734,POM,0.04720091636894117,21.186029359760763,8.277221559066902,10.682290956047561
414,222.53274994562616,0.1400839579864658,7.138576139436429,0.4356654881120221,0.7202202051728537,5.026827789156357,2016-01-08T19:08:15.445000Z,38.509986054551064,-0.025647747065763102,10,0.5,6,-1,peak,max mdccm,2016-01-08T19:08:13.447625Z,Multiple triggers,27.92082682501854,0.097,12,53.85690833333333,-166.41502499999999,us10004cep,pavdut,lts,3,203.35,4.3,52.7858,-174.6357,2016-01-08T19:06:57.930000Z,2016-01-08T11:06:57.930000Z,560.2811634685593,261.04273600017723,POM,0.1144362109207027,8.738492754648604,20.428024165239894,74.66762539759468
415,140.20799557145108,0.17335640948659511,5.768462804239872,0.5330359300842084,0.16668218890511177,1.8553751982683764,2016-01-08T17:46:52.005000Z,-41.42276179103729,-0.04892908672461936,10,0.5,6,-1,peak,max mdccm,2016-01-08T17:46:50.013913Z,Multiple triggers,94.05097021360994,0.24190476190476187,12,53.85690833333333,-166.41502499999999,us10004ced,pavdut,lts,3,42.12,4.0,53.6922,-164.7461,2016-01-08T17:46:33.060000Z,2016-01-08T09:46:33.060000Z,111.5454679231824,98.78523378041379,POM,0.12442732276197575,8.03682003118365,22.302921446449663,17.17391311583462
416,121.37298453188205,0.062021585169172035,16.123418923788684,0.48360712327004296,2.495252658660574,9.637109375922478,2016-01-08T12:44:03.125000Z,-50.920229645692615,0.05804476615915583,10,0.5,6,-1,peak,max mdccm,2016-01-08T12:44:01.128507Z,Multiple triggers,76.39230081683704,0.26960000000000006,12,53.85690833333333,-166.41502499999999,us10004e8x,pavdut,lts,3,90.95,4.0,54.6323,-162.3136,2016-01-08T12:43:21.350000Z,2016-01-08T04:43:21.350000Z,280.9110157160792,70.45275488618944,POM,0.12006635132832787,8.328728148533859,21.48159744844627,38.89850699997052
417,214.50649750404995,0.20673262752523242,4.837165821239062,0.7153984543812824,0.1923992595841182,1.9764384438216496,2016-01-07T20:38:59.305000Z,19.62179550821284,-0.08150493808849907,10,0.5,6,-1,peak,max mdccm,2016-01-07T20:38:57.314602Z,Multiple triggers,32.707647509622824,0.13214285714285717,12,53.85690833333333,-166.41502499999999,us10004dj8,pavdut,lts,3,47.84,4.3,52.4257,-169.558,2016-01-07T20:38:20.790000Z,2016-01-07T12:38:20.790000Z,263.78515559906623,234.1282930122628,POM,0.12522768943673335,7.985454371137408,22.454178653614232,36.274601724185004
418,137.1429593679203,0.1626310989706992,6.148885461200551,0.5848473581647478,0.3377923516306769,3.6207543142699876,2016-01-07T19:12:15.225000Z,-35.37030670180678,-0.03247483481710545,10,0.5,6,-1,peak,max mdccm,2016-01-07T19:12:13.221483Z,Multiple triggers,84.38677503764096,0.21739130434782608,12,53.85690833333333,-166.41502499999999,us10004dj9,pavdut,lts,3,27.55,3.4,53.6442,-164.7868,2016-01-07T19:11:55.970000Z,2016-01-07T11:11:55.970000Z,109.98487186833226,101.77265266611352,POM,0.13015626415359374,7.683072393810629,23.38930704441811,16.87148255463287
419,106.85976082554933,0.08181321431637904,12.222964326189535,0.5965934278930192,1.2984897291678061,6.21858958105895,2016-01-24T10:44:32.405000Z,-45.07876009564686,0.040960390182644066,10,0.5,6,-1,peak,max mdccm,2016-01-24T10:44:30.400768Z,Multiple triggers,25.65446132303775,0.06666666666666667,12,53.85690833333333,-166.41502499999999,ak01613v3qsp,pavdut,lts,3,27.2,3.6,56.9862,-153.4231,2016-01-24T10:42:36.572000Z,2016-01-24T02:42:36.572000Z,891.6044089492227,61.78100072990247,POM,0.12277360449902311,8.14507323524868,21.990910193790736,114.74876831819647
420,205.8304251512027,0.17342599777620335,5.7661481716855665,0.6535494003962409,0.34475376974794436,3.0924137444155804,2016-01-06T04:24:20.505000Z,-10.775801962544676,-0.045737201111563375,10,0.5,6,-1,peak,max mdccm,2016-01-06T04:24:18.514447Z,Multiple triggers,35.62927516254281,0.1142857142857143,12,53.85690833333333,-166.41502499999999,us10004bp9,pavdut,lts,3,32.99,4.3,52.3138,-167.0914,2016-01-06T04:23:52.710000Z,2016-01-05T20:23:52.710000Z,177.60646823245483,195.054623188658,POM,0.12768879666463998,7.8315406372446725,22.92033274802491,25.54444707659034
421,221.61301703554113,0.14701061518001346,6.802229885069912,0.6114032077883861,0.40930892780776906,3.044119012726611,2016-01-19T06:01:17.165000Z,29.839764364698425,-0.02351026809428182,10,0.5,6,-1,peak,max mdccm,2016-01-19T06:01:15.174153Z,Multiple triggers,29.22336122008054,0.06551724137931035,12,53.85690833333333,-166.41502499999999,us10004fi6,pavdut,lts,3,45.51,4.5,51.6432,-175.3735,2016-01-19T05:59:47.530000Z,2016-01-18T21:59:47.530000Z,652.5741793139526,251.45278140023956,POM,0.12350034708573164,8.097143235604177,22.127941433402285,84.74415324168001
422,222.20228912835364,0.1683924774163605,5.93850755890621,0.47420114043687944,0.36771837803320473,3.1749955855067356,2016-01-06T02:59:40.965000Z,16.453582577297254,-0.06368018110388463,10,0.5,6,-1,peak,max mdccm,2016-01-06T02:59:38.964409Z,Multiple triggers,27.78271321678484,0.09764705882352942,12,53.85690833333333,-166.41502499999999,us10004c4p,pavdut,lts,3,99.59,3.7,53.1887,-168.2049,2016-01-06T02:59:15.130000Z,2016-01-05T18:59:15.130000Z,140.07564915212205,238.6558717056509,POM,0.10471229631247586,9.549976795617802,18.624980824296465,23.094409148157446
423,100.9933422688398,0.1443807823285776,6.926129529650484,0.3460560025641459,2.7389900546248627,16.991591943631562,2016-01-05T11:08:19.985000Z,154.0704124226611,-0.03458158764022527,10,0.5,6,-1,peak,max mdccm,2016-01-05T11:08:22.995566Z,Taup,0.0,0.0,12,53.85690833333333,-166.41502499999999,us10004bka,pavdut,lts,3,225.0,3.0,52.556,-173.213,2016-01-05T11:07:17.070000Z,2016-01-05T03:07:17.070000Z,476.51049014027376,255.06375469150086,POM,0.10979919468835232,9.107534921711785,19.565699688199153,65.92556593377132
424,215.50044086736904,0.19279860359300047,5.186759558233153,0.7630426505229166,0.1325534629306273,1.2823497444340148,2016-01-05T07:21:32.845000Z,12.54098318514869,-0.06718955258592849,10,0.5,6,-1,peak,max mdccm,2016-01-05T07:21:30.838175Z,Multiple triggers,25.67925651644306,0.0675,12,53.85690833333333,-166.41502499999999,us10004bg7,pavdut,lts,3,40.48,4.6,52.0226,-169.6421,2016-01-05T07:20:49.600000Z,2016-01-04T23:20:49.600000Z,297.8377565490801,228.04142405251773,POM,0.12560905100707198,7.961209737534746,22.526308242459205,40.578175142594866
425,149.10601421200414,0.2550504369697137,3.9207931257876902,0.26256347168207195,2.9329573425176076,34.0659683704244,2016-01-05T01:08:07.485000Z,-24.85183125041874,-0.1284932618322399,10,0.5,6,-1,peak,max mdccm,2016-01-05T01:08:05.495898Z,Multiple triggers,28.585115127979954,0.06799999999999999,12,53.85690833333333,-166.41502499999999,us10004cdw,pavdut,lts,3,29.54,3.0,52.6422,-163.5654,2016-01-05T01:07:32.610000Z,2016-01-04T17:07:32.610000Z,233.32816903723395,124.25418296158539,POM,0.12655717513747378,7.901567010434152,22.705797274953955,32.70589793690226
426,0.9866790805804158,0.03094813214476893,32.312127766619575,0.26809217954158493,0.09834613277849102,51.950412649376744,2016-01-05T02:05:28.625000Z,77.03380308641965,0.09480940447786246,10,0.5,6,-1,peak,max mdccm,2016-01-05T02:05:28.616642Z,Taup,0.0,0.0,12,53.85690833333333,-166.41502499999999,us10004ce5,pavdut,lts,3,7.8,3.0,54.351,-161.679,2016-01-05T02:04:44.330000Z,2016-01-04T18:04:44.330000Z,314.5745322020525,78.02048216700008,POM,0.1257575366226314,7.951809703467421,22.554402550719672,44.28664205317387
427,300.2360818786592,0.9194793785431798,1.0875719709825322,0.26856067425553576,4.4644998450575475,8.800184552544465,2016-01-17T06:13:10.445000Z,110.55831754638234,-0.7980414779950233,10,0.5,6,-1,peak,max mdccm,2016-01-17T06:13:10.438111Z,Taup,0.0,0.0,12,53.85690833333333,-166.41502499999999,ak016s7rxe1,pavdut,lts,3,127.1,3.1,57.8211,-156.403,2016-01-17T06:11:32.253000Z,2016-01-16T22:11:32.253000Z,765.7742035210148,50.79439942504153,POM,0.12143790054815654,8.23466146471667,21.73939998900011,98.18511130519126
428,28.894307819908192,0.16416587344830105,6.0913999907229135,0.2666970850908268,16.356518324001176,60.70944382940458,2016-01-04T08:46:36.725000Z,61.32943562370238,-0.03876010095211668,10,0.5,6,-1,peak,max mdccm,2016-01-04T08:46:36.717329Z,Taup,0.0,0.0,12,53.85690833333333,-166.41502499999999,us10004by5,pavdut,lts,3,15.4,3.5,53.635,-159.403,2016-01-04T08:45:34.430000Z,2016-01-04T00:45:34.430000Z,463.0834395839219,90.22374344361057,POM,0.12540577249618437,7.974114588947062,22.487856073295173,62.28732883064712
429,102.3428220264882,0.08343002000599391,11.986093254300508,0.29114113319725377,3.220145751197294,14.173380278656765,2016-01-04T01:13:00.045000Z,-29.658846031599808,0.041252805216225874,10,0.5,6,-1,peak,max mdccm,2016-01-04T01:12:58.054924Z,Multiple triggers,24.71745495208853,0.06999999999999999,12,53.85690833333333,-166.41502499999999,ak0166mt9m6,pavdut,lts,3,19.2,3.4,55.1235,-157.4973,2016-01-04T01:11:40.942000Z,2016-01-03T17:11:40.942000Z,594.3902327662805,72.68397599488839,POM,0.12468282522221978,8.020350823922376,22.35118969607126,78.45292403033379
430,299.6052260132158,2.2512104723833195,0.4442054673552209,0.2714005960004835,0.17576504563575854,22.98816573856429,2016-01-14T06:58:46.205000Z,120.14872569098651,-2.1284422984240914,10,0.5,6,-1,peak,max mdccm,2016-01-14T06:58:49.207659Z,Taup,0.0,0.0,12,53.85690833333333,-166.41502499999999,ak016n9fpbi,pavdut,lts,3,68.5,3.1,56.8198,-155.7128,2016-01-14T06:57:12.461000Z,2016-01-13T22:57:12.461000Z,753.878629897322,59.753951704202336,POM,0.12276817395922812,8.145433525240056,21.989886735344182,96.74665885712434
431,214.06756122013297,0.2076111851265709,4.816696168803942,0.5137495789698304,0.23102958734349732,2.3258934653381687,2016-01-03T20:03:16.945000Z,28.029999271149762,-0.0827809296147296,10,0.5,6,-1,peak,max mdccm,2016-01-03T20:03:14.946451Z,Multiple triggers,53.57322854763524,0.15,12,53.85690833333333,-166.41502499999999,us10004b1x,pavdut,lts,3,40.3,3.0,51.626,-172.675,2016-01-03T20:02:08.790000Z,2016-01-03T12:02:08.790000Z,490.026275092997,242.09756049128274,POM,0.12483025551184129,8.01087841965637,22.379049097118163,64.6564509208191
432,217.24695708390624,1.4856328840211757,0.67311380271369,0.26912359497330884,0.7895736984363406,37.22286991286717,2016-01-16T20:41:39.045000Z,-161.77775691249107,-1.3628588387712959,10,0.5,6,-1,peak,max mdccm,2016-01-16T20:41:39.052349Z,Taup,0.0,0.0,12,53.85690833333333,-166.41502499999999,ak016qsqp2e,pavdut,lts,3,54.8,3.1,57.5472,-155.0587,2016-01-16T20:39:53.661000Z,2016-01-16T12:39:53.661000Z,822.2793694147447,55.46920017141517,POM,0.12277404524987974,8.145043994964233,21.990993259556408,105.39134919667931
433,359.104648937404,0.11403120293025838,8.76952951738658,0.6045782661259973,1.3935111923958816,9.205910739961297,2016-01-03T09:28:23.185000Z,99.90035561542618,0.011569939659663062,10,0.5,6,-1,peak,max mdccm,2016-01-03T09:28:26.191598Z,Taup,0.0,0.0,12,53.85690833333333,-166.41502499999999,us10004c9w,pavdut,lts,3,28.63,3.2,53.211,-160.9461,2016-01-03T09:27:36.320000Z,2016-01-03T01:27:36.320000Z,369.57994923668514,99.0050045528302,POM,0.12560114258992144,7.9617110113793075,22.524812086052563,49.87159837872396
434,213.50725377095438,0.19973744189348233,5.006572581085165,0.6954565598992962,0.21641020840024305,2.1926701696812074,2016-01-03T02:35:54.025000Z,10.691907398469937,-0.07397990527085094,10,0.5,6,-1,peak,max mdccm,2016-01-03T02:35:52.033020Z,STA/LTA trigger,33.72118381003057,0.1464,12,53.85690833333333,-166.41502499999999,us10004ca1,pavdut,lts,3,9.78,3.5,51.865,-169.4807,2016-01-03T02:35:06.990000Z,2016-01-02T18:35:06.990000Z,302.88202138109096,224.19916116942431,POM,0.1257575366226314,7.951809703467421,22.554402550719672,42.623020272171814
435,220.7716229895857,0.18703029852268144,5.346727283754661,0.6266919740271087,0.26866853390770684,2.484210249509232,2016-01-02T22:14:37.545000Z,4.406094090253077,-0.05796018818286172,10,0.5,6,-1,peak,max mdccm,2016-01-02T22:14:35.551522Z,Multiple triggers,38.376449935718675,0.16482758620689653,12,53.85690833333333,-166.41502499999999,us10004c9n,pavdut,lts,3,25.9,4.0,52.7039,-168.3002,2016-01-02T22:14:09.000000Z,2016-01-02T14:14:09.000000Z,179.64753604014712,225.17771707983877,POM,0.12907011033981972,7.747727164462551,23.1826669923838,25.931521624887473
436,157.31831887024043,0.18492067926167802,5.407724025201732,0.6091096427855258,0.24037964361552877,2.7736369981998337,2016-01-02T21:53:26.825000Z,-20.524300631985483,-0.07924286492874541,10,0.5,6,-1,peak,max mdccm,2016-01-02T21:53:24.816916Z,Multiple triggers,123.35686570097172,0.3028571428571429,12,53.85690833333333,-166.41502499999999,us10004c9m,pavdut,lts,3,55.01,3.9,53.4037,-165.706,2016-01-02T21:53:12.080000Z,2016-01-02T13:53:12.080000Z,68.87947488470077,136.79401823825495,POM,0.10567781433293261,9.462724095045632,18.803125439214746,12.71691612989998
437,258.74969170674916,0.5183986323074302,1.9290174349977098,0.2705016363532753,0.6057682636125666,50.28657472445454,2016-01-01T23:14:26.885000Z,-172.61447779205847,-0.39297408987606963,10,0.5,6,-1,peak,max mdccm,2016-01-01T23:14:24.876359Z,STA/LTA trigger,26.240957299063584,0.064,12,53.85690833333333,-166.41502499999999,us10004bmy,pavdut,lts,3,33.66,3.4,53.9447,-160.2874,2016-01-01T23:13:33.210000Z,2016-01-01T15:13:33.210000Z,402.7713616329001,86.1352139146907,POM,0.12542454243136059,7.9729212530096065,22.491406146854416,53.88635871630512
438,100.34611231861385,1.3859666375899078,0.7215180891647761,0.2679080001783257,3.111917258026261,64.59613247465191,2016-01-01T22:38:09.345000Z,-33.87612894162805,-1.261142941356452,10,0.5,6,-1,peak,max mdccm,2016-01-01T22:38:09.355934Z,Taup,0.0,0.0,12,53.85690833333333,-166.41502499999999,ak01620upih,pavdut,lts,3,9.4,4.0,55.6689,-157.8326,2016-01-01T22:36:50.977000Z,2016-01-01T14:36:50.977000Z,587.6545807753758,66.4699833769858,POM,0.12482369623345577,8.011299378042098,22.377809494056358,78.37893435783937
439,281.48899077781334,0.3715849193914828,2.691174877703934,0.2714899115781816,0.9592152957911348,22.34235785847909,2016-01-01T20:25:09.145000Z,155.77876384849833,-0.24594118402806717,10,0.5,6,-1,peak,max mdccm,2016-01-01T20:25:07.155487Z,STA/LTA trigger,27.87862685646156,0.05499999999999999,12,53.85690833333333,-166.41502499999999,us10004as7,pavdut,lts,3,21.9,3.1,54.467,-160.782,2016-01-01T20:24:16.340000Z,2016-01-01T12:24:16.340000Z,374.06128262044814,77.26775462631166,POM,0.12564373536341564,7.9590120200388075,22.53287020480897,50.705486677414015
440,194.88250083548633,0.1717542607969204,5.8222718630682735,0.5223660400988198,2.761943757241088,24.332144680330686,2015-12-31T23:36:18.745000Z,50.508510956224484,-0.04720024844369575,10,0.5,6,-1,peak,max mdccm,2015-12-31T23:36:18.738043Z,Taup,0.0,0.0,12,53.85690833333333,-166.41502499999999,us10004bv9,pavdut,lts,3,39.66,3.6,51.6156,-173.5178,2015-12-31T23:35:07.790000Z,2015-12-31T15:35:07.790000Z,540.3801241276302,245.3910117917108,POM,0.12455401235322466,8.028645413397719,22.326852924447678,70.9480433715423
441,215.4541998225203,0.16821274022654972,5.94485292049339,0.6628968085629556,0.3116418559331282,2.60166067945363,2015-12-31T22:23:32.085000Z,30.475061337166977,-0.04363279685332558,10,0.5,6,-1,peak,max mdccm,2015-12-31T22:23:30.094655Z,Multiple triggers,28.227344001322603,0.05,12,53.85690833333333,-166.41502499999999,us10004amq,pavdut,lts,3,39.85,5.0,51.6783,-173.489,2015-12-31T22:22:17.350000Z,2015-12-31T14:22:17.350000Z,535.166896192084,245.9292611596873,POM,0.12457994337322414,8.02697426988018,22.33175176208155,70.29465502149675
442,219.80703673339997,0.17736926501586636,5.637955369046301,0.7033865463924835,0.26651155447986685,2.347392435438337,2016-01-11T05:53:59.045000Z,35.20870837165896,-0.0531845151465377,10,0.5,6,-1,peak,max mdccm,2016-01-11T05:53:57.039202Z,Multiple triggers,34.02693210168047,0.11523809523809528,12,53.85690833333333,-166.41502499999999,us10004dvn,pavdut,lts,3,25.8,3.3,51.987,-175.568,2016-01-11T05:52:28.040000Z,2016-01-10T21:52:28.040000Z,649.2748782878541,255.01574510505893,POM,0.12418474986932866,8.052518534298562,22.257111216525892,84.9392016333017
443,219.18212749416756,0.16475346853260728,6.069674944670949,0.6136785849008082,0.34899092107936314,3.3882034728215444,2015-12-30T21:00:17.025000Z,31.401470369799767,-0.04006338765305767,10,0.5,6,-1,peak,max mdccm,2015-12-30T21:00:15.030760Z,Multiple triggers,23.095637228395326,0.03142857142857143,12,53.85690833333333,-166.41502499999999,us10004bcm,pavdut,lts,3,24.7,3.2,51.8499,-174.3709,2015-12-30T20:58:57.000000Z,2015-12-30T12:58:57.000000Z,580.2086221973987,250.58359786396733,POM,0.12469008087954961,8.019884123469277,22.35256064262263,76.39075980150247
444,142.82081073504028,0.13187410083596687,7.582990091768372,0.46706287470379704,0.46984662866023896,3.767503822793145,2015-12-30T20:01:58.665000Z,-76.07442250757158,-0.07152683807288243,10,0.5,6,-1,peak,max mdccm,2015-12-30T20:01:56.659069Z,Multiple triggers,64.70255842387955,0.2644444444444444,12,53.85690833333333,-166.41502499999999,us10004bcl,pavdut,lts,3,104.3,3.2,54.0483,-165.6485,2015-12-30T20:01:41.000000Z,2015-12-30T12:01:41.000000Z,54.645428361953115,66.7463882274687,POM,0.06034726276308445,16.57075986902456,10.606283826412561,16.059068751104046
445,218.27414049522963,0.1900315970075908,5.262282776900807,0.6124672119562306,0.2519795014985662,2.45982300458067,2015-12-30T07:37:34.725000Z,30.73491990330197,-0.06545046915509956,10,0.5,6,-1,peak,max mdccm,2015-12-30T07:37:32.735828Z,Multiple triggers,31.16435383704388,0.08222222222222222,12,53.85690833333333,-166.41502499999999,us10004baw,pavdut,lts,3,54.6,3.0,52.5474,-171.5387,2015-12-30T07:36:39.000000Z,2015-12-29T23:36:39.000000Z,371.9953692305572,249.0090603985316,POM,0.12458112785249126,8.026897951863445,22.331975535699264,49.77582835893869
446,218.6586100547102,0.2035611645835619,4.912528389419288,0.8022976538945412,0.1980547296697832,2.002870510253331,2015-12-29T19:47:13.665000Z,21.34506922053322,-0.07805264525009015,10,0.5,6,-1,peak,max mdccm,2015-12-29T19:47:11.673978Z,Multiple triggers,28.24322040307667,0.07461538461538463,12,53.85690833333333,-166.41502499999999,us10004aaa,pavdut,lts,3,39.5,4.0,52.2362,-170.7616,2015-12-29T19:46:24.780000Z,2015-12-29T11:46:24.780000Z,342.70013410634925,240.00367927524343,POM,0.12550851933347176,7.967586625279474,22.507290331632923,46.223977623307846
447,145.47332088443287,0.18161493866094933,5.506154985779367,0.5378027669551576,0.19047379924148578,2.0143689316535074,2015-12-29T14:37:33.865000Z,-18.97607141986697,-0.05219902081993821,10,0.5,6,-1,peak,max mdccm,2015-12-29T14:37:31.867953Z,Multiple triggers,79.26008031507612,0.22727272727272727,12,53.85690833333333,-166.41502499999999,us10004agu,pavdut,lts,3,10.0,3.1,52.7039,-163.9085,2015-12-29T14:36:59.450000Z,2015-12-29T06:36:59.450000Z,210.73502274133153,126.49724946456588,POM,0.1294159178410111,7.727024748443318,23.24842186785051,30.837952913083786
448,101.87373017158052,0.08818976334310287,11.339184527681441,0.3633926054864842,1.9391233839055753,7.913812925181787,2015-12-29T11:49:01.245000Z,-14.615235577954508,0.03912094503389853,10,0.5,6,-1,peak,max mdccm,2015-12-29T11:48:59.250575Z,Multiple triggers,28.470731414161964,0.08499999999999999,12,53.85690833333333,-166.41502499999999,us10004agt,pavdut,lts,3,36.07,3.3,53.9008,-164.0138,2015-12-29T11:48:36.420000Z,2015-12-29T03:48:36.420000Z,157.98699727383155,87.25849459362601,POM,0.1273107083770014,7.854798804816402,22.84861626498712,23.010575066020976
449,216.91125996357363,0.20322684166848856,4.920609855420764,0.4842636386395771,0.27662599533120735,2.881457076186848,2015-12-29T02:17:51.505000Z,14.858402625063519,-0.07746145698432827,10,0.5,6,-1,peak,max mdccm,2015-12-29T02:17:49.497292Z,Multiple triggers,32.24855990845736,0.06714285714285714,12,53.85690833333333,-166.41502499999999,us10004agz,pavdut,lts,3,24.4,3.4,52.307,-169.539,2015-12-29T02:17:10.000000Z,2015-12-28T18:17:10.000000Z,271.2006491042483,231.76966258863715,POM,0.1257653846841603,7.95131349147733,22.555887606952865,37.65729196122677
450,133.37203019127537,0.16340782816874577,6.119657859765039,0.5523915460134189,0.1750028324032069,1.8804009340117318,2015-12-28T18:04:52.325000Z,-31.27969126001645,-0.044506004081542,10,0.5,6,-1,peak,max mdccm,2015-12-28T18:04:50.317223Z,Multiple triggers,74.19473092201419,0.18095238095238098,12,53.85690833333333,-166.41502499999999,us10004bc9,pavdut,lts,3,53.5,3.3,53.6405,-164.8007,2015-12-28T18:04:32.000000Z,2015-12-28T10:04:32.000000Z,109.18432158982083,102.09233893125892,POM,0.11890182408720378,8.410299906472336,21.26306570087283,17.217223442833514
451,73.56488791272636,0.5676975705719395,1.761501284905144,0.23132721975290016,0.8040502404024383,57.54655546546388,2015-12-28T07:54:41.005000Z,165.20261496811588,-0.44273478202224886,10,0.5,6,-1,peak,max mdccm,2015-12-28T07:54:39.010176Z,Multiple triggers,32.039835952954355,0.055,12,53.85690833333333,-166.41502499999999,us10004bjg,pavdut,lts,3,50.84,4.0,52.5548,-169.8064,2015-12-28T07:54:06.220000Z,2015-12-27T23:54:06.220000Z,268.9325077784311,238.76750288084227,POM,0.12496278854969062,8.002382241993237,22.404098176442712,36.920176073630074
452,133.94457696813262,0.1652744990885059,6.050540195341881,0.5642929471710358,0.31101003743475175,3.372049576067468,2015-12-28T03:22:14.865000Z,-28.096783548665314,-0.042418132148798235,10,0.5,6,-1,peak,max mdccm,2015-12-28T03:22:12.873557Z,Multiple triggers,39.26554245628127,0.17823529411764702,12,53.85690833333333,-166.41502499999999,us10004bcd,pavdut,lts,3,45.6,3.6,53.5728,-164.7982,2015-12-28T03:21:54.000000Z,2015-12-27T19:21:54.000000Z,111.32988726248067,105.84779341946732,POM,0.12285636693970765,8.139586290149332,22.006508805600717,17.2235566555405
453,54.174426524837145,0.18567463921439273,5.38576514396956,0.2633322332207141,0.8740514848328826,60.566692001863856,2016-01-04T10:56:03.145000Z,-3.626495611904147,-0.06476405828303296,10,0.5,6,-1,peak,max mdccm,2016-01-04T10:56:03.154662Z,Taup,0.0,0.0,12,53.85690833333333,-166.41502499999999,ak0166sfcez,pavdut,lts,3,135.9,3.1,57.9462,-156.1201,2016-01-04T10:54:22.353000Z,2016-01-04T02:54:22.353000Z,787.3309638756554,50.54793091293298,POM,0.12091058093135977,8.270574769363602,21.64022822182917,100.80166196703858
454,110.13729014965566,0.08720194028761202,11.467634741862055,0.5060326064848706,1.3164426150583415,6.7584660084500285,2016-01-03T20:35:06.405000Z,-59.51978696058494,0.0353648587110572,10,0.5,6,-1,peak,max mdccm,2016-01-03T20:35:04.409092Z,Multiple triggers,30.058212850885567,0.10222222222222223,12,53.85690833333333,-166.41502499999999,ak0165apsta,pavdut,lts,3,83.6,3.5,58.5487,-154.1077,2016-01-03T20:33:07.827000Z,2016-01-03T12:33:07.827000Z,923.220564838255,50.61750318907072,POM,0.12256679899866922,8.158816320322256,21.951940117285844,117.40209197487252
455,215.29864371491698,0.20042004816113215,4.989520804805055,0.5664704382316836,0.2179248333631585,2.3165623041804224,2015-12-26T04:05:05.005000Z,8.137328734705534,-0.07472416976977453,10,0.5,6,-1,peak,max mdccm,2015-12-26T04:05:02.996426Z,Multiple triggers,52.82347512732719,0.28400000000000003,12,53.85690833333333,-166.41502499999999,us100049lw,pavdut,lts,3,42.07,3.8,52.7278,-168.1561,2015-12-26T04:04:38.140000Z,2015-12-25T20:04:38.140000Z,171.07384035190043,223.4359724496225,POM,0.12569587839135762,7.955710344665973,22.542735774609024,24.63642552175316
456,213.4306086029453,0.1662697098303935,6.014324563506297,0.4297240269537572,0.47727222491397026,4.983326411045937,2015-12-25T07:12:12.245000Z,41.086444020319476,-0.05156967829572498,10,0.5,6,-1,peak,max mdccm,2015-12-25T07:12:12.241325Z,Taup,0.0,0.0,12,53.85690833333333,-166.41502499999999,us10004a5u,pavdut,lts,3,186.2,4.0,52.464,-173.419,2015-12-25T07:11:05.710000Z,2015-12-24T23:11:05.710000Z,493.2157855795004,254.5170526232648,POM,0.11470003153466851,8.718393418207093,20.47722919506156,66.53132512261327
457,359.32364155740083,0.5322401146160264,1.8788512412699845,0.2535625757519119,4.779517758008604,45.48843385643502,2015-12-26T04:34:31.005000Z,-101.92430138524225,-0.40947414987622077,10,0.5,6,-1,peak,max mdccm,2015-12-26T04:34:34.015262Z,Taup,0.0,0.0,12,53.85690833333333,-166.41502499999999,us10004aaw,pavdut,lts,3,46.57,3.3,51.3601,-179.2159,2015-12-26T04:32:37.770000Z,2015-12-25T20:32:37.770000Z,909.1046309521707,257.3993401721586,POM,0.12276596473980558,8.145580105360915,21.98947038026877,116.2452620377889
458,241.08539404749058,0.6563882985066074,1.5234884629649346,0.27086937711781645,0.6660750385367264,68.53995388994588,2016-02-06T12:55:42.025000Z,16.047957679503668,-0.5336094493299725,10,0.5,6,-1,peak,max mdccm,2016-02-06T12:55:45.018566Z,Taup,0.0,0.0,12,53.85690833333333,-166.41502499999999,us10004rdy,pavdut,lts,3,31.5,3.3,51.3487,-179.1043,2016-02-06T12:53:49.120000Z,2016-02-06T04:53:49.120000Z,902.4349633886794,257.13335172699425,POM,0.12277884917663492,8.144725306566093,21.991898631011093,115.8985657440493
459,213.71837983952724,0.1752303852542292,5.706772821101612,0.5273005340985544,0.3084529499926627,2.422208063655887,2015-12-22T21:03:32.205000Z,25.586240806352805,-0.08028852518264538,10,0.5,6,-1,peak,max mdccm,2015-12-22T21:03:30.211937Z,Multiple triggers,67.03375063198935,0.2193939393939394,12,53.85690833333333,-166.41502499999999,us100049c1,pavdut,lts,3,97.0,3.8,53.3695,-167.7663,2015-12-22T21:03:09.000000Z,2015-12-22T13:03:09.000000Z,104.59450119643216,239.30462064588005,POM,0.09494186007158383,10.53276183177815,16.832374325449347,19.35193687181879
460,99.8920131391003,0.08604348585390639,11.622030303350382,0.5527554804373154,1.1002074516258693,5.065511600623353,2015-12-22T17:06:04.605000Z,-18.963716299296493,0.04010976252307272,10,0.5,6,-1,peak,max mdccm,2015-12-22T17:06:02.614101Z,Multiple triggers,29.789086095297286,0.08888888888888889,12,53.85690833333333,-166.41502499999999,us100049bw,pavdut,lts,3,24.62,3.0,54.1632,-162.4491,2015-12-22T17:05:24.660000Z,2015-12-22T09:05:24.660000Z,262.1957046997123,80.92829683980379,POM,0.1261532483769791,7.926866829554295,22.629301400440394,36.51410137070865
461,14.350748425105962,0.06463438486734507,15.471641016656836,0.39757754805325646,43.55887948135184,85.42097478502282,2015-12-22T15:09:07.845000Z,-123.49108099434693,0.05957548569308345,10,0.5,6,-1,peak,max mdccm,2015-12-22T15:09:10.854528Z,Taup,0.0,0.0,12,53.85690833333333,-166.41502499999999,us100048x2,pavdut,lts,3,25.0,3.4,51.6056,-175.2758,2015-12-22T15:07:46.000000Z,2015-12-22T07:07:46.000000Z,648.3200331803806,250.85966743075903,POM,0.12420987056042852,8.050889961385932,22.26185459784884,84.8545283305001
462,90.0469713126248,0.0562561671358926,17.775828871959877,0.7591262827351482,2.4711180004012716,8.075392259702028,2015-12-22T11:24:18.985000Z,-16.19853404133343,0.06904142388550169,10,0.5,6,-1,peak,max mdccm,2015-12-22T11:24:18.981068Z,Taup,0.0,0.0,12,53.85690833333333,-166.41502499999999,us100049bz,pavdut,lts,3,17.3,3.3,54.8545,-159.1395,2015-12-22T11:23:14.000000Z,2015-12-22T03:23:14.000000Z,485.6365712068086,73.84843727129137,POM,0.1252975910213943,7.980999409870954,22.467396818135615,64.98106840740373
463,216.4602186123018,0.7219993601736637,1.3850427786521422,0.2704318406417321,1.3406090824362689,89.86495290066239,2016-01-17T14:42:17.905000Z,49.54372017796811,-0.601995559895181,10,0.5,6,-1,peak,max mdccm,2016-01-17T14:42:15.903514Z,Multiple triggers,32.704949378921384,0.05499999999999999,12,53.85690833333333,-166.41502499999999,us10004gjh,pavdut,lts,3,145.7,4.5,52.4502,179.7385,2016-01-17T14:40:20.000000Z,2016-01-17T06:40:20.000000Z,937.8768742448469,266.0039387902699,POM,0.12000380027848272,8.333069433462809,21.469850995690006,118.89351432000763
464,226.75171819087882,0.19295180052164343,5.182641453961606,0.6383800678638637,0.25295230738743557,2.435852293419998,2015-12-21T09:27:02.285000Z,-0.6373856635232755,-0.06550713567804653,10,0.5,6,-1,peak,max mdccm,2015-12-21T09:27:00.291108Z,Multiple triggers,30.043870920488494,0.08105263157894738,12,53.85690833333333,-166.41502499999999,us10004994,pavdut,lts,3,11.1,3.8,52.19,-169.1799,2015-12-21T09:26:20.000000Z,2015-12-21T01:26:20.000000Z,262.32064285546886,226.11433252735554,POM,0.1274446648435969,7.846542664043438,22.874021041241868,37.37110772305981
465,175.88832652951106,1.3403879548560467,0.7460526606324187,0.2714168526126613,0.9647653910413836,43.42012181953271,2015-12-21T06:52:18.505000Z,61.65926693840234,-1.2149018510729916,10,0.5,6,-1,peak,max mdccm,2015-12-21T06:52:21.497759Z,Taup,0.0,0.0,12,53.85690833333333,-166.41502499999999,us1000498w,pavdut,lts,3,35.43,3.7,51.9495,-171.0374,2015-12-21T06:51:30.960000Z,2015-12-20T22:51:30.960000Z,376.4371131782027,237.5475934679134,POM,0.12548610378305503,7.96900987322737,22.503050264150737,50.537759191127705
466,92.70550944860798,0.13596910690215627,7.354611814282215,0.4975684869745086,1.8204631789907206,14.942303199040992,2015-12-20T09:11:17.705000Z,4.3203283330693125,-0.010401097598070591,10,0.5,6,-1,peak,max mdccm,2015-12-20T09:11:20.713587Z,Taup,0.0,0.0,12,53.85690833333333,-166.41502499999999,us10004a5a,pavdut,lts,3,29.31,3.2,53.3079,-160.7815,2015-12-20T09:10:29.810000Z,2015-12-20T01:10:29.810000Z,377.9750916167346,97.02583778167728,POM,0.12556800930408568,7.963811846202951,22.518543930988407,50.903586725845514
467,160.51972376446176,0.8271671899990884,1.2089454370175177,0.25912365184402686,1.1900114248433937,31.483457333258073,2015-12-20T01:44:40.605000Z,51.02362508694824,-0.7014235721712927,10,0.5,6,-1,peak,max mdccm,2015-12-20T01:44:40.611807Z,Taup,0.0,0.0,12,53.85690833333333,-166.41502499999999,us1000491v,pavdut,lts,3,23.52,4.0,51.4828,-168.7264,2015-12-20T01:43:58.420000Z,2015-12-19T17:43:58.420000Z,306.9554836982087,211.54334885141,POM,0.12574361782779572,7.9526899040672365,22.551768794040882,42.19180741965499
468,216.32665832242435,0.15326657460751483,6.524579821535132,0.6096723257907881,0.49599049089867986,3.938758145827677,2016-01-12T03:15:02.365000Z,35.92027290520798,-0.03043450213418178,10,0.5,6,-1,peak,max mdccm,2016-01-12T03:15:00.372657Z,Multiple triggers,31.70774271523192,0.07120000000000001,12,53.85690833333333,-166.41502499999999,us10004dw5,pavdut,lts,3,63.7,3.9,51.8261,-175.047,2016-01-12T03:13:36.000000Z,2016-01-11T19:13:36.000000Z,623.5058642883763,252.24693122763233,POM,0.12283207247333305,8.141196186501704,22.001929739651587,80.81265704293631
469,218.9180398243244,0.15724406303689023,6.3595405809718555,0.39076826966323797,0.5468856449391244,5.61222809085848,2015-12-19T20:22:15.725000Z,34.7291539672205,-0.039025951368608786,10,0.5,6,-1,peak,max mdccm,2015-12-19T20:22:13.725024Z,Multiple triggers,39.61060912055615,0.10125,12,53.85690833333333,-166.41502499999999,us100048f3,pavdut,lts,3,140.57,4.2,52.5825,-172.6307,2015-12-19T20:21:14.050000Z,2015-12-19T12:21:14.050000Z,438.56320106833016,253.6471937915449,POM,0.11821811166828144,8.458940731569013,21.13491343520363,58.96502383784579
470,142.20663713138887,0.5113288984574967,1.955688409195443,0.2729003724879476,0.6691960677293739,12.668242691135433,2015-12-18T06:53:49.185000Z,101.1752393575789,-0.38644113737491603,10,0.5,6,-1,peak,max mdccm,2015-12-18T06:53:49.183529Z,Taup,0.0,0.0,12,53.85690833333333,-166.41502499999999,us10004886,pavdut,lts,3,12.4,3.8,51.314,-173.771,2015-12-18T06:52:32.920000Z,2015-12-17T22:52:32.920000Z,572.8748196832835,243.38187648896775,POM,0.12488776108258069,8.007189746469718,22.38991724131137,76.26352896126045
471,109.4796314982882,0.09373359443459885,10.668533582137773,0.6225225593304409,0.8273788185184134,4.925895455552222,2015-12-22T07:43:48.985000Z,-62.24702665466799,0.024108227233395632,10,0.5,6,-1,peak,max mdccm,2015-12-22T07:43:46.983224Z,Multiple triggers,49.68020810523127,0.1376470588235294,12,53.85690833333333,-166.41502499999999,ak015gcvqlob,pavdut,lts,3,185.8,3.2,58.277,-156.571,2015-12-22T07:42:07.315000Z,2015-12-21T23:42:07.315000Z,784.9076682867765,47.23260484362021,POM,0.11784182166799448,8.485951641322915,21.06443046415824,100.58822438504895
472,109.16036479268234,0.10922017147381476,9.155817890651704,0.4876132176843954,0.47313449327605106,3.2381029109531596,2015-12-16T05:44:32.825000Z,-26.68875320238277,0.019526881024355333,10,0.5,6,-1,peak,max mdccm,2015-12-16T05:44:30.816477Z,Multiple triggers,31.99527725138975,0.09515151515151515,12,53.85690833333333,-166.41502499999999,us100049fb,pavdut,lts,3,28.2,3.0,54.0345,-163.7537,2015-12-16T05:44:03.000000Z,2015-12-15T21:44:03.000000Z,175.84921654942383,82.47161159029959,POM,0.1287470524981701,7.767168106735594,23.12126712265842,25.39647726141628
473,214.1864526660217,0.14672804992494276,6.815329451400327,0.6076061507250965,0.5243292759019575,4.723994994713422,2016-01-07T02:54:04.985000Z,38.40194332313408,-0.023120882507587648,10,0.5,6,-1,peak,max mdccm,2016-01-07T02:54:02.983888Z,Multiple triggers,32.62372125003367,0.060000000000000005,12,53.85690833333333,-166.41502499999999,us10004bys,pavdut,lts,3,44.42,5.1,51.775,-175.3586,2016-01-07T02:52:35.740000Z,2016-01-06T18:52:35.740000Z,645.4174054323684,252.58839598915577,POM,0.12360716741735511,8.090145748777951,22.148094200085463,83.88388760857936
474,212.21435608506522,0.19476146748930576,5.134485855395957,0.6642164898030942,0.23906062965240427,2.261273496430391,2015-12-14T21:12:25.145000Z,9.859859402416248,-0.07017373150425421,10,0.5,6,-1,peak,max mdccm,2015-12-14T21:12:23.144652Z,Multiple triggers,33.91911946367086,0.13272727272727272,12,53.85690833333333,-166.41502499999999,us20004h58,pavdut,lts,3,46.67,5.2,52.835,-167.9241,2015-12-14T21:12:01.830000Z,2015-12-14T13:12:01.830000Z,151.76817847702625,222.07421548748147,POM,0.12458773598505155,8.026472205257694,22.333223960702966,22.254651840858852
475,153.85313760064574,0.1721772365377734,5.807968696144181,0.30657742727883786,1.732815801665656,18.52681391532954,2015-12-13T20:51:26.865000Z,97.52323885113503,-0.04906890619316816,10,0.5,6,-1,peak,max mdccm,2015-12-13T20:51:26.871720Z,Taup,0.0,0.0,12,53.85690833333333,-166.41502499999999,us1000487k,pavdut,lts,3,64.4,3.3,51.9337,-174.3559,2015-12-13T20:50:12.000000Z,2015-12-13T12:50:12.000000Z,575.2815614911307,251.3763764517808,POM,0.12310833034460524,8.122927158550496,22.05400806389609,74.87172034303299
476,340.93080232984033,1.0243165545202564,0.9762607033802698,0.25633393350923067,1.7764085199910506,52.46069518740873,2016-01-04T12:17:04.025000Z,-83.18644477972913,-0.9018715982330501,10,0.5,6,-1,peak,max mdccm,2016-01-04T12:17:04.029996Z,Taup,0.0,0.0,12,53.85690833333333,-166.41502499999999,us10004bb5,pavdut,lts,3,93.64,4.1,51.82,-177.5827,2016-01-04T12:15:23.590000Z,2016-01-04T04:15:23.590000Z,784.9968401292589,257.7443575501112,POM,0.12244495628720636,8.166935007550693,21.928985285686363,100.43999644207618
477,215.42834501514903,0.19841453864894476,5.03995325548851,0.6583600992424373,0.27501029222386997,2.704451602511938,2015-12-12T06:56:09.445000Z,-3.1368461979243705,-0.07150798459392171,10,0.5,6,-1,peak,max mdccm,2015-12-12T06:56:07.453028Z,Multiple triggers,36.86135711108827,0.18333333333333335,11,53.85690833333333,-166.41502499999999,us20004hjy,pavdut,lts,3,32.4,3.8,52.259,-168.049,2015-12-12T06:55:36.960000Z,2015-12-11T22:55:36.960000Z,208.85159732199278,212.29149881722466,POM,0.12690655405502305,7.879813674291626,22.771997327631755,29.533027610847526
478,82.15856098548011,0.10712485260303362,9.334901992403596,0.26431100206682234,0.13325535074324646,46.877705445723535,2015-12-20T01:12:22.485000Z,-177.46674634878002,0.004439118152889429,10,0.5,6,-1,peak,max mdccm,2015-12-20T01:12:25.481884Z,Taup,0.0,0.0,12,53.85690833333333,-166.41502499999999,us100048ez,pavdut,lts,3,250.91,4.5,52.9272,-176.0274,2015-12-20T01:10:59.850000Z,2015-12-19T17:10:59.850000Z,647.2819238423114,264.6918146367001,POM,0.11156397075592304,8.963467266576373,19.893331529020383,85.63188361978953
479,142.96682456811766,0.09889073088964358,10.112171191412703,0.31947149452489165,4.44758703054791,10.362176657084134,2016-01-03T18:53:25.145000Z,-79.41209385786314,0.023977839024766093,10,0.5,6,-1,peak,max mdccm,2016-01-03T18:53:28.141368Z,Taup,0.0,0.0,12,53.85690833333333,-166.41502499999999,ak01659mw4z,pavdut,lts,3,47.0,3.0,56.3062,-155.9585,2016-01-03T18:51:55.076000Z,2016-01-03T10:51:55.076000Z,720.4048939695138,63.55473071025452,POM,0.12286856991440967,8.138777888410361,22.00880890064224,93.0653682865773
480,109.83487667452891,0.09340725929769467,10.705806031766103,0.39486200099165036,0.9263361108127306,5.378008710526444,2015-12-10T11:44:48.845000Z,-57.210054048399485,0.018561634421868853,10,0.5,6,-1,peak,max mdccm,2015-12-10T11:44:46.852805Z,Multiple triggers,31.560278089881272,0.10400000000000002,12,53.85690833333333,-166.41502499999999,us100048ip,pavdut,lts,3,186.0,3.8,55.9756,-161.214,2015-12-10T11:43:50.000000Z,2015-12-10T03:43:50.000000Z,408.3237873778672,52.624822626129436,POM,0.11196889371956352,8.931051891113551,19.96860102306966,56.89280465968224
481,216.09132277241002,0.16270288388057164,6.14617255791254,0.6094471820879971,0.3004930853802277,2.426690708357654,2015-12-31T21:23:33.265000Z,35.755052407241436,-0.03877623787422596,10,0.5,6,-1,peak,max mdccm,2015-12-31T21:23:31.265702Z,Multiple triggers,38.52779661996741,0.07230769230769231,12,53.85690833333333,-166.41502499999999,us10004am7,pavdut,lts,3,35.0,4.1,51.6856,-175.3806,2015-12-31T21:22:01.870000Z,2015-12-31T13:22:01.870000Z,650.9872800054662,251.84637517965146,POM,0.12392664600634568,8.069289634037178,22.20838439490595,84.81570178258455
482,216.76771687208435,0.15403416655570965,6.492066158830608,0.5080653452674979,0.5898531275616463,4.185217760475609,2015-12-08T06:23:56.165000Z,38.038772146577514,-0.052148674927504954,10,0.5,6,-1,peak,max mdccm,2015-12-08T06:23:54.162729Z,Multiple triggers,29.690322035316296,0.09684210526315791,12,53.85690833333333,-166.41502499999999,ak015fppi8et,pavdut,lts,3,210.3,3.0,53.0318,-170.9309,2015-12-08T06:23:05.491000Z,2015-12-07T22:23:05.491000Z,313.73474777905074,254.80648901866186,POM,0.10188549162820469,9.814940125618167,18.10447995458891,47.89172946500423
483,44.865384413407185,0.9073014109019168,1.102169563481594,0.2867739120550018,39.665130931037275,85.88883167524901,2015-12-17T03:31:36.985000Z,-144.00013065331336,-0.7927520814593476,10,0.5,6,-1,peak,max mdccm,2015-12-17T03:31:39.992427Z,Taup,0.0,0.0,12,53.85690833333333,-166.41502499999999,us10004804,pavdut,lts,3,220.3,3.0,52.505,-176.121,2015-12-17T03:30:12.910000Z,2015-12-16T19:30:12.910000Z,665.5400200253285,260.8652537600938,POM,0.11454932944256921,8.729863412263473,20.449119905408136,87.08242668993891
484,217.46129565472535,0.15333567945171778,6.521639344317636,0.5564058367734478,0.3943115416243339,2.9455083928990575,2015-12-27T20:07:46.125000Z,33.51573725156584,-0.03014117923407178,10,0.5,6,-1,peak,max mdccm,2015-12-27T20:07:44.116974Z,STA/LTA trigger,21.623294161829392,0.035,12,53.85690833333333,-166.41502499999999,us10004aj4,pavdut,lts,3,50.2,3.5,51.553,-175.491,2015-12-27T20:06:13.100000Z,2015-12-27T12:06:13.100000Z,664.2882531076611,250.97703290629119,POM,0.123194500217646,8.117245479573471,22.07025616603266,86.08697408949162
485,219.69486877867052,0.16425683366519425,6.088026766900343,0.6703942287514232,0.3776488503113238,3.076634779805545,2015-12-07T04:31:08.465000Z,19.606977302408694,-0.0395077126268093,10,0.5,6,-1,peak,max mdccm,2015-12-07T04:31:06.473889Z,Multiple triggers,28.121595480554717,0.0776,12,53.85690833333333,-166.41502499999999,us20004gqg,pavdut,lts,3,51.3,3.0,51.9823,-171.2561,2015-12-07T04:30:12.000000Z,2015-12-06T20:30:12.000000Z,386.5865754015514,239.30184608107922,POM,0.12474912103838495,8.016088543760583,22.363716701623137,51.61388864697313
486,199.47367855099037,0.17353484827323967,5.762531329877027,0.5743534482576995,0.3970897943455256,3.7614055918497797,2015-12-07T01:02:13.165000Z,-5.551427836777918,-0.0455073058762252,10,0.5,6,-1,peak,max mdccm,2015-12-07T01:02:11.161023Z,Multiple triggers,30.49282400640068,0.11444444444444445,12,53.85690833333333,-166.41502499999999,us20004g5f,pavdut,lts,3,33.99,3.0,52.5825,-166.9332,2015-12-07T01:01:48.750000Z,2015-12-06T17:01:48.750000Z,145.99057255018602,193.92225071421245,POM,0.12802754239701447,7.810819307137769,22.98461891224462,21.49102300354869
487,223.55438048599262,0.16768949957269016,5.963402613450578,0.7551716357746681,0.2370577882601559,1.9871237446452596,2015-12-15T11:28:30.245000Z,24.77005518423374,-0.04397799524623677,10,0.5,6,-1,peak,max mdccm,2015-12-15T11:28:28.236955Z,Multiple triggers,24.596282367378926,0.042222222222222223,12,53.85690833333333,-166.41502499999999,us20004hal,pavdut,lts,3,47.66,4.6,51.5346,-174.6196,2015-12-15T11:27:06.700000Z,2015-12-15T03:27:06.700000Z,611.4575367644891,248.32443567022636,POM,0.12371150432645339,8.083322609683671,22.16778122903618,79.61695495749589
488,112.0214224525227,0.06422377200902152,15.570558513123924,0.50557857811529,2.9873810982943247,11.254339244810495,2015-12-05T20:42:18.405000Z,-18.37274207849248,0.061506555318328715,10,0.5,6,-1,peak,max mdccm,2015-12-05T20:42:16.401076Z,Multiple triggers,32.48093546257111,0.14857142857142858,12,53.85690833333333,-166.41502499999999,us20004h7p,pavdut,lts,3,10.0,3.5,53.5448,-161.197,2015-12-05T20:41:28.040000Z,2015-12-05T12:41:28.040000Z,346.2910740758597,93.64868037403022,POM,0.12573032732735023,7.953530554298248,22.5492539720593,48.06107643506909
489,137.18524732934574,0.16404458840982175,6.0959036179954085,0.5277460069401606,0.36426127449903234,3.8777906411201,2015-12-05T11:42:24.385000Z,-33.02949799407679,-0.03454163719627645,10,0.5,6,-1,peak,max mdccm,2015-12-05T11:42:22.381771Z,Multiple triggers,39.14963003076259,0.12666666666666668,12,53.85690833333333,-166.41502499999999,us20004h7m,pavdut,lts,3,14.56,3.5,53.3814,-163.4982,2015-12-05T11:41:52.270000Z,2015-12-05T03:41:52.270000Z,200.12217928772654,104.15574933526895,POM,0.1295029512135453,7.721831746915474,23.264976261330986,29.111770918919564
490,139.20633820257936,0.16286681365347497,6.139986272020148,0.5926549650475963,0.35719438296680117,3.840321980595803,2015-12-05T08:55:12.745000Z,-37.27135746834108,-0.03459026310157334,10,0.5,6,-1,peak,max mdccm,2015-12-05T08:55:10.747470Z,Multiple triggers,29.225956078912418,0.05923076923076923,12,53.85690833333333,-166.41502499999999,us20004h7k,pavdut,lts,3,27.4,3.1,53.4566,-163.52,2015-12-05T08:54:43.000000Z,2015-12-05T00:54:43.000000Z,196.50355559741485,101.93498073423827,POM,0.12827655055190162,7.795657083836167,23.031894457065672,28.067470425787747
491,140.39207488145945,0.17351419507455543,5.7632172374734,0.6119799019903558,0.3072221429883255,3.6228430484480327,2015-12-05T03:07:40.145000Z,-40.24418569215561,-0.04553466939263595,10,0.5,6,-1,peak,max mdccm,2015-12-05T03:07:38.151338Z,Multiple triggers,48.248091003223536,0.09619047619047619,12,53.85690833333333,-166.41502499999999,us20004h78,pavdut,lts,3,30.63,3.5,53.531,-163.6572,2015-12-05T03:07:11.350000Z,2015-12-04T19:07:11.350000Z,185.73383105717247,100.14788918930383,POM,0.12797952568191948,7.813749853124175,22.975504582938314,26.62133811084615
492,90.21417373122972,0.1282228402101106,7.7989225504704445,0.3097800343843118,10.490856435505055,48.10096052403742,2015-12-12T22:38:31.145000Z,-28.069516296991566,-0.005446336278162808,10,0.5,6,-1,peak,max mdccm,2015-12-12T22:38:31.138668Z,Taup,0.0,0.0,12,53.85690833333333,-166.41502499999999,ak015fwl9ff2,pavdut,lts,3,41.3,4.6,56.7604,-154.4195,2015-12-12T22:36:44.948000Z,2015-12-12T14:36:44.948000Z,826.0734035401537,62.14465743423815,POM,0.12277650393194779,8.144880884980054,21.99145663404284,106.19066819739511
493,152.57794826057108,0.18885156376617754,5.295163990477348,0.4262548200161746,0.24879138731811512,2.850108996911132,2015-12-04T22:00:19.045000Z,-23.47675487472145,-0.08558966252049754,10,0.5,6,-1,peak,max mdccm,2015-12-04T22:00:17.041309Z,Multiple triggers,65.12356598790416,0.15851851851851853,12,53.85690833333333,-166.41502499999999,us20004h5t,pavdut,lts,3,59.05,3.5,53.4535,-165.5893,2015-12-04T22:00:03.760000Z,2015-12-04T14:00:03.760000Z,70.6844516850538,129.10119338584963,POM,0.10326190124568,9.684113772230544,18.357722852836567,13.18130858131329
494,218.2526842319097,0.16020158465709497,6.242135507838201,0.37118753681213335,0.4981620959276478,4.811260753891673,2015-12-23T18:37:24.045000Z,30.059976949324152,-0.037428184865029135,10,0.5,6,-1,peak,max mdccm,2015-12-23T18:37:22.055857Z,Multiple triggers,33.769230846133055,0.12000000000000001,12,53.85690833333333,-166.41502499999999,us10004b5t,pavdut,lts,3,25.39,4.2,50.2622,-178.1578,2015-12-23T18:35:25.200000Z,2015-12-23T10:35:25.200000Z,897.7602505219639,248.31266118123386,POM,0.12277339979206583,8.14508681598491,21.990871613870585,115.58585727183346
495,59.15810334643271,0.32826056244288426,3.046360466082474,0.3143944399636747,0.7137725527562016,15.520401554341305,2015-12-11T15:51:29.625000Z,6.418996019208748,-0.20547181109044718,10,0.5,6,-1,peak,max mdccm,2015-12-11T15:51:29.634674Z,Taup,0.0,0.0,11,53.85690833333333,-166.41502499999999,ak015futmtk2,pavdut,lts,3,7.1,3.2,56.3752,-153.91,2015-12-11T15:49:39.226000Z,2015-12-11T07:49:39.226000Z,844.3118563182727,65.57709936564147,POM,0.12278875135243708,8.144068483355843,21.993764861564095,110.40867406293269
496,121.74100244637006,0.08397422402292676,11.908416084047156,0.4310630661467004,1.3141154441874168,6.486097683584148,2015-12-04T04:05:40.785000Z,-18.739074726758076,0.041772592192600294,10,0.5,6,-1,peak,max mdccm,2015-12-04T04:05:38.791243Z,Multiple triggers,31.720994848426262,0.16399999999999998,12,53.85690833333333,-166.41502499999999,us20004h5r,pavdut,lts,3,10.0,3.2,53.1315,-161.8282,2015-12-04T04:04:53.780000Z,2015-12-03T20:04:53.780000Z,314.87924351359305,103.00192771961197,POM,0.12574681621552705,7.952487626295236,22.552373998242768,44.111243126652454
497,215.55996103282808,0.20981693342509672,4.76605955332482,0.6196310900207729,0.25074765676362043,2.7016967038766495,2015-12-03T10:51:23.705000Z,19.618919912226943,-0.08553369966274038,10,0.5,6,-1,peak,max mdccm,2015-12-03T10:51:21.700076Z,Multiple triggers,35.565561871302755,0.11925925925925927,12,53.85690833333333,-166.41502499999999,us1000430f,pavdut,lts,3,56.76,4.3,52.5292,-169.4529,2015-12-03T10:50:47.900000Z,2015-12-03T02:50:47.900000Z,251.08152189719073,235.17888094505503,POM,0.12428323376235634,8.046137598190546,22.27570822802075,34.72007606058817
498,73.83503545035461,1.2665727885299611,0.789532199851414,0.27570799615683006,23.298453170260235,79.20413843615378,2015-12-03T09:40:56.185000Z,3.990859868465236,-1.1409390968351123,10,0.5,6,-1,peak,max mdccm,2015-12-03T09:40:59.183746Z,Taup,0.0,0.0,12,53.85690833333333,-166.41502499999999,us100044pm,pavdut,lts,3,23.74,3.5,54.4339,-160.7832,2015-12-03T09:40:08.640000Z,2015-12-03T01:40:08.640000Z,373.47863752319574,77.82589531881985,POM,0.12563369169484873,7.959648295848034,22.53097000269555,50.543746255225784
499,101.44182490139156,0.09299558139967853,10.753199076224677,0.3631462646208523,1.8787348215381323,11.674320797751932,2015-12-03T04:40:23.885000Z,-28.701360618405374,0.032635482069671345,10,0.5,6,-1,peak,max mdccm,2015-12-03T04:40:23.886083Z,Taup,0.0,0.0,12,53.85690833333333,-166.41502499999999,us20004h94,pavdut,lts,3,13.9,3.0,54.7695,-160.5437,2015-12-03T04:39:30.000000Z,2015-12-02T20:39:30.000000Z,395.2590069930738,72.74046428298617,POM,0.12563106346934988,7.959814813188852,22.530472762442376,53.88608345558795
500,210.77573516829267,0.14017646111963197,7.133865358082921,0.34582659417291095,0.8789749470767223,6.7739417898621355,2015-12-02T18:36:58.845000Z,47.96086578172344,-0.026713996676343804,10,0.5,6,-1,peak,max mdccm,2015-12-02T18:36:56.852214Z,Multiple triggers,25.32079167414635,0.06333333333333334,12,53.85690833333333,-166.41502499999999,us100042sb,pavdut,lts,3,214.02,4.3,52.5851,-174.5751,2015-12-02T18:35:39.330000Z,2015-12-02T10:35:39.330000Z,562.7661426586576,258.7366009500161,POM,0.11346246444328817,8.813487393443927,20.246547082298854,75.22221431551436
501,17.590535929024554,0.20791515314344916,4.809654250212629,0.26459063052541115,3.380352604313131,26.685448178577815,2015-12-11T14:01:22.085000Z,48.51737107505676,-0.08512640179101208,10,0.5,6,-1,peak,max mdccm,2015-12-11T14:01:22.081269Z,Taup,0.0,0.0,11,53.85690833333333,-166.41502499999999,ak015fusi2vs,pavdut,lts,3,3.9,3.0,56.3096,-153.8619,2015-12-11T13:59:31.120000Z,2015-12-11T05:59:31.120000Z,845.4491781221395,66.10790700408133,POM,0.12278875135243708,8.144068483355843,21.993764861564095,110.96126885642886
502,33.941765566681966,0.6410862922500411,1.5598524131443647,0.27919099930585456,0.7472246949270751,79.66045678017909,2015-12-02T12:36:19.165000Z,-167.22327156459357,-0.5156826542165437,10,0.5,6,-1,peak,max mdccm,2015-12-02T12:36:22.162269Z,Taup,0.0,0.0,12,53.85690833333333,-166.41502499999999,us1000452u,pavdut,lts,3,10.0,3.2,50.8443,-171.2945,2015-12-02T12:35:18.320000Z,2015-12-02T04:35:18.320000Z,471.9408652214713,226.7184940020884,POM,0.12540363803349738,7.974250314276237,22.48745237497431,63.84226860498795
503,327.89933345082756,0.2669375296925244,3.7461948537242535,0.250554407732263,0.1875959233599837,18.863067019623912,2015-12-01T15:44:47.225000Z,155.70215840285903,-0.14120521385900092,10,0.5,6,-1,peak,max mdccm,2015-12-01T15:44:47.230755Z,Taup,0.0,0.0,12,53.85690833333333,-166.41502499999999,us1000437s,pavdut,lts,3,35.64,3.6,52.4763,-163.125,2015-12-01T15:44:10.280000Z,2015-12-01T07:44:10.280000Z,268.3245460763487,123.60149185368661,POM,0.12573231583352346,7.953404766075058,22.549630233307166,36.95075516983947
504,193.44617067213585,0.6900517329696596,1.4491667105833763,0.2645721905454753,5.1457833814097995,62.95317686109024,2015-12-01T05:52:59.845000Z,-4.411348640176669,-0.5623351544735506,10,0.5,6,-1,peak,max mdccm,2015-12-01T05:52:57.847684Z,Multiple triggers,32.03414514514764,0.105,12,53.85690833333333,-166.41502499999999,us1000437p,pavdut,lts,3,2.0,3.5,51.496,-167.016,2015-12-01T05:52:21.860000Z,2015-11-30T21:52:21.860000Z,265.84546931839526,189.03482203195918,POM,0.12771657849610893,7.829837064030543,22.925603952681552,39.057684453091966
505,262.9745735480139,2.140734333167818,0.4671294258733259,0.23756117599248583,0.335618782979042,31.55352104396647,2015-11-30T23:52:37.685000Z,-153.58400911211746,-2.0101121373230137,10,0.5,6,-1,peak,max mdccm,2015-11-30T23:52:35.676162Z,Multiple triggers,35.24009212531619,0.065,12,53.85690833333333,-166.41502499999999,us20004fli,pavdut,lts,3,4.09,3.3,53.3444,-164.0894,2015-11-30T23:52:14.310000Z,2015-11-30T15:52:14.310000Z,164.17785202159047,109.39056443589644,POM,0.13062219584480397,7.655666738202204,23.47804894795247,25.406161718869573
506,115.37062269984781,0.0966056114125431,10.351365571608625,0.3644610303552949,1.7030310341541064,7.528402709067279,2015-11-30T16:51:20.965000Z,-28.10243038859238,0.02810264122901486,10,0.5,6,-1,peak,max mdccm,2015-11-30T16:51:18.964112Z,Multiple triggers,29.80279166980948,0.12800000000000003,12,53.85690833333333,-166.41502499999999,us20004fm7,pavdut,lts,3,17.49,3.7,53.7719,-157.3958,2015-11-30T16:49:59.520000Z,2015-11-30T08:49:59.520000Z,593.7455166570974,87.26819231125543,POM,0.12470825264155797,8.01871551255108,22.355994231455618,78.48411234616377
507,112.58636626752448,0.10533843204244679,9.493211362753565,0.5968165027403907,0.6248603236210526,4.1487078227472125,2015-12-08T18:08:36.625000Z,-64.56571271641546,0.015028734740499775,10,0.5,6,-1,peak,max mdccm,2015-12-08T18:08:34.617275Z,Multiple triggers,27.283120359190494,0.08370370370370371,12,53.85690833333333,-166.41502499999999,ak015fpwjvcx,pavdut,lts,3,142.1,3.0,58.7069,-154.9749,2015-12-08T18:06:42.576000Z,2015-12-08T10:06:42.576000Z,888.9537679254784,48.02065355110902,POM,0.12036716678294657,8.307913417977687,21.538100791880467,113.04127461976931
508,215.15318993653426,0.20313372577592934,4.922865448266674,0.5777019544969237,0.28017339583368184,3.0569525589255875,2015-11-30T06:43:36.885000Z,14.470236695528683,-0.07509414376848877,10,0.5,6,-1,peak,max mdccm,2015-11-30T06:43:34.891446Z,Multiple triggers,37.24455768004629,0.10263157894736843,12,53.85690833333333,-166.41502499999999,us1000423u,pavdut,lts,3,27.2,3.1,52.6428,-168.7189,2015-11-30T06:43:04.000000Z,2015-11-29T22:43:04.000000Z,204.6905701798554,229.62342663206294,POM,0.12803958200744056,7.81008485283784,22.986904316479535,29.121445926167624
509,217.24110053399977,0.15752565162976503,6.348172438291608,0.4717568239995795,0.4877258556564814,4.350917790951968,2015-11-29T21:46:20.965000Z,30.25039799834721,-0.03284501772565292,10,0.5,6,-1,peak,max mdccm,2015-11-29T21:46:18.959556Z,Multiple triggers,22.625324000482433,0.08399999999999999,12,53.85690833333333,-166.41502499999999,us100042vh,pavdut,lts,3,41.39,3.1,51.9062,-173.2485,2015-11-29T21:45:12.150000Z,2015-11-29T13:45:12.150000Z,508.3993858063167,247.49149853234698,POM,0.12468063390411212,8.020491785188291,22.35077565215704,66.9295559643951
510,100.91087526876038,0.2040081803418788,4.901764224964856,0.4696478513753898,0.6278951964371977,11.160492830599253,2015-12-07T16:33:11.845000Z,155.87599725079815,-0.0812194289894417,10,0.5,6,-1,peak,max mdccm,2015-12-07T16:33:14.848374Z,Taup,0.0,0.0,12,53.85690833333333,-166.41502499999999,us20004gqi,pavdut,lts,3,31.19,3.0,51.5144,-178.2791,2015-12-07T16:31:26.310000Z,2015-12-07T08:31:26.310000Z,842.3885040344253,256.78687251955853,POM,0.12278875135243708,8.144068483355843,21.993764861564095,108.53837442733982
511,217.06380684536964,0.15394847861390143,6.4956796520735525,0.5445436219164893,0.42778247144278714,3.4994764412506925,2015-12-07T16:23:36.825000Z,37.16438247093933,-0.031181794910084215,10,0.5,6,-1,peak,max mdccm,2015-12-07T16:23:34.829384Z,STA/LTA trigger,22.26343143420135,0.045000000000000005,12,53.85690833333333,-166.41502499999999,us20004gqh,pavdut,lts,3,77.29,3.6,51.9674,-175.3107,2015-12-07T16:22:09.470000Z,2015-12-07T08:22:09.470000Z,633.7879013287296,254.22818931630897,POM,0.12276668370381721,8.145532402036423,21.98960587790923,81.91938449833305
512,112.87327426933564,1.6333074991332532,0.6122545819024707,0.27086599480747087,0.8167354062185324,47.39396590973868,2015-11-28T04:00:34.025000Z,-24.502184135928758,-1.50770022756263,10,0.5,6,-1,peak,max mdccm,2015-11-28T04:00:34.025430Z,Taup,0.0,0.0,12,53.85690833333333,-166.41502499999999,us100042it,pavdut,lts,3,28.62,3.1,53.8209,-160.8343,2015-11-28T03:59:44.440000Z,2015-11-27T19:59:44.440000Z,367.2989811194647,88.3710901334069,POM,0.12560727157062335,7.961322521345787,22.525971597797593,49.58543003735542
513,108.34776628519387,0.09459376183989375,10.571521636834431,0.7367589024243371,0.981934236751071,5.3954371341030765,2015-12-05T00:39:19.885000Z,-56.92692169590241,0.027068719046028214,10,0.5,6,-1,peak,max mdccm,2015-12-05T00:39:17.884707Z,Multiple triggers,54.42471339398264,0.37285714285714283,12,53.85690833333333,-166.41502499999999,ak015fknenhn,pavdut,lts,3,123.6,3.3,58.0555,-155.3514,2015-12-05T00:37:33.551000Z,2015-12-04T16:37:33.551000Z,832.7501130388079,51.42084458929146,POM,0.12166248088592196,8.219460861871294,21.78165705951613,106.32370745777428
514,112.06998830733929,0.058095740736365,17.212965827184135,0.52028962722543,2.4699698722186216,9.076311749707003,2015-12-05T18:15:43.065000Z,-40.865016715110244,0.06536552772747273,10,0.5,6,-1,peak,max mdccm,2015-12-05T18:15:46.073319Z,Taup,0.0,0.0,12,53.85690833333333,-166.41502499999999,ak015fkxzglk,pavdut,lts,3,2.9,3.1,55.5513,-154.7434,2015-12-05T18:14:03.604000Z,2015-12-05T10:14:03.604000Z,774.6560165593013,71.20497159222903,POM,0.12346126846383773,8.099706186745552,22.120569565092975,102.46931855761116
515,152.7215551553313,0.18283666975298,5.469362362326124,0.5036429184114997,0.2544029445384357,2.947271032060115,2015-11-26T18:39:17.185000Z,-22.25558686668066,-0.05329160030414434,10,0.5,6,-1,peak,max mdccm,2015-11-26T18:39:15.191633Z,Multiple triggers,40.08316909616301,0.09454545454545454,12,53.85690833333333,-166.41502499999999,us100042i7,pavdut,lts,3,11.62,3.0,52.6462,-164.1243,2015-11-26T18:38:43.010000Z,2015-11-26T10:38:43.010000Z,203.7773874534787,130.46596828865063,POM,0.12954506944883565,7.719321192652214,23.272988200660656,29.801632839955904
516,87.63234223447427,0.2530644059997124,3.951563223795038,0.6531086390894592,0.4408676903811335,6.221177631481652,2015-11-25T02:24:27.245000Z,175.59933794269483,-0.13935115232170914,10,0.5,6,-1,peak,max mdccm,2015-11-25T02:24:30.251002Z,Taup,0.0,0.0,12,53.85690833333333,-166.41502499999999,us10004375,pavdut,lts,3,209.54,3.5,52.985,-174.6232,2015-11-25T02:23:16.150000Z,2015-11-24T18:23:16.150000Z,553.9301082848456,263.2316801771691,POM,0.11371325367800328,8.794049661367136,20.29326630968865,74.10100175168039
517,105.70686505327541,0.06798198511756837,14.709779337431751,0.6073740360921932,3.8245863339236488,14.491987918348855,2015-12-04T06:00:02.685000Z,-32.58788458801541,0.05479109056489144,10,0.5,6,-1,peak,max mdccm,2015-12-04T06:00:05.679446Z,Taup,0.0,0.0,12,53.85690833333333,-166.41502499999999,us20004h5x,pavdut,lts,3,23.7,3.2,55.494,-151.879,2015-12-04T05:58:03.180000Z,2015-12-03T21:58:03.180000Z,953.3930139664677,73.11898046526001,POM,0.1227730756824598,8.145108318263519,21.99081053085467,122.4994464875791
518,150.8647893948795,0.34483203984065697,2.8999625454238207,0.48177923091134733,0.3749238368086538,8.321594259279493,2015-12-04T17:09:07.525000Z,93.9812978239238,-0.2220432884882199,10,0.5,6,-1,peak,max mdccm,2015-12-04T17:09:10.533242Z,Taup,0.0,0.0,12,53.85690833333333,-166.41502499999999,us100043ea,pavdut,lts,3,10.0,3.2,49.8876,-177.6696,2015-12-04T17:07:14.730000Z,2015-12-04T09:07:14.730000Z,890.6646793890571,244.84608721880332,POM,0.12278875135243708,8.144068483355843,21.993764861564095,115.80324157738751
519,113.60963528440453,0.07996687961719452,12.505177203200255,0.7027364517674191,1.3447030790314898,6.713936361037412,2015-11-23T02:33:21.785000Z,-30.506351854892728,0.01468338956130917,10,0.5,6,-1,peak,max mdccm,2015-11-23T02:33:19.787721Z,Multiple triggers,91.88033667557703,0.19428571428571434,12,53.85690833333333,-166.41502499999999,us100041bj,pavdut,lts,3,90.9,3.8,53.952,-164.9584,2015-11-23T02:33:00.470000Z,2015-11-22T18:33:00.470000Z,96.31942612722071,83.10328342951179,POM,0.0946502691785037,10.565210312440538,16.77914478431555,18.087720930002916
520,114.08737344395726,0.09034479751522612,11.068705974258966,0.3859915671258018,1.4416036653231386,7.10132256169851,2015-12-23T04:41:16.545000Z,-62.69535768698012,0.031669477713566443,10,0.5,6,-1,peak,max mdccm,2015-12-23T04:41:14.536467Z,Multiple triggers,36.68833291326333,0.11666666666666667,12,53.85690833333333,-166.41502499999999,ak015gehh2il,pavdut,lts,3,111.2,3.5,57.7689,-156.3047,2015-12-23T04:39:37.254000Z,2015-12-22T20:39:37.254000Z,767.8506708909197,51.39201575697714,POM,0.12201427522879256,8.195762324735123,21.847875790419724,98.37246667366384
521,103.35945200463186,0.10313477245848297,9.696050867834622,0.42448743233204234,1.0212456365619502,7.127929172291118,2015-11-22T14:49:07.545000Z,-50.77366048886063,0.007258988519091,10,0.5,6,-1,peak,max mdccm,2015-11-22T14:49:05.553660Z,Multiple triggers,24.37308009603466,0.044,12,53.85690833333333,-166.41502499999999,us100042b2,pavdut,lts,3,197.1,3.0,55.9681,-161.2426,2015-11-22T14:48:09.000000Z,2015-11-22T06:48:09.000000Z,406.3720551397065,52.58579151577124,POM,0.11039376097757397,9.058482935490764,19.6760063513747,57.11366036137509
522,213.43663653942554,0.20771186207001607,4.814361539269805,0.5442357052199567,0.2798825934111284,2.721714053671036,2015-11-28T19:14:45.385000Z,25.214551624932994,-0.08338374872092504,10,0.5,6,-1,peak,max mdccm,2015-11-28T19:14:43.379347Z,Multiple triggers,51.599017365342675,0.20375,12,53.85690833333333,-166.41502499999999,us100042iz,pavdut,lts,3,24.0,3.4,50.627,-174.0908,2015-11-28T19:13:20.000000Z,2015-11-28T11:13:20.000000Z,635.1169173396778,238.65118816435853,POM,0.12432811334909104,8.043233127749469,22.2841837962429,83.25934693068098
523,272.11011576648986,0.9889377040922598,1.0111860391832206,0.254936704882304,5.692594992179665,36.92615066471376,2015-11-28T02:54:25.105000Z,-18.61510533610334,-0.8655562579148154,10,0.5,6,-1,peak,max mdccm,2015-11-28T02:54:23.111194Z,STA/LTA trigger,24.496335048164333,0.055,12,53.85690833333333,-166.41502499999999,us100042ip,pavdut,lts,3,42.76,3.4,51.7246,-175.9072,2015-11-28T02:52:59.450000Z,2015-11-27T18:52:59.450000Z,682.2544467605762,253.49501043038651,POM,0.12338144617744443,8.104946334976674,22.10551292932562,88.47119438611718
524,190.87065363744114,0.20397151796161134,4.902645281034806,0.5614186518015561,0.2826171031201481,4.052870553297538,2015-11-21T23:48:56.685000Z,-6.11044895176812,-0.07373130457284527,10,0.5,6,-1,peak,max mdccm,2015-11-21T23:48:54.689283Z,Multiple triggers,38.76825605537378,0.12294117647058822,12,53.85690833333333,-166.41502499999999,us100041d9,pavdut,lts,3,26.1,3.9,52.712,-166.572,2015-11-21T23:48:34.910000Z,2015-11-21T15:48:34.910000Z,127.84799084355996,184.76020468567302,POM,0.13024021338876607,7.67812009809142,23.40529171818467,19.209282913724007
525,102.09242197828081,0.0669690296355415,14.932275492749332,0.593959824832472,2.543736174494498,9.44485939891257,2015-11-20T11:25:58.645000Z,-23.473910514837087,0.059210589743386666,10,0.5,6,-1,peak,max mdccm,2015-11-20T11:25:56.647237Z,Multiple triggers,24.02283661715603,0.03692307692307692,12,53.85690833333333,-166.41502499999999,us1000414i,pavdut,lts,3,22.75,3.1,54.2637,-162.394,2015-11-20T11:25:17.490000Z,2015-11-20T03:25:17.490000Z,267.1267878980384,78.61851146344371,POM,0.12617961937892816,7.925210148216683,22.634294254908497,37.21723691492284
526,178.00637693548634,1.5008255003724433,0.6662999794125573,0.27796145598690436,1.1371230433352113,48.37119324952408,2015-11-28T02:51:13.205000Z,74.91176084571089,-1.37741374322431,10,0.5,6,-1,peak,max mdccm,2015-11-28T02:51:11.208609Z,Multiple triggers,33.75091636557747,0.10500000000000001,12,53.85690833333333,-166.41502499999999,us100042iq,pavdut,lts,3,41.94,3.9,51.6661,-175.8746,2015-11-28T02:49:45.810000Z,2015-11-27T18:49:45.810000Z,682.8841215122235,252.91813778119723,POM,0.12341175714813324,8.10295569165005,22.111230206460576,88.56860894416415
527,108.42527278403267,0.27404468439894863,3.6490399446836945,0.3049179882509148,0.7086544368913703,10.484328569891886,2015-11-30T08:41:56.805000Z,147.21925890723935,-0.16190326269278804,10,0.5,6,-1,peak,max mdccm,2015-11-30T08:41:56.798036Z,Taup,0.0,0.0,12,53.85690833333333,-166.41502499999999,us20004fly,pavdut,lts,3,255.0,3.1,51.8396,-176.4335,2015-11-30T08:40:24.000000Z,2015-11-30T00:40:24.000000Z,710.5972758670516,255.64453169127202,POM,0.1121414217061606,8.917311594463797,20.000682463661956,92.7980363638285
528,134.55055532982107,0.31908286624720567,3.1339821274679847,0.2908235515928902,10.035566412153432,61.0112373349385,2015-11-19T04:53:44.185000Z,111.17779559845462,-0.1944909643763435,10,0.5,6,-1,peak,max mdccm,2015-11-19T04:53:47.187675Z,Taup,0.0,0.0,12,53.85690833333333,-166.41502499999999,us100040n4,pavdut,lts,3,41.07,3.7,51.7076,-173.3524,2015-11-19T04:52:38.140000Z,2015-11-18T20:52:38.140000Z,525.3487944465406,245.72835092827572,POM,0.12459190187086218,8.026203830137263,22.334010996058492,69.04767532610808
529,146.6186934108558,0.18085766466872438,5.529209955418215,0.6709248474143181,0.27478537897745126,3.1255811743100708,2015-11-18T19:08:26.645000Z,-27.89880918872973,-0.051852113992129995,10,0.5,6,-1,peak,max mdccm,2015-11-18T19:08:24.643753Z,Multiple triggers,92.25617454011353,0.30833333333333335,12,53.85690833333333,-166.41502499999999,us10003zd7,pavdut,lts,3,30.45,4.3,53.4607,-165.2216,2015-11-18T19:08:09.510000Z,2015-11-18T11:08:09.510000Z,90.38373870656422,118.71988422212607,POM,0.1290055506765944,7.751604444578608,23.17039463306401,14.333753062842716
530,102.79139690180864,0.06755936641341692,14.801796598871086,0.5921239689444704,2.382200199041147,9.315971507299423,2015-11-18T02:44:38.005000Z,-18.633005287132562,0.058448722594819535,10,0.5,6,-1,peak,max mdccm,2015-11-18T02:44:36.014572Z,Multiple triggers,31.112358728399798,0.11272727272727275,12,53.85690833333333,-166.41502499999999,us10003ztf,pavdut,lts,3,36.2,3.8,54.008,-163.19,2015-11-18T02:44:04.360000Z,2015-11-17T18:44:04.360000Z,212.47361070498556,84.15839161467608,POM,0.12600808900823646,7.935998457485024,22.601821442556222,29.91457196478494
531,123.89754835606561,0.2044989461060646,4.890000750817288,0.36165951926057194,1.7634906569839601,19.25873385527626,2015-11-27T18:31:17.185000Z,-46.8454301899786,-0.08171986970842199,10,0.5,6,-1,peak,max mdccm,2015-11-27T18:31:17.194916Z,Taup,0.0,0.0,12,53.85690833333333,-166.41502499999999,us100043fj,pavdut,lts,3,15.04,3.3,54.8935,-152.8723,2015-11-27T18:29:22.380000Z,2015-11-27T10:29:22.380000Z,886.1757867098019,77.05211816608701,POM,0.1227790763976426,8.144710233536179,21.991941454332963,114.81491561034109
532,149.4836148979391,0.181424812946431,5.511925208903306,0.5722599908617609,0.26854016773549105,3.0405001030961785,2015-11-17T13:15:05.065000Z,-28.683389588833734,-0.053296736852586485,10,0.5,6,-1,peak,max mdccm,2015-11-17T13:15:03.071165Z,Multiple triggers,42.66802413706547,0.12969696969696967,12,53.85690833333333,-166.41502499999999,us1000408n,pavdut,lts,3,10.0,3.2,52.6769,-163.2733,2015-11-17T13:14:25.980000Z,2015-11-17T05:14:25.980000Z,247.32817954265408,120.80022530910539,POM,0.12812807609384452,7.804690669573252,23.003703784652643,35.5511654398811
533,108.24872749722897,0.06884359280172742,14.525680013244575,0.5495436957799416,1.5130108313382697,6.361437000859269,2015-11-22T15:46:11.525000Z,-34.90983399553508,0.053927395321168844,10,0.5,6,-1,peak,max mdccm,2015-11-22T15:46:09.535744Z,Multiple triggers,25.699331328112855,0.044000000000000004,12,53.85690833333333,-166.41502499999999,us100040cz,pavdut,lts,3,8.13,3.8,55.4864,-151.3203,2015-11-22T15:43:59.530000Z,2015-11-22T07:43:59.530000Z,988.5238187931598,73.33889350169389,POM,0.12277098812289626,8.145246815143164,21.990417101510346,128.0057435342925
534,108.19694140188363,0.08702212977733165,11.491329878489017,0.6080864115900843,0.9615122664220017,5.126597050730311,2015-11-22T14:07:55.785000Z,-54.46906634896902,0.03570363222524671,10,0.5,6,-1,peak,max mdccm,2015-11-22T14:07:53.776740Z,Multiple triggers,23.01222567932088,0.028000000000000004,12,53.85690833333333,-166.41502499999999,ak015ezdkhro,pavdut,lts,3,65.9,3.6,58.0371,-154.1567,2015-11-22T14:06:00.201000Z,2015-11-22T06:06:00.201000Z,894.2496053175469,53.72787505291461,POM,0.12272576200257836,8.148248449897512,21.98189388419204,114.01574017957975
535,96.59040534942358,0.07200743263532641,13.887455272352065,0.38427630338652785,2.8267418268435005,9.332694708072694,2015-11-16T20:50:35.825000Z,-17.937729167407525,0.05374127843826626,10,0.5,6,-1,peak,max mdccm,2015-11-16T20:50:33.824716Z,Multiple triggers,26.492253105903444,0.065,12,53.85690833333333,-166.41502499999999,us1000414x,pavdut,lts,3,35.49,3.4,54.244,-162.6109,2015-11-16T20:49:57.150000Z,2015-11-16T12:49:57.150000Z,252.8218658624728,78.65267618201605,POM,0.12574871107359267,7.952367793374551,22.552732547663577,35.00471588945585
536,218.7513708903371,0.2004179235348082,4.989573698613447,0.36497994563592173,0.2908836652550981,3.509029072517052,2015-11-16T08:38:59.865000Z,17.743950328106905,-0.07260270386610135,10,0.5,6,-1,peak,max mdccm,2015-11-16T08:38:57.865320Z,Multiple triggers,37.650636766841004,0.09333333333333334,12,53.85690833333333,-166.41502499999999,us1000414v,pavdut,lts,3,20.0,3.0,52.6472,-169.3303,2015-11-16T08:38:22.000000Z,2015-11-16T00:38:22.000000Z,236.58605260311595,236.49532121844402,POM,0.12781521966870685,7.823794400948256,22.944321360032976,33.47532035511337
537,217.76368320621953,0.18395919629368981,5.435988089464718,0.4101766854259865,0.7159295874614862,4.661974228297282,2015-11-15T05:44:00.485000Z,26.01443737901272,-0.05909791824752576,10,0.5,6,-1,peak,max mdccm,2015-11-15T05:44:00.484716Z,Taup,0.0,0.0,12,53.85690833333333,-166.41502499999999,us10003zz5,pavdut,lts,3,25.7,3.2,51.4566,-173.5132,2015-11-15T05:42:48.000000Z,2015-11-14T21:42:48.000000Z,549.2364712509096,243.77812058523224,POM,0.12486127804616405,8.008888068807668,22.384912030166134,72.48471570724345
538,24.67164611736058,1.2821936449882045,0.7799133960059516,0.2625357722464776,2.8673735112673047,75.63537968615688,2015-11-19T16:44:28.245000Z,-129.96607328657677,-1.1594190265074362,10,0.5,6,-1,peak,max mdccm,2015-11-19T16:44:28.251044Z,Taup,0.0,0.0,12,53.85690833333333,-166.41502499999999,us100040x2,pavdut,lts,3,31.6,3.0,51.1489,-178.4981,2015-11-19T16:42:36.000000Z,2015-11-19T08:42:36.000000Z,872.7576794438577,254.7055728307838,POM,0.12277461848076839,8.145005966006252,21.99110129314052,112.2510436668156
539,86.75266331714647,0.1787599865886431,5.594093057867412,0.26391763351029635,0.4638208335377819,65.93624312453846,2015-11-14T23:19:53.445000Z,4.906486753142133,-0.05313945594473932,10,0.5,6,-1,peak,max mdccm,2015-11-14T23:19:56.437992Z,Taup,0.0,0.0,12,53.85690833333333,-166.41502499999999,us10003zww,pavdut,lts,3,25.7,3.0,53.627,-160.778,2015-11-14T23:19:06.070000Z,2015-11-14T15:19:06.070000Z,372.71482135227205,91.6591500702886,POM,0.12562053064390377,7.960482214763903,22.52848005002639,50.36799192330971
540,223.60427716197046,0.21392089802109865,4.674625103253688,0.6331198131221685,0.20850358270039449,2.2192446248271267,2015-11-14T22:03:41.785000Z,11.707067341536572,-0.08590957568827637,10,0.5,6,-1,peak,max mdccm,2015-11-14T22:03:39.783060Z,STA/LTA trigger,43.35104632366219,0.1683333333333333,12,53.85690833333333,-166.41502499999999,us10003yfl,pavdut,lts,3,16.4,4.0,52.596,-169.322,2015-11-14T22:03:04.900000Z,2015-11-14T14:03:04.900000Z,239.51728575639618,235.31134450350703,POM,0.12801132233282228,7.811809000769915,22.981540019651213,34.0630597877619
541,129.5716600694725,0.13778818251622418,7.257516441094306,0.47989374284850256,0.6499649806298957,5.330564725443907,2015-11-14T21:25:23.285000Z,-34.49805011749456,-0.007257444882643654,10,0.5,6,-1,peak,max mdccm,2015-11-14T21:25:21.291069Z,Multiple triggers,31.973463341606863,0.08600000000000001,12,53.85690833333333,-166.41502499999999,us10003zwm,pavdut,lts,3,17.1,3.1,53.717,-164.161,2015-11-14T21:24:57.810000Z,2015-11-14T13:24:57.810000Z,149.37053891042717,95.07360995197794,POM,0.13053073763358053,7.661030789599541,23.460625006448822,22.351069395452587
542,138.0624269365944,0.27925894455914185,3.5809058921234254,0.5067118101348079,0.3119383395849542,5.603885115210943,2015-11-20T08:27:58.865000Z,117.14798512179084,-0.15648538199101608,10,0.5,6,-1,peak,max mdccm,2015-11-20T08:27:58.862705Z,Taup,0.0,0.0,12,53.85690833333333,-166.41502499999999,us1000413y,pavdut,lts,3,69.9,3.1,51.7823,-176.4524,2015-11-20T08:26:27.000000Z,2015-11-20T00:26:27.000000Z,714.2481302700666,255.21041205838526,POM,0.12277356256812576,8.145076017038363,21.990902291319472,91.8627046331278
543,107.72275526000755,0.0969723377910248,10.31221916248939,0.561368272521173,0.9503043238950273,4.9026148205010145,2015-11-14T11:15:18.145000Z,-42.5265390052063,0.017366159033562853,10,0.5,6,-1,peak,max mdccm,2015-11-14T11:15:16.150092Z,Multiple triggers,32.707533128135715,0.17294117647058826,12,53.85690833333333,-166.41502499999999,us10003zwj,pavdut,lts,3,93.61,3.2,54.5388,-163.7701,2015-11-14T11:14:47.840000Z,2015-11-14T03:14:47.840000Z,188.55373713576003,65.19621625480123,POM,0.11433849682458766,8.745960702405853,20.40980356144572,28.110091542191114
544,17.9883864130681,0.10838496422428584,9.226372007935117,0.277011830290228,0.3655962689626543,72.14136745907189,2015-11-14T02:36:25.805000Z,58.71591346156589,0.01735887520180865,10,0.5,6,-1,peak,max mdccm,2015-11-14T02:36:28.814293Z,Taup,0.0,0.0,12,53.85690833333333,-166.41502499999999,us10003zwh,pavdut,lts,3,15.1,3.0,54.4302,-161.54,2015-11-14T02:35:43.870000Z,2015-11-13T18:35:43.870000Z,324.839810257373,76.70429987463397,POM,0.1257438394260945,7.952675889046211,22.55181072515088,44.94429304227345
545,173.68015571380408,0.3310929618650398,3.0202997803608413,0.23405283885621128,0.4554099834219092,44.10303052416958,2015-11-13T14:27:00.065000Z,71.13606012135284,-0.20603753937373545,10,0.5,6,-1,peak,max mdccm,2015-11-13T14:27:03.062134Z,Taup,0.0,0.0,12,53.85690833333333,-166.41502499999999,us100040kr,pavdut,lts,3,18.68,3.0,51.6101,-173.3799,2015-11-13T14:25:52.310000Z,2015-11-13T06:25:52.310000Z,532.4599668389027,244.81621583515692,POM,0.12505542249130433,7.996454532545637,22.42160890626777,70.75213357496091
546,11.879510657135029,0.02932812142865734,34.09696739126535,0.26744264183461114,0.06800011869783718,62.84324422593136,2015-11-13T07:07:26.905000Z,-127.55753501773637,0.09547099521687118,10,0.5,6,-1,peak,max mdccm,2015-11-13T07:07:24.913373Z,Multiple triggers,41.980396306817276,0.08,12,53.85690833333333,-166.41502499999999,us10003y42,pavdut,lts,3,33.9,3.8,51.5872,-173.3128,2015-11-13T07:06:17.000000Z,2015-11-12T23:06:17.000000Z,529.7828925928363,244.32197563939866,POM,0.12479911664552852,8.012877229254245,22.37316442694744,69.77337277414044
547,222.84540499910156,0.19053100239672968,5.248489681053419,0.576457924338402,0.21811302902391017,2.2681122827814875,2015-11-12T22:59:01.445000Z,6.9650777210007675,-0.06331881207526693,10,0.5,6,-1,peak,max mdccm,2015-11-12T22:58:59.453049Z,Multiple triggers,38.391327797220036,0.05833333333333335,12,53.85690833333333,-166.41502499999999,us1000400x,pavdut,lts,3,25.5,3.6,52.4684,-169.0495,2015-11-12T22:58:22.000000Z,2015-11-12T14:58:22.000000Z,234.33670902263037,229.81048272010233,POM,0.12721219032146275,7.860881865747452,22.82993539433406,32.953049400600776
548,67.29171402737182,0.7770985382675831,1.2868380916393691,0.2564831996249055,0.7105716160144648,61.744552403831875,2015-11-16T09:33:39.065000Z,-172.51835309417322,-0.6543236198545597,10,0.5,6,-1,peak,max mdccm,2015-11-16T09:33:42.068019Z,Taup,0.0,0.0,12,53.85690833333333,-166.41502499999999,us1000414w,pavdut,lts,3,41.7,3.3,51.3051,-177.9909,2015-11-16T09:31:55.000000Z,2015-11-16T01:31:55.000000Z,833.3081646505548,254.7733609331986,POM,0.12277491841302346,8.14498606821248,21.991157819709375,107.06801893595969
549,105.86755935039196,0.09257512886254782,10.802037353734216,0.4521983532739623,1.0310634798860363,5.923489430386297,2015-11-16T22:44:22.965000Z,-56.55158702309595,0.028333404174310406,10,0.5,6,-1,peak,max mdccm,2015-11-16T22:44:20.965156Z,Multiple triggers,33.01444639735759,0.08117647058823531,12,53.85690833333333,-166.41502499999999,ak015eplbo7k,pavdut,lts,3,135.2,3.0,58.2948,-155.6043,2015-11-16T22:42:36.322000Z,2015-11-16T14:42:36.322000Z,833.480743776097,49.315972327296016,POM,0.12090853303685822,8.27071485264945,21.63984321204506,106.38315601509306
550,213.4222403044755,0.16617944973034662,6.017591234190893,0.6106112122091842,0.31714322598592615,2.6242446456563755,2015-11-15T05:01:25.565000Z,42.12039809205001,-0.04339069837790954,10,0.5,6,-1,peak,max mdccm,2015-11-15T05:01:23.557764Z,Multiple triggers,36.571171470252665,0.20933333333333334,12,53.85690833333333,-166.41502499999999,us10003zz4,pavdut,lts,3,34.98,3.6,51.3979,-178.0517,2015-11-15T04:59:34.540000Z,2015-11-14T20:59:34.540000Z,832.9634062786405,255.54263839652552,POM,0.12278875135243708,8.144068483355843,21.993764861564095,107.23776357729993
551,223.38559757269263,0.1573476317203837,6.355354631438373,0.44870703400871187,0.37472105022953794,2.9265592801849323,2015-11-12T17:42:47.585000Z,19.353307514968236,-0.033950684773588424,10,0.5,6,-1,peak,max mdccm,2015-11-12T17:42:45.593898Z,Multiple triggers,31.80152271578305,0.09052631578947368,12,53.85690833333333,-166.41502499999999,us10003yqf,pavdut,lts,3,69.6,3.3,52.3039,-171.0438,2015-11-12T17:41:56.000000Z,2015-11-12T09:41:56.000000Z,354.9856793415415,242.73890508766087,POM,0.12339694694679529,8.103928214943334,22.10843666665707,47.65389810791016
552,335.19336710815736,0.1436800715425125,6.959907447596982,0.27347207178196287,14.25500269693992,62.38698335371113,2015-11-12T17:45:46.425000Z,-86.64625087384243,-0.019459351342738143,10,0.5,6,-1,peak,max mdccm,2015-11-12T17:45:46.431329Z,Taup,0.0,0.0,12,53.85690833333333,-166.41502499999999,us10003xty,pavdut,lts,3,25.6,3.0,51.4106,-175.0629,2015-11-12T17:44:22.000000Z,2015-11-12T09:44:22.000000Z,645.1192560473866,248.54711623431493,POM,0.12422072019977436,8.050186783587948,22.263903316376254,84.43132855403533
553,35.934842157624246,0.08557631536063089,11.685476241713099,0.4061358408629336,31.112053035856754,60.71700226582463,2015-11-12T21:31:53.245000Z,-138.61225436663608,0.03719094107310918,10,0.5,6,-1,peak,max mdccm,2015-11-12T21:31:56.253406Z,Taup,0.0,0.0,12,53.85690833333333,-166.41502499999999,us10003znp,pavdut,lts,3,12.5,3.2,51.019,179.5699,2015-11-12T21:29:47.000000Z,2015-11-12T13:29:47.000000Z,1002.0767962602209,257.32258779098817,POM,0.12276725643374006,8.14549440175622,21.989713816023635,129.25340630212477
554,123.80425440427939,0.6628261781244491,1.5086911667092375,0.2876974005338029,10.342449679986716,0.5973436622014958,2015-11-12T16:05:41.285000Z,-43.44737168254554,-0.5358152561157214,10,0.5,6,-1,peak,max mdccm,2015-11-12T16:05:39.287958Z,STA/LTA trigger,23.59505306431042,0.065,12,53.85690833333333,-166.41502499999999,us10003znk,pavdut,lts,3,11.39,3.3,54.1961,-162.3077,2015-11-12T16:04:57.910000Z,2015-11-12T08:04:57.910000Z,271.7646935009926,80.35688272173385,POM,0.12701092200872763,7.873338640367357,22.791779113792543,38.5479580490868
555,216.11964464420623,0.14925526983444884,6.699930937843477,0.714352962207099,0.5676472428377037,4.194774166240194,2015-11-12T17:30:05.305000Z,33.23169501774555,-0.025402036604583456,10,0.5,6,-1,peak,max mdccm,2015-11-12T17:30:03.302164Z,Multiple triggers,34.67375870028517,0.10666666666666667,12,53.85690833333333,-166.41502499999999,us10003xtq,pavdut,lts,3,39.43,5.2,51.5005,-175.0682,2015-11-12T17:28:39.080000Z,2015-11-12T09:28:39.080000Z,640.7590830433786,249.35133966195178,POM,0.12385323322986538,8.074072625492548,22.19452806099966,83.42216362822228
556,65.02947206821148,0.1369603633645216,7.301382498077114,0.25025385893512236,0.6108594129901044,72.21088049280593,2015-11-12T06:51:34.105000Z,174.41064674475786,-0.011726271273312605,10,0.5,6,-1,peak,max mdccm,2015-11-12T06:51:37.114578Z,Taup,0.0,0.0,12,53.85690833333333,-166.41502499999999,us10003zp2,pavdut,lts,3,4.7,3.4,51.3138,-172.8122,2015-11-12T06:50:27.000000Z,2015-11-11T22:50:27.000000Z,517.4691526536221,239.44011881296936,POM,0.125234092091209,7.985046110860067,22.455389322512485,70.11457779179442
557,8.363161161903747,0.6341129248853982,1.5770061778518831,0.24375534076009625,3.0571079351558805,58.972711410707035,2015-11-12T04:26:55.845000Z,-123.83052485467113,-0.5090360609076606,10,0.5,6,-1,peak,max mdccm,2015-11-12T04:26:55.839197Z,Taup,0.0,0.0,12,53.85690833333333,-166.41502499999999,us10003znj,pavdut,lts,3,15.03,3.1,51.5774,-173.3935,2015-11-12T04:25:44.500000Z,2015-11-11T20:25:44.500000Z,535.1359533219553,244.5326363072326,POM,0.12507686397773754,7.995083728498263,22.425662336545518,71.3391973154059
558,136.17906845043336,0.3130883578908993,3.1939865370160656,0.23787418933143206,0.8756526333960876,10.069261433402218,2015-11-12T04:08:46.645000Z,113.24322444892289,-0.21317077239290802,10,0.5,6,-1,peak,max mdccm,2015-11-12T04:08:44.642589Z,Multiple triggers,30.202411234240216,0.06999999999999999,12,53.85690833333333,-166.41502499999999,us10003zp0,pavdut,lts,3,161.3,3.2,53.1423,-169.4134,2015-11-12T04:08:06.000000Z,2015-11-11T20:08:06.000000Z,214.25645441579334,249.42229289935622,POM,0.09991758549799126,10.008248247953349,17.743041876281435,34.772588660337114
559,265.09274213310175,0.491755319546472,2.033531637079724,0.23507377040245997,1.1152407485496711,40.96678730729499,2015-11-12T02:42:11.125000Z,-23.18210246264212,-0.3664625443715121,10,0.5,6,-1,peak,max mdccm,2015-11-12T02:42:09.130270Z,STA/LTA trigger,24.550315391066427,0.044000000000000004,12,53.85690833333333,-166.41502499999999,us10003xpf,pavdut,lts,3,10.0,4.0,51.5728,-172.7638,2015-11-12T02:41:05.230000Z,2015-11-11T18:41:05.230000Z,498.410702980956,241.91063967045963,POM,0.1252927751749599,7.981306173509138,22.466486116645804,67.16027017241724
560,254.9880382132381,1.8246316120252195,0.5480558340705644,0.24386057452393842,0.3071430026534115,25.749863771008464,2015-11-11T13:58:12.425000Z,5.020474394440498,-1.7659204106955435,10,0.5,6,-1,peak,max mdccm,2015-11-11T13:58:15.419109Z,Taup,0.0,0.0,12,53.85690833333333,-166.41502499999999,us1000401p,pavdut,lts,3,148.7,3.9,53.73,-167.576,2015-11-11T13:57:53.190000Z,2015-11-11T05:57:53.190000Z,77.80022774160112,260.0085126076786,POM,0.05871120132967593,17.032524924584433,10.315545947194838,22.22910887529374
561,105.90802677638584,0.15496972180841084,6.452873427986795,0.28626598406662995,22.648704575656627,33.062489537595866,2015-11-11T09:58:16.605000Z,-28.61606537731774,-0.02960706920737144,10,0.5,6,-1,peak,max mdccm,2015-11-11T09:58:14.614060Z,Multiple triggers,22.830277243795727,0.05,12,53.85690833333333,-166.41502499999999,us10003xch,pavdut,lts,3,44.53,4.6,54.389,-161.6609,2015-11-11T09:57:30.230000Z,2015-11-11T01:57:30.230000Z,316.363133599779,77.29196139906811,POM,0.1253626526010394,7.976857375397533,22.479700886514976,42.874059642677366
562,164.26682024818152,0.08857608113813788,11.28972954267937,0.2893293139883788,0.3023338243630831,35.14760667629929,2015-11-12T11:15:27.985000Z,-116.23948887498344,0.032731105549916595,10,0.5,6,-1,peak,max mdccm,2015-11-12T11:15:25.978570Z,Multiple triggers,30.7954923105987,0.0675,12,53.85690833333333,-166.41502499999999,ak015eisgabe,pavdut,lts,3,125.4,3.5,58.8439,-154.5536,2015-11-12T11:13:29.868000Z,2015-11-12T03:13:29.868000Z,917.7088931075086,48.02733137319809,POM,0.12130718668805447,8.243534676733818,21.714810571167547,116.64057001899063
563,335.38483704258294,0.4732447984348194,2.1130712969425933,0.2692089493630051,0.5751547543062554,26.320362108553837,2015-11-10T06:16:09.605000Z,-91.08637022238418,-0.34831839391785413,10,0.5,6,-1,peak,max mdccm,2015-11-10T06:16:09.597531Z,Taup,0.0,0.0,12,53.85690833333333,-166.41502499999999,us10003w74,pavdut,lts,3,36.53,4.1,51.7456,-172.8832,2015-11-10T06:15:04.210000Z,2015-11-09T22:15:04.210000Z,495.22864141230104,244.29846682019877,POM,0.12492640451696531,8.004712885691012,22.397221052892665,65.38753055936238
564,58.460570900314735,0.447355229409782,2.235360032159118,0.25773970289738324,1.3306210796079823,23.82406742397154,2015-11-10T05:31:21.645000Z,-167.25139822743944,-0.3238180404987119,10,0.5,6,-1,peak,max mdccm,2015-11-10T05:31:21.651520Z,Taup,0.0,0.0,12,53.85690833333333,-166.41502499999999,us10003zpv,pavdut,lts,3,46.2,3.4,51.655,-175.2427,2015-11-10T05:29:58.000000Z,2015-11-09T21:29:58.000000Z,643.8498586079852,251.2091726728753,POM,0.1235371889110701,8.09472846852508,22.13489170121176,83.65151983511517
565,215.0236919485128,0.20402059046357912,4.901466061478318,0.32325769252302994,0.5298243833644762,5.847573893444462,2015-11-09T23:55:23.765000Z,25.804142921576386,-0.07953070493324285,10,0.5,6,-1,peak,max mdccm,2015-11-09T23:55:21.764611Z,Multiple triggers,36.59764721840324,0.11333333333333334,12,53.85690833333333,-166.41502499999999,us10003w58,pavdut,lts,3,44.4,5.0,51.4111,-172.9033,2015-11-09T23:54:14.380000Z,2015-11-09T15:54:14.380000Z,516.4602033879021,240.8278348700892,POM,0.12448988553033627,8.032781102978165,22.314738948900136,67.88461112393891
566,162.69213128330637,0.5273563487299835,1.8962509931060278,0.2790641278610887,0.559419730268379,30.736821372774884,2015-11-09T17:58:13.665000Z,77.411042249123,-0.40217402361925036,10,0.5,6,-1,peak,max mdccm,2015-11-09T17:58:16.662638Z,Taup,0.0,0.0,12,53.85690833333333,-166.41502499999999,us10003vme,pavdut,lts,3,3.9,3.1,51.299,-172.9952,2015-11-09T17:57:05.000000Z,2015-11-09T09:57:05.000000Z,528.8268900425019,240.10317353242937,POM,0.1251823251107331,7.988348188256014,22.44560108000815,71.6626376958213
567,155.1126291611377,1.4330480450389473,0.697813310210979,0.26118762859829125,2.0429495298452705,60.00106588698608,2015-11-09T17:25:19.925000Z,88.55361361611278,-1.3081894527287317,10,0.5,6,-1,peak,max mdccm,2015-11-09T17:25:17.930151Z,Multiple triggers,26.704568198961397,0.06,12,53.85690833333333,-166.41502499999999,us10003z65,pavdut,lts,3,32.51,3.6,51.5622,-173.2117,2015-11-09T17:24:09.020000Z,2015-11-09T09:24:09.020000Z,525.2555271621577,243.66624277725052,POM,0.12485859231021564,8.009060341762178,22.384404444520683,69.25015141634549
568,316.52456098835296,0.08741555300028331,11.439611896029064,0.2645104799782477,4.043162073908691,34.08091485822251,2015-11-09T17:10:10.325000Z,-67.26787336895941,0.03628159571539481,10,0.5,6,-1,peak,max mdccm,2015-11-09T17:10:10.318101Z,Taup,0.0,0.0,12,53.85690833333333,-166.41502499999999,us10003xvl,pavdut,lts,3,43.25,4.1,51.4953,-175.0513,2015-11-09T17:08:47.080000Z,2015-11-09T09:08:47.080000Z,639.9866438779391,249.25668761939355,POM,0.12369714871567812,8.084260715649414,22.16507234698698,83.23810075518367
569,214.56308116169072,0.496108201190809,2.0156893145481147,0.26355721729995163,3.0352552988599286,39.9393303813128,2015-11-09T16:08:37.945000Z,27.855427414589286,-0.37084045373951574,10,0.5,6,-1,peak,max mdccm,2015-11-09T16:08:37.944600Z,Taup,0.0,0.0,12,53.85690833333333,-166.41502499999999,us10003z5w,pavdut,lts,3,10.0,4.1,51.5792,-172.8657,2015-11-09T16:07:30.090000Z,2015-11-09T08:07:30.090000Z,503.9528914845472,242.41850857628,POM,0.12526774745129327,7.98290078927795,22.461753340926716,67.85459970934873
570,209.9036024562132,0.21472228848045907,4.657178381791537,0.5959585908051336,0.22323493214173196,2.733565444014829,2015-11-09T16:04:59.025000Z,34.02201052365882,-0.0895317305141691,10,0.5,6,-1,peak,max mdccm,2015-11-09T16:04:57.029641Z,Multiple triggers,39.191466454009785,0.105,12,53.85690833333333,-166.41502499999999,us10003vyx,pavdut,lts,3,15.0,6.5,51.6394,-173.0746,2015-11-09T16:03:46.070000Z,2015-11-09T08:03:46.070000Z,512.6656352223589,243.92561297987203,POM,0.12519055796628997,7.9878228537752,22.44715772469178,68.52964054795159
571,91.21623128421868,0.2904164769705739,3.443330800067945,0.2369589751984345,0.3245722895770769,37.82003514698495,2015-11-09T15:31:35.585000Z,149.09417448207614,-0.1652603277299211,10,0.5,6,-1,peak,max mdccm,2015-11-09T15:31:33.580120Z,STA/LTA trigger,29.98592046493834,0.085,12,53.85690833333333,-166.41502499999999,us10003xvf,pavdut,lts,3,16.81,3.9,51.3768,-172.8649,2015-11-09T15:30:28.370000Z,2015-11-09T07:30:28.370000Z,516.4251042096315,240.31040576629485,POM,0.12515614924065277,7.99001891690659,22.440651937740295,68.87012021993354
572,222.84928030517096,0.14809391295334393,6.752471996030275,0.5345393498041018,0.49711998300435356,3.7271467770362676,2015-11-09T15:03:47.165000Z,11.582991635257656,-0.022390005243451777,10,0.5,6,-1,peak,max mdccm,2015-11-09T15:03:45.171044Z,Multiple triggers,27.71902372142229,0.07846153846153846,12,53.85690833333333,-166.41502499999999,us10003z5u,pavdut,lts,3,20.7,3.0,51.9747,-170.5149,2015-11-09T15:02:55.000000Z,2015-11-09T07:02:55.000000Z,346.22273692931856,234.43227194042862,POM,0.12570390770989215,7.955202174843017,22.54425500108939,47.2710443770193
573,12.19143831053168,0.3021918265384441,3.309156344348653,0.26013960535307923,2.094091552556884,80.52028888587077,2015-11-09T15:02:00.745000Z,-130.67396665409478,-0.17698029408846738,10,0.5,6,-1,peak,max mdccm,2015-11-09T15:01:58.753958Z,STA/LTA trigger,33.59598117361456,0.06,12,53.85690833333333,-166.41502499999999,us10004012,pavdut,lts,3,3.86,3.2,51.4254,-173.0299,2015-11-09T15:00:45.910000Z,2015-11-09T07:00:45.910000Z,522.8677723956279,241.51747165643692,POM,0.12521153244997674,7.986484794437845,22.45112359879125,70.92395806899422
574,214.31536887257505,0.1720552715499961,5.812085796565776,0.27114247685154635,0.5457216806501615,4.6359016709535865,2015-11-09T14:07:00.745000Z,31.5859264833704,-0.047670721138723296,10,0.5,6,-1,peak,max mdccm,2015-11-09T14:07:00.736021Z,Taup,0.0,0.0,12,53.85690833333333,-166.41502499999999,us100048gz,pavdut,lts,3,44.14,4.7,51.6702,-173.5042,2015-11-09T14:05:50.350000Z,2015-11-09T06:05:50.350000Z,536.5268685485892,245.90129535594545,POM,0.12438455041127282,8.039583667694563,22.29484273809691,70.38602083186771
575,270.4874416979713,0.11562253164493987,8.648833283385075,0.2667110240812572,7.518383676793624,36.050616620045346,2015-11-09T14:06:57.545000Z,-25.931645838549144,0.008888077011111009,10,0.5,6,-1,peak,max mdccm,2015-11-09T14:07:00.546363Z,Taup,0.0,0.0,12,53.85690833333333,-166.41502499999999,us10003xv9,pavdut,lts,3,40.82,4.7,51.5547,-173.4601,2015-11-09T14:05:49.620000Z,2015-11-09T06:05:49.620000Z,540.3950226530951,244.55579585942215,POM,0.12451060865605088,8.031444153986977,22.31865356766174,70.92636297852997
576,214.1087565480268,0.17591615466672458,5.684526255672839,0.4574537898225184,0.3828922169485156,3.150284372592239,2015-11-09T13:52:47.165000Z,31.266631388536325,-0.05117067110667946,10,0.5,6,-1,peak,max mdccm,2015-11-09T13:52:45.171693Z,Multiple triggers,24.965230204715816,0.037500000000000006,12,53.85690833333333,-166.41502499999999,us10003xv8,pavdut,lts,3,35.0,4.4,51.6443,-173.4345,2015-11-09T13:51:33.040000Z,2015-11-09T05:51:33.040000Z,533.7889217829402,245.37538793656313,POM,0.12474548356004513,8.016322286479085,22.363029348323536,70.24169335047712
577,109.68222506530441,0.0997476203595752,10.02530182068655,0.4526364465425737,1.487253469563644,6.103452198550997,2015-11-30T01:57:30.485000Z,-57.93943155439902,0.0213274145784961,10,0.5,6,-1,peak,max mdccm,2015-11-30T01:57:28.489241Z,Multiple triggers,26.023754565451675,0.1,12,53.85690833333333,-166.41502499999999,ak015fcef8yl,pavdut,lts,3,133.2,3.1,57.7933,-156.0662,2015-11-30T01:55:52.292000Z,2015-11-29T17:55:52.292000Z,781.5011267984294,51.74279351090539,POM,0.1210750349380713,8.259340998840019,21.67114937922167,100.09724053979754
578,74.68075885008574,0.20334714827848138,4.917698666865554,0.3015549681004215,1.4589497328582823,75.80946711313763,2015-11-09T10:36:02.465000Z,-22.051782754771892,-0.0812563460009924,10,0.5,6,-1,peak,max mdccm,2015-11-09T10:36:00.456142Z,Multiple triggers,25.036834203638726,0.037500000000000006,12,53.85690833333333,-166.41502499999999,ak015edtdato,pavdut,lts,3,108.0,3.3,57.5673,-156.4114,2015-11-09T10:34:24.127000Z,2015-11-09T02:34:24.127000Z,751.2044775774441,52.62897609531385,POM,0.12209080227748899,8.19062518507489,21.862284642411648,96.32914182595717
579,103.1543596564357,0.03881572883350656,25.76275211240601,0.2685425764820472,4.407699916509603,10.905916838986542,2015-11-09T03:37:03.865000Z,-13.835212720778713,0.08668728169790518,10,0.5,6,-1,peak,max mdccm,2015-11-09T03:37:01.860786Z,Multiple triggers,25.861918880937665,0.035,12,53.85690833333333,-166.41502499999999,us10003xuj,pavdut,lts,3,12.2,4.2,53.7168,-159.7192,2015-11-09T03:35:59.940000Z,2015-11-08T19:35:59.940000Z,441.4350961245372,89.31914693565697,POM,0.12550301053141175,7.967936352807355,22.50624828884858,59.82078598106225
580,323.0261351135857,0.5335971036893835,1.8740731407382563,0.23152832484233846,0.8181055086325508,15.552815619307466,2015-11-08T22:20:20.005000Z,-81.20609688478581,-0.4087715069232958,10,0.5,6,-1,peak,max mdccm,2015-11-08T22:20:23.012787Z,Taup,0.0,0.0,12,53.85690833333333,-166.41502499999999,us10003z2q,pavdut,lts,3,37.6,4.0,51.5233,-172.8641,2015-11-08T22:19:16.150000Z,2015-11-08T14:19:16.150000Z,507.24852850307286,241.82003822879992,POM,0.12482559676608776,8.011177401970787,22.378168664452637,66.8627871656444
581,24.67178194350805,0.5544935986827759,1.8034473299160607,0.2354287402044612,0.5498623534782514,77.17469491965363,2015-11-08T22:20:20.285000Z,-144.71671045685935,-0.4299242139512734,10,0.5,6,-1,peak,max mdccm,2015-11-08T22:20:23.282424Z,Taup,0.0,0.0,12,53.85690833333333,-166.41502499999999,us10003z3q,pavdut,lts,3,41.5,3.5,51.304,-172.95,2015-11-08T22:19:14.170000Z,2015-11-08T14:19:14.170000Z,525.9299058757143,239.95507148664868,POM,0.12456938473150253,8.02765464528387,22.329757023353604,69.11242367152879
582,207.96051280330448,0.35966553046968197,2.7803609611800013,0.2468834818634188,0.30719054856981665,79.16011467023657,2015-11-08T20:58:27.205000Z,33.143951927646185,-0.23464147842859867,10,0.5,6,-1,peak,max mdccm,2015-11-08T20:58:25.206958Z,STA/LTA trigger,22.968543082330008,0.05,12,53.85690833333333,-166.41502499999999,us10003z3n,pavdut,lts,3,25.8,3.6,51.4094,-172.9712,2015-11-08T20:57:12.000000Z,2015-11-08T12:57:12.000000Z,520.4729673433557,241.10446473095067,POM,0.1250240520410833,7.998460965506036,22.41567865687743,68.88695828949088
583,204.29679683345307,0.22022426738572143,4.540825640475426,0.3308437204848802,0.4126146129369488,4.217545231303006,2015-11-08T19:12:23.525000Z,38.22990456391656,-0.09514566273928088,10,0.5,6,-1,peak,max mdccm,2015-11-08T19:12:23.532033Z,Taup,0.0,0.0,12,53.85690833333333,-166.41502499999999,us10003vsn,pavdut,lts,3,14.4,4.4,51.431,-173.26,2015-11-08T19:11:12.050000Z,2015-11-08T11:11:12.050000Z,535.8969333833752,242.52670139736964,POM,0.12507860464644055,7.994972464129242,22.425991408440904,71.4820330868122
584,340.5541915281806,0.956402229842112,1.04558518246563,0.25598950311696467,5.216293316673816,31.51792509697691,2015-11-08T17:57:59.425000Z,-100.13499686405234,-0.8312275594634638,10,0.5,6,-1,peak,max mdccm,2015-11-08T17:57:59.432321Z,Taup,0.0,0.0,12,53.85690833333333,-166.41502499999999,us10003z3m,pavdut,lts,3,1.8,4.0,51.307,-173.05,2015-11-08T17:56:46.920000Z,2015-11-08T09:56:46.920000Z,531.4474793911813,240.41919466412824,POM,0.12517467037864818,7.988836694956268,22.44415376092372,72.51232137955455
585,267.33632232978096,0.26950290318189046,3.7105351675009195,0.31486459152504676,0.6612318243356599,45.76909403061825,2015-11-08T11:40:04.085000Z,-24.764321193007163,-0.1446585512982209,10,0.5,6,-1,peak,max mdccm,2015-11-08T11:40:02.085865Z,Multiple triggers,25.638222531224958,0.05,12,53.85690833333333,-166.41502499999999,us10003z14,pavdut,lts,3,37.79,4.7,51.5941,-172.8644,2015-11-08T11:39:00.100000Z,2015-11-08T03:39:00.100000Z,502.9828862253906,242.5720011367738,POM,0.12484435188366957,8.009973898793625,22.38171313266491,66.32586497700123
586,213.4626664659254,0.20808145182670137,4.805810374837447,0.6528851321982169,0.2620437894877998,2.73758800612498,2015-11-08T11:34:26.885000Z,28.961566833017116,-0.08294083560199308,10,0.5,6,-1,peak,max mdccm,2015-11-08T11:34:24.884673Z,Multiple triggers,29.564207249158258,0.10444444444444446,12,53.85690833333333,-166.41502499999999,us10003vq9,pavdut,lts,3,20.0,5.7,51.5345,-172.9785,2015-11-08T11:33:14.590000Z,2015-11-08T03:33:14.590000Z,513.2228635243362,242.4242332989425,POM,0.1251406162247083,7.99101067397937,22.437715152045744,68.26467270444216
587,212.24329528514681,0.21527328122768175,4.645258316764167,0.6535715513111773,0.18355824050489877,1.970277915525287,2015-11-08T10:47:30.065000Z,29.537843572973145,-0.09008495100976269,10,0.5,6,-1,peak,max mdccm,2015-11-08T10:47:28.067932Z,Multiple triggers,27.762356873837344,0.05647058823529412,12,53.85690833333333,-166.41502499999999,us10003vq1,pavdut,lts,3,16.0,5.6,51.5002,-172.9113,2015-11-08T10:46:17.430000Z,2015-11-08T02:46:17.430000Z,511.39858686003413,241.78113885811996,POM,0.12518833021791906,7.987964998488838,22.44673650670378,68.29793245433017
588,5.867916283088334,1.8234438731588944,0.5484128218696536,0.2632114924799721,0.4473872629485162,32.95528403005059,2015-11-24T06:42:14.345000Z,65.08320802059234,-1.7006675587207118,10,0.5,6,-1,peak,max mdccm,2015-11-24T06:42:14.340099Z,Taup,0.0,0.0,12,53.85690833333333,-166.41502499999999,ak015f2k315k,pavdut,lts,3,17.3,3.1,55.812,-151.9811,2015-11-24T06:40:11.764000Z,2015-11-23T22:40:11.764000Z,950.7719068066748,70.95112430368066,POM,0.12277631443818257,8.144893455842384,21.9914209211259,122.57609924640627
589,68.97656471997777,0.2734839889531075,3.6565211873206347,0.252947878408676,1.2920942145828267,67.12184652366673,2015-11-07T01:52:25.485000Z,6.799600765066771,-0.14780441273880016,10,0.5,6,-1,peak,max mdccm,2015-11-07T01:52:25.479329Z,Taup,0.0,0.0,12,53.85690833333333,-166.41502499999999,us10003z0f,pavdut,lts,3,28.32,3.4,54.4955,-161.3751,2015-11-07T01:51:39.740000Z,2015-11-06T17:51:39.740000Z,336.6089119132356,75.77616548504454,POM,0.12567957621430734,7.9567422975298046,22.53965129291147,45.739328550798774
590,220.61745874703774,0.09688994881810944,10.320988009574556,0.7179928840728765,1.0716012319243218,5.124357461963854,2015-11-06T23:11:56.605000Z,-1.752443156315877,-0.03194175508467763,10,0.5,6,-1,peak,max mdccm,2015-11-06T23:11:54.609962Z,Multiple triggers,113.5508210138895,0.37833333333333335,12,53.85690833333333,-166.41502499999999,us10003z4k,pavdut,lts,3,79.83,4.0,53.5437,-166.8378,2015-11-06T23:11:41.940000Z,2015-11-06T15:11:41.940000Z,44.66392548984018,218.86501559072187,POM,0.06494819373343182,15.396887003575808,11.425405984053219,12.819961510743273
591,211.37602602641118,0.19770902674588417,5.057938003434219,0.5887040515870308,0.24956539854897297,2.486026401819089,2015-11-06T21:23:15.285000Z,14.062764124484318,-0.07058056971960047,10,0.5,6,-1,peak,max mdccm,2015-11-06T21:23:13.278290Z,Multiple triggers,29.018935920373575,0.12260869565217393,12,53.85690833333333,-166.41502499999999,us10003vew,pavdut,lts,3,10.0,4.0,52.1132,-169.2352,2015-11-06T21:22:32.390000Z,2015-11-06T13:22:32.390000Z,271.1224669252696,225.4387901508955,POM,0.1271284570262837,7.8660594440570515,22.814060007067837,38.58829008528061
592,222.89603398653645,0.18459629316066445,5.4172268731834405,0.5071346921931028,0.3584116225989842,3.3123397825920904,2015-11-06T16:55:07.625000Z,6.915560770741422,-0.05885040582496992,10,0.5,6,-1,peak,max mdccm,2015-11-06T16:55:05.618801Z,Multiple triggers,25.217536589879593,0.08800000000000001,12,53.85690833333333,-166.41502499999999,us10003z4r,pavdut,lts,3,32.3,4.2,52.2896,-169.3693,2015-11-06T16:54:26.000000Z,2015-11-06T08:54:26.000000Z,263.83404069098975,229.81159475727787,POM,0.12574588733569453,7.952546371002765,22.552198233795234,36.46880121473958
593,216.3802513626033,0.15892229054578155,6.292383507472319,0.37885739382957695,0.4712742057179087,5.691984845342716,2015-11-23T15:18:00.485000Z,47.19028466913932,-0.0407202912674291,10,0.5,6,-1,peak,max mdccm,2015-11-23T15:17:58.489508Z,STA/LTA trigger,22.435160514629885,0.085,12,53.85690833333333,-166.41502499999999,us100041bx,pavdut,lts,3,179.52,3.1,52.1271,-179.9983,2015-11-23T15:15:58.250000Z,2015-11-23T07:15:58.250000Z,930.6567187735154,263.5705360317426,POM,0.11820199927835245,8.46009378948923,21.131894733451638,117.79950847134515
594,222.5728049276609,0.18952771369840427,5.276273218761566,0.7001049259982273,0.2414313186820869,2.357104248770554,2015-11-06T13:31:06.805000Z,1.7944533172912145,-0.06277116773352265,10,0.5,6,-1,peak,max mdccm,2015-11-06T13:31:04.810488Z,Multiple triggers,27.70136013697525,0.06533333333333334,12,53.85690833333333,-166.41502499999999,us10003v7l,pavdut,lts,3,10.0,4.5,52.0276,-169.2611,2015-11-06T13:30:20.660000Z,2015-11-06T05:30:20.660000Z,279.33228367718687,224.36725824495213,POM,0.12675654596488162,7.88913891892458,22.7435699808399,39.63048775125678
595,222.66817645956417,0.18554690156506984,5.389472912590286,0.5673193085338313,0.30741161456591914,3.2633589685401887,2015-11-06T04:15:34.085000Z,1.947074135187279,-0.058628318863435086,10,0.5,6,-1,peak,max mdccm,2015-11-06T04:15:32.085536Z,Multiple triggers,32.258561270769654,0.08705882352941177,12,53.85690833333333,-166.41502499999999,us10003z4n,pavdut,lts,3,10.0,4.3,52.0582,-169.2397,2015-11-06T04:14:49.840000Z,2015-11-05T20:14:49.840000Z,275.8242731270559,224.61525059475144,POM,0.12691858270163475,7.879066868803914,22.774277077743122,39.185536382738036
596,224.2382155592187,0.18564747543605023,5.386553184476074,0.5045107505792517,0.3301091478090039,3.7815371142685876,2015-11-06T02:18:16.725000Z,3.9111430915134235,-0.05964032402522135,10,0.5,6,-1,peak,max mdccm,2015-11-06T02:18:14.717482Z,Multiple triggers,38.77262596739041,0.09999999999999999,12,53.85690833333333,-166.41502499999999,us10003vbh,pavdut,lts,3,19.94,3.2,52.1532,-169.4369,2015-11-06T02:17:34.470000Z,2015-11-05T18:17:34.470000Z,277.62130913459134,228.14935865073213,POM,0.12600715141082888,7.936057507876186,22.601643964879592,38.68748200029339
597,227.3658174940852,0.18715320978917535,5.3432158664362825,0.8517003876168783,0.2551669240089698,2.374074505937557,2015-11-06T01:31:55.715000Z,3.5185834822326,-0.06109813475370027,10,0.5,6,-1,peak,max mdccm,2015-11-06T01:31:53.712842Z,Multiple triggers,27.66501806639285,0.08800000000000002,11,53.85690833333333,-166.41502499999999,us10003v31,pavdut,lts,3,22.17,4.7,52.278,-169.4998,2015-11-06T01:31:14.500000Z,2015-11-05T17:31:14.500000Z,271.31049849965723,230.8844009763178,POM,0.12605507503547508,7.9330403771413,22.610715713964623,37.772841928870264
598,224.90423838861642,0.19399801223761606,5.154691991251758,0.5647474749154751,0.47585782380178543,4.325037775379286,2015-11-06T01:45:07.885000Z,3.787839930532641,-0.06796105308293612,10,0.5,6,-1,peak,max mdccm,2015-11-06T01:45:05.881546Z,Multiple triggers,26.587852116614545,0.06799999999999999,12,53.85690833333333,-166.41502499999999,us10003z4m,pavdut,lts,3,20.05,3.4,52.1756,-169.4544,2015-11-06T01:44:23.330000Z,2015-11-05T17:44:23.330000Z,276.7512502192022,228.69207831914906,POM,0.12603695915467994,7.934180630085985,22.60728638039865,38.57154563946735
599,220.85692298421998,0.181844431808969,5.499206052404832,0.8399211317076678,0.34170577051957585,3.0826310151921064,2015-11-06T01:10:38.725000Z,9.39618363275622,-0.05533491166026458,10,0.5,6,-1,peak,max mdccm,2015-11-06T01:10:36.724920Z,Multiple triggers,40.319112793274726,0.11166666666666669,12,53.85690833333333,-166.41502499999999,us10003v2p,pavdut,lts,3,18.83,5.3,52.27,-169.449,2015-11-06T01:09:56.500000Z,2015-11-05T17:09:56.500000Z,269.3228684684219,230.2531066169762,POM,0.12650952014870442,7.904543459057939,22.696770126015508,37.704920228263866
600,126.7224240461995,0.10721003142472112,9.327485373438797,0.3521387791706257,1.981357543052762,12.411073709793214,2015-11-05T23:07:21.425000Z,-20.24601355091596,0.018532920119812404,10,0.5,6,-1,peak,max mdccm,2015-11-05T23:07:19.434756Z,Multiple triggers,48.93332419083524,0.16,12,53.85690833333333,-166.41502499999999,us10003v20,pavdut,lts,3,21.14,3.9,52.972,-161.9326,2015-11-05T23:06:36.120000Z,2015-11-05T15:06:36.120000Z,313.8331378358835,106.47641049528353,POM,0.12574295154453352,7.952732043559808,22.551642719157165,43.17475587080536
601,236.33991285077082,1.051184233838698,0.9513080274693768,0.2331153497201271,5.071984378320136,72.69635358043283,2015-11-05T18:55:07.005000Z,-157.38679788132745,-0.9254444840648242,10,0.5,6,-1,peak,max mdccm,2015-11-05T18:55:04.998464Z,Multiple triggers,27.97995569576559,0.06,12,53.85690833333333,-166.41502499999999,us10003y9d,pavdut,lts,3,18.5,3.0,54.315,-161.538,2015-11-05T18:54:16.000000Z,2015-11-05T10:54:16.000000Z,323.13476369042445,78.95311496944336,POM,0.12573974977387398,7.952934547733437,22.55103687804451,44.49846391219929
602,213.4194774123779,0.1964335524334477,5.090779999709078,0.3553843335295508,0.3085382133889292,4.054297023808431,2015-11-05T03:16:31.705000Z,1.4987091989807766,-0.07070707992241984,10,0.5,6,-1,peak,max mdccm,2015-11-05T03:16:29.704837Z,Multiple triggers,29.197131072974393,0.10000000000000002,12,53.85690833333333,-166.41502499999999,us10003y98,pavdut,lts,3,29.3,3.3,51.5945,-168.9205,2015-11-05T03:15:46.000000Z,2015-11-04T19:15:46.000000Z,303.3359682491351,214.91818661135866,POM,0.12572647251102786,7.953774412244699,22.5485245741784,41.52483745942449
603,116.1630463216465,1.6391193333149625,0.6100837075587385,0.23907442725673655,0.7495706208466624,45.97905228601081,2015-11-19T20:22:10.905000Z,-55.81653830326454,-1.5163408699020335,10,0.5,6,-1,peak,max mdccm,2015-11-19T20:22:13.898632Z,Taup,0.0,0.0,12,53.85690833333333,-166.41502499999999,ak015euim43g,pavdut,lts,3,50.3,3.2,56.9753,-154.5808,2015-11-19T20:20:28.128000Z,2015-11-19T12:20:28.128000Z,824.5343488331159,60.346508018381975,POM,0.12277846341292903,8.144750896879984,21.991825927889185,105.7706322989692
604,213.04890017168748,0.14175062578529993,7.054642577131421,0.4761422078366322,0.6500811636090358,4.839045925690954,2015-11-04T00:18:26.705000Z,43.42654373962603,-0.05129255357148914,10,0.5,6,-1,peak,max mdccm,2015-11-04T00:18:24.707168Z,Multiple triggers,32.3817642568613,0.14375,12,53.85690833333333,-166.41502499999999,us10003y90,pavdut,lts,3,203.4,3.2,53.3521,-169.623,2015-11-04T00:17:45.020000Z,2015-11-03T16:17:45.020000Z,219.63940699648336,256.4754439113135,POM,0.09045807221381079,11.054845361244874,16.015483798773705,38.3171679602886
605,73.3320419799183,0.12819911552481614,7.8003658286271484,0.5951781859417828,2.729893203391877,17.247592868267702,2015-11-03T11:22:26.245000Z,170.0349753412367,-0.0030623261205594,10,0.5,6,-1,peak,max mdccm,2015-11-03T11:22:29.238027Z,Taup,0.0,0.0,12,53.85690833333333,-166.41502499999999,us200041jf,pavdut,lts,3,10.0,4.6,51.514,-173.2607,2015-11-03T11:21:18.000000Z,2015-11-03T03:21:18.000000Z,530.9762841151971,243.367017321155,POM,0.12513678940425674,7.991255047861915,22.436991634902984,71.23802686953613
606,93.7245422744138,0.14126333394819265,7.078977764794529,0.3254974291493139,12.641394852932851,43.96940871338799,2015-11-03T02:54:59.865000Z,150.5510158155369,-0.016194906739335407,10,0.5,6,-1,peak,max mdccm,2015-11-03T02:54:57.857722Z,STA/LTA trigger,24.567323179215574,0.16,12,53.85690833333333,-166.41502499999999,us10003wa8,pavdut,lts,3,17.6,3.1,51.5731,-173.3382,2015-11-03T02:53:48.000000Z,2015-11-02T18:53:48.000000Z,532.1016098213528,244.27555808995072,POM,0.12506842720885725,7.995623054650365,22.42406738382169,70.77772218024701
607,81.40041410917115,0.24676523297800987,4.052434728878981,0.27960730046551163,3.0565066186757273,33.94253229710347,2015-11-03T00:32:05.205000Z,160.41882028431917,-0.1215569649381592,10,0.5,6,-1,peak,max mdccm,2015-11-03T00:32:05.199261Z,Taup,0.0,0.0,12,53.85690833333333,-166.41502499999999,us10003v6f,pavdut,lts,3,10.0,3.2,51.477,-172.9766,2015-11-03T00:30:55.760000Z,2015-11-02T16:30:55.760000Z,516.6060399258824,241.8192343934903,POM,0.12520826803985066,7.9866930168040104,22.450506353757767,69.4392613552284
608,219.07987195373323,0.16379149714373611,6.105323032259999,0.5079062428186127,0.3391774856890075,2.777550230043431,2015-11-17T23:54:45.185000Z,37.25659898344213,-0.041016273405547546,10,0.5,6,-1,peak,max mdccm,2015-11-17T23:54:43.188772Z,Multiple triggers,25.0992135376859,0.065,12,53.85690833333333,-166.41502499999999,us10003z5i,pavdut,lts,3,49.83,4.7,51.4547,-178.261,2015-11-17T23:52:50.480000Z,2015-11-17T15:52:50.480000Z,843.812528555663,256.33647093717536,POM,0.12277522373818857,8.144965812747735,21.99121536267321,108.14877223674192
609,129.6469701659967,0.18563981983180025,5.386775320650786,0.3399389200263676,3.816261946985656,34.34963551342466,2015-11-02T20:45:10.205000Z,112.82977794812314,-0.060533089721365674,10,0.5,6,-1,peak,max mdccm,2015-11-02T20:45:10.199934Z,Taup,0.0,0.0,12,53.85690833333333,-166.41502499999999,us200041eh,pavdut,lts,3,10.0,3.9,51.4245,-173.2637,2015-11-02T20:43:58.270000Z,2015-11-02T12:43:58.270000Z,536.5061638501498,242.4767481141198,POM,0.12510673011043458,7.993175100310568,22.431308610934927,71.92993432710912
610,217.37121227057526,0.18270481125241592,5.473309614263248,0.5464816271378924,0.3578867026758479,2.986844308942068,2015-11-02T18:34:16.185000Z,26.280392839451537,-0.05759023308045247,10,0.5,6,-1,peak,max mdccm,2015-11-02T18:34:14.179343Z,Multiple triggers,28.284426973421063,0.07142857142857142,12,53.85690833333333,-166.41502499999999,us200041di,pavdut,lts,3,13.81,4.2,51.5395,-173.2668,2015-11-02T18:32:59.790000Z,2015-11-02T10:32:59.790000Z,529.8345470628348,243.6516051100268,POM,0.12511457817196345,7.992673712455413,22.432792346622698,70.76934299851453
611,215.55366111502917,0.19437396276588545,5.1447219872985475,0.5425599225082675,0.3066218827937095,3.2561218116163957,2015-11-02T11:17:50.785000Z,29.07037887602351,-0.06920796012699224,10,0.5,6,-1,peak,max mdccm,2015-11-02T11:17:48.795591Z,Multiple triggers,22.54861210104978,0.0325,12,53.85690833333333,-166.41502499999999,us10003x79,pavdut,lts,3,10.0,4.2,51.6298,-173.2768,2015-11-02T11:16:34.980000Z,2015-11-02T03:16:34.980000Z,525.2037925354218,244.62403999105268,POM,0.12516600263889321,7.989389921519049,22.44251492556433,70.51559111893117
612,205.45576206059377,0.11635968205689579,8.594042045517408,0.5726727636541249,2.07660746440745,8.540751627354354,2015-11-02T10:35:56.945000Z,37.178203803022654,0.008561277955662902,10,0.5,6,-1,peak,max mdccm,2015-11-02T10:35:59.945889Z,Taup,0.0,0.0,12,53.85690833333333,-166.41502499999999,us2000420e,pavdut,lts,3,28.8,3.3,51.4739,-173.18,2015-11-02T10:34:50.150000Z,2015-11-02T02:34:50.150000Z,528.6364154129784,242.63396586361642,POM,0.12492096001255869,8.005061759847722,22.39619198981306,69.79588904695805
613,216.54701527542528,0.1900229621149615,5.262521901932107,0.5913785804794303,0.29609469896852847,2.6842564428681044,2015-11-02T10:33:32.465000Z,27.37497714057605,-0.06488067075656304,10,0.5,6,-1,peak,max mdccm,2015-11-02T10:33:30.473237Z,Multiple triggers,29.567674552162906,0.060000000000000005,12,53.85690833333333,-166.41502499999999,us200041ae,pavdut,lts,3,10.0,4.5,51.5583,-173.2865,2015-11-02T10:32:16.430000Z,2015-11-02T02:32:16.430000Z,529.8991644754883,243.92199241600133,POM,0.12514229135839847,7.990903707652854,22.438031862092576,71.1032366181467
614,215.66488277475173,0.1872020700268901,5.3418212728970245,0.7184985523158718,0.24244851648454224,2.2562481175400535,2015-11-02T08:32:32.425000Z,28.22143515652462,-0.06205434926011427,10,0.5,6,-1,peak,max mdccm,2015-11-02T08:32:30.429654Z,Multiple triggers,26.277716351428033,0.05714285714285715,12,53.85690833333333,-166.41502499999999,us200041a3,pavdut,lts,3,10.0,5.3,51.5608,-173.2709,2015-11-02T08:31:15.330000Z,2015-11-02T00:31:15.330000Z,528.8317388692369,243.88631793127635,POM,0.12514772076677583,7.9905570303081355,22.43905838105949,70.96965363311305
615,216.5689478781668,0.24618020097210935,4.062065089114513,0.5070837465899647,0.45564489586327017,4.863620431420145,2015-11-02T08:28:55.985000Z,27.33853726624966,-0.12101926409912667,10,0.5,6,-1,peak,max mdccm,2015-11-02T08:28:58.982077Z,Taup,0.0,0.0,12,53.85690833333333,-166.41502499999999,us200041a2,pavdut,lts,3,10.0,5.0,51.5746,-173.2402,2015-11-02T08:27:48.340000Z,2015-11-02T00:27:48.340000Z,526.2143557046704,243.90748514441646,POM,0.1251609368729827,7.98971328422407,22.44155713508728,70.64207673958437
616,214.7865714609693,0.20004537256533572,4.9988659431419515,0.6767994284564933,0.1954922509901844,1.927961611188664,2015-11-02T08:25:39.405000Z,29.644579308839184,-0.07490706429750613,10,0.5,6,-1,peak,max mdccm,2015-11-02T08:25:37.400874Z,Multiple triggers,23.371682986990233,0.04736842105263158,12,53.85690833333333,-166.41502499999999,us200041a1,pavdut,lts,3,10.0,5.1,51.5908,-173.3314,2015-11-02T08:24:22.540000Z,2015-11-02T00:24:22.540000Z,530.6793917082598,244.43115076980848,POM,0.1251383082678296,7.991158054172599,22.43727879812855,71.20087448402975
617,292.63131179887466,0.11310566951910668,8.841289780182702,0.4440674014381517,3.254549365600671,30.539879193044413,2015-11-02T08:20:58.785000Z,-49.77723232739143,0.012001060591327897,10,0.5,6,-1,peak,max mdccm,2015-11-02T08:21:01.783537Z,Taup,0.0,0.0,12,53.85690833333333,-166.41502499999999,us200041zq,pavdut,lts,3,10.0,4.4,51.4518,-173.2896,2015-11-02T08:19:49.870000Z,2015-11-02T00:19:49.870000Z,536.3750948601821,242.85407947148323,POM,0.12510673011043458,7.993175100310568,22.431308610934927,71.91353671435539
618,210.3790295887908,0.20014064176296822,4.99648642670151,0.6883794296522621,0.22698485743673658,2.2707780043785135,2015-11-02T08:16:48.865000Z,33.9661083244261,-0.07502606359100478,10,0.5,6,-1,peak,max mdccm,2015-11-02T08:16:46.864918Z,Multiple triggers,24.191377906035655,0.05866666666666667,12,53.85690833333333,-166.41502499999999,us200041a0,pavdut,lts,3,13.0,5.8,51.5815,-173.3339,2015-11-02T08:15:33.540000Z,2015-11-02T00:15:33.540000Z,531.3624989911909,244.3451379132169,POM,0.12511457817196345,7.992673712455413,22.432792346622698,71.02491832859852
619,109.21913450166059,0.08172789514793573,12.235724389939312,0.6880806831044595,1.599844405102913,8.22662674650735,2015-11-02T05:41:47.065000Z,-22.801631423745448,0.047057615740526096,10,0.5,6,-1,peak,max mdccm,2015-11-02T05:41:45.075485Z,Multiple triggers,22.62144941100241,0.04923076923076924,12,53.85690833333333,-166.41502499999999,us200041et,pavdut,lts,3,10.9,3.1,53.935,-162.9412,2015-11-02T05:41:09.000000Z,2015-11-01T21:41:09.000000Z,228.50884075800565,86.41750307791514,POM,0.12878551088846182,7.764848647190421,23.128574989742273,33.055484551213134
620,223.0544304420148,0.1932340685775315,5.175070873171461,0.7406903640749996,0.2217340695473795,2.1312096740796846,2015-11-01T23:21:09.805000Z,27.838978253482026,-0.06443736883945628,10,0.5,6,-1,peak,max mdccm,2015-11-01T23:21:07.805461Z,Multiple triggers,31.108590282035095,0.09272727272727273,12,53.85690833333333,-166.41502499999999,us10003vgr,pavdut,lts,3,17.5,3.2,53.182,-169.47,2015-11-01T23:20:36.300000Z,2015-11-01T15:20:36.300000Z,216.08501958742406,250.89340869549682,POM,0.12879669973807523,7.764174097889383,23.130701170798126,30.985461119368747
621,223.0544304420148,0.1932340685775315,5.175070873171461,0.7406903640749996,0.2217340695473795,2.1312096740796846,2015-11-01T23:21:09.805000Z,11.230298285803968,-0.06786917070763845,10,0.5,6,-1,peak,max mdccm,2015-11-01T23:21:07.807486Z,Multiple triggers,31.108590282035095,0.09272727272727273,12,53.85690833333333,-166.41502499999999,us10003ya8,pavdut,lts,3,46.1,3.3,52.6327,-169.1418,2015-11-01T23:20:34.000000Z,2015-11-01T15:20:34.000000Z,227.3442593039109,234.28472872781876,POM,0.12536489786989305,7.976714510929734,22.48012551824467,31.707486368681405
622,231.31156399771584,0.16168249243680452,6.184961556000639,0.5493748855414909,0.39060219506205485,3.1725957395931346,2015-11-01T19:38:11.045000Z,11.245069147118954,-0.042967542404740294,10,0.5,6,-1,peak,max mdccm,2015-11-01T19:38:09.049046Z,Multiple triggers,44.62282658544974,0.16173913043478264,12,53.85690833333333,-166.41502499999999,us200041y2,pavdut,lts,3,97.07,3.6,52.6953,-169.9313,2015-11-01T19:37:30.310000Z,2015-11-01T11:37:30.310000Z,267.7867927235537,242.5566331448348,POM,0.11871495003206423,8.423538903313405,21.22802774318153,37.49904585800519
623,76.63906976431718,0.1613744768267222,6.196766797724538,0.3097477072349578,4.69990291815007,34.46877881773341,2015-11-01T13:47:20.005000Z,5.87972698679755,-0.03565486324011785,10,0.5,6,-1,peak,max mdccm,2015-11-01T13:47:20.003763Z,Taup,0.0,0.0,12,53.85690833333333,-166.41502499999999,us10003ya5,pavdut,lts,3,23.25,3.0,54.1387,-161.4117,2015-11-01T13:46:34.960000Z,2015-11-01T05:46:34.960000Z,329.53972712625847,82.51879675111473,POM,0.12571961358660436,7.954208348812105,22.547226756649874,45.043762531934185
624,100.55169012127931,0.08433387403847717,11.857631484399162,0.3535940669265152,2.059666131509032,7.902727749601638,2015-10-31T23:57:12.665000Z,-25.127571222805244,0.04137217315142053,10,0.5,6,-1,peak,max mdccm,2015-10-31T23:57:10.657926Z,Multiple triggers,25.234974575389938,0.09000000000000001,12,53.85690833333333,-166.41502499999999,us10003vee,pavdut,lts,3,29.7,3.0,54.4797,-161.693,2015-10-31T23:56:26.000000Z,2015-10-31T15:56:26.000000Z,316.0290913229613,75.42411889847406,POM,0.1257060471898977,7.955066779638303,22.544659814688373,43.10792556514117
625,104.95634782886361,0.08015995728147897,12.475056548352864,0.527563519760451,1.8822577448897295,7.767165364907214,2015-10-31T23:25:09.285000Z,-27.484105906710624,0.04558670133133892,10,0.5,6,-1,peak,max mdccm,2015-10-31T23:25:07.293487Z,STA/LTA trigger,23.49080479101785,0.045,12,53.85690833333333,-166.41502499999999,us10003ved,pavdut,lts,3,18.3,3.2,54.3801,-161.6593,2015-10-31T23:24:21.000000Z,2015-10-31T15:24:21.000000Z,316.3149201782277,77.47224192215297,POM,0.1257466586128179,7.95249759342763,22.552344176336003,43.65348732394057
626,261.9579533495963,0.02927723705881581,34.15622853997711,0.247715910243803,1.7057721563194486,26.301465899087958,2015-11-08T06:01:16.505000Z,-6.800457560813101,0.09351151429362127,10,0.5,6,-1,peak,max mdccm,2015-11-08T06:01:16.505764Z,Taup,0.0,0.0,12,53.85690833333333,-166.41502499999999,us10003z3g,pavdut,lts,3,45.6,3.0,51.5708,-177.2238,2015-11-08T05:59:37.000000Z,2015-11-07T21:59:37.000000Z,772.5613577127021,255.15749578878322,POM,0.12278875135243708,8.144068483355843,21.993764861564095,99.50576351968792
627,318.0615084469462,0.04422471148027657,22.61179251437247,0.5793153613109027,18.658297167754256,37.672021057719604,2015-11-04T02:53:45.645000Z,-61.84825341917781,0.07856403987216051,10,0.5,6,-1,peak,max mdccm,2015-11-04T02:53:48.638987Z,Taup,0.0,0.0,12,53.85690833333333,-166.41502499999999,us10003y8z,pavdut,lts,3,18.1,4.0,51.4613,-178.1702,2015-11-04T02:52:00.000000Z,2015-11-03T18:52:00.000000Z,837.720112345042,256.2132550277684,POM,0.12278875135243708,8.144068483355843,21.993764861564095,108.6389866821555
628,215.57214578982786,0.16618587396801468,6.017358612516412,0.6775096929226099,0.3184972993321078,2.5601629307488167,2015-10-30T17:48:27.065000Z,3.367669576013725,-0.0656812012022059,10,0.5,6,-1,peak,max mdccm,2015-10-30T17:48:25.067703Z,Multiple triggers,105.83283093630254,0.21200000000000002,12,53.85690833333333,-166.41502499999999,us10003utc,pavdut,lts,3,76.65,3.2,53.2191,-167.2696,2015-10-30T17:48:08.330000Z,2015-10-30T09:48:08.330000Z,90.82322911947574,218.93981536584158,POM,0.10050467276580878,9.949786139099746,17.85079297921401,16.477703025555588
629,246.78100545221594,1.1354437286750965,0.880712953663375,0.26615166286154995,2.0990000920148684,52.42011117131952,2015-11-09T09:21:52.325000Z,1.067109463340529,-1.0112166827570244,10,0.5,6,-1,peak,max mdccm,2015-11-09T09:21:52.326676Z,Taup,0.0,0.0,12,53.85690833333333,-166.41502499999999,us10003xv3,pavdut,lts,3,25.6,4.0,51.3523,-174.9982,2015-11-09T09:20:28.000000Z,2015-11-09T01:20:28.000000Z,644.2768123879472,247.84811491555647,POM,0.12422704591807215,8.049776863079405,22.265097804600433,84.32667602147849
630,206.4991031161935,0.17822151050489476,5.610994975674025,0.40217228923205034,0.38135463362501154,3.103276945596747,2015-10-29T11:45:55.065000Z,44.08973032760579,-0.05864725431238321,10,0.5,6,-1,peak,max mdccm,2015-10-29T11:45:53.062165Z,Multiple triggers,26.889358540556593,0.035,12,53.85690833333333,-166.41502499999999,us20004220,pavdut,lts,3,132.8,3.1,52.2394,-173.0322,2015-10-29T11:44:48.000000Z,2015-10-29T03:44:48.000000Z,478.651529174218,250.5888334437993,POM,0.11957425619251155,8.363004143550976,21.389212517072757,63.56216484698352
631,231.55804103108704,0.12324716819161419,8.11377668690355,0.4293975967252945,0.6727547926178272,4.70893677230589,2015-10-27T23:21:46.385000Z,-40.48932614312312,0.007536961858946506,10,0.5,6,-1,peak,max mdccm,2015-10-27T23:21:44.385798Z,Multiple triggers,63.14406641504466,0.2421052631578947,12,53.85690833333333,-166.41502499999999,us200041pr,pavdut,lts,3,24.8,3.6,52.971,-166.702,2015-10-27T23:21:27.480000Z,2015-10-27T15:21:27.480000Z,100.42562751942528,191.06871488796392,POM,0.1307841300505607,7.646187649934311,23.50890510179285,15.645797582969942
632,217.9966020780273,0.18102863075552475,5.523988088660287,0.7282442373088751,0.3458699986032068,3.1054571503097463,2015-10-27T14:54:51.365000Z,8.574175091362775,-0.055282786653345295,10,0.5,6,-1,peak,max mdccm,2015-10-27T14:54:49.357019Z,Multiple triggers,46.27839640399891,0.19538461538461538,12,53.85690833333333,-166.41502499999999,us200040r6,pavdut,lts,3,25.7,3.8,52.024,-169.485,2015-10-27T14:54:07.790000Z,2015-10-27T06:54:07.790000Z,290.1289373538681,226.57077716939008,POM,0.12574584410217945,7.952549105220629,22.55219005307093,39.987018950364536
633,221.91057894537335,0.19667616126457202,5.084500295156684,0.7423410953634908,0.2267924008955382,2.2168805403289866,2015-10-27T14:39:47.825000Z,6.1706643466615105,-0.07095940019328675,10,0.5,6,-1,peak,max mdccm,2015-10-27T14:39:45.823969Z,Multiple triggers,26.40907435081575,0.05473684210526316,12,53.85690833333333,-166.41502499999999,us10003rv4,pavdut,lts,3,35.0,3.8,52.1106,-169.5008,2015-10-27T14:39:05.020000Z,2015-10-27T06:39:05.020000Z,284.06360122022966,228.08124329203486,POM,0.12571676107128527,7.954388829926738,22.546687019002153,38.94396862979212
634,220.46915102110654,0.19730212458046875,5.06836914263513,0.8094798247719039,0.1885441367444045,1.8344446901838865,2015-10-27T13:20:10.145000Z,9.191641557092282,-0.07157859964785435,10,0.5,6,-1,peak,max mdccm,2015-10-27T13:20:08.145928Z,Multiple triggers,32.869404065432335,0.0848,12,53.85690833333333,-166.41502499999999,us10003rud,pavdut,lts,3,35.0,4.7,52.1906,-169.5287,2015-10-27T13:19:27.480000Z,2015-10-27T05:19:27.480000Z,279.3066593304363,229.66079257819882,POM,0.1257235249326144,7.953960887876651,22.54796684399311,38.345928107338885
635,116.84165314120156,0.24796485345224134,4.032829596927544,0.4369934891504582,0.7173508653771528,11.218501612490115,2015-10-25T03:03:58.625000Z,141.6541863985487,-0.13278737220137093,10,0.5,6,-1,peak,max mdccm,2015-10-25T03:04:01.622259Z,Taup,0.0,0.0,12,53.85690833333333,-166.41502499999999,us200040zl,pavdut,lts,3,192.18,4.1,52.6181,-174.2944,2015-10-25T03:02:49.150000Z,2015-10-24T19:02:49.150000Z,543.5360212084416,258.49583953975025,POM,0.11517748125087042,8.682252721101616,20.566318233528214,72.4722592824677
636,95.55000047373551,0.06066429620444012,16.484160578241546,0.6130997676134917,3.249772837894559,10.770322174171696,2015-10-24T20:21:31.885000Z,-21.652369076977863,0.06496750411583435,10,0.5,6,-1,peak,max mdccm,2015-10-24T20:21:29.878380Z,Multiple triggers,37.31876751349567,0.1448,12,53.85690833333333,-166.41502499999999,us200040wp,pavdut,lts,3,11.1,3.7,54.7064,-160.4574,2015-10-24T20:20:35.000000Z,2015-10-24T12:20:35.000000Z,399.2532502719541,73.89763139675765,POM,0.12563180032027446,7.959768127581469,22.530612168846357,54.618380112247465
637,13.92977177589313,1.6436100478440523,0.608416820833941,0.25258790232973993,0.6771684966231111,37.97862198505442,2015-11-14T11:39:51.405000Z,-117.82664702437427,-1.5208212964916152,10,0.5,6,-1,peak,max mdccm,2015-11-14T11:39:54.413398Z,Taup,0.0,0.0,12,53.85690833333333,-166.41502499999999,us10003zx2,pavdut,lts,3,12.5,3.2,51.4593,-178.1191,2015-11-14T11:38:05.730000Z,2015-11-14T03:38:05.730000Z,834.5429439890191,256.10312475151886,POM,0.12278875135243708,8.144068483355843,21.993764861564095,108.68339797750947
638,228.39915890997952,0.1924661187269741,5.195719675828066,0.6367928678641286,0.29052983186047765,2.760948844974024,2015-10-24T01:12:44.805000Z,-8.900478484856706,-0.06633711282003812,10,0.5,6,-1,peak,max mdccm,2015-10-24T01:12:42.800615Z,Multiple triggers,29.020273367529157,0.068,12,53.85690833333333,-166.41502499999999,us200040wc,pavdut,lts,3,33.83,3.1,52.2905,-168.496,2015-10-24T01:12:09.300000Z,2015-10-23T17:12:09.300000Z,223.23030755298183,219.4986804251228,POM,0.126129005906936,7.928390403218177,22.62471170355237,31.320615430803723
639,229.7657786276211,0.18241067935679375,5.482135166242149,0.7437612508883777,0.32390037078657796,2.9994414466378885,2015-10-24T00:07:02.625000Z,-10.660287013029233,-0.05446805871018717,10,0.5,6,-1,peak,max mdccm,2015-10-24T00:07:00.624784Z,Multiple triggers,40.5894937164564,0.11,12,53.85690833333333,-166.41502499999999,us10003r4j,pavdut,lts,3,24.11,4.2,52.2954,-168.4616,2015-10-24T00:06:27.710000Z,2015-10-23T16:06:27.710000Z,221.36487063924102,219.10549161459187,POM,0.12794262064660658,7.8160037284379555,22.968499843358067,31.34478393153891
640,215.06002727253826,0.19319082179279962,5.176229340090062,0.6414178782627074,0.18687835914034734,1.796452920220844,2015-10-23T17:12:35.425000Z,18.804698723129434,-0.06775237698202968,10,0.5,6,-1,peak,max mdccm,2015-10-23T17:12:33.424378Z,Multiple triggers,59.45811544962683,0.14666666666666667,12,53.85690833333333,-166.41502499999999,us10003urg,pavdut,lts,3,38.09,4.1,51.7902,-170.7981,2015-10-23T17:11:42.290000Z,2015-10-23T09:11:42.290000Z,374.3115471437635,233.8647259956677,POM,0.12543844481076993,7.972037611822668,22.494035648291767,50.21437783521416
641,35.934842157624246,0.08557631536063089,11.685476241713099,0.4061358408629336,31.112053035856754,60.71700226582463,2015-11-12T21:31:53.245000Z,-138.61225436663608,0.03719094107310918,10,0.5,6,-1,peak,max mdccm,2015-11-12T21:31:56.253406Z,Taup,0.0,0.0,12,53.85690833333333,-166.41502499999999,us1000400t,pavdut,lts,3,12.5,3.2,51.019,179.5699,2015-11-12T21:29:47.000000Z,2015-11-12T13:29:47.000000Z,1002.0767962602209,257.32258779098817,POM,0.12276725643374006,8.14549440175622,21.989713816023635,129.25340630212477
642,215.1681668654527,0.15591266406394655,6.413847175299734,0.5330023629345535,0.3743054836250841,3.1460691822855154,2015-11-02T09:07:58.105000Z,36.0167273630704,-0.033146158588018115,10,0.5,6,-1,peak,max mdccm,2015-11-02T09:07:56.096916Z,Multiple triggers,37.96208402375257,0.13076923076923078,12,53.85690833333333,-166.41502499999999,us10003x5s,pavdut,lts,3,20.7,3.1,50.2019,-179.6385,2015-11-02T09:05:48.000000Z,2015-11-02T01:05:48.000000Z,992.542124559411,251.1848942285231,POM,0.12276650547592843,8.145544227420206,21.98957228865208,127.47691602813872
643,131.49305300802723,0.055951721595468504,17.87255104016298,0.3024174071931636,4.677720372343207,19.29589279776613,2015-10-22T15:37:36.805000Z,-57.51542558429793,0.068807498027461,10,0.5,6,-1,peak,max mdccm,2015-10-22T15:37:34.796230Z,Multiple triggers,31.404399865952954,0.08153846153846155,12,53.85690833333333,-166.41502499999999,us20004110,pavdut,lts,3,53.22,3.0,54.469,-162.3464,2015-10-22T15:36:55.940000Z,2015-10-22T07:36:55.940000Z,274.3104197600562,73.9776274237293,POM,0.1247592196229295,8.015439684717377,22.365624990676636,37.59622984420647
644,216.14456527509128,0.20884070381151137,4.788338584141851,0.5959159782092819,0.22864584000203703,2.563137752745945,2015-10-22T11:27:27.325000Z,18.66452912167702,-0.08333645390395666,10,0.5,6,-1,peak,max mdccm,2015-10-22T11:27:25.331751Z,Multiple triggers,37.17000903586516,0.11609756097560978,12,53.85690833333333,-166.41502499999999,us2000404h,pavdut,lts,3,44.0,3.6,52.4325,-169.6189,2015-10-22T11:26:47.000000Z,2015-10-22T03:26:47.000000Z,266.57969630585495,234.8090943967683,POM,0.1255042499075547,7.967857668059774,22.506482728057215,36.631750919807146
645,210.20153100588317,0.20265818967981256,4.934416919345517,0.6257111459434379,0.2804533646064309,2.766519710950888,2015-10-21T04:51:23.885000Z,24.411386252857966,-0.07750068349236472,10,0.5,6,-1,peak,max mdccm,2015-10-21T04:51:21.878077Z,Multiple triggers,30.361098742947057,0.06705882352941177,12,53.85690833333333,-166.41502499999999,us10003q5a,pavdut,lts,3,48.68,4.5,52.4541,-169.5517,2015-10-21T04:50:45.990000Z,2015-10-20T20:50:45.990000Z,261.4963839010841,234.61291725874113,POM,0.12515750618744784,7.989932289816517,22.440908494986697,35.9880771033151
646,187.4679426812388,0.17894851368464465,5.588199529627101,0.3350851806161048,0.4937562866384644,5.052300455039983,2015-10-20T12:50:21.205000Z,-13.556838760222263,-0.054548197052466996,10,0.5,6,-1,peak,max mdccm,2015-10-20T12:50:19.198625Z,Multiple triggers,42.33481458931145,0.1142857142857143,12,53.85690833333333,-166.41502499999999,us2000400b,pavdut,lts,3,55.01,3.9,51.7363,-166.0508,2015-10-20T12:49:45.850000Z,2015-10-20T04:49:45.850000Z,237.26087883026412,173.91110392101655,POM,0.12440031663217765,8.038564748647415,22.297820558424792,32.98862534214086
647,24.584553151203806,1.5792233271346443,0.6332226625694595,0.2659131939271439,0.8315256830949507,40.14111159577445,2015-11-04T14:09:49.245000Z,-133.16486164096665,-1.4554236091001609,10,0.5,6,-1,peak,max mdccm,2015-11-04T14:09:49.250632Z,Taup,0.0,0.0,12,53.85690833333333,-166.41502499999999,us2000421n,pavdut,lts,3,32.0,3.1,51.5409,-175.7001,2015-11-04T14:08:21.000000Z,2015-11-04T06:08:21.000000Z,677.9055009446192,251.41969151023716,POM,0.12379971803448343,8.077562823862474,22.184428168242896,88.25063176667014
648,218.08223920497142,0.20014850963057015,4.996290014078939,0.6737815788780859,0.2273769141707751,2.3382185933404855,2015-10-20T06:04:41.945000Z,15.525725163908561,-0.07442422289081163,10,0.5,6,-1,peak,max mdccm,2015-10-20T06:04:39.939258Z,Multiple triggers,24.917114302362215,0.05800000000000001,12,53.85690833333333,-166.41502499999999,us10003rvp,pavdut,lts,3,36.43,3.5,52.3718,-169.6111,2015-10-20T06:04:00.890000Z,2015-10-19T22:04:00.890000Z,270.35461138303987,233.60796436887998,POM,0.12572428673975852,7.953912692063532,22.54811099018477,37.189257931634685
649,41.53748842821193,0.46943207697674966,2.1302336355884104,0.28635617145962033,0.4003497154969711,87.82508816344344,2015-10-31T07:11:13.025000Z,23.193340253802603,-0.3466530679855825,10,0.5,6,-1,peak,max mdccm,2015-10-31T07:11:13.018467Z,Taup,0.0,0.0,12,53.85690833333333,-166.41502499999999,ak015dyvlkdm,pavdut,lts,3,70.5,3.2,56.0531,-156.6314,2015-10-31T07:09:46.343000Z,2015-10-30T23:09:46.343000Z,672.0592139419041,64.73082868201455,POM,0.12277900899116716,8.144714705035133,21.991928750536207,86.67546735957316
650,72.46305764812547,0.2991003327997281,3.343359703546639,0.320752662706487,0.6935005040292048,14.084141077055023,2015-10-31T10:47:01.445000Z,-16.98165451710142,-0.17498832009240756,10,0.5,6,-1,peak,max mdccm,2015-10-31T10:47:01.454564Z,Taup,0.0,0.0,12,53.85690833333333,-166.41502499999999,ak015dyxljsy,pavdut,lts,3,12.9,3.5,57.0073,-157.0974,2015-10-31T10:45:31.221000Z,2015-10-31T02:45:31.221000Z,685.4016601971225,55.48140313102405,POM,0.12411201270732052,8.05723779823141,22.243377624133714,90.23356432975837
651,215.8078819788699,0.13297293381448677,7.520327417872274,0.421767188146596,0.6405155951721939,5.24871977818006,2015-10-28T17:41:06.865000Z,44.465722918873155,-0.015890038804648926,10,0.5,6,-1,peak,max mdccm,2015-10-28T17:41:06.859402Z,Taup,0.0,0.0,12,53.85690833333333,-166.41502499999999,us200040tr,pavdut,lts,3,190.31,4.0,52.389,-176.3857,2015-10-28T17:39:37.790000Z,2015-10-28T09:39:37.790000Z,686.5633943411234,260.27360489774304,POM,0.11708289500983785,8.540957241584907,20.92237711933139,89.06940194116846
652,146.4886925554712,0.18578364564096583,5.3826051079465795,0.6456815545560843,0.24785355340051707,2.897986997685308,2015-10-18T14:55:28.985000Z,-24.74020450869091,-0.05493902911727064,10,0.5,6,-1,peak,max mdccm,2015-10-18T14:55:26.993608Z,Multiple triggers,59.259678876691495,0.19279999999999997,12,53.85690833333333,-166.41502499999999,us10003rmr,pavdut,lts,3,25.7,3.3,53.4887,-165.4283,2015-10-18T14:55:13.000000Z,2015-10-18T06:55:13.000000Z,77.01846764215955,121.7484880467803,POM,0.1308446165236952,7.6426529922910955,23.520432500407765,12.573607837847314
653,214.59787509199737,0.15806606078321495,6.326468788081484,0.621922136872096,0.3850650088878793,3.1574173744241136,2015-10-24T11:16:29.845000Z,36.634632616314065,-0.03403657984854487,10,0.5,6,-1,peak,max mdccm,2015-10-24T11:16:27.852971Z,Multiple triggers,23.98727713550604,0.03,12,53.85690833333333,-166.41502499999999,us20004084,pavdut,lts,3,34.96,4.0,51.6801,-175.1678,2015-10-24T11:15:00.720000Z,2015-10-24T03:15:00.720000Z,637.9690312931572,251.23250770831143,POM,0.12402948093467007,8.062599250308311,22.2277963295659,83.20297134321817
654,218.14203876488216,0.20001574881946496,4.999606310514099,0.757327788835432,0.20218448707552028,2.009122476385926,2015-10-18T06:02:38.965000Z,11.157371827731964,-0.07429573481431118,10,0.5,6,-1,peak,max mdccm,2015-10-18T06:02:36.974107Z,STA/LTA trigger,41.21268417776831,0.09414634146341465,12,53.85690833333333,-166.41502499999999,us10003rn6,pavdut,lts,3,38.6,3.5,52.308,-169.2865,2015-10-18T06:01:59.000000Z,2015-10-17T22:01:59.000000Z,258.29725872290487,229.29941059261412,POM,0.12572001400515379,7.954183014639227,22.5473025218689,35.63410704887862
655,101.99869297383043,0.07772702532144705,12.865538027017124,0.5897518230779073,2.2129004898026645,8.901801736798376,2015-10-17T01:52:22.025000Z,-15.458360958258027,0.0494595530641395,10,0.5,6,-1,peak,max mdccm,2015-10-17T01:52:20.016905Z,Multiple triggers,80.97101822879495,0.2692857142857143,12,53.85690833333333,-166.41502499999999,us10003pag,pavdut,lts,3,31.11,4.7,53.9281,-163.2528,2015-10-17T01:51:50.110000Z,2015-10-16T17:51:50.110000Z,208.03286770980645,86.54033201557239,POM,0.12718657838558656,7.862464834680427,22.825079311044355,29.456904846905086
656,220.30182388790593,0.19074634360049347,5.242564450380442,0.7861504374414803,0.2554888951283929,2.4199876123159356,2015-10-18T00:33:30.705000Z,8.248957072481204,-0.06498880697786208,10,0.5,6,-1,peak,max mdccm,2015-10-18T00:33:28.696520Z,Multiple triggers,50.80876811712337,0.11809523809523811,12,53.85690833333333,-166.41502499999999,us10003pfz,pavdut,lts,3,25.6,4.4,52.1886,-169.418,2015-10-18T00:32:49.000000Z,2015-10-17T16:32:49.000000Z,273.9529761396009,228.55078096038713,POM,0.1257575366226314,7.951809703467421,22.554402550719672,37.95652041895683
657,107.24716222819191,0.06981733030401191,14.323091353473552,0.5918670767013501,2.784252567671187,10.21269866328717,2015-10-17T00:30:28.445000Z,-17.87190611102136,0.059500060575243235,10,0.5,6,-1,peak,max mdccm,2015-10-17T00:30:26.443436Z,Multiple triggers,61.67633407513806,0.20647058823529413,12,53.85690833333333,-166.41502499999999,us20003zxx,pavdut,lts,3,10.34,3.8,53.834,-163.1727,2015-10-17T00:29:53.970000Z,2015-10-16T16:29:53.970000Z,213.40136936331965,89.37525611717055,POM,0.12931739087925515,7.73291197108755,23.229683787715803,31.153436342643914
658,223.41100064773866,0.159900801425968,6.253877348219465,0.6702448062928955,0.2940869263344825,2.3389858556462855,2015-10-15T09:48:15.565000Z,28.781893525712746,-0.0367183204883967,10,0.5,6,-1,peak,max mdccm,2015-10-15T09:48:13.560914Z,Multiple triggers,32.18334430584203,0.08200000000000002,12,53.85690833333333,-166.41502499999999,us10003ny2,pavdut,lts,3,63.75,3.8,52.0239,-174.3213,2015-10-15T09:46:56.680000Z,2015-10-15T01:46:56.680000Z,568.9502584112147,252.1928941734514,POM,0.1231824809375713,8.118037503293984,22.067989710926604,74.10091371574563
659,147.8364849992784,0.18420089542333082,5.428855259914987,0.6188645773531264,0.25452282183482033,2.9979640913178116,2015-10-14T21:00:40.065000Z,-32.56704410246172,-0.07384768309875289,10,0.5,6,-1,peak,max mdccm,2015-10-14T21:00:38.062831Z,Multiple triggers,119.38321693826657,0.2566666666666666,12,53.85690833333333,-166.41502499999999,us10003nrl,pavdut,lts,3,57.0,3.3,53.5334,-165.2837,2015-10-14T21:00:23.000000Z,2015-10-14T13:00:23.000000Z,82.94925837252826,115.26944089681669,POM,0.11035321232457793,9.061811422931088,19.668481171346535,14.362831305940903
660,209.6683385714618,0.20296609060359894,4.926931375709654,0.654185173791101,0.33387863399515183,3.241651682743793,2015-10-13T20:18:02.945000Z,27.272244568280712,-0.07803984091446362,10,0.5,6,-1,peak,max mdccm,2015-10-13T20:18:00.954787Z,Multiple triggers,39.41708892016335,0.13777777777777778,12,53.85690833333333,-166.41502499999999,us10003nea,pavdut,lts,3,10.0,4.6,50.8609,-173.2039,2015-10-13T20:16:42.840000Z,2015-10-13T12:16:42.840000Z,569.7395813868407,236.9405831397425,POM,0.12492624968913532,8.004722806362839,22.397191788856023,76.08478710439975
661,209.63767244923412,0.16748786586311434,5.970581778248264,0.41606835899100003,0.3734743414376922,3.41528638285709,2015-10-23T14:14:45.985000Z,39.69627150912166,-0.043977210998176045,10,0.5,6,-1,peak,max mdccm,2015-10-23T14:14:43.985685Z,Multiple triggers,27.324652392491004,0.044000000000000004,12,53.85690833333333,-166.41502499999999,us2000406l,pavdut,lts,3,20.72,3.8,51.0615,-176.3752,2015-10-23T14:13:03.850000Z,2015-10-23T06:13:03.850000Z,744.2050174308813,249.33394395835577,POM,0.1235106548649383,8.096467475567373,22.12988597748023,96.95568541391343
662,103.018812582539,0.07626395255724813,13.112354742554711,0.7281901015261738,1.4603758866996506,6.884923426759485,2015-10-12T19:31:39.085000Z,-29.39008670065894,0.04899009778869545,10,0.5,6,-1,peak,max mdccm,2015-10-12T19:31:37.095999Z,Multiple triggers,41.841347174890814,0.11548387096774197,12,53.85690833333333,-166.41502499999999,us10003n2x,pavdut,lts,3,28.62,4.9,54.8364,-159.4649,2015-10-12T19:30:34.610000Z,2015-10-12T11:30:34.610000Z,464.71506792325556,73.62872588188006,POM,0.12525405034594358,7.983773756122575,22.45916326858255,61.805998643219965
663,224.871802857514,0.2067359249057235,4.837088669789848,0.8207437797194579,,,2015-10-12T08:50:02.865000Z,1.5632215562825138,-0.08038536552877226,10,0.5,6,-1,peak,max mdccm,2015-10-12T08:50:00.873711Z,Multiple triggers,42.346256824036494,0.15066666666666667,12,53.85690833333333,-166.41502499999999,us10003my5,pavdut,lts,3,19.8,4.2,52.1456,-169.28,2015-10-12T08:49:21.000000Z,2015-10-12T00:49:21.000000Z,270.63285181430945,226.43502441379653,POM,0.12635055937695125,7.914488110943963,22.6666629385176,37.81371088646886
664,6.820674366613389,0.26303587254804967,3.8017628177971297,0.34575911429204875,0.7570959203859473,10.612183313718475,2015-10-21T00:26:43.465000Z,-115.65005404092773,-0.13931891143639086,10,0.5,6,-1,peak,max mdccm,2015-10-21T00:26:46.467359Z,Taup,0.0,0.0,12,53.85690833333333,-166.41502499999999,us2000400n,pavdut,lts,3,41.03,3.1,51.6283,-175.3168,2015-10-21T00:25:21.970000Z,2015-10-20T16:25:21.970000Z,649.7615908936526,251.17062032568566,POM,0.12371696111165882,8.082966078494811,22.168810929841467,84.4973588453369
665,107.3295224179054,0.09801904895556056,10.202098578342415,0.4448711819338654,1.3591033418265486,5.934539978263189,2015-10-20T11:23:43.385000Z,-55.9309170514922,0.02307298379916721,10,0.5,6,-1,peak,max mdccm,2015-10-20T11:23:41.380673Z,Multiple triggers,26.29235972676397,0.07454545454545455,12,53.85690833333333,-166.41502499999999,ak015dgr52vd,pavdut,lts,3,132.6,3.1,57.9888,-155.5845,2015-10-20T11:21:58.172000Z,2015-10-20T03:21:58.172000Z,817.1025274636174,51.39860536641319,POM,0.12109203275472777,8.258181626412224,21.67434573990603,104.40867275594319
666,106.33316746659284,0.07925755654334452,12.617093481214226,0.6246348918196114,1.3337095791347933,6.7715915265903845,2015-10-18T20:53:21.345000Z,-49.722950585175624,0.043512481471819825,10,0.5,6,-1,peak,max mdccm,2015-10-18T20:53:19.337021Z,Multiple triggers,30.632503331411087,0.11400000000000002,12,53.85690833333333,-166.41502499999999,ak015ddllngy,pavdut,lts,3,47.2,3.6,57.6221,-154.0568,2015-10-18T20:51:27.864000Z,2015-10-18T12:51:27.864000Z,880.3800009263056,56.61021688141721,POM,0.12277003801516434,8.145309850571861,21.990238040987048,112.70302117424103
667,106.07146356495622,0.11038458819126656,9.059235681228172,0.6114323728317805,0.9992622272999343,7.855217567203937,2015-10-18T15:32:40.225000Z,-49.8046549557215,0.012373528487010177,10,0.5,6,-1,peak,max mdccm,2015-10-18T15:32:40.232973Z,Taup,0.0,0.0,12,53.85690833333333,-166.41502499999999,ak015ddii0jg,pavdut,lts,3,45.8,3.4,57.8091,-153.467,2015-10-18T15:30:42.522000Z,2015-10-18T07:30:42.522000Z,920.8832194200961,56.26680860923473,POM,0.12275811667827674,8.146100861263537,21.98799132463868,117.71097259506242
668,26.747526387482765,0.1521009019534589,6.574582971940484,0.29862059584107203,21.107835466588686,62.70711698638583,2015-10-10T06:32:28.045000Z,64.43501335873111,-0.026343365330827512,10,0.5,6,-1,peak,max mdccm,2015-10-10T06:32:26.044691Z,Multiple triggers,30.13876526506214,0.08,12,53.85690833333333,-166.41502499999999,us10003nru,pavdut,lts,3,2.2,3.2,53.7016,-161.6094,2015-10-10T06:31:36.000000Z,2015-10-09T22:31:36.000000Z,317.2076797042975,91.18253974621386,POM,0.1257575366226314,7.951809703467421,22.554402550719672,45.50469099269641
669,227.77328611384428,0.14601057668322692,6.8488189192589894,0.49881890968981957,0.41062091231855646,3.3304290927329703,2015-10-10T05:52:24.425000Z,13.115269944861495,-0.029296695641316733,10,0.5,6,-1,peak,max mdccm,2015-10-10T05:52:22.434710Z,Multiple triggers,98.2544194968068,0.2107692307692308,12,53.85690833333333,-166.41502499999999,us10003ns1,pavdut,lts,3,72.7,3.0,53.178,-168.3952,2015-10-10T05:51:58.000000Z,2015-10-09T21:51:58.000000Z,151.5232753422591,240.88855605870577,POM,0.11671388104191019,8.56796116342764,20.85335500634966,22.95470994198032
670,120.5543857999813,0.09547982761645758,10.473416479311206,0.34546233577044416,1.8533164438501117,10.565051358224338,2015-10-09T09:47:11.945000Z,-28.998725142135072,0.030515062537989315,10,0.5,6,-1,peak,max mdccm,2015-10-09T09:47:09.947762Z,Multiple triggers,40.44202152932318,0.12588235294117647,12,53.85690833333333,-166.41502499999999,us10003nep,pavdut,lts,3,40.7,3.6,53.8003,-164.1844,2015-10-09T09:46:47.000000Z,2015-10-09T01:46:47.000000Z,147.0041623115702,91.55566065784623,POM,0.1259948901544469,7.936829809321483,22.59932305451055,21.607762132902764
671,47.092745534658775,0.18349195280777114,5.449830277012827,0.28603942343446054,6.369872487971593,46.793567723241466,2015-11-12T08:25:04.185000Z,24.696355257450705,-0.06008617214496513,10,0.5,6,-1,peak,max mdccm,2015-11-12T08:25:04.181631Z,Taup,0.0,0.0,12,53.85690833333333,-166.41502499999999,ak015eiqq4oj,pavdut,lts,3,31.9,3.4,55.4117,-155.4999,2015-11-12T08:23:30.113000Z,2015-11-12T00:23:30.113000Z,724.9454614667233,71.78910079210948,POM,0.12340578066280601,8.103348114075793,22.110102899147776,94.06863136897695
672,224.30639067172638,1.5131886264288636,0.6608561434670622,0.24781440386376702,11.951587274061364,74.69176587227346,2015-10-08T20:11:35.865000Z,17.868262099010394,-1.3878434429677928,10,0.5,6,-1,peak,max mdccm,2015-10-08T20:11:35.865511Z,Taup,0.0,0.0,12,53.85690833333333,-166.41502499999999,us10003ne7,pavdut,lts,3,10.0,3.1,51.649,-172.6352,2015-10-08T20:10:30.220000Z,2015-10-08T12:10:30.220000Z,486.32355922950404,242.17465277073677,POM,0.12534518346107082,7.977969096120681,22.476397116793795,65.64551061950581
673,208.452670550143,0.2234076654291761,4.476122151310052,0.3633536356901259,0.406053227816622,2.816351781729793,2015-11-10T21:54:06.645000Z,39.69621407974262,-0.09922787652563378,10,0.5,6,-1,peak,max mdccm,2015-11-10T21:54:09.640839Z,Taup,0.0,0.0,12,53.85690833333333,-166.41502499999999,us10003x6d,pavdut,lts,3,26.7,3.2,51.3664,-175.058,2015-11-10T21:52:45.000000Z,2015-11-10T13:52:45.000000Z,647.1681771649769,248.14888462988563,POM,0.12417978890354231,8.052840231325876,22.256174487716592,84.64083875010411
674,116.12089303452109,0.10944377224521917,9.137111956991074,0.5415736392239434,0.66678234756544,4.724949591487302,2015-10-15T21:13:34.285000Z,-69.77589780719246,0.007088147854674501,10,0.5,6,-1,peak,max mdccm,2015-10-15T21:13:32.282680Z,Multiple triggers,49.768517908701675,0.1654545454545455,12,53.85690833333333,-166.41502499999999,ak015d8nciuh,pavdut,lts,3,206.1,3.2,58.3867,-156.6351,2015-10-15T21:11:52.413000Z,2015-10-15T13:11:52.413000Z,788.8517644368459,46.344995227328624,POM,0.11653192009989367,8.581339766329933,20.81933183701842,101.16967970617083
675,31.4451245347542,0.19366372034892795,5.163589743077739,0.630273303060225,0.6707806607139033,6.7747559978276115,2015-10-13T08:24:54.325000Z,-132.83168280716615,-0.07714525282004613,10,0.5,6,-1,peak,max mdccm,2015-10-13T08:24:54.320194Z,Taup,0.0,0.0,11,53.85690833333333,-166.41502499999999,us10003pm7,pavdut,lts,3,196.16,3.1,52.268,-176.0678,2015-10-13T08:23:27.080000Z,2015-10-13T00:23:27.080000Z,670.2503569330037,258.61344172758805,POM,0.11651846752888183,8.582330519856233,20.81681677210242,87.24019425447239
676,223.47286814558066,0.18188491647146324,5.49798201741976,0.7353191169629575,0.25697987056851446,2.325017574515357,2015-10-08T10:06:04.665000Z,-7.201703684323263,-0.054344192940281255,10,0.5,6,-1,peak,max mdccm,2015-10-08T10:06:02.674397Z,Multiple triggers,41.38622705129835,0.08533333333333333,12,53.85690833333333,-166.41502499999999,us10003ndz,pavdut,lts,3,25.9,3.3,52.2139,-168.3586,2015-10-08T10:05:26.000000Z,2015-10-08T02:05:26.000000Z,224.5502911256906,216.2711644612574,POM,0.12754072353118198,7.840632954818651,22.892241448680902,31.694397279862752
677,226.67168257914022,0.1827264709201407,5.472660829951907,0.8515294566548263,0.22785769885377016,2.078706838370664,2015-10-08T09:05:17.545000Z,-9.572835990709052,-0.0543485246508732,10,0.5,6,-1,peak,max mdccm,2015-10-08T09:05:15.540820Z,Multiple triggers,35.128442261105505,0.1053658536585366,12,53.85690833333333,-166.41502499999999,us10003l3i,pavdut,lts,3,19.22,4.6,52.2355,-168.3918,2015-10-08T09:04:42.070000Z,2015-10-08T01:04:42.070000Z,223.88942368734342,217.09884658843117,POM,0.1283779462692675,7.789499902908097,23.05114973242834,31.890819803478443
678,230.86619750127704,0.18020736295254458,5.549162828953542,0.7031806480468331,0.21298540027658097,1.933368687389958,2015-10-08T04:47:50.825000Z,-9.013532497032713,-0.0579586241808632,10,0.5,6,-1,peak,max mdccm,2015-10-08T04:47:48.834217Z,Multiple triggers,40.86444379783622,0.10774193548387098,12,53.85690833333333,-166.41502499999999,us10003nfz,pavdut,lts,3,68.2,3.1,52.3152,-168.6378,2015-10-08T04:47:15.000000Z,2015-10-07T20:47:15.000000Z,227.17516400982961,221.85266500424433,POM,0.12224873877168138,8.180043492044987,21.892026224225503,31.91421691843333
679,129.63641464507262,0.15347221774989978,6.515837293949921,0.2606711350525972,99.09444888971377,14.618252173404898,2015-10-11T17:43:31.205000Z,127.83817202236196,-0.030706095779377426,10,0.5,6,-1,peak,max mdccm,2015-10-11T17:43:31.211804Z,Taup,0.0,0.0,12,53.85690833333333,-166.41502499999999,us10003p9j,pavdut,lts,3,64.6,3.0,51.7466,-177.7374,2015-10-11T17:41:49.000000Z,2015-10-11T09:41:49.000000Z,797.9139349411302,257.47458666743455,POM,0.12276612197052235,8.145569673041495,21.989500012326616,102.21180391908278
680,227.96863941976244,0.17772825164935566,5.626567474331115,0.8175746499561796,0.254122996849385,2.258556659260364,2015-10-08T00:06:28.365000Z,-10.522947858932213,-0.05015255582641609,10,0.5,6,-1,peak,max mdccm,2015-10-08T00:06:26.372890Z,Multiple triggers,42.27423932424492,0.10068965517241381,12,53.85690833333333,-166.41502499999999,us10003l21,pavdut,lts,3,25.0,5.1,52.2166,-168.4385,2015-10-08T00:05:53.000000Z,2015-10-07T16:05:53.000000Z,227.4587839155505,217.44569156083023,POM,0.12757569582293957,7.8384836041802615,22.898875598830625,32.09288953186379
681,231.90476201581964,0.169199354142014,5.910188044575339,0.7175432519603127,0.28755327466751224,2.450219304245394,2015-10-07T23:43:59.265000Z,-13.45684342122047,-0.04021643210837231,10,0.5,6,-1,peak,max mdccm,2015-10-07T23:43:57.260085Z,Multiple triggers,37.82913821626976,0.15692307692307692,12,53.85690833333333,-166.41502499999999,us10003l1m,pavdut,lts,3,9.33,5.1,52.2555,-168.4638,2015-10-07T23:43:23.160000Z,2015-10-07T15:43:23.160000Z,224.99482925133967,218.44791859459917,POM,0.1289829220336417,7.752964378797195,23.166093345984326,32.740084639339415
682,216.44958388522275,0.20747807488541137,4.819786382499899,0.6684885773146241,0.1680303927179536,1.7334611040348307,2015-10-07T06:11:32.225000Z,22.162499742224043,-0.08194919511737306,10,0.5,6,-1,peak,max mdccm,2015-10-07T06:11:30.220109Z,Multiple triggers,23.393680238490216,0.05333333333333334,12,53.85690833333333,-166.41502499999999,us10003n68,pavdut,lts,3,25.6,3.3,51.8551,-171.4295,2015-10-07T06:10:32.000000Z,2015-10-06T22:10:32.000000Z,404.47533130888456,238.6120836274468,POM,0.1255288797680383,7.966294304927081,22.511141771408045,54.36010880644714
683,223.47638399223973,0.20195172024796756,4.951678543624904,0.6093966316820487,0.19095658169538998,1.9192884261686345,2015-10-07T05:55:21.905000Z,9.826731085419397,-0.0762584344969495,10,0.5,6,-1,peak,max mdccm,2015-10-07T05:55:19.896263Z,Multiple triggers,41.142527383622195,0.13058823529411767,12,53.85690833333333,-166.41502499999999,us10003n67,pavdut,lts,3,41.5,3.0,52.5413,-169.2362,2015-10-07T05:54:45.000000Z,2015-10-06T21:54:45.000000Z,238.67836308151533,233.30311507765913,POM,0.12569328575101807,7.9558744448837855,22.542245224985685,33.1362632180487
684,213.98015017915384,0.20669555347378002,4.838033441908817,0.594983032907253,0.18755688977629204,1.8932408523698143,2015-10-07T04:09:12.885000Z,16.42991283676426,-0.0794521968961876,10,0.5,6,-1,peak,max mdccm,2015-10-07T04:09:10.882097Z,STA/LTA trigger,25.297530321146795,0.052000000000000005,12,53.85690833333333,-166.41502499999999,us10003n64,pavdut,lts,3,20.5,3.1,52.3965,-169.2353,2015-10-07T04:08:33.000000Z,2015-10-06T20:08:33.000000Z,249.07840186438864,230.4100630159181,POM,0.12724335657759242,7.8589564665421605,22.835844823522876,35.04209708017927
685,6.517900375876991,0.600649393941198,1.6648647448696126,0.22689897475663068,1.7964028933051481,58.20665528057063,2015-10-10T14:36:36.585000Z,53.57898963774005,-0.47786064258876093,10,0.5,6,-1,peak,max mdccm,2015-10-10T14:36:34.595571Z,STA/LTA trigger,23.328869380351136,0.075,12,53.85690833333333,-166.41502499999999,ak015d09mosm,pavdut,lts,3,41.0,4.0,56.7942,-155.6289,2015-10-10T14:34:54.781000Z,2015-10-10T06:34:54.781000Z,757.623961514224,60.09689001361703,POM,0.12278875135243708,8.144068483355843,21.993764861564095,97.79457102237225
686,113.12416662685413,0.05534411598574155,18.06876814615004,0.3891146775359526,4.286465455554669,10.580562338875438,2015-10-07T02:25:23.505000Z,-15.658332652342239,0.07029592198815252,10,0.5,6,-1,peak,max mdccm,2015-10-07T02:25:21.506754Z,Multiple triggers,28.10480780961139,0.0475,12,53.85690833333333,-166.41502499999999,us10003n61,pavdut,lts,3,10.0,3.3,53.2459,-160.5067,2015-10-07T02:24:26.100000Z,2015-10-06T18:24:26.100000Z,397.3346443572926,97.4658339745119,POM,0.12564003797389406,7.9592462412959755,22.532170677751008,54.47675442885638
687,222.58725718983965,0.191521565193703,5.221344128994612,0.570494750941881,0.2090260299230393,1.9901909385611702,2015-10-06T23:10:58.985000Z,1.0609129692915928,-0.06577410719980933,10,0.5,6,-1,peak,max mdccm,2015-10-06T23:10:56.987651Z,Multiple triggers,60.859116217831016,0.2564705882352941,12,53.85690833333333,-166.41502499999999,us10003kuh,pavdut,lts,3,41.1,3.4,52.6199,-168.3296,2015-10-06T23:10:29.000000Z,2015-10-06T15:10:29.000000Z,187.8506486238008,223.64817015913124,POM,0.12574745799389367,7.952447039116769,22.55249543692363,26.747651113469352
688,222.40658861469984,0.15285817432428972,6.542011929819944,0.6688942457403158,0.5480221931598339,4.149028947438012,2015-10-06T13:23:40.205000Z,27.683477284199967,-0.029072164941577675,10,0.5,6,-1,peak,max mdccm,2015-10-06T13:23:38.200054Z,Multiple triggers,27.27103569019091,0.044,12,53.85690833333333,-166.41502499999999,us10003kpg,pavdut,lts,3,59.39,4.2,52.1107,-173.3324,2015-10-06T13:22:30.850000Z,2015-10-06T05:22:30.850000Z,503.32152544268644,250.0900658988998,POM,0.12378600938271205,8.078457371610366,22.181841058912877,66.05005425886186
689,155.90081545714835,0.03278506797566015,30.501690609347115,0.6672363362415188,19.33956894215245,31.67051652136533,2015-10-06T10:49:34.345000Z,-80.9993503045499,0.0927218054968054,10,0.5,6,-1,peak,max mdccm,2015-10-06T10:49:37.343832Z,Taup,0.0,0.0,12,53.85690833333333,-166.41502499999999,us10003mst,pavdut,lts,3,13.4,3.0,54.7058,-159.8394,2015-10-06T10:48:38.000000Z,2015-10-06T02:48:38.000000Z,438.41093144547744,74.90146515259845,POM,0.12550687347246556,7.967691109916668,22.506979000403668,59.34383230307667
690,262.3355006031909,0.6635661668527768,1.507008720385629,0.2240269994210179,2.733015712243323,45.154412259252865,2015-10-09T03:41:41.885000Z,-9.742860493542594,-0.5399145296651388,10,0.5,6,-1,peak,max mdccm,2015-10-09T03:41:44.883927Z,Taup,0.0,0.0,12,53.85690833333333,-166.41502499999999,us10003psq,pavdut,lts,3,43.92,3.5,51.7899,-175.3076,2015-10-09T03:40:21.470000Z,2015-10-08T19:40:21.470000Z,641.5272622034911,252.5926401096483,POM,0.12365163718763808,8.087236228684352,22.156484735305998,83.41392659412952
691,171.26627281867243,0.15017410556516822,6.658937612690151,0.28440413495421535,5.126366957072096,12.915622228773884,2015-10-08T17:21:32.725000Z,65.61859883907744,-0.02628621932526469,10,0.5,6,-1,peak,max mdccm,2015-10-08T17:21:30.722430Z,Multiple triggers,23.08399562974597,0.08,12,53.85690833333333,-166.41502499999999,us10003ne3,pavdut,lts,3,34.9,3.4,50.369,-174.1509,2015-10-08T17:20:08.130000Z,2015-10-08T09:20:08.130000Z,656.261949121953,236.88487165774987,POM,0.12388788623990353,8.071814205172112,22.201068491566165,85.4724304649797
692,224.00752078854998,0.16967298762291527,5.893690056442105,0.4624289842376647,0.3239843381941725,3.2968269926793994,2015-10-08T13:25:06.405000Z,33.02662316017688,-0.046922719006167374,10,0.5,6,-1,peak,max mdccm,2015-10-08T13:25:04.408004Z,Multiple triggers,27.232381223836768,0.08,12,53.85690833333333,-166.41502499999999,us10003l46,pavdut,lts,3,46.35,4.9,51.1922,-179.628,2015-10-08T13:23:01.890000Z,2015-10-08T05:23:01.890000Z,942.8872799367862,257.03414394872686,POM,0.1227502686167479,8.146621683755413,21.986512284425217,120.39800428371063
693,36.503969705109114,0.31970853164960916,3.1278489655570705,0.27561981542561387,3.003649823529198,34.375997085070054,2015-10-08T13:18:59.645000Z,-140.559983836975,-0.19693816010994356,10,0.5,6,-1,peak,max mdccm,2015-10-08T13:19:02.639880Z,Taup,0.0,0.0,12,53.85690833333333,-166.41502499999999,us10003ne0,pavdut,lts,3,27.2,3.8,50.9969,-179.6927,2015-10-08T13:17:00.000000Z,2015-10-08T05:17:00.000000Z,955.8771474373332,255.9439858681341,POM,0.12277037153966561,8.145287722591213,21.99030089811921,122.63987955558899
694,209.91992358251224,0.1342411374886191,7.4492813358705305,0.48392237397804294,2.803467119379832,19.386336332602667,2015-09-30T21:56:07.565000Z,34.57616562650091,-0.009769517767323613,10,0.5,6,-1,peak,max mdccm,2015-09-30T21:56:07.556591Z,Taup,0.0,0.0,12,53.85690833333333,-166.41502499999999,us10003kkp,pavdut,lts,3,31.1,4.0,51.3113,-174.0836,2015-09-30T21:54:50.000000Z,2015-09-30T13:54:50.000000Z,591.5125401013609,244.49608920901315,POM,0.12447161972129549,8.03395988771658,22.31128861068514,77.55659127462134
695,109.17267896118358,0.07756985139806154,12.891606493718124,0.5485126976831487,1.5608730078682438,6.39652663529381,2015-09-30T13:41:47.705000Z,-34.42199097593442,0.04729502508401856,10,0.5,6,-1,peak,max mdccm,2015-09-30T13:41:45.702337Z,Multiple triggers,28.155669064912455,0.07,12,53.85690833333333,-166.41502499999999,ak015cjpp0y1,pavdut,lts,3,29.6,3.5,54.8568,-158.3553,2015-09-30T13:40:34.015000Z,2015-09-30T05:40:34.015000Z,535.3583866847699,74.75068798524916,POM,0.1248648764820801,8.008657263546121,22.385592112739037,70.60733738702598
696,201.70191734958303,0.15801882075695126,6.328360097928461,0.5207271608730866,0.3884340022278234,3.3670772282222288,2015-09-30T06:09:11.965000Z,-2.1313130739389123,-0.046248435302781096,10,0.5,6,-1,peak,max mdccm,2015-09-30T06:09:09.966634Z,Multiple triggers,97.65007725527164,0.19111111111111112,12,53.85690833333333,-166.41502499999999,us10003lba,pavdut,lts,3,51.5,3.0,53.2144,-166.7952,2015-09-30T06:08:56.000000Z,2015-09-29T22:08:56.000000Z,75.82119063939999,199.57060427564411,POM,0.11177038545417016,8.946913763753956,19.931696643227387,13.256633561907602
697,101.12385020620832,2.504375028284819,0.39930121835022203,0.23016147894888667,0.1669818400518954,22.92103242610102,2015-09-30T01:27:37.305000Z,143.94537679258298,-2.379728594549049,10,0.5,6,-1,peak,max mdccm,2015-09-30T01:27:35.296218Z,Multiple triggers,28.063670237250655,0.060000000000000005,12,53.85690833333333,-166.41502499999999,us10003kkm,pavdut,lts,3,25.5,4.1,51.389,-174.0418,2015-09-30T01:26:23.000000Z,2015-09-29T17:26:23.000000Z,584.533397081365,245.0692269987913,POM,0.12464643373576997,8.022692427124198,22.34431377781805,76.89621812654035
698,281.04831552135573,0.11187179033975102,8.938803937641762,0.4215241727054575,6.688066496598511,29.69711300674946,2015-10-08T04:36:59.545000Z,130.7739837996246,0.011412784647096955,10,0.5,6,-1,peak,max mdccm,2015-10-08T04:37:02.551951Z,Taup,0.0,0.0,12,53.85690833333333,-166.41502499999999,ak015cwslsvz,pavdut,lts,3,16.6,3.2,57.7649,-156.1229,2015-10-08T04:35:21.274000Z,2015-10-07T20:35:21.274000Z,777.0043047194828,51.82229932098031,POM,0.12328457498684797,8.111314818635504,22.087242568720384,101.27795071994315
699,138.25742073130448,0.16677001355758442,5.996281817502567,0.41265508032533166,0.4359874247016293,4.068523187482128,2015-09-29T09:00:05.785000Z,-25.185816045991658,-0.041359716741399294,10,0.5,6,-1,peak,max mdccm,2015-09-29T09:00:03.789525Z,Multiple triggers,49.12288088061754,0.11428571428571428,12,53.85690833333333,-166.41502499999999,us10003iwl,pavdut,lts,3,43.98,3.3,53.2406,-164.0917,2015-09-29T08:59:38.940000Z,2015-09-29T00:59:38.940000Z,168.5716452598161,113.07160468531283,POM,0.12541029681618512,7.973826913636191,22.488711777500395,24.32952455421327
700,141.8917397465308,0.17879291292358948,5.593062854943075,0.6422429504781191,0.09686211368859121,1.1455748425888146,2015-09-28T18:08:22.765000Z,-27.117301272041743,-0.06316330761777234,10,0.5,6,-1,peak,max mdccm,2015-09-28T18:08:20.773823Z,Multiple triggers,113.42336839011418,0.26428571428571423,12,53.85690833333333,-166.41502499999999,us10003klf,pavdut,lts,3,42.38,3.3,53.6064,-165.5147,2015-09-28T18:08:08.780000Z,2015-09-28T10:08:08.780000Z,65.63431092914972,114.77443847448905,POM,0.11562960530581715,8.64830418953001,20.65072960257419,11.61382308049693
701,105.77767758392014,0.06885374662766466,14.523537918824177,0.4295074224223212,1.8682522815951303,6.20970407172652,2015-10-07T04:08:53.765000Z,-38.82486050039387,0.055382129762743634,10,0.5,6,-1,peak,max mdccm,2015-10-07T04:08:51.758522Z,Multiple triggers,24.065110166233893,0.044,12,53.85690833333333,-166.41502499999999,ak015cv4wgym,pavdut,lts,3,26.7,3.3,55.7527,-157.0136,2015-10-07T04:07:29.263000Z,2015-10-06T20:07:29.263000Z,639.7185085329061,66.95281708352627,POM,0.1242358763904083,8.049204698790257,22.26676528370407,83.7155224165881
702,53.75544185861054,1.9407405612205932,0.5152672232351697,0.2582146987267786,0.7438887214095156,41.81922016481818,2015-09-28T10:38:24.125000Z,-160.18079371765305,-1.8179518098681562,10,0.5,6,-1,peak,max mdccm,2015-09-28T10:38:22.121356Z,STA/LTA trigger,29.193911085971802,0.055,12,53.85690833333333,-166.41502499999999,us10003ije,pavdut,lts,3,71.9,3.4,52.071,-174.654,2015-09-28T10:37:09.890000Z,2015-09-28T02:37:09.890000Z,587.778242652598,253.5746481409575,POM,0.12278875135243708,8.144068483355843,21.993764861564095,76.31135554464646
703,81.83509598012563,0.2140085123543218,4.672711328156688,0.6042452197293169,0.8783313173240899,10.753481887601083,2015-10-06T00:10:20.485000Z,-26.78233875066411,-0.08985887879460591,10,0.5,6,-1,peak,max mdccm,2015-10-06T00:10:23.495086Z,Taup,0.0,0.0,12,53.85690833333333,-166.41502499999999,ak015cteznhn,pavdut,lts,3,4.2,3.9,57.0721,-157.0507,2015-10-06T00:08:51.635000Z,2015-10-05T16:08:51.635000Z,691.206598697294,55.052757229461506,POM,0.1241496335597159,8.054796227159226,22.250480695073673,91.86008589268172
704,213.7945870674149,0.10687163630222415,9.357019641507899,0.29342577023858335,8.676034751622494,76.82954035460122,2015-09-28T16:36:09.125000Z,47.21257886113938,0.007242144950417306,10,0.5,6,-1,peak,max mdccm,2015-09-28T16:36:07.119198Z,Multiple triggers,27.907796940530705,0.03142857142857143,12,53.85690833333333,-166.41502499999999,us10003lbh,pavdut,lts,3,218.63,4.2,52.6279,-175.5269,2015-09-28T16:34:41.930000Z,2015-09-28T08:34:41.930000Z,623.0272323402153,261.0071659285543,POM,0.11411378125264146,8.763183456221265,20.36790935441668,82.18919772326166
705,147.84741877963694,0.2428073080584492,4.1184921821186595,0.5395527250406136,0.7536744725037003,10.132227696480584,2015-09-27T19:42:22.425000Z,109.54750028797622,-0.12022833403814884,10,0.5,6,-1,peak,max mdccm,2015-09-27T19:42:25.419944Z,Taup,0.0,0.0,12,53.85690833333333,-166.41502499999999,us10003kjf,pavdut,lts,3,86.8,3.1,52.2723,-175.4414,2015-09-27T19:41:04.000000Z,2015-09-27T11:41:04.000000Z,629.7729061712507,257.39491906761316,POM,0.12257897402030035,8.158005954874362,21.954234061503847,81.41994359656152
706,315.86878299728994,0.9489963414841807,1.053744842088698,0.5266948923331645,1.0431366840848213,42.6618636860307,2015-09-27T14:48:28.605000Z,102.42519253172344,-0.826284555603122,10,0.5,6,-1,peak,max mdccm,2015-09-27T14:48:31.607035Z,Taup,0.0,0.0,12,53.85690833333333,-166.41502499999999,ak015cerpqyz,pavdut,lts,3,78.7,3.0,56.9826,-155.8167,2015-09-27T14:46:54.831000Z,2015-09-27T06:46:54.831000Z,754.8671054144163,58.29397552901337,POM,0.1227117858810587,8.149176485535575,21.97926007792867,96.77603504913016
707,216.51583266586505,0.1712309497174199,5.840065722057177,0.6565925132275817,0.2804385544592831,2.385652700350562,2015-09-25T20:24:55.925000Z,35.29709887405136,-0.04792732012913346,10,0.5,6,-1,peak,max mdccm,2015-09-25T20:24:53.933598Z,Multiple triggers,25.482496525454764,0.05,12,53.85690833333333,-166.41502499999999,us10003lbr,pavdut,lts,3,60.03,4.1,51.9461,-174.4651,2015-09-25T20:23:34.240000Z,2015-09-25T12:23:34.240000Z,581.5210077540806,251.8129315399164,POM,0.12330362958828643,8.11006134482028,22.090836169019973,75.70359848187537
708,219.16908413419407,0.19069075668244181,5.244092673381671,0.6796836797477719,0.22857412303715385,2.1648889116600003,2015-09-25T11:53:54.285000Z,7.178954533494419,-0.06496476952851252,10,0.5,6,-1,peak,max mdccm,2015-09-25T11:53:52.276629Z,Multiple triggers,32.747222231479554,0.106875,12,53.85690833333333,-166.41502499999999,us10003klu,pavdut,lts,3,20.32,3.8,51.746,-169.8922,2015-09-25T11:53:03.400000Z,2015-09-25T03:53:03.400000Z,331.858971682081,226.34803866768848,POM,0.1257259871539293,7.95380511727998,22.548432736498956,45.48662898740521
709,222.44968894955718,0.18995892777127907,5.264295875601355,0.6916648021948313,0.2710276225542252,2.5608911699209216,2015-09-25T06:54:57.565000Z,4.3119761753451655,-0.06421476979655397,10,0.5,6,-1,peak,max mdccm,2015-09-25T06:54:55.560738Z,Multiple triggers,55.006710293123874,0.22457142857142856,12,53.85690833333333,-166.41502499999999,us10003klq,pavdut,lts,3,25.7,3.8,52.0181,-169.514,2015-09-25T06:54:14.000000Z,2015-09-24T22:54:14.000000Z,291.98751608315484,226.76166512490235,POM,0.1257441579747251,7.952655742471968,22.55187100134746,40.220738464511726
710,106.07887770885509,0.07592044001846483,13.171683406428981,0.581084195289379,1.8187011806178228,8.494863510371516,2015-09-25T03:40:13.505000Z,-28.806896787659383,0.04982548203909544,10,0.5,6,-1,peak,max mdccm,2015-09-25T03:40:11.508999Z,Multiple triggers,28.184686741843546,0.05600000000000002,12,53.85690833333333,-166.41502499999999,us10003klp,pavdut,lts,3,31.61,3.3,54.3085,-162.52,2015-09-25T03:39:33.710000Z,2015-09-24T19:39:33.710000Z,259.7853053521188,77.2719809211957,POM,0.12574592205756027,7.952544175088631,22.552204803930138,35.97899874791709
711,139.53798155870044,0.17407506370212558,5.744648192179804,0.4087268485062517,,,2015-09-24T20:20:19.765000Z,-44.27415892787499,-0.05312426531389605,10,0.5,6,-1,peak,max mdccm,2015-09-24T20:20:17.764363Z,Multiple triggers,96.3502484924801,0.21428571428571427,12,53.85690833333333,-166.41502499999999,us10003j0m,pavdut,lts,3,51.4,3.9,53.7469,-164.641,2015-09-24T20:19:59.000000Z,2015-09-24T12:19:59.000000Z,117.52108294453998,95.26382263082544,POM,0.12095079838822953,8.267824713237413,21.64778942208721,18.14436255975282
712,220.55554983677467,0.14735262379765082,6.786441762809944,0.4860427051092609,0.5656600839042047,3.695847012268331,2015-09-23T21:45:32.945000Z,30.353901746208606,-0.028930793208749306,10,0.5,6,-1,peak,max mdccm,2015-09-23T21:45:32.941520Z,Taup,0.0,0.0,12,53.85690833333333,-166.41502499999999,us10003izy,pavdut,lts,3,156.5,3.0,52.0103,-173.9334,2015-09-23T21:44:21.000000Z,2015-09-23T13:44:21.000000Z,545.3673142866921,250.90945158298328,POM,0.11842183058890152,8.444388969728694,21.173086057341006,71.94152030995119
713,220.19373604882583,0.15150890370035416,6.600272166035496,0.7122021611500619,0.572027797805791,4.287241679913734,2015-09-23T15:23:18.645000Z,31.50477994244386,-0.02847395701835935,10,0.5,6,-1,peak,max mdccm,2015-09-23T15:23:16.650681Z,Multiple triggers,26.743655671055713,0.06125,12,53.85690833333333,-166.41502499999999,us20003nc6,pavdut,lts,3,63.62,4.1,51.8901,-174.621,2015-09-23T15:21:55.890000Z,2015-09-23T07:21:55.890000Z,593.8703752783067,251.6985159912697,POM,0.12303494668199481,8.127772043374584,22.04017238803263,77.1706806717166
714,107.62781373384291,0.09701846267989367,10.307316487784776,0.5699540195647501,0.5789786127263588,3.4648755517627876,2015-09-23T00:21:08.405000Z,-68.89178478570219,-0.013175610742358387,10,0.5,6,-1,peak,max mdccm,2015-09-23T00:21:06.408268Z,Multiple triggers,59.40613115077019,0.2536,12,53.85690833333333,-166.41502499999999,us10003izl,pavdut,lts,3,153.2,3.4,54.8066,-165.0862,2015-09-23T00:20:40.000000Z,2015-09-22T16:20:40.000000Z,136.55080465925454,38.73602894814073,POM,0.08384285193753528,11.927075199505635,14.816294103971426,26.92826823107953
715,99.16961062837231,0.3926746391334028,2.546637598513897,0.6492190883316404,0.19945909101071768,4.884159411417016,2015-09-27T05:03:06.845000Z,-15.870715439498838,-0.2687122798246142,10,0.5,6,-1,peak,max mdccm,2015-09-27T05:03:06.855117Z,Taup,0.0,0.0,12,53.85690833333333,-166.41502499999999,us10003kjg,pavdut,lts,3,11.9,3.0,54.1173,-155.6531,2015-09-27T05:01:34.000000Z,2015-09-26T21:01:34.000000Z,705.8512495831873,83.29889518887346,POM,0.1239623593087886,8.066964888180397,22.215125615972486,92.85511684751722
716,120.30205030468224,0.11079598826181827,9.025597548143473,0.46710025066627425,1.268003697229159,5.841436616197768,2015-09-22T13:48:45.345000Z,-30.249710927685925,0.013237471983303592,10,0.5,6,-1,peak,max mdccm,2015-09-22T13:48:43.340622Z,Multiple triggers,56.9793368941162,0.3563636363636364,12,53.85690833333333,-166.41502499999999,us10003jg5,pavdut,lts,3,47.97,3.1,53.8355,-164.2125,2015-09-22T13:48:22.270000Z,2015-09-22T05:48:22.270000Z,144.97788395676903,90.05233937699631,POM,0.12403346024512187,8.062340581515214,22.22854754968882,21.430622364238594
717,189.69687704277328,0.22522513923220794,4.440001695232593,0.5496516229411604,0.1636221847758086,1.9626418903158651,2015-09-22T11:53:34.685000Z,-1.1787824989511364,-0.09488991037721037,10,0.5,6,-1,peak,max mdccm,2015-09-22T11:53:32.682657Z,Multiple triggers,109.90392841787981,0.31529411764705884,12,53.85690833333333,-166.41502499999999,us10003jfy,pavdut,lts,3,27.2,3.9,52.9783,-166.633,2015-09-22T11:53:16.000000Z,2015-09-22T03:53:16.000000Z,98.85194729257766,188.51809454382214,POM,0.13033522885499757,7.672522684657534,23.423385828924438,15.42265659178109
718,105.3085940430253,0.078913185155455,12.672153557482824,0.4730190169560365,1.468773848222594,7.669106469634585,2015-09-21T19:28:19.325000Z,-16.77145642569758,0.046596900016630444,10,0.5,6,-1,peak,max mdccm,2015-09-21T19:28:17.331518Z,Multiple triggers,87.96496888751564,0.44533333333333336,12,53.85690833333333,-166.41502499999999,us20003mja,pavdut,lts,3,42.69,4.7,53.8695,-164.0951,2015-09-21T19:27:55.910000Z,2015-09-21T11:27:55.910000Z,152.62883560482473,88.53713761732772,POM,0.12551008517208545,7.967487223269042,22.507586526469247,22.321518350703116
719,198.9211899481396,0.20497926090246446,4.878542324707821,0.3793926707481352,0.27190266476124014,2.977824441716024,2015-09-20T12:22:36.405000Z,-2.217644368646461,-0.07825095183319852,10,0.5,6,-1,peak,max mdccm,2015-09-20T12:22:34.412157Z,Multiple triggers,23.09267297199941,0.09090909090909091,12,53.85690833333333,-166.41502499999999,us10003ijw,pavdut,lts,3,35.03,3.5,53.0636,-166.8099,2015-09-20T12:22:19.380000Z,2015-09-20T04:22:19.380000Z,92.10412179835636,196.70354557949315,POM,0.12672830906926594,7.890896732895171,22.738219597362047,14.61215749207899
720,212.8667774030106,0.19349455470733903,5.168104092192684,0.5135976302508061,0.3199283428310089,3.507064564169781,2015-09-19T11:47:22.345000Z,23.015735994885063,-0.06775368823361375,10,0.5,6,-1,peak,max mdccm,2015-09-19T11:47:20.354930Z,STA/LTA trigger,24.20127535786111,0.05692307692307693,12,53.85690833333333,-166.41502499999999,us20003nvm,pavdut,lts,3,35.08,3.0,52.4874,-169.6212,2015-09-19T11:46:42.660000Z,2015-09-19T03:46:42.660000Z,263.0088388116037,235.88251339789565,POM,0.1257408664737253,7.952863918024289,22.551248180409694,36.29492966116675
721,117.77095447526642,0.10132864073270319,9.86887806615229,0.4047930334307681,1.044649424464298,7.047317519486086,2015-09-22T16:33:18.505000Z,-70.84436864340586,0.01588074876690014,10,0.5,6,-1,peak,max mdccm,2015-09-22T16:33:16.512772Z,Multiple triggers,34.272824411953835,0.06875,12,53.85690833333333,-166.41502499999999,ak015c6j4md2,pavdut,lts,3,197.1,3.2,58.5075,-156.0621,2015-09-22T16:31:33.986000Z,2015-09-22T08:31:33.986000Z,823.9797317536684,46.92658583186057,POM,0.11720938949960333,8.531739686293514,20.946044557458382,105.2267715813334
722,220.70573125660417,0.1611968593178392,6.203594810915357,0.5750091725838102,0.3248377886033422,2.6821659741515873,2015-09-18T03:58:19.025000Z,34.22504289539924,-0.04253039445492679,10,0.5,6,-1,peak,max mdccm,2015-09-18T03:58:17.027040Z,Multiple triggers,85.28511862243374,0.28625,12,53.85690833333333,-166.41502499999999,us20003l37,pavdut,lts,3,119.9,4.1,52.8964,-171.6144,2015-09-18T03:57:25.890000Z,2015-09-17T19:57:25.890000Z,362.0640355674836,254.9307741520034,POM,0.11866646486291241,8.426980623002754,21.218938374932346,49.35703981224529
723,230.15780417249363,0.18373724759599128,5.4425545885983855,0.6118622766453089,0.21807537043019654,2.0518111509814503,2015-10-19T04:07:55.685000Z,28.898936354643354,-0.060703664740279786,10,0.5,6,-1,peak,max mdccm,2015-10-19T04:07:53.684684Z,Multiple triggers,27.384428519537217,0.06571428571428573,12,53.85690833333333,-166.41502499999999,us10003pl2,pavdut,lts,3,6.1,4.2,51.8687,-178.1256,2015-10-19T04:06:02.000000Z,2015-10-18T20:06:02.000000Z,818.0732635113442,259.056740527137,POM,0.12303358285571149,8.12786213966277,22.03991526651468,107.29468404986757
724,146.14457778205545,0.8936814898116158,1.118966893015537,0.22760667652349115,3.459916772228178,61.23319920970175,2015-10-11T09:33:05.085000Z,115.45535350036164,-0.7709153659276342,10,0.5,6,-1,peak,max mdccm,2015-10-11T09:33:05.093495Z,Taup,0.0,0.0,12,53.85690833333333,-166.41502499999999,us10003p9m,pavdut,lts,3,19.07,3.6,51.6533,179.2295,2015-10-11T09:30:56.860000Z,2015-10-11T01:30:56.860000Z,997.851928521517,261.5999312824171,POM,0.12276612388398152,8.145569546082896,21.989500372941514,128.23349459089366
725,222.55256494847413,0.1348066876010738,7.418029608139666,0.3637072392080877,1.2344563960617432,11.773097149941236,2015-09-16T16:55:41.825000Z,24.01790895236212,-0.010841766748228968,10,0.5,6,-1,peak,max mdccm,2015-09-16T16:55:41.824806Z,Taup,0.0,0.0,12,53.85690833333333,-166.41502499999999,us20003n9y,pavdut,lts,3,43.66,3.9,51.43,-174.3711,2015-09-16T16:54:23.300000Z,2015-09-16T08:54:23.300000Z,601.9946468527801,246.57047390083625,POM,0.12396492085284484,8.066798196782386,22.21560914390641,78.52480558057748
726,104.39079533413422,0.09763625845948247,10.242096694180313,0.31922650257986923,0.7596796036123923,4.044760069098913,2015-09-16T12:36:58.525000Z,-31.97824052595695,0.02788989312589564,10,0.5,6,-1,peak,max mdccm,2015-09-16T12:36:56.532138Z,Multiple triggers,22.90221142124892,0.035,12,53.85690833333333,-166.41502499999999,us20003n9x,pavdut,lts,3,20.6,3.0,54.836,-160.192,2015-09-16T12:35:56.080000Z,2015-09-16T04:35:56.080000Z,418.9425971936355,72.41255480817726,POM,0.1255261515853781,7.96646744419499,22.510625694115117,56.41213838837516
727,37.355433502219114,0.15015556329851454,6.659759905212202,0.417305948910235,2.7866248701464578,18.67381820915398,2015-09-17T11:37:46.485000Z,-138.8406466401441,-0.027381971255570986,10,0.5,6,-1,peak,max mdccm,2015-09-17T11:37:46.485686Z,Taup,0.0,0.0,12,53.85690833333333,-166.41502499999999,us20003n5y,pavdut,lts,3,19.7,3.0,51.3369,-179.9839,2015-09-17T11:35:43.000000Z,2015-09-17T03:35:43.000000Z,959.5167250725211,258.514786862075,POM,0.12277359204294355,8.145074061612709,21.990907846266147,123.48568618020875
728,131.98718778670155,0.3998801817378351,2.5007490885247434,0.5067912439519806,0.19610281573714428,4.39071886491584,2015-09-16T01:18:12.765000Z,114.33005757979868,-0.2757398969499165,10,0.5,6,-1,peak,max mdccm,2015-09-16T01:18:15.765002Z,Taup,0.0,0.0,12,53.85690833333333,-166.41502499999999,us20003n9u,pavdut,lts,3,39.86,3.7,51.4169,-174.331,2015-09-16T01:16:57.370000Z,2015-09-15T17:16:57.370000Z,600.3017677726154,246.31724536650026,POM,0.12414028478791862,8.055402818741724,22.248715550202935,78.39500247913097
729,200.45450130733002,0.1694702702036735,5.900739987008787,0.6088113510318609,0.3396993601068452,2.922868688852077,2015-09-15T20:01:36.065000Z,-8.744270930855436,-0.03970810542616102,10,0.5,6,-1,peak,max mdccm,2015-09-15T20:01:34.061355Z,Multiple triggers,43.85675191844659,0.14533333333333334,12,53.85690833333333,-166.41502499999999,us20003mm5,pavdut,lts,3,28.3,3.3,53.1461,-166.66,2015-09-15T20:01:20.000000Z,2015-09-15T12:01:20.000000Z,80.76263328617587,191.71023037647458,POM,0.12976216477751248,7.706406576328156,23.314292798271257,13.071355118772052
730,41.396894190824696,0.1538505316736336,6.499815042052121,0.2696644432740171,3.2596191667252246,59.50046523680885,2015-09-14T02:33:27.665000Z,-155.8938068855764,-0.02966154040183662,10,0.5,6,-1,peak,max mdccm,2015-09-14T02:33:27.664387Z,Taup,0.0,0.0,12,53.85690833333333,-166.41502499999999,us20003j8x,pavdut,lts,3,40.81,3.9,51.4066,-174.119,2015-09-14T02:32:10.800000Z,2015-09-13T18:32:10.800000Z,588.1450025411873,245.50308730524827,POM,0.12418899127179699,8.052243518199004,22.25791208246824,76.8643866700057
731,30.95415370798844,0.8751992653436858,1.142596937175565,0.2570948888777971,0.5864961907138984,81.91788727678482,2015-09-13T23:02:16.005000Z,-166.1256800951578,-0.749350079440007,10,0.5,6,-1,peak,max mdccm,2015-09-13T23:02:16.003367Z,Taup,0.0,0.0,12,53.85690833333333,-166.41502499999999,us20003lm7,pavdut,lts,3,18.15,3.7,52.0069,-169.3363,2015-09-13T23:01:36.340000Z,2015-09-13T15:01:36.340000Z,284.51022252791404,224.82847361283063,POM,0.12584918590367872,7.946018822603832,22.571745962341467,39.66336713035161
732,221.78080302933478,0.18515265922727506,5.400948623549064,0.7002483899798831,0.23422679896539034,2.157164455642146,2015-09-13T22:32:01.865000Z,19.510604402035142,-0.03793006621002554,10,0.5,6,-1,peak,max mdccm,2015-09-13T22:31:59.859734Z,Multiple triggers,108.8205203163761,0.195,12,53.85690833333333,-166.41502499999999,us20003lmr,pavdut,lts,3,4.0,3.3,53.5185,-167.4384,2015-09-13T22:31:45.000000Z,2015-09-13T14:31:45.000000Z,77.39218152797935,241.29140743136992,POM,0.14722259301724952,6.792435722707545,26.681396795077088,13.629733926831697
733,221.45696617404963,0.1486060441315525,6.729201398529637,0.5074881597236809,0.525854363895816,3.68901619322034,2015-09-13T08:00:30.865000Z,36.95737108275972,-0.03351369769736273,10,0.5,6,-1,peak,max mdccm,2015-09-13T08:00:28.872803Z,Multiple triggers,48.01683676331099,0.13826086956521735,12,53.85690833333333,-166.41502499999999,us20003j4s,pavdut,lts,3,192.57,4.7,52.6189,-174.2532,2015-09-13T07:59:16.310000Z,2015-09-12T23:59:16.310000Z,540.8526103964288,258.41433725680935,POM,0.11509234643418978,8.688675059481941,20.55042882468064,72.17280285764558
734,219.42222612330585,0.20196895313237517,4.951256044509854,0.7099148308044844,0.24497703341476074,2.438400927763496,2015-09-13T00:59:12.945000Z,7.9056851245875635,-0.0751902562180051,10,0.5,6,-1,peak,max mdccm,2015-09-13T00:59:10.940306Z,Multiple triggers,31.595309054488805,0.08325581395348838,12,53.85690833333333,-166.41502499999999,us20003j3p,pavdut,lts,3,10.0,4.2,52.1199,-169.4088,2015-09-13T00:58:28.870000Z,2015-09-12T16:58:28.870000Z,278.8575482669594,227.3279112478934,POM,0.12677869691437008,7.8877605176477585,22.747767333668108,39.57030628284814
735,94.75243973066347,1.3093355403068503,0.763746166827217,0.24110880035482335,1.0396516925782253,46.46487653944814,2015-10-10T08:49:39.245000Z,161.92810582635803,-1.1865254510867245,10,0.5,6,-1,peak,max mdccm,2015-10-10T08:49:39.255617Z,Taup,0.0,0.0,12,53.85690833333333,-166.41502499999999,us10003nrf,pavdut,lts,3,13.2,3.2,51.5391,-178.1263,2015-10-10T08:47:51.000000Z,2015-10-10T00:47:51.000000Z,831.5439438128972,256.6805455570215,POM,0.12281008922012586,8.142653477008647,21.997786422870263,108.2556174623187
736,219.2731993399765,0.1983371699675077,5.041919273950635,0.7074120139422362,0.219706295376366,2.1648408661781673,2015-09-12T19:40:33.245000Z,7.838877730117019,-0.07263886735349018,10,0.5,6,-1,peak,max mdccm,2015-09-12T19:40:31.241501Z,STA/LTA trigger,29.789543650213126,0.076,12,53.85690833333333,-166.41502499999999,us20003mqq,pavdut,lts,3,35.6,3.0,52.0245,-169.5403,2015-09-12T19:39:49.000000Z,2015-09-12T11:39:49.000000Z,292.74353780291045,227.1120770700935,POM,0.12569830261401752,7.95555691050742,22.543194459750794,40.021500716480965
737,98.14295185849551,0.07197167963556507,13.894354071818082,0.5764392593806176,0.9773841185835925,4.158660078499082,2015-09-12T17:37:34.525000Z,-31.02187711112441,0.05335484550031851,10,0.5,6,-1,peak,max mdccm,2015-09-12T17:37:32.522402Z,STA/LTA trigger,26.416043667782198,0.052000000000000005,12,53.85690833333333,-166.41502499999999,us20003mqe,pavdut,lts,3,13.67,3.3,55.3505,-159.3556,2015-09-12T17:36:25.360000Z,2015-09-12T09:36:25.360000Z,485.29102641334595,67.12107474737108,POM,0.12532652513588358,7.979156837834318,22.47286853500181,65.20240185599123
738,120.48864747426074,0.12147030961480301,8.23246440361534,0.4771023958870406,0.6280022110461623,4.770368528643672,2015-09-12T12:17:24.965000Z,-33.627353595922784,0.009046852001348499,10,0.5,6,-1,peak,max mdccm,2015-09-12T12:17:22.962919Z,Multiple triggers,34.06181406691437,0.12324324324324323,12,53.85690833333333,-166.41502499999999,us20003mqk,pavdut,lts,3,18.17,3.9,53.9086,-164.1707,2015-09-12T12:17:00.390000Z,2015-09-12T04:17:00.390000Z,147.69250679558954,86.86129387833796,POM,0.1305171616161515,7.661827667850922,23.458038800134176,22.07291907569033
739,115.3159693397555,0.08878097907008109,11.263673936402858,0.4800037648111397,2.6839986197914687,13.191036717175479,2015-09-12T12:14:50.585000Z,-27.636956898182774,0.038655553886850574,10,0.5,6,-1,peak,max mdccm,2015-09-12T12:14:48.589501Z,Multiple triggers,87.55553786040419,0.6184615384615385,12,53.85690833333333,-166.41502499999999,us20003j0g,pavdut,lts,3,36.07,4.3,53.8895,-164.2012,2015-09-12T12:14:27.850000Z,2015-09-12T04:14:27.850000Z,145.65334620399983,87.67901244157272,POM,0.12743653295693166,7.847043361874566,22.872478697606123,21.43950072884649
740,221.7151481752312,0.19833383708157318,5.042004000500972,0.6316232359221605,0.2100427660601225,2.0706562811053857,2015-09-12T00:02:45.385000Z,5.2972912091945545,-0.07222092511645614,10,0.5,6,-1,peak,max mdccm,2015-09-12T00:02:43.395818Z,Multiple triggers,29.670956431777576,0.096,12,53.85690833333333,-166.41502499999999,us20003ivk,pavdut,lts,3,10.0,4.3,52.0208,-169.5358,2015-09-12T00:02:00.050000Z,2015-09-11T16:02:00.050000Z,292.8200514509056,227.01243938442576,POM,0.12611291196511704,7.929402187435026,22.621664808456163,41.33581787066009
741,183.9730409107117,0.6263391905391662,1.5965790024079103,0.22918651583342675,1.5287487139143565,36.89969773594245,2015-10-06T07:22:11.785000Z,78.61773880048975,-0.5145440269212834,10,0.5,6,-1,peak,max mdccm,2015-10-06T07:22:09.786328Z,STA/LTA trigger,24.359680302149272,0.08,12,53.85690833333333,-166.41502499999999,us10003msx,pavdut,lts,3,261.36,3.1,52.53,-177.0716,2015-10-06T07:20:33.410000Z,2015-10-05T23:20:33.410000Z,726.6539418260371,262.59077971120144,POM,0.11179516361788273,8.944930779098929,19.93630264408882,94.70632775913903
742,215.1054283809582,0.15986050020350434,6.255453965970255,0.6104886677659714,0.3250004683806518,2.6951922175290406,2015-09-16T08:57:41.385000Z,35.02622502516908,-0.03567106300189757,10,0.5,6,-1,peak,max mdccm,2015-09-16T08:57:39.388323Z,Multiple triggers,25.71447948456268,0.03777777777777778,12,53.85690833333333,-166.41502499999999,us20003k5g,pavdut,lts,3,27.8,3.8,51.5634,-175.147,2015-09-16T08:56:11.000000Z,2015-09-16T00:56:11.000000Z,642.4268792205809,250.13165340612727,POM,0.12418943720160677,8.05221460482681,22.257996283656148,84.00832267276488
743,224.6700395993122,0.1812747542864086,5.516487962907568,0.6678631405625222,0.2680939317242972,2.500838068446683,2015-09-11T13:05:26.145000Z,1.545726887360388,-0.054984143561738724,10,0.5,6,-1,peak,max mdccm,2015-09-11T13:05:24.154022Z,Multiple triggers,34.80194682753044,0.09111111111111111,12,53.85690833333333,-166.41502499999999,us20003lsw,pavdut,lts,3,10.0,3.3,52.0201,-169.4548,2015-09-11T13:04:41.640000Z,2015-09-11T05:04:41.640000Z,289.0024286092987,226.21576648667258,POM,0.12629061072466988,7.918245024407486,22.655310373236755,40.85402192038897
744,150.11198075488878,0.18269708893741182,5.473540962344392,0.4488304432627189,0.21867141009383007,2.5633434176339733,2015-09-11T08:28:00.025000Z,-33.29296493717095,-0.05461493306110929,10,0.5,6,-1,peak,max mdccm,2015-09-11T08:27:58.031447Z,Multiple triggers,39.34542444849982,0.21272727272727276,12,53.85690833333333,-166.41502499999999,us20003lsu,pavdut,lts,3,10.0,3.2,52.8035,-163.1257,2015-09-11T08:27:21.140000Z,2015-09-11T00:27:21.140000Z,248.50127905398338,116.81901581771783,POM,0.12808215587630253,7.807488819642968,22.994986158941064,35.701446672176615
745,222.53098351356414,0.19372644617391072,5.161917847304581,0.49539869860048646,0.3706347123455096,3.824356809310416,2015-09-11T04:02:37.445000Z,1.5756620689862189,-0.06798363423440956,10,0.5,6,-1,peak,max mdccm,2015-09-11T04:02:35.442617Z,Multiple triggers,25.872701814600006,0.07,12,53.85690833333333,-166.41502499999999,us20003lst,pavdut,lts,3,30.5,3.2,51.9969,-169.2808,2015-09-11T04:01:54.000000Z,2015-09-10T20:01:54.000000Z,282.77681631826516,224.10664558255036,POM,0.12574281193950115,7.952740873022083,22.551616302947284,38.902617194648606
746,6.344376451942367,0.08423892509791284,11.870996678052064,0.2811477946317893,0.28215826446556513,81.17147617210739,2015-09-11T02:52:06.365000Z,-143.02166559607326,0.04168416801673874,10,0.5,6,-1,peak,max mdccm,2015-09-11T02:52:09.374328Z,Taup,0.0,0.0,12,53.85690833333333,-166.41502499999999,us20003lss,pavdut,lts,3,10.0,3.0,51.8795,-169.3714,2015-09-11T02:51:27.550000Z,2015-09-10T18:51:27.550000Z,296.6965983002177,223.32271085586913,POM,0.12592309311465158,7.941355118155422,22.585733511928865,41.82432847826289
747,221.75516658682153,0.18593789622186097,5.378139800005055,0.7327906218204979,0.2791453388840308,2.580135327353844,2015-09-11T02:47:04.445000Z,7.132326840196697,-0.060199469233048974,10,0.5,6,-1,peak,max mdccm,2015-09-11T02:47:02.437577Z,Multiple triggers,35.19693961563678,0.10461538461538462,12,53.85690833333333,-166.41502499999999,us20003lsr,pavdut,lts,3,30.01,4.4,52.102,-169.6,2015-09-11T02:46:21.850000Z,2015-09-10T18:46:21.850000Z,289.6162348048679,228.88749342701823,POM,0.125738426988812,7.953018213668114,22.55078658057706,39.77757715940752
748,224.93999751669702,0.18920163216202787,5.2853666671523385,0.8602611327299616,0.16956053372889723,1.5892562382020685,2015-09-10T17:00:20.565000Z,2.9122541370522015,-0.06344409553939648,10,0.5,6,-1,peak,max mdccm,2015-09-10T17:00:18.556505Z,Multiple triggers,37.70465654577147,0.10333333333333335,12,53.85690833333333,-166.41502499999999,us20003ht3,pavdut,lts,3,21.38,4.9,52.1265,-169.451,2015-09-10T16:59:37.630000Z,2015-09-10T08:59:37.630000Z,280.39013376597865,227.85225165374922,POM,0.1257575366226314,7.951809703467421,22.554402550719672,38.956505463400795
749,19.304492709478325,0.21557042484922162,4.638855263654275,0.5536617571254746,0.8222596412898544,9.96700535860063,2015-09-13T00:25:35.325000Z,-123.2298549351969,-0.09279589377739283,10,0.5,6,-1,peak,max mdccm,2015-09-13T00:25:38.322319Z,Taup,0.0,0.0,12,53.85690833333333,-166.41502499999999,us20003llv,pavdut,lts,3,64.2,3.4,51.7209,-177.107,2015-09-13T00:24:00.930000Z,2015-09-12T16:24:00.930000Z,758.6037731353838,256.0746377742814,POM,0.12277453107182879,8.145011764817523,21.991084819666632,97.39231910763338
750,222.46960254241537,0.19024080359716056,5.256495878337036,0.6536991151135214,0.2136836870845631,2.0215286148429072,2015-09-10T14:12:44.825000Z,3.8007013069083087,-0.0639754834493712,10,0.5,6,-1,peak,max mdccm,2015-09-10T14:12:42.830471Z,Multiple triggers,28.741601255209208,0.0675,12,53.85690833333333,-166.41502499999999,us20003k1q,pavdut,lts,3,10.0,3.1,52.0184,-169.463,2015-09-10T14:11:58.700000Z,2015-09-10T06:11:58.700000Z,289.52863836414616,226.27030384932368,POM,0.12626532014778935,7.9198310258868645,22.650521340754743,40.92047140024539
751,216.99929006602235,0.2072650053496946,4.824741148718347,0.7443887085562133,0.1712854358525644,1.7647760350396027,2015-09-10T12:03:13.925000Z,16.25758955194638,-0.08104956833645216,10,0.5,6,-1,peak,max mdccm,2015-09-10T12:03:11.931658Z,Multiple triggers,31.169256484588082,0.083,12,53.85690833333333,-166.41502499999999,us20003hqf,pavdut,lts,3,10.0,4.6,52.2441,-169.8266,2015-09-10T12:02:28.980000Z,2015-09-10T04:02:28.980000Z,290.72624911614577,233.25687961796874,POM,0.12621543701324245,7.922961118417557,22.64107594254039,41.07165786898322
752,336.180970972153,1.065903604242802,0.9381711404479032,0.25513895645804235,4.052841001386099,65.13836332248621,2015-09-11T19:16:15.245000Z,-90.07502860602548,-0.9416067109149427,10,0.5,6,-1,peak,max mdccm,2015-09-11T19:16:15.248479Z,Taup,0.0,0.0,12,53.85690833333333,-166.41502499999999,us20003lsn,pavdut,lts,3,20.32,4.1,51.1827,-174.9048,2015-09-11T19:14:50.190000Z,2015-09-11T11:14:50.190000Z,648.0002821914838,246.1059423661275,POM,0.12429689332785936,8.045253370591398,22.278287800321365,85.05847881297144
753,216.6836884200706,0.20519122572727408,4.873502736072791,0.5622235556526223,0.1919253790392843,1.8957156786165683,2015-09-10T10:30:37.645000Z,9.033702257059645,-0.07903851657016925,10,0.5,6,-1,peak,max mdccm,2015-09-10T10:30:37.636422Z,Taup,0.0,0.0,12,53.85690833333333,-166.41502499999999,us20003k1y,pavdut,lts,3,16.8,3.6,52.057,-169.348,2015-09-10T10:29:58.330000Z,2015-09-10T02:29:58.330000Z,280.97591903510965,225.71739067713025,POM,0.12615270915710483,7.926900711697326,22.629199311165916,39.30642190906833
754,214.6735999120939,0.14163185870517858,7.06055833159405,0.40153632487727986,0.5534859851824017,4.868424517509197,2015-10-05T01:55:07.505000Z,40.99296116448937,-0.01887374202690184,10,0.5,6,-1,peak,max mdccm,2015-10-05T01:55:05.501613Z,Multiple triggers,29.25138780697715,0.08333333333333333,12,53.85690833333333,-166.41502499999999,us10003kb9,pavdut,lts,3,37.4,4.2,50.9566,-179.6743,2015-10-05T01:53:01.000000Z,2015-10-04T17:53:01.000000Z,956.578967786966,255.66656107658326,POM,0.12275811667827674,8.146100861263537,21.98799132463868,122.33161298944074
755,226.89304066257642,0.18725075660947008,5.34043235983072,0.805576741538223,0.22271121759776502,2.0891791193643314,2015-09-10T10:27:29.445000Z,1.322684371872981,-0.06149321998683868,10,0.5,6,-1,peak,max mdccm,2015-09-10T10:27:27.453486Z,Multiple triggers,37.394415611853475,0.0775,12,53.85690833333333,-166.41502499999999,us20003hq5,pavdut,lts,3,20.0,6.0,52.0985,-169.5349,2015-09-10T10:26:44.810000Z,2015-09-10T02:26:44.810000Z,286.67576507282223,228.2157250344494,POM,0.1257575366226314,7.951809703467421,22.554402550719672,39.823486347662794
756,216.79393961505122,0.20476218397832588,4.8837142707261325,0.5737873314549297,0.23871389119165531,2.4386407280831577,2015-09-09T23:26:57.525000Z,20.967035732595264,-0.07925371874428955,10,0.5,6,-1,peak,max mdccm,2015-09-09T23:26:55.516297Z,Multiple triggers,36.49084541741147,0.10526315789473686,12,53.85690833333333,-166.41502499999999,us20003kce,pavdut,lts,3,44.1,3.0,52.5669,-169.6562,2015-09-09T23:26:18.000000Z,2015-09-09T15:26:18.000000Z,259.76616667487406,237.76097534764648,POM,0.12550846523403633,7.967590059644937,22.507280098167268,35.776297321901055
757,131.45619429236487,0.13543337445997947,7.383704378535586,0.4950870801498816,0.7214838148660867,6.822092409462442,2015-09-09T19:21:43.445000Z,-26.7636487812249,-0.006918301322567155,10,0.5,6,-1,peak,max mdccm,2015-09-09T19:21:41.442503Z,Multiple triggers,54.74931081710142,0.21187499999999998,12,53.85690833333333,-166.41502499999999,us20003kba,pavdut,lts,3,25.6,3.2,53.3684,-163.5234,2015-09-09T19:21:12.000000Z,2015-09-09T11:21:12.000000Z,198.93353058521353,104.69254551113997,POM,0.1285150731374123,7.781188428619333,23.07719481529397,28.422503034976927
758,220.1979797635808,0.15629943604109195,6.39797574021377,0.6589810973312789,0.3708169590539705,2.924469696579024,2015-10-05T17:37:52.685000Z,41.179807345503605,-0.03382970866402045,10,0.5,6,-1,peak,max mdccm,2015-10-05T17:37:50.695152Z,Multiple triggers,35.09875342971462,0.1447619047619048,12,53.85690833333333,-166.41502499999999,us10003kgq,pavdut,lts,3,90.82,5.7,51.9487,-179.2558,2015-10-05T17:35:54.870000Z,2015-10-05T09:35:54.870000Z,888.3801351588636,261.3777871090844,POM,0.1224697273770715,8.165283139082236,21.933651790890387,113.10515155754051
759,141.2760108686493,1.015606163130797,0.9846336466857505,0.27004946428987375,16.824057823930623,11.661440191702994,2015-09-10T14:23:38.585000Z,105.39595159951102,-0.8912178799823673,10,0.5,6,-1,peak,max mdccm,2015-09-10T14:23:36.593222Z,Multiple triggers,32.109455444916804,0.065,12,53.85690833333333,-166.41502499999999,us20003k1r,pavdut,lts,3,20.0,3.1,51.286,-174.803,2015-09-10T14:22:11.310000Z,2015-09-10T06:22:11.310000Z,636.0612915825219,246.6719624681603,POM,0.12438828314842972,8.03934240982105,22.295547747258656,83.59322220923629
760,316.97335591784207,0.7829994169519856,1.2771401591750113,0.2606567385809984,26.97540847719541,79.0006566982814,2015-09-29T14:47:15.705000Z,-66.46790323472698,-0.659265310941849,10,0.5,6,-1,peak,max mdccm,2015-09-29T14:47:13.705882Z,Multiple triggers,35.36477548971152,0.085,12,53.85690833333333,-166.41502499999999,us10003k4r,pavdut,lts,3,25.22,3.1,51.3345,-176.0062,2015-09-29T14:45:44.230000Z,2015-09-29T06:45:44.230000Z,707.2102297011506,250.5054526831151,POM,0.12373410601013657,8.081846083068461,22.172046238332687,92.1458820048338
761,35.88551669179441,0.5589571914894094,1.789045771708167,0.24355008676809037,1.101224437170723,88.02096777733175,2015-09-10T10:40:22.925000Z,-149.7886727435519,-0.4342029877704213,10,0.5,6,-1,peak,max mdccm,2015-09-10T10:40:22.916704Z,Taup,0.0,0.0,12,53.85690833333333,-166.41502499999999,us20003hui,pavdut,lts,3,6.1,3.0,51.386,-174.35,2015-09-10T10:39:02.260000Z,2015-09-10T02:39:02.260000Z,603.1696517850296,246.0968439482425,POM,0.12475420371898806,8.015761955825752,22.364677152140278,80.65670364614213
762,101.99441319045792,0.04425300884897978,22.597333514940292,0.6076446967568536,3.3479746060680124,9.142187072635153,2015-09-08T12:19:59.045000Z,-13.808672450585192,0.08139776610497207,10,0.5,6,-1,peak,max mdccm,2015-09-08T12:19:57.044714Z,Multiple triggers,46.272906235449874,0.11263157894736843,12,53.85690833333333,-166.41502499999999,us20003h89,pavdut,lts,3,41.9,4.0,53.8674,-162.5788,2015-09-08T12:19:21.000000Z,2015-09-08T04:19:21.000000Z,252.3657219280729,88.18574073987273,POM,0.12565077495395185,7.958566116018601,22.534202068884042,34.854713617807974
763,70.99680665783376,1.0910438186473645,0.9165534719217444,0.24197738382907985,1.6657403467656522,48.24650434065387,2015-09-11T18:48:34.845000Z,175.97927972708828,-0.96642132013725,10,0.5,6,-1,peak,max mdccm,2015-09-11T18:48:32.854372Z,Multiple triggers,28.525262334011824,0.055,12,53.85690833333333,-166.41502499999999,us20003n00,pavdut,lts,3,6.37,4.0,51.3698,-174.6657,2015-09-11T18:47:05.880000Z,2015-09-11T10:47:05.880000Z,623.1239097102482,246.97608638492204,POM,0.1246224985101145,8.024233280147556,22.3397915683045,83.1143717535552
764,110.38184862503687,0.08764527716889217,11.409627903543544,0.5596671041840102,1.0591768194408564,4.946392510644614,2015-09-27T06:18:24.665000Z,-53.62255607309554,0.03505454610077405,10,0.5,6,-1,peak,max mdccm,2015-09-27T06:18:22.671790Z,Multiple triggers,25.509538531979405,0.06555555555555556,12,53.85690833333333,-166.41502499999999,ak015cemru2r,pavdut,lts,3,79.6,3.2,57.0903,-156.1828,2015-09-27T06:16:47.397000Z,2015-09-26T22:16:47.397000Z,739.3983268163819,56.75929255194133,POM,0.12269982326966622,8.149970988973864,21.9770057573489,94.87479041410057
765,214.56345337118603,0.20183185905545759,4.954619179944375,0.6778692723764526,0.23682483799998,2.306215767871663,2015-09-07T22:47:23.665000Z,15.611384651396662,-0.07481762477395265,10,0.5,6,-1,peak,max mdccm,2015-09-07T22:47:21.662484Z,Multiple triggers,27.4941297369978,0.07066666666666667,12,53.85690833333333,-166.41502499999999,us20003h5x,pavdut,lts,3,12.31,3.6,52.2618,-169.4557,2015-09-07T22:46:41.620000Z,2015-09-07T14:46:41.620000Z,270.27471263371194,230.1748380225827,POM,0.12701423428150493,7.873133319716546,22.79240696527239,38.28248371232679
766,90.30391264187722,0.09009160350535216,11.099813535237965,0.6338906945193756,1.3208224302343456,6.17674869702725,2015-09-07T22:16:01.785000Z,-28.368386295724235,0.03973076434922036,10,0.5,6,-1,peak,max mdccm,2015-09-07T22:15:59.794584Z,Multiple triggers,39.24530592313888,0.09209302325581396,12,53.85690833333333,-166.41502499999999,us20003jjh,pavdut,lts,3,7.9,3.1,54.669,-163.688,2015-09-07T22:15:28.360000Z,2015-09-07T14:15:28.360000Z,199.3490901578938,61.935526346152976,POM,0.12982236785457252,7.702832851733252,23.325749318931063,29.55458350745397
767,144.35478151291306,0.17749734769647524,5.633887001568183,0.5684168597996746,0.23478059178450827,2.626541003346574,2015-09-07T17:56:30.385000Z,-33.989759182622805,-0.04674809012401865,10,0.5,6,-1,peak,max mdccm,2015-09-07T17:56:28.382053Z,Multiple triggers,82.61155228735811,0.2193103448275862,12,53.85690833333333,-166.41502499999999,us20003jjf,pavdut,lts,3,23.8,3.1,53.501,-164.853,2015-09-07T17:56:10.690000Z,2015-09-07T09:56:10.690000Z,110.55465316988719,110.36502233029026,POM,0.1307492575724566,7.648226984737069,23.502259628805696,16.992053134738224
768,144.6665248266854,0.17740960416388057,5.636673418628783,0.5023828703412918,0.2610987333388093,2.889718618382119,2015-09-07T13:58:09.565000Z,-37.704916112843534,-0.046534900905128046,10,0.5,6,-1,peak,max mdccm,2015-09-07T13:58:07.564446Z,Multiple triggers,50.06667802298962,0.21032258064516127,12,53.85690833333333,-166.41502499999999,us20003jje,pavdut,lts,3,19.31,3.2,53.5714,-164.8955,2015-09-07T13:57:49.980000Z,2015-09-07T05:57:49.980000Z,105.23518308520242,106.96160871384185,POM,0.13087470325875253,7.640896025742261,23.526166749856614,16.464446024411657
769,221.8851661763348,0.19448523074464133,5.141778613065985,0.7567967360137077,0.17651828569929684,1.707246808958132,2015-09-07T03:56:51.285000Z,9.238107001103941,-0.06890640639439746,10,0.5,6,-1,peak,max mdccm,2015-09-07T03:56:49.280092Z,Multiple triggers,43.93755985527225,0.17696969696969697,12,53.85690833333333,-166.41502499999999,us20003jjs,pavdut,lts,3,42.77,3.6,52.3173,-169.452,2015-09-07T03:56:12.320000Z,2015-09-06T19:56:12.320000Z,265.97159143169995,231.12327317743873,POM,0.12557882435024387,7.96312599018258,22.52058989017858,36.560091959264504
770,142.99447051590377,0.10464037540339162,9.5565406387828,0.37967431381695305,7.650846983261042,36.64715108878215,2015-09-06T18:36:35.125000Z,103.63805585941833,0.018663062535021327,10,0.5,6,-1,peak,max mdccm,2015-09-06T18:36:35.122386Z,Taup,0.0,0.0,12,53.85690833333333,-166.41502499999999,us20003jxq,pavdut,lts,3,57.6,3.2,51.4403,-174.3611,2015-09-06T18:35:17.000000Z,2015-09-06T10:35:17.000000Z,600.8225691115953,246.6325263753221,POM,0.12330343793841295,8.110073950245212,22.0908000243794,78.1223864311292
771,215.98321676461035,0.17718243152396124,5.643900421723049,0.5865260367275574,0.26137516537595396,2.299102533773322,2015-09-06T15:07:28.705000Z,29.13583399610974,-0.052412927722379,10,0.5,6,-1,peak,max mdccm,2015-09-06T15:07:26.711101Z,Multiple triggers,30.166535056798185,0.045000000000000005,12,53.85690833333333,-166.41502499999999,us20003gyw,pavdut,lts,3,8.32,4.1,51.33,-174.2127,2015-09-06T15:06:03.560000Z,2015-09-06T07:06:03.560000Z,598.1173731360457,245.11905076072009,POM,0.12476950380158223,8.014779008741387,22.367568377582607,79.79110051404902
772,110.26915074317833,0.10286424560170296,9.721550905764332,0.5190214793660406,0.9977831671768529,5.459530921266918,2015-09-06T14:55:38.565000Z,-22.227376723142726,0.026808459808115914,10,0.5,6,-1,peak,max mdccm,2015-09-06T14:55:36.558143Z,Multiple triggers,51.13709195272723,0.13454545454545458,12,53.85690833333333,-166.41502499999999,us20003jxw,pavdut,lts,3,25.57,3.1,53.8814,-163.9874,2015-09-06T14:55:12.910000Z,2015-09-06T06:55:12.910000Z,159.70765221586686,88.0417740200356,POM,0.12967270540981887,7.711723117363753,23.297270689286655,23.35814280219709
773,63.405020694734105,0.23759431354690183,4.208854938788748,0.4163239016395681,1.1016420203976285,13.507595957526433,2015-09-05T18:12:06.785000Z,-178.96097603557973,-0.11299835625225536,10,0.5,6,-1,peak,max mdccm,2015-09-05T18:12:09.783116Z,Taup,0.0,0.0,12,53.85690833333333,-166.41502499999999,us20003iw7,pavdut,lts,3,22.09,3.7,51.2611,-174.1986,2015-09-05T18:10:50.640000Z,2015-09-05T10:10:50.640000Z,601.2730168565575,244.4440446591544,POM,0.12459595729464647,8.025942588451601,22.334777166764574,79.14311613819957
774,238.53720042895543,0.05520952539063035,18.112816455576898,0.37765122560592446,28.093093486698304,49.273553917773484,2015-09-09T05:12:34.805000Z,177.16337618235997,0.06896297312637914,10,0.5,6,-1,peak,max mdccm,2015-09-09T05:12:34.812797Z,Taup,0.0,0.0,12,53.85690833333333,-166.41502499999999,ak015bkugzo8,pavdut,lts,3,7.9,3.4,56.982,-157.0938,2015-09-09T05:11:04.247000Z,2015-09-08T21:11:04.247000Z,684.3299869352422,55.70057661131539,POM,0.1241724985170095,8.05331302778785,22.254797929406546,90.56579740561432
775,8.214686409494334,0.10719868907371241,9.32847228488378,0.24540528323041755,4.576804652562938,73.21626972227733,2015-09-09T03:14:04.925000Z,-117.29619736493987,0.017050188295486046,10,0.5,6,-1,peak,max mdccm,2015-09-09T03:14:04.922053Z,Taup,0.0,0.0,12,53.85690833333333,-166.41502499999999,us20003hhs,pavdut,lts,3,25.7,3.6,51.6397,-175.1858,2015-09-09T03:12:41.000000Z,2015-09-08T19:12:41.000000Z,641.0532480016708,250.91848904455443,POM,0.12424887736919846,8.048362457461543,22.269220325629153,83.92205252093417
776,111.13098734197382,0.19902877705482014,5.0243990582555895,0.30701493662400214,0.8237330089356569,9.487309060102518,2015-09-09T11:25:50.585000Z,-56.014717534283164,-0.07487962755152286,10,0.5,6,-1,peak,max mdccm,2015-09-09T11:25:50.586612Z,Taup,0.0,0.0,12,53.85690833333333,-166.41502499999999,ak015bky4epx,pavdut,lts,3,3.8,3.3,57.0674,-157.0399,2015-09-09T11:24:18.613000Z,2015-09-09T03:24:18.613000Z,691.5501754093414,55.11626980769066,POM,0.12414914950329728,8.054827632737355,22.250389299665944,91.97361226391712
777,213.94347184992228,0.1625892724626525,6.150467277782454,0.6623700469712459,0.36956900137682247,2.9945258256556713,2015-09-05T13:55:48.445000Z,31.501302664941647,-0.037856077091286466,10,0.5,6,-1,peak,max mdccm,2015-09-05T13:55:46.444305Z,STA/LTA trigger,21.52092036133683,0.05666666666666667,12,53.85690833333333,-166.41502499999999,us20003gq2,pavdut,lts,3,10.0,4.0,51.3397,-174.2819,2015-09-05T13:54:23.020000Z,2015-09-05T05:54:23.020000Z,601.6986511781032,245.44477451486392,POM,0.12473319537136604,8.017112020763333,22.360707345278914,80.07430453651712
778,216.99312067567473,0.1590524147862051,6.287235571645856,0.6571974177748168,0.4168586514030008,3.2882013770571064,2015-09-05T13:53:01.385000Z,28.422836029835537,-0.03497080992052645,10,0.5,6,-1,peak,max mdccm,2015-09-05T13:52:59.384285Z,STA/LTA trigger,25.929838654821374,0.065,12,53.85690833333333,-166.41502499999999,us20003ixz,pavdut,lts,3,41.0,3.1,51.3362,-174.2828,2015-09-05T13:51:37.000000Z,2015-09-05T05:51:37.000000Z,601.9520376553769,245.41595670551027,POM,0.12408160486567865,8.059212331130986,22.237636681502,78.57428459618758
779,97.93376347084279,0.07195059271782563,13.898426159208718,0.7784268636931659,0.963162179267897,4.147904041984816,2015-09-08T11:36:14.885000Z,-42.265630565344054,0.05220886262916305,10,0.5,6,-1,peak,max mdccm,2015-09-08T11:36:12.883270Z,Multiple triggers,26.51590753676884,0.13578947368421054,12,53.85690833333333,-166.41502499999999,ak015bjan8vz,pavdut,lts,3,4.5,4.7,57.0067,-157.0177,2015-09-08T11:34:38.077000Z,2015-09-08T03:34:38.077000Z,689.6974711721376,55.66813290549874,POM,0.12415945534698868,8.05415904254169,22.252335174126927,91.62627028661291
780,25.44620192313272,0.07330517173661191,13.641602308675239,0.47618361652110197,8.251313052975647,29.784004219572097,2015-09-08T11:38:28.685000Z,30.581997789564582,0.05086476523975311,10,0.5,6,-1,peak,max mdccm,2015-09-08T11:38:28.676624Z,Taup,0.0,0.0,12,53.85690833333333,-166.41502499999999,ak015bjanptc,pavdut,lts,3,5.4,3.3,56.9631,-157.0188,2015-09-08T11:36:57.443000Z,2015-09-08T03:36:57.443000Z,687.4782343234662,56.028199712697294,POM,0.12416993697636503,8.053479162112676,22.25431426689825,91.23362384159348
781,218.8002564719593,0.2002259765009697,4.994356963444036,0.7759060754506752,0.21497329728427905,2.154798836433031,2015-09-05T12:57:25.485000Z,16.464996562179948,-0.07473310845473247,10,0.5,6,-1,peak,max mdccm,2015-09-05T12:57:23.480886Z,Multiple triggers,73.42434032643182,0.174,12,53.85690833333333,-166.41502499999999,us20003gpt,pavdut,lts,3,44.52,4.1,52.7732,-168.929,2015-09-05T12:56:54.780000Z,2015-09-05T04:56:54.780000Z,206.4246426761506,235.26525303413925,POM,0.12549286804623724,7.968580331047616,22.504329760965426,29.08088620918848
782,116.57201084894746,0.19150759941701487,5.221724897832712,0.4482083435608084,1.7234737404092102,21.163458897638236,2015-09-08T19:49:39.625000Z,-61.193317023275455,-0.06735621814660593,10,0.5,6,-1,peak,max mdccm,2015-09-08T19:49:42.627106Z,Taup,0.0,0.0,12,53.85690833333333,-166.41502499999999,ak015bjfhnnb,pavdut,lts,3,4.2,3.5,57.0398,-157.0246,2015-09-08T19:48:10.795000Z,2015-09-08T11:48:10.795000Z,690.9812312066242,55.378693825672,POM,0.12415138127040894,8.054682837736149,22.250810683408805,91.8321060865022
783,347.84724571102004,0.2518674501307046,3.9703423347521007,0.47435119254083713,1.155484223191437,15.031217726790686,2015-09-05T18:08:49.725000Z,-102.32648863559248,-0.12719824440918498,10,0.5,6,-1,peak,max mdccm,2015-09-05T18:08:52.727827Z,Taup,0.0,0.0,12,53.85690833333333,-166.41502499999999,us20003iw6,pavdut,lts,3,12.2,3.8,51.3145,-174.3718,2015-09-05T18:07:32.000000Z,2015-09-05T10:07:32.000000Z,608.516620278607,245.52075707542755,POM,0.12466920572151961,8.021227008005123,22.34861634641887,80.72782667229536
784,155.08966957055054,0.3866735943977882,2.5861605614870506,0.4752444700762141,0.2620557098022891,6.535546877556101,2015-09-05T15:19:25.965000Z,90.00871164932039,-0.26212250103076995,10,0.5,6,-1,peak,max mdccm,2015-09-05T15:19:28.964431Z,Taup,0.0,0.0,12,53.85690833333333,-166.41502499999999,us20003gtv,pavdut,lts,3,22.1,3.0,51.283,-174.3308,2015-09-05T15:18:09.000000Z,2015-09-05T07:18:09.000000Z,607.8703139758103,245.0983812198709,POM,0.12455109336701822,8.028833573168818,22.326301486048767,79.96443148963229
785,215.55956401418916,0.21164151453176236,4.724970912310892,0.3834266788960773,0.4839580622544273,4.924035584576785,2015-09-05T13:06:59.025000Z,29.513864472075312,-0.08705551363145116,10,0.5,6,-1,peak,max mdccm,2015-09-05T13:06:59.021465Z,Taup,0.0,0.0,12,53.85690833333333,-166.41502499999999,us20003iz3,pavdut,lts,3,20.0,3.6,51.2833,-174.3227,2015-09-05T13:05:39.000000Z,2015-09-05T05:05:39.000000Z,607.369638789181,245.07342848626448,POM,0.1245860009003112,8.026583988358054,22.33289616305324,80.02146475341125
786,218.1219235972428,0.17628616857078358,5.672594782150894,0.3532219656389288,0.48915449811054623,4.17957608030207,2015-09-05T15:50:14.105000Z,26.96028858634358,-0.05171708021587405,10,0.5,6,-1,peak,max mdccm,2015-09-05T15:50:14.106180Z,Taup,0.0,0.0,12,53.85690833333333,-166.41502499999999,us20003iw4,pavdut,lts,3,20.7,3.1,51.2793,-174.3358,2015-09-05T15:48:54.000000Z,2015-09-05T07:48:54.000000Z,608.3819670885837,245.0822121835864,POM,0.12456908835490953,8.02767374479696,22.32970103229548,80.10618019724502
787,206.42406344741414,0.19557737436787045,5.11306588112311,0.36709914275655303,0.8416829890927304,8.862160411811374,2015-09-05T15:18:51.205000Z,38.36449523629253,-0.07108227852055579,10,0.5,6,-1,peak,max mdccm,2015-09-05T15:18:54.211722Z,Taup,0.0,0.0,12,53.85690833333333,-166.41502499999999,us20003gtu,pavdut,lts,3,25.6,3.0,51.266,-174.285,2015-09-05T15:17:34.630000Z,2015-09-05T07:17:34.630000Z,606.1236562117982,244.78855868370667,POM,0.12449509584731466,8.032444918363986,22.315723172553817,79.58172159948708
788,107.10568257701865,0.06013932410885122,16.628055183826408,0.5793102414669533,2.2301964418292,8.526716090494148,2015-09-05T10:10:20.145000Z,-32.72554043707501,0.0651752959655206,10,0.5,6,-1,peak,max mdccm,2015-09-05T10:10:18.153465Z,Multiple triggers,42.55153227251178,0.18000000000000002,12,53.85690833333333,-166.41502499999999,us20003gtj,pavdut,lts,3,13.0,3.5,54.8199,-159.0742,2015-09-05T10:09:13.000000Z,2015-09-05T02:09:13.000000Z,489.1041323491435,74.38014213994364,POM,0.12531462007437183,7.979914868724169,22.470617148215347,65.73346520012447
789,41.783750976444594,0.29082111455358656,3.4385398788358623,0.3184319464632296,0.2738127442214142,83.5818273349397,2015-09-19T11:42:54.065000Z,-141.06567868778137,-0.16807967199025914,10,0.5,6,-1,peak,max mdccm,2015-09-19T11:42:54.066441Z,Taup,0.0,0.0,12,53.85690833333333,-166.41502499999999,us10003jui,pavdut,lts,3,59.45,3.6,51.8235,-179.3827,2015-09-19T11:40:59.080000Z,2015-09-19T03:40:59.080000Z,901.2232918400915,260.7180722886632,POM,0.12274144256332743,8.147207488489947,21.98484895095677,114.98644101418479
790,219.76516866491704,0.1495278968881506,6.687715274615392,0.6932388805882015,0.5049718625624209,3.7399084015223707,2015-09-05T13:06:01.785000Z,22.46930479570503,-0.02539874367092064,10,0.5,6,-1,peak,max mdccm,2015-09-05T13:05:59.794620Z,Multiple triggers,32.201399199965344,0.0811764705882353,12,53.85690833333333,-166.41502499999999,us20003gpu,pavdut,lts,3,26.46,4.5,50.8181,-174.6474,2015-09-05T13:04:32.140000Z,2015-09-05T05:04:32.140000Z,654.5302673502267,242.23447346062207,POM,0.12412915321722996,8.056125205736063,22.24661382346367,85.56462021200024
791,119.23089825757211,0.2306645963992792,4.335299025555726,0.6934218177111116,0.6578963531543487,10.263342138546165,2015-09-05T11:05:54.445000Z,125.66714010752389,-0.10596118113115291,10,0.5,6,-1,peak,max mdccm,2015-09-05T11:05:57.444464Z,Taup,0.0,0.0,12,53.85690833333333,-166.41502499999999,us20003ivw,pavdut,lts,3,11.63,3.6,51.2844,-174.2687,2015-09-05T11:04:37.220000Z,2015-09-05T03:04:37.220000Z,604.086158373864,244.89803836509597,POM,0.12470341526812628,8.01902656675351,22.35508019232313,80.22446417324866
792,216.17282521725485,0.159800358436853,6.257808241369883,0.5744870876717785,0.33000480587844416,2.5943424974564664,2015-09-05T10:55:55.805000Z,28.990746561374124,-0.03536525918688675,10,0.5,6,-1,peak,max mdccm,2015-09-05T10:55:53.813456Z,Multiple triggers,23.985172178521776,0.051111111111111114,12,53.85690833333333,-166.41502499999999,us20003gpb,pavdut,lts,3,28.7,4.2,51.2982,-174.3098,2015-09-05T10:54:30.000000Z,2015-09-05T02:54:30.000000Z,605.7418314035655,245.16357177862898,POM,0.12443509924996625,8.036317775511167,22.304390295468895,79.41345593547955
793,13.042092095431599,0.2772174229731071,3.6072768777488067,0.25915157180975,3.0563016683208346,59.12290571590924,2015-09-17T14:57:48.765000Z,-119.3450115819411,-0.15438578858418178,10,0.5,6,-1,peak,max mdccm,2015-09-17T14:57:51.766336Z,Taup,0.0,0.0,12,53.85690833333333,-166.41502499999999,us20003n6e,pavdut,lts,3,41.7,3.0,51.4966,-176.8056,2015-09-17T14:56:15.000000Z,2015-09-17T06:56:15.000000Z,749.4123791126242,253.69708051349048,POM,0.12283163438892529,8.141225222434732,22.001847170049633,96.76633573752066
794,215.83522363886266,0.1524701653944052,6.558660164191665,0.644817620229005,0.47103745278792575,3.5616740680433168,2015-09-05T09:12:42.965000Z,29.741080260158668,-0.02781200255227674,10,0.5,6,-1,peak,max mdccm,2015-09-05T09:12:40.969680Z,Multiple triggers,24.963380499878763,0.036,12,53.85690833333333,-166.41502499999999,us20003gn9,pavdut,lts,3,15.9,4.2,51.3385,-174.3239,2015-09-05T09:11:18.000000Z,2015-09-05T01:11:18.000000Z,604.2819311549782,245.57630389902133,POM,0.12465816284212845,8.021937570718379,22.346529873839064,79.9096795823277
795,215.29187585962154,0.1641984314298644,6.0901921613492345,0.7112439687193557,0.34636504147593916,2.9275087735236696,2015-09-05T10:00:07.065000Z,29.627496942565955,-0.03951959015486198,10,0.5,6,-1,peak,max mdccm,2015-09-05T10:00:05.074430Z,Multiple triggers,28.49531745175611,0.08090909090909092,12,53.85690833333333,-166.41502499999999,us20003gnr,pavdut,lts,3,14.1,4.4,51.286,-174.2707,2015-09-05T09:58:41.000000Z,2015-09-05T01:58:41.000000Z,604.1127729406048,244.9193728021875,POM,0.12467884127500242,8.020607103608812,22.350436940417286,80.02443049887658
796,132.23652447014126,0.13261526677546995,7.540609948725538,0.530018648695413,3.0547078895556603,21.16718136008052,2015-09-05T09:21:09.265000Z,113.88479110050287,-0.007906236188148341,10,0.5,6,-1,peak,max mdccm,2015-09-05T09:21:12.262048Z,Taup,0.0,0.0,12,53.85690833333333,-166.41502499999999,us20003ivs,pavdut,lts,3,7.2,3.1,51.3617,-174.424,2015-09-05T09:19:51.000000Z,2015-09-05T01:19:51.000000Z,608.9828434696285,246.12131557064413,POM,0.1247090305873216,8.018665491107296,22.356141227669323,81.2620477557422
797,129.39219808295888,0.25706312363138795,3.890095109222807,0.5529335545346388,0.5370634477009257,8.575009326231282,2015-09-05T08:45:39.845000Z,116.69478004635477,-0.1330313142880534,10,0.5,6,-1,peak,max mdccm,2015-09-05T08:45:42.839967Z,Taup,0.0,0.0,12,53.85690833333333,-166.41502499999999,us20003gpn,pavdut,lts,3,41.8,3.7,51.3804,-174.3624,2015-09-05T08:44:24.000000Z,2015-09-05T00:44:24.000000Z,604.229187015009,246.08697812931365,POM,0.12403180934333455,8.06244789376476,22.22823588951484,78.83996692811849
798,220.19152937068094,0.1768672208190906,5.653958915444566,0.3860848149914433,0.3631709381361472,2.901582405173116,2015-09-05T07:43:57.325000Z,24.761375594333913,-0.05219379018190526,10,0.5,6,-1,peak,max mdccm,2015-09-05T07:43:57.328695Z,Taup,0.0,0.0,12,53.85690833333333,-166.41502499999999,us20003gly,pavdut,lts,3,16.9,4.3,51.307,-174.2253,2015-09-05T07:42:38.000000Z,2015-09-04T23:42:38.000000Z,600.1933204885034,244.95290496501485,POM,0.12467343063718533,8.020955185793516,22.349414622086726,79.32869505745047
799,198.19298092103077,0.17287394752070293,5.784561608858053,0.5946674193118606,0.72048160404694,5.936076689979217,2015-09-05T08:29:13.385000Z,47.29606656716754,-0.04845393281470914,10,0.5,6,-1,peak,max mdccm,2015-09-05T08:29:13.382698Z,Taup,0.0,0.0,12,53.85690833333333,-166.41502499999999,us20003iz2,pavdut,lts,3,29.3,3.0,51.325,-174.3343,2015-09-05T08:27:54.000000Z,2015-09-05T00:27:54.000000Z,605.6729382469947,245.4890474881983,POM,0.12442001470599379,8.037292089725385,22.301541090510682,79.38269828166499
800,217.7763698143583,0.15414164883772663,6.487539270147258,0.6038195628959693,0.4567426871509803,3.394508424208368,2015-09-05T07:42:04.945000Z,28.49952099254918,-0.029473629747047342,10,0.5,6,-1,peak,max mdccm,2015-09-05T07:42:02.937940Z,STA/LTA trigger,22.355214010276462,0.06,12,53.85690833333333,-166.41502499999999,us20003ivl,pavdut,lts,3,16.4,3.4,51.4063,-174.3479,2015-09-05T07:40:39.000000Z,2015-09-04T23:40:39.000000Z,601.9097608404493,246.27589080690748,POM,0.12466801909067929,8.021303356658246,22.348392139564442,79.57793977297212
801,215.85825491901608,0.15480123706829346,6.459896696812773,0.67386492008083,0.44356650786951457,3.4063091022688923,2015-09-05T08:25:57.265000Z,29.369562778923182,-0.030306818460794055,10,0.5,6,-1,peak,max mdccm,2015-09-05T08:25:55.274611Z,Multiple triggers,29.511449638667195,0.054285714285714305,12,53.85690833333333,-166.41502499999999,us20003gmb,pavdut,lts,3,26.0,4.6,51.3069,-174.3056,2015-09-05T08:24:33.000000Z,2015-09-05T00:24:33.000000Z,604.9913267326345,245.22781769793926,POM,0.12449441860749941,8.032488614230623,22.315595242239304,79.42461095210398
802,217.68460309147292,0.1573182682633032,6.3565408584736165,0.6795158876761604,0.37076044598831315,2.8942340605054824,2015-09-05T07:53:44.925000Z,27.893958861791504,-0.03265301101564863,10,0.5,6,-1,peak,max mdccm,2015-09-05T07:53:42.919044Z,Multiple triggers,28.889427087781172,0.04,12,53.85690833333333,-166.41502499999999,us20003gpd,pavdut,lts,3,13.1,3.8,51.3227,-174.367,2015-09-05T07:52:20.000000Z,2015-09-04T23:52:20.000000Z,607.7623330977897,245.57856195326443,POM,0.12466525724765457,8.021481061186467,22.34787030711362,80.55904379806972
803,69.79444576311153,0.23555552784722295,4.24528351823941,0.2883784922275897,1.8193377974573108,23.188640802386573,2015-09-05T07:43:38.565000Z,176.219183050352,-0.11089037549228248,10,0.5,6,-1,peak,max mdccm,2015-09-05T07:43:41.561037Z,Taup,0.0,0.0,12,53.85690833333333,-166.41502499999999,us20003ivm,pavdut,lts,3,13.1,3.6,51.3583,-174.4008,2015-09-05T07:42:21.000000Z,2015-09-04T23:42:21.000000Z,607.778320996878,246.01362881346353,POM,0.12466515235494047,8.021487810425558,22.34785048834941,80.56103693315946
804,220.01351397883167,0.14348105136889364,6.969561419151948,0.6990098262881075,0.5401774687227565,3.838137691201439,2015-09-05T07:21:24.065000Z,25.67920614569124,-0.018836129104756932,10,0.5,6,-1,peak,max mdccm,2015-09-05T07:21:22.068742Z,STA/LTA trigger,21.25110259503434,0.02,12,53.85690833333333,-166.41502499999999,us20003gll,pavdut,lts,3,15.8,4.7,51.338,-174.3598,2015-09-05T07:19:58.000000Z,2015-09-04T23:19:58.000000Z,606.462142368854,245.6927201245229,POM,0.1246449222641367,8.022789712050097,22.344028203102265,80.18874182775343
805,191.29255280800635,0.5390757231382838,1.855026960179915,0.5098971471161637,4.677616162510258,49.55235149090066,2015-09-05T07:24:51.025000Z,54.118423379462826,-0.4146449508342953,10,0.5,6,-1,peak,max mdccm,2015-09-05T07:24:54.021156Z,Taup,0.0,0.0,12,53.85690833333333,-166.41502499999999,us20003gp3,pavdut,lts,3,29.7,3.9,51.3315,-174.2939,2015-09-05T07:23:35.000000Z,2015-09-04T23:23:35.000000Z,602.8843076163517,245.41097618746917,POM,0.1244307723039885,8.036597229799128,22.303573005557656,79.02115585664647
806,220.85307412550128,0.16176595302061014,6.181770522951717,0.7257308938330262,0.3206835338563163,2.5757911788798538,2015-09-05T07:10:12.965000Z,24.27342091069204,-0.03714128313957067,10,0.5,6,-1,peak,max mdccm,2015-09-05T07:10:10.970583Z,Multiple triggers,27.005853722353056,0.060000000000000005,12,53.85690833333333,-166.41502499999999,us20003gle,pavdut,lts,3,20.1,5.0,51.3154,-174.2535,2015-09-05T07:08:47.000000Z,2015-09-04T23:08:47.000000Z,601.391750586752,245.12649503619332,POM,0.12462466988103947,8.024093471658142,22.340201810914607,79.27058254143984
807,25.671800636601176,0.030928249546549286,32.33290000764274,0.5448453858584337,512.9942162283749,75.62436395798369,2015-09-05T07:18:35.205000Z,-139.22899813181687,0.09369670850992555,10,0.5,6,-1,peak,max mdccm,2015-09-05T07:18:38.215381Z,Taup,0.0,0.0,12,53.85690833333333,-166.41502499999999,us20003gm4,pavdut,lts,3,17.0,3.0,51.3955,-174.4284,2015-09-05T07:17:18.000000Z,2015-09-04T23:17:18.000000Z,607.3626326178776,246.44280250478434,POM,0.12462495805647483,8.024074917215552,22.34025625672044,80.2153811485767
808,212.5504762342623,0.11169072022640907,8.953295295910822,0.42698814401754,1.087092793815473,7.496334776092652,2015-09-05T07:12:56.025000Z,34.75394931355751,0.012936658684686839,10,0.5,6,-1,peak,max mdccm,2015-09-05T07:12:56.022125Z,Taup,0.0,0.0,12,53.85690833333333,-166.41502499999999,us20003gnj,pavdut,lts,3,17.5,4.1,51.4724,-174.477,2015-09-05T07:11:36.000000Z,2015-09-04T23:11:36.000000Z,606.0878236009918,247.30442554781982,POM,0.1246273789110959,8.023919051634387,22.34071363651906,80.02212453642062
809,223.84757515599574,0.17158955104504753,5.827860693787055,0.7725261481185023,0.30672572802564524,2.617655947611013,2015-09-05T06:35:35.445000Z,23.73362600669529,-0.047826231388567605,10,0.5,6,-1,peak,max mdccm,2015-09-05T06:35:33.448585Z,STA/LTA trigger,21.758736387435277,0.035,12,53.85690833333333,-166.41502499999999,us20003gl8,pavdut,lts,3,48.01,5.2,51.5128,-174.4467,2015-09-05T06:34:11.450000Z,2015-09-04T22:34:11.450000Z,602.0701114893179,247.58120116269103,POM,0.12376331965647992,8.079938408048694,22.177559137627203,78.44858488991663
810,218.26008260366666,0.1702188972661452,5.874788381671004,0.5797396559773073,0.3542009718983046,2.9108849949982982,2015-09-05T10:38:06.845000Z,25.360867861878972,-0.0457005691313349,10,0.5,6,-1,peak,max mdccm,2015-09-05T10:38:04.847657Z,STA/LTA trigger,21.81673439260844,0.04,12,53.85690833333333,-166.41502499999999,us20003gp6,pavdut,lts,3,25.5,4.3,51.1828,-174.1645,2015-09-05T10:36:41.000000Z,2015-09-05T02:36:41.000000Z,603.889690964933,243.62095046554563,POM,0.1245183281348103,8.03094624686372,22.320111812832906,79.30765743538849
811,217.36362115159966,0.1578251876918405,6.336124256367348,0.6497072443294238,0.38531204123316787,3.0171102148298417,2015-09-05T10:27:23.025000Z,28.07474702588931,-0.033333837317237644,10,0.5,6,-1,peak,max mdccm,2015-09-05T10:27:21.023454Z,Multiple triggers,28.391811893582666,0.078,12,53.85690833333333,-166.41502499999999,us20003gnz,pavdut,lts,3,25.8,4.2,51.3188,-174.3359,2015-09-05T10:25:57.000000Z,2015-09-05T02:25:57.000000Z,606.1222433833249,245.43836817748897,POM,0.12449135037460286,8.032686584175789,22.31501565581232,79.57345380046979
812,220.94368278858724,0.16213496230390143,6.1677011903553955,0.7972642516016195,0.3266663212877696,2.629685194469289,2015-09-05T08:55:09.625000Z,33.09677016889739,-0.03914631148816308,10,0.5,6,-1,peak,max mdccm,2015-09-05T08:55:07.633305Z,Multiple triggers,29.38468346414451,0.06692307692307693,12,53.85690833333333,-166.41502499999999,us20003gn0,pavdut,lts,3,19.2,5.3,51.3307,-177.5423,2015-09-05T08:53:20.000000Z,2015-09-05T00:53:20.000000Z,803.6897497849216,254.04045295748463,POM,0.12298865081573834,8.130831530936952,22.0314445116345,104.38330500349552
813,54.294358744722786,0.15303340794470638,6.534520882925886,0.7179838126511415,1.1117752787706943,10.47630897507915,2015-09-05T05:49:27.545000Z,-168.16042560586243,-0.028371387070874624,10,0.5,6,-1,peak,max mdccm,2015-09-05T05:49:27.546005Z,Taup,0.0,0.0,12,53.85690833333333,-166.41502499999999,us20003iwk,pavdut,lts,3,16.9,3.0,51.3946,-174.3375,2015-09-05T05:48:08.000000Z,2015-09-04T21:48:08.000000Z,601.9364316076478,246.13393313886033,POM,0.12466202087383176,8.021689308342614,22.347258817611145,79.54600480678673
814,218.04624056118934,0.17402436362914836,5.74632183187311,0.641104127586262,0.2953450789048202,2.550525291383309,2015-09-05T08:31:42.125000Z,27.757087644605633,-0.049358380159969795,10,0.5,6,-1,peak,max mdccm,2015-09-05T08:31:40.124655Z,STA/LTA trigger,24.35892097700231,0.03333333333333333,12,53.85690833333333,-166.41502499999999,us20003gmf,pavdut,lts,3,16.2,4.2,51.3648,-174.3202,2015-09-05T08:30:19.000000Z,2015-09-05T00:30:19.000000Z,602.5707188789866,245.80332820579497,POM,0.12466598346917857,8.021434333345889,22.34800752180374,79.67465491677058
815,215.3665368852857,0.1763947904975729,5.669101662125104,0.5299231864380279,0.3587974238283751,3.152689791910234,2015-09-05T08:41:36.205000Z,29.900884047377872,-0.05213162731737189,10,0.5,6,-1,peak,max mdccm,2015-09-05T08:41:34.206231Z,STA/LTA trigger,24.65535076140047,0.035,12,53.85690833333333,-166.41502499999999,us20003gpm,pavdut,lts,3,34.7,3.8,51.2982,-174.3403,2015-09-05T08:40:12.000000Z,2015-09-05T00:40:12.000000Z,607.5638906190661,245.26742093266358,POM,0.124263163180201,8.047437184178579,22.271918038726998,79.4362307587103
816,220.49805490952804,0.15387048185368238,6.498972304193563,0.6353000254893514,0.4205743503159649,3.209351201455064,2015-09-05T06:13:54.125000Z,26.569844936676333,-0.029261203424469695,10,0.5,6,-1,peak,max mdccm,2015-09-05T06:13:52.120087Z,STA/LTA trigger,23.47394867063731,0.049999999999999996,12,53.85690833333333,-166.41502499999999,us20003gl1,pavdut,lts,3,20.0,5.1,51.4624,-174.4321,2015-09-05T06:12:29.000000Z,2015-09-04T22:12:29.000000Z,603.9074744665157,247.06789984620437,POM,0.12460927842921268,8.025084589251307,22.337293890971708,79.59008717048208
817,215.92109066200987,0.171978680188377,5.814674231158473,0.5824239614615668,0.3233355525341306,2.8546778290320276,2015-09-05T08:13:34.725000Z,29.08942664491221,-0.04743128930669541,10,0.5,6,-1,peak,max mdccm,2015-09-05T08:13:32.721141Z,Multiple triggers,29.37443692375599,0.05999999999999999,12,53.85690833333333,-166.41502499999999,us20003gpa,pavdut,lts,3,23.9,3.8,51.2943,-174.2754,2015-09-05T08:12:10.000000Z,2015-09-05T00:12:10.000000Z,603.9135197107021,245.01051730692208,POM,0.1245473908816816,8.0290722504977,22.325602036551896,79.38114073262028
818,218.57934692117948,0.16957547285052982,5.897079236697382,0.6254992128087148,0.29257714434366155,2.5034185852552184,2015-09-05T06:12:17.325000Z,27.698233890426906,-0.04502025262272613,10,0.5,6,-1,peak,max mdccm,2015-09-05T06:12:15.318554Z,Multiple triggers,25.570880126825934,0.028000000000000004,12,53.85690833333333,-166.41502499999999,us20003gnc,pavdut,lts,3,23.2,3.9,51.3944,-174.3813,2015-09-05T06:10:51.000000Z,2015-09-04T22:10:51.000000Z,604.584681617593,246.27758081160638,POM,0.12455522022780369,8.028567555587495,22.327081109933275,79.49855350788049
819,216.7890695358455,0.16063043621480877,6.225470238172761,0.5383463293760723,0.48212487731195264,3.660579336039973,2015-09-04T19:30:33.025000Z,30.215131226556394,-0.03615881649351328,10,0.5,6,-1,peak,max mdccm,2015-09-04T19:30:31.025530Z,STA/LTA trigger,25.838997970765078,0.045,12,53.85690833333333,-166.41502499999999,us20003gi6,pavdut,lts,3,10.3,3.8,51.298,-174.876,2015-09-04T19:29:03.050000Z,2015-09-04T11:29:03.050000Z,639.812902123915,247.0042007624019,POM,0.12447161972129549,8.03395988771658,22.31128861068514,84.79553029562888
820,97.47116320083256,0.13138464898639227,7.611239271214796,0.3798645171374275,2.1819130978477825,16.88369083169053,2015-09-04T16:51:57.145000Z,148.64560879297733,-0.007159353897316742,10,0.5,6,-1,peak,max mdccm,2015-09-04T16:52:00.144705Z,Taup,0.0,0.0,12,53.85690833333333,-166.41502499999999,us20003j1r,pavdut,lts,3,27.55,4.1,51.2273,-174.7881,2015-09-04T16:50:36.620000Z,2015-09-04T08:50:36.620000Z,638.4543849841087,246.11677199380986,POM,0.12422529508907552,8.049890316484673,22.264767193755095,83.52470541572237
821,65.87217008086611,0.2786347835624568,3.588927366549866,0.5677673868378268,0.285638263467463,4.221125909310189,2015-09-04T17:07:49.985000Z,-179.2322248186117,-0.15429770768482493,10,0.5,6,-1,peak,max mdccm,2015-09-04T17:07:49.990445Z,Taup,0.0,0.0,12,53.85690833333333,-166.41502499999999,us20003ghx,pavdut,lts,3,21.5,3.0,51.2657,-174.8488,2015-09-04T17:06:26.000000Z,2015-09-04T09:06:26.000000Z,639.9584710496707,246.6399452622544,POM,0.12433707587763188,8.042653351315455,22.285876442937568,83.9904452393278
822,214.36709893132797,0.16349555264061907,6.11637432241419,0.6979245660457718,0.4182187696883619,3.2624649704324895,2015-09-05T07:33:45.805000Z,31.214771931808826,-0.03884994431584038,10,0.5,6,-1,peak,max mdccm,2015-09-05T07:33:43.808353Z,Multiple triggers,27.950855129550085,0.07000000000000002,12,53.85690833333333,-166.41502499999999,us20003gln,pavdut,lts,3,16.0,4.1,51.331,-174.3457,2015-09-05T07:32:21.000000Z,2015-09-04T23:32:21.000000Z,606.014264609722,245.5818708631368,POM,0.1246456083247787,8.022745553893749,22.34415782608621,80.11835272757465
823,216.58740083510168,0.14950017283741018,6.688955477580324,0.5321924100977764,0.7174328156520144,5.515861082814467,2015-09-04T16:53:37.925000Z,31.587128513281982,-0.025638659909772474,10,0.5,6,-1,peak,max mdccm,2015-09-04T16:53:35.933366Z,STA/LTA trigger,20.828256498091307,0.035,12,53.85690833333333,-166.41502499999999,us20003gav,pavdut,lts,3,40.94,4.7,51.4346,-174.8669,2015-09-04T16:52:11.980000Z,2015-09-04T08:52:11.980000Z,631.8595869766386,248.17452934838366,POM,0.12386151292763771,8.073532902704162,22.1960907485845,82.28336575945593
824,12.190259459494428,0.21716018642044102,4.6048956601276485,0.4070483715282234,1.3613897075427328,15.893147813196606,2015-09-04T16:34:31.985000Z,-126.10929095508743,-0.09288141472330942,10,0.5,6,-1,peak,max mdccm,2015-09-04T16:34:31.994537Z,Taup,0.0,0.0,12,53.85690833333333,-166.41502499999999,us20003ghw,pavdut,lts,3,25.5,3.3,51.228,-174.775,2015-09-04T16:33:08.490000Z,2015-09-04T08:33:08.490000Z,637.6267353799935,246.080968504407,POM,0.1242787716971316,8.046426484138484,22.27486558928225,83.5045371796291
825,99.77367217390548,0.16572983680716444,6.033916518988392,0.43047132541157646,1.663905464025294,17.93978784634433,2015-09-04T16:33:00.345000Z,146.36095589712306,-0.041527269859906776,10,0.5,6,-1,peak,max mdccm,2015-09-04T16:33:00.354170Z,Taup,0.0,0.0,12,53.85690833333333,-166.41502499999999,us20003j1q,pavdut,lts,3,28.7,3.3,51.232,-174.781,2015-09-04T16:31:36.960000Z,2015-09-04T08:31:36.960000Z,637.761599734989,246.13462807102854,POM,0.12420256694725766,8.051363386270815,22.26047548616432,83.39416993962784
826,91.29966404817833,0.2551813146564377,3.9187822248911366,0.6084824008614066,0.4936465161692205,7.874164349290169,2015-09-04T14:06:13.765000Z,155.043029520294,-0.1309088973726535,10,0.5,6,-1,peak,max mdccm,2015-09-04T14:06:16.769796Z,Taup,0.0,0.0,12,53.85690833333333,-166.41502499999999,us20003j1n,pavdut,lts,3,25.6,3.9,51.248,-174.803,2015-09-04T14:04:53.200000Z,2015-09-04T06:04:53.200000Z,638.1852619660374,246.3426935684723,POM,0.1242724172837842,8.046837921535191,22.273665598811107,83.5697963452239
827,215.9899702821109,0.15283950326782833,6.542811109819232,0.6299220725430541,0.43458584080884677,3.295555574947258,2015-09-04T12:43:31.965000Z,32.93393925559016,-0.029119687545977213,10,0.5,6,-1,peak,max mdccm,2015-09-04T12:43:29.975353Z,Multiple triggers,27.980743953116775,0.07428571428571429,12,53.85690833333333,-166.41502499999999,us20003g9f,pavdut,lts,3,44.23,5.0,51.5022,-174.9162,2015-09-04T12:42:05.730000Z,2015-09-04T04:42:05.730000Z,631.3252175028287,248.92390953770106,POM,0.12371981572185112,8.082779578723397,22.169349600633012,82.14535345881436
828,221.02690647834424,0.15444293146996466,6.474883573383061,0.6535578885521691,0.40902443988886095,3.1337858799987544,2015-09-04T12:25:49.025000Z,27.287818274895187,-0.030700995156706934,10,0.5,6,-1,peak,max mdccm,2015-09-04T12:25:47.029584Z,Multiple triggers,26.652875773200762,0.055,12,53.85690833333333,-166.41502499999999,us20003g9a,pavdut,lts,3,43.22,4.9,51.4362,-174.9088,2015-09-04T12:24:23.650000Z,2015-09-04T04:24:23.650000Z,634.3353266571083,248.31472475323943,POM,0.12374193631325772,8.081334669504924,22.173523871507776,82.5395840900274
829,113.00684169439967,0.3737622863022942,2.6754973325243756,0.42791936359189686,0.3077950758553405,7.083427547902033,2015-09-04T13:50:35.625000Z,133.62971283069078,-0.24950629200102797,10,0.5,6,-1,peak,max mdccm,2015-09-04T13:50:35.625920Z,Taup,0.0,0.0,12,53.85690833333333,-166.41502499999999,us20003ghs,pavdut,lts,3,27.61,4.0,51.2916,-174.7763,2015-09-04T13:49:12.640000Z,2015-09-04T05:49:12.640000Z,634.1367216400677,246.63655452509042,POM,0.1242559943012662,8.047901476490859,22.270564270888077,82.98591964810191
830,216.05074645150273,0.1599529104796089,6.251839975912672,0.5825564763779195,0.4611080506430216,3.401036773789656,2015-09-04T12:50:21.485000Z,31.346835596341492,-0.03553268117624056,10,0.5,6,-1,peak,max mdccm,2015-09-04T12:50:19.493865Z,Multiple triggers,24.36505362934586,0.096,12,53.85690833333333,-166.41502499999999,us20003g9g,pavdut,lts,3,18.9,4.7,51.359,-174.8311,2015-09-04T12:48:53.180000Z,2015-09-04T04:48:53.180000Z,633.7465547665388,247.39758204784422,POM,0.12442022930336835,8.03727822717433,22.301581623771586,83.37386496433577
831,212.15019479127227,0.15620303914586633,6.401924094871002,0.6168484571968584,0.3690963922055217,2.8723291778826194,2015-09-04T13:37:03.985000Z,36.038317556187906,-0.032365824567220064,10,0.5,6,-1,peak,max mdccm,2015-09-04T13:37:01.984119Z,Multiple triggers,23.14667990128193,0.03333333333333333,12,53.85690833333333,-166.41502499999999,us20003g9m,pavdut,lts,3,41.15,4.5,51.4273,-174.893,2015-09-04T13:35:37.920000Z,2015-09-04T05:35:37.920000Z,633.842151805435,248.18851234746018,POM,0.12383721457864627,8.075117026836244,22.191504793801116,82.52411932520198
832,214.5490986277768,0.16084301590326752,6.2172422867363375,0.6395624223483569,0.4007287454040793,3.516095797745976,2015-09-03T09:21:13.145000Z,0.45686609166961034,-0.03513372755576308,10,0.5,6,-1,peak,max mdccm,2015-09-03T09:21:11.155111Z,STA/LTA trigger,42.78234483227012,0.13076923076923078,12,53.85690833333333,-166.41502499999999,us20003fy3,pavdut,lts,3,24.21,4.6,51.3676,-169.1637,2015-09-03T09:20:25.030000Z,2015-09-03T01:20:25.030000Z,333.7082383628125,215.0059647194464,POM,0.12570928834750444,7.954861674466331,22.54527308030029,45.52511052275279
833,216.65776811577314,0.19601801509426464,5.101571911740368,0.6746694118568499,0.21956056874582508,2.144286888478547,2015-09-02T08:30:53.225000Z,7.576130799848443,-0.07026047847163325,10,0.5,6,-1,peak,max mdccm,2015-09-02T08:30:51.227599Z,Multiple triggers,30.693400489222036,0.09,12,53.85690833333333,-166.41502499999999,us20003fsn,pavdut,lts,3,25.1,3.0,52.0085,-169.2762,2015-09-02T08:30:10.000000Z,2015-09-02T00:30:10.000000Z,281.60499942576433,224.23389891562158,POM,0.1257575366226314,7.951809703467421,22.554402550719672,38.937599002217674
834,218.31206865508398,0.18368384993449527,5.444136761923363,0.672910603766981,0.2584843695126269,2.357699386336094,2015-09-02T06:47:52.705000Z,5.380548614105464,-0.057926313311863875,10,0.5,6,-1,peak,max mdccm,2015-09-02T06:47:50.706479Z,Multiple triggers,61.38004513357593,0.19499999999999998,12,53.85690833333333,-166.41502499999999,us20003fmb,pavdut,lts,3,25.2,3.8,52.0021,-169.2337,2015-09-02T06:47:10.000000Z,2015-09-01T22:47:10.000000Z,280.1953669034902,223.69261726918944,POM,0.1257575366226314,7.951809703467421,22.554402550719672,38.75647935964789
835,212.63675157303652,0.20533260724471813,4.870147091680313,0.6134741145659384,0.33361040608378856,3.4073616689139214,2015-09-01T13:53:29.865000Z,28.090532586269347,-0.08033227480857158,10,0.5,6,-1,peak,max mdccm,2015-09-01T13:53:27.875065Z,Multiple triggers,74.81015239369044,0.24000000000000002,12,53.85690833333333,-166.41502499999999,us20003fcn,pavdut,lts,3,50.06,4.5,52.3711,-170.5358,2015-09-01T13:52:44.680000Z,2015-09-01T05:52:44.680000Z,321.60532297515925,240.72728415930587,POM,0.12500033243614656,7.999978724143204,22.41119488636492,43.505065404401996
836,109.17134150386602,0.30850478163103007,3.2414408448164482,0.5004829304632541,0.34960553738514966,7.61061444179532,2015-09-04T12:22:33.265000Z,137.06476521651518,-0.18425984130598771,10,0.5,6,-1,peak,max mdccm,2015-09-04T12:22:36.262599Z,Taup,0.0,0.0,12,53.85690833333333,-166.41502499999999,us20003j21,pavdut,lts,3,27.4,4.0,51.2474,-174.7711,2015-09-04T12:21:13.000000Z,2015-09-04T04:21:13.000000Z,636.2971520971821,246.23610672038117,POM,0.12424494032504235,8.048617492059302,22.268476868714338,83.26259931756977
837,105.35180029458667,0.07700865700463434,12.985553039054045,0.6669261065175991,1.742509686123964,8.152772442934918,2015-09-01T03:48:58.845000Z,-28.52336226452678,0.04872301473131245,10,0.5,6,-1,peak,max mdccm,2015-09-01T03:48:56.845474Z,Multiple triggers,38.797523257871255,0.11333333333333336,12,53.85690833333333,-166.41502499999999,us20003fa7,pavdut,lts,3,19.9,4.2,54.4285,-161.4902,2015-09-01T03:48:12.000000Z,2015-08-31T19:48:12.000000Z,327.9992030118648,76.82843803005989,POM,0.1257316717359468,7.95344550973706,22.549508358311453,45.02547392135539
838,290.69542851464337,0.15675914484597353,6.379213161583445,0.4628929214012023,1.4534386988702228,20.230387889900697,2015-09-05T07:08:59.445000Z,-44.74625710243359,-0.03221320646041656,10,0.5,6,-1,peak,max mdccm,2015-09-05T07:09:02.445422Z,Taup,0.0,0.0,12,53.85690833333333,-166.41502499999999,us20003gng,pavdut,lts,3,23.8,4.1,51.3684,-174.3539,2015-09-05T07:07:43.000000Z,2015-09-04T23:07:43.000000Z,604.3917149207088,245.94917141220978,POM,0.12454593838555697,8.02916588820664,22.325327641369835,79.44542206403898
839,218.6101370214742,0.20011978736711483,4.997007108375168,0.532142771648948,0.28501152773599303,2.927459122776696,2015-08-31T23:35:57.525000Z,12.669656223598821,-0.07527046300259102,10,0.5,6,-1,peak,max mdccm,2015-08-31T23:35:55.516915Z,Multiple triggers,38.250109131248536,0.1525,12,53.85690833333333,-166.41502499999999,us20003f9i,pavdut,lts,3,52.2,3.0,52.2879,-169.523,2015-08-31T23:35:16.170000Z,2015-08-31T15:35:16.170000Z,271.7698370212497,231.27979324507302,POM,0.12484932436452381,8.009654878710357,22.382652880669827,37.27691470686815
840,220.8220208611815,0.19194397146181436,5.209853648354575,0.8261057734979407,0.17954304299834867,1.7130636170168998,2015-08-31T09:26:00.665000Z,-1.315609447008086,-0.06421448920481546,10,0.5,6,-1,peak,max mdccm,2015-08-31T09:25:58.667554Z,Multiple triggers,41.137385370192845,0.12592592592592594,12,53.85690833333333,-166.41502499999999,us100036cm,pavdut,lts,3,18.8,3.3,52.161,-168.66,2015-08-31T09:25:23.400000Z,2015-08-31T01:25:23.400000Z,241.48467591508273,219.5064114141734,POM,0.1277294822569989,7.829046061487541,22.928052326270215,34.167554440756824
841,107.48039949330399,0.07854405741700551,12.731707946927258,0.33724270715391114,1.560859593569762,6.247983686497918,2015-08-29T22:37:21.865000Z,-19.48094196097361,0.047195405788180295,10,0.5,6,-1,peak,max mdccm,2015-08-29T22:37:19.866414Z,Multiple triggers,50.82461825248414,0.17571428571428577,12,53.85690833333333,-166.41502499999999,us20003g47,pavdut,lts,3,19.8,3.4,53.8585,-161.5398,2015-08-29T22:36:35.000000Z,2015-08-29T14:36:35.000000Z,320.7228576383058,87.99945753233038,POM,0.1257394632051858,7.952952673005825,22.5509826534619,44.11641404418315
842,143.23163005623218,0.04383049721251462,22.81516440827591,0.2993295571036132,0.4685122548041092,8.57652956177597,2015-08-29T21:08:57.125000Z,81.82395655335262,0.08190584944907744,10,0.5,6,-1,peak,max mdccm,2015-08-29T21:08:55.131321Z,STA/LTA trigger,25.631454289814023,0.08,12,53.85690833333333,-166.41502499999999,us20003g46,pavdut,lts,3,26.82,3.7,51.8849,-169.5404,2015-08-29T21:08:08.640000Z,2015-08-29T13:08:08.640000Z,304.000309260707,225.0555866095848,POM,0.12573634666159206,7.953149797579287,22.55039294185636,41.691321255141666
843,222.11405646115998,0.1727321143357428,5.789311407699674,0.4749774147111878,0.28926047401705546,2.4825942784744086,2015-08-29T15:04:38.845000Z,6.107564177403532,-0.04698614614114072,10,0.5,6,-1,peak,max mdccm,2015-08-29T15:04:36.837904Z,Multiple triggers,27.5567984381554,0.08285714285714287,12,53.85690833333333,-166.41502499999999,us10003600,pavdut,lts,3,25.9,3.0,52.127,-169.488,2015-08-29T15:03:56.340000Z,2015-08-29T07:03:56.340000Z,282.16153665385997,228.2216206385635,POM,0.12574596819460207,7.952541257246665,22.552213534066006,38.97790354546636
844,221.61748220301268,0.18057287415383377,5.5379303490959515,0.7758945501101695,0.31921559927054366,2.9167313827313137,2015-09-05T07:01:24.105000Z,24.302874118761707,-0.05595954788479014,10,0.5,6,-1,peak,max mdccm,2015-09-05T07:01:22.114661Z,Multiple triggers,46.63644306892441,0.125,12,53.85690833333333,-166.41502499999999,us20003glc,pavdut,lts,3,20.0,5.5,51.371,-174.3382,2015-09-05T07:00:01.410000Z,2015-09-04T23:00:01.410000Z,603.302184454141,245.9203563217744,POM,0.12461332626904363,8.024823908808695,22.33805864687922,79.5146611881169
845,214.87506639097273,0.20249058295909586,4.9385012645353745,0.4579644400516555,0.341686701702427,3.4168818691965726,2015-08-28T03:20:25.525000Z,25.19152044804727,-0.0770910732173617,10,0.5,6,-1,peak,max mdccm,2015-08-28T03:20:23.522741Z,Multiple triggers,27.387066617614025,0.07,12,53.85690833333333,-166.41502499999999,us20003hle,pavdut,lts,3,35.9,3.0,51.963,-171.4373,2015-08-28T03:19:29.000000Z,2015-08-27T19:19:29.000000Z,398.08802348999563,240.06658683902,POM,0.12539950974173417,7.9745128354930905,22.486671580195434,53.24274138447533
846,222.76244374655943,0.19092058317493585,5.237779936402795,0.6572276032603646,0.24643103237339536,2.339107617584631,2015-08-28T00:11:49.685000Z,4.367840965382982,-0.0651954579350146,10,0.5,6,-1,peak,max mdccm,2015-08-28T00:11:47.693005Z,Multiple triggers,24.64144783876681,0.056842105263157895,12,53.85690833333333,-166.41502499999999,us100035ku,pavdut,lts,3,36.47,4.1,52.1739,-169.3019,2015-08-28T00:11:07.860000Z,2015-08-27T16:11:07.860000Z,269.43643482370203,227.1302847119424,POM,0.12572512523992124,7.953859644933343,22.548269648105894,37.073005306381276
847,217.41575046091498,0.16694201272488124,5.990103891031851,0.6492201295966114,0.28888317352902515,2.314863719170347,2015-09-04T12:17:08.605000Z,30.36739761429979,-0.043027251411443354,10,0.5,6,-1,peak,max mdccm,2015-09-04T12:17:06.608350Z,STA/LTA trigger,23.807247095546188,0.048571428571428585,12,53.85690833333333,-166.41502499999999,us20003g96,pavdut,lts,3,39.7,4.7,51.4022,-174.8326,2015-09-04T12:15:43.470000Z,2015-09-04T04:15:43.470000Z,631.5000687821347,247.78314807521477,POM,0.12391476131343789,8.070063561439111,22.206141119374283,82.26834986774685
848,218.10765446358982,0.162526766576936,6.1528326752666045,0.496007816554591,0.3714848079811195,2.9719642957664405,2015-09-04T03:26:39.725000Z,32.92820415271569,-0.038377902828760566,10,0.5,6,-1,peak,max mdccm,2015-09-04T03:26:37.723002Z,Multiple triggers,21.670445268206834,0.036666666666666674,12,53.85690833333333,-166.41502499999999,us20003j1d,pavdut,lts,3,31.5,3.0,51.673,-175.119,2015-09-04T03:25:09.840000Z,2015-09-03T19:25:09.840000Z,635.2745477543011,251.03585861630552,POM,0.12414886374817542,8.054846172643257,22.250335345847105,82.98300161498425
849,16.4013643838411,0.15631657442348504,6.397274272981764,0.7452779645701404,0.9185106053092262,7.560944993347562,2015-09-03T17:57:07.325000Z,-124.3170586175305,-0.03263955177921636,10,0.5,6,-1,peak,max mdccm,2015-09-03T17:57:07.316927Z,Taup,0.0,0.0,12,53.85690833333333,-166.41502499999999,us20003g60,pavdut,lts,3,35.63,3.1,51.598,-175.7711,2015-09-03T17:55:38.980000Z,2015-09-03T09:55:38.980000Z,679.5903093257208,252.08430576631062,POM,0.12367702264426868,8.085576274554189,22.1612746755849,88.33692705149748
850,225.65669276208246,0.19504241688365775,5.127089870899709,0.7978366300846704,0.18827695094187114,1.8372747375647691,2015-08-26T10:24:18.785000Z,1.78742830160067,-0.0688348102113038,10,0.5,6,-1,peak,max mdccm,2015-08-26T10:24:16.790508Z,Multiple triggers,49.492636118210015,0.10555555555555557,12,53.85690833333333,-166.41502499999999,us20003flp,pavdut,lts,3,23.7,3.2,52.2187,-169.2592,2015-08-26T10:23:38.000000Z,2015-08-26T02:23:38.000000Z,263.84691733227567,227.44412106368313,POM,0.12620760667235395,7.923452685352698,22.63959332228638,36.760507696070334
851,220.67775860736776,0.14572265311344307,6.862351039007736,0.419613692037622,0.505860075963442,4.530215063147267,2015-09-02T18:57:17.065000Z,38.1434424858835,-0.022980232558224012,10,0.5,6,-1,peak,max mdccm,2015-09-02T18:57:15.072481Z,STA/LTA trigger,23.741641051582192,0.030000000000000002,12,53.85690833333333,-166.41502499999999,us20003ftj,pavdut,lts,3,37.6,4.2,51.2333,179.4178,2015-09-02T18:55:04.000000Z,2015-09-02T10:55:04.000000Z,1002.5036892343409,258.82120109325126,POM,0.12274242055521906,8.147142572849315,21.985033259626903,127.9624808276392
852,227.249581123064,0.16325927580532643,6.125226239472112,0.6950184760191815,0.40776992788685185,3.511960235366047,2015-09-03T18:06:09.185000Z,25.95280107115329,-0.040470524452889345,10,0.5,6,-1,peak,max mdccm,2015-09-03T18:06:07.190401Z,Multiple triggers,25.63434864518213,0.09,12,53.85690833333333,-166.41502499999999,us20003g1h,pavdut,lts,3,65.33,4.4,51.7766,-175.5985,2015-09-03T18:04:39.560000Z,2015-09-03T10:04:39.560000Z,660.4314749885499,253.20238219421728,POM,0.12278875135243708,8.144068483355843,21.993764861564095,85.32040095112899
853,121.73015885004469,0.31767586662601854,3.14786266461104,0.5813786106067824,0.3238524219678982,5.4860215824800775,2015-08-25T21:05:22.905000Z,120.44150170926446,-0.19237389027975926,10,0.5,6,-1,peak,max mdccm,2015-08-25T21:05:25.910452Z,Taup,0.0,0.0,12,53.85690833333333,-166.41502499999999,us100034x6,pavdut,lts,3,20.3,3.3,51.6864,-172.541,2015-08-25T21:04:22.000000Z,2015-08-25T13:04:22.000000Z,478.59120363833546,242.17166055930912,POM,0.12530197634625928,7.980720090452537,22.468226110975536,63.91045244861475
854,120.36395106658466,0.10767577864778387,9.287139712925415,0.5041305882181485,1.079540641292133,6.285170228348932,2015-08-25T14:50:27.605000Z,-18.644838430670916,0.02045815317205625,10,0.5,6,-1,peak,max mdccm,2015-08-25T14:50:25.610131Z,Multiple triggers,26.18229563832854,0.0725,12,53.85690833333333,-166.41502499999999,us1000360n,pavdut,lts,3,25.8,3.0,53.4358,-163.3359,2015-08-25T14:49:56.000000Z,2015-08-25T06:49:56.000000Z,208.92941616730633,101.71911263591376,POM,0.12813393181984012,7.804333994886131,23.004815492938228,29.70013072699608
855,190.08159237258872,0.14167023370093204,7.05864579930753,0.48055455418314197,0.46800551363753984,3.1338608283945177,2015-08-24T11:55:41.065000Z,-9.468107368055485,-0.05495767219097428,10,0.5,6,-1,peak,max mdccm,2015-08-24T11:55:39.060471Z,Multiple triggers,54.68315244253617,0.2023076923076923,12,53.85690833333333,-166.41502499999999,us20003f9c,pavdut,lts,3,73.78,3.0,53.2875,-166.4252,2015-08-24T11:55:24.740000Z,2015-08-24T03:55:24.740000Z,63.37702951686206,180.61348500453323,POM,0.08671256150995776,11.532354512271715,15.335659303996339,13.660470907390133
856,215.38454995675772,0.15558203515492067,6.427477304845967,0.4888928859643842,0.4250075523843182,3.4446610049415654,2015-09-01T08:26:31.485000Z,36.14398362214027,-0.031630753527534736,10,0.5,6,-1,peak,max mdccm,2015-09-01T08:26:29.494528Z,STA/LTA trigger,21.092967129262664,0.06400000000000002,12,53.85690833333333,-166.41502499999999,us20003ffe,pavdut,lts,3,38.61,3.3,51.7293,-175.1121,2015-09-01T08:25:03.860000Z,2015-09-01T00:25:03.860000Z,632.1327619706667,251.528533578898,POM,0.12395128162738593,8.067685842943789,22.213034564974844,82.37452830297198
857,220.0687599048464,0.14751537922760283,6.778954202850205,0.7002317663088933,0.5571444581919915,3.966343522101141,2015-08-29T08:25:50.605000Z,26.11630497927419,-0.0228585730715795,10,0.5,6,-1,peak,max mdccm,2015-08-29T08:25:48.615573Z,Multiple triggers,29.372311218793655,0.07166666666666667,12,53.85690833333333,-166.41502499999999,us100035yv,pavdut,lts,3,17.0,4.1,51.396,-174.349,2015-08-29T08:24:28.660000Z,2015-08-29T00:24:28.660000Z,602.5503474402718,246.18506488412058,POM,0.12465680615602333,8.02202487643055,22.34627353991867,79.61557343377908
858,215.38869531506168,0.19795202582319757,5.051729053246254,0.6380905322680056,0.2520487180368316,2.5627677347137023,2015-08-23T08:54:09.365000Z,15.307961552824992,-0.07116559859400268,10,0.5,6,-1,peak,max mdccm,2015-08-23T08:54:07.372460Z,Multiple triggers,38.188104761037195,0.08750000000000001,12,53.85690833333333,-166.41502499999999,us20003f5v,pavdut,lts,3,15.5,3.2,52.2806,-169.4755,2015-08-23T08:53:26.000000Z,2015-08-23T00:53:26.000000Z,269.87923682246355,230.69665686788667,POM,0.1267864272291949,7.887279591783716,22.74923217069543,37.99245955843947
859,94.70527933340423,0.05580151027787387,17.920661914351715,0.3816913788839418,5.247509867720756,15.491283981102498,2015-08-21T19:43:05.545000Z,-18.435893784434654,0.06924713894523771,10,0.5,6,-1,peak,max mdccm,2015-08-21T19:43:05.538522Z,Taup,0.0,0.0,12,53.85690833333333,-166.41502499999999,us100035f5,pavdut,lts,3,17.74,3.1,54.7309,-158.3221,2015-08-21T19:41:54.340000Z,2015-08-21T11:41:54.340000Z,535.5410523285888,76.26938554896958,POM,0.12504864922311157,7.996887661023846,22.42032847064376,71.19852161393214
860,235.32093170008727,0.2862486333829417,3.4934664601951337,0.25359605645166516,1.6928114765153621,75.12341216374293,2015-08-21T18:36:36.745000Z,22.293171473124346,-0.1738499152276032,10,0.5,6,-1,peak,max mdccm,2015-08-21T18:36:34.736778Z,Multiple triggers,24.049519361120183,0.05714285714285714,12,53.85690833333333,-166.41502499999999,us1000342p,pavdut,lts,3,192.41,4.0,52.8356,-172.8008,2015-08-21T18:35:32.350000Z,2015-08-21T10:35:32.350000Z,440.0409013245755,257.6141031732116,POM,0.1123987181553385,8.896898616031983,20.048538684839855,60.68677785962302
861,195.52840443155173,0.1945914405869125,5.138972181838384,0.5928530287940346,0.1785655098862291,1.807841929941361,2015-08-21T15:45:18.485000Z,0.4817532874828032,-0.07765625230103711,10,0.5,6,-1,peak,max mdccm,2015-08-21T15:45:16.488656Z,Multiple triggers,116.67214614326548,0.23529411764705882,12,53.85690833333333,-166.41502499999999,us100035f3,pavdut,lts,3,43.65,4.0,53.2322,-166.7136,2015-08-21T15:45:04.340000Z,2015-08-21T07:45:04.340000Z,72.28992816437432,196.01015771903454,POM,0.11693518828587539,8.551745754710433,20.894745547860488,12.448655687892794
862,120.54254193566823,0.07520442897942495,13.297089195020526,0.5307350805822914,1.302138999279797,6.178211023022584,2015-08-21T12:32:05.145000Z,-28.00802588327491,0.03106039237370249,10,0.5,6,-1,peak,max mdccm,2015-08-21T12:32:03.139954Z,Multiple triggers,89.59325036305223,0.26181818181818184,12,53.85690833333333,-166.41502499999999,us100035f1,pavdut,lts,3,52.7,3.7,53.8264,-165.4106,2015-08-21T12:31:50.000000Z,2015-08-21T04:31:50.000000Z,66.20223862956594,92.53451605239331,POM,0.10626482135312744,9.410451994050893,18.911524344300233,12.279954132393375
863,222.91129819981222,0.20497643604171306,4.878609557815213,0.6515239682372364,0.20399114127245133,2.1541078627338663,2015-08-21T02:41:25.025000Z,5.382634600081701,-0.07921889941908167,10,0.5,6,-1,peak,max mdccm,2015-08-21T02:41:23.020033Z,Multiple triggers,33.05819761198746,0.07000000000000002,12,53.85690833333333,-166.41502499999999,us100035ez,pavdut,lts,3,25.67,3.9,52.1724,-169.4194,2015-08-21T02:40:42.500000Z,2015-08-20T18:40:42.500000Z,275.2735642816079,228.29393279989392,POM,0.1257575366226314,7.951809703467421,22.554402550719672,38.1200333491572
864,215.76806764214325,0.15878540064500138,6.297808211195141,0.7274133487163847,0.4026546899094745,3.1733519553012854,2015-09-05T06:34:22.345000Z,30.101424916039036,-0.03414565255255543,10,0.5,6,-1,peak,max mdccm,2015-09-05T06:34:20.346201Z,Multiple triggers,29.81530467961376,0.07454545454545455,12,53.85690833333333,-166.41502499999999,us20003gl7,pavdut,lts,3,15.8,4.6,51.3489,-174.3831,2015-09-05T06:32:59.000000Z,2015-09-04T22:32:59.000000Z,607.2440543501423,245.8694925581823,POM,0.12463974809244595,8.02312276223709,22.343050608893595,80.28620117692348
865,348.6094553365197,0.28397070413622355,3.521490017929068,0.27453882101310734,0.6354605073301947,25.107692025012,2015-08-27T10:11:31.425000Z,-102.62879818288957,-0.1596460479934119,10,0.5,6,-1,peak,max mdccm,2015-08-27T10:11:31.430480Z,Taup,0.0,0.0,12,53.85690833333333,-166.41502499999999,us20003f8y,pavdut,lts,3,23.7,3.0,51.2251,-174.7515,2015-08-27T10:10:08.000000Z,2015-08-27T02:10:08.000000Z,636.3780153495951,245.98065715363015,POM,0.12432465614281166,8.043456793086165,22.28353088008566,83.43048023156389
866,139.2657582884085,0.14412784096432885,6.938284742969935,0.6270688669323968,0.420816352588123,3.9535711288424693,2015-08-19T22:55:38.905000Z,-34.68434612681705,-0.017994063264235888,10,0.5,6,-1,peak,max mdccm,2015-08-19T22:55:36.908157Z,Multiple triggers,40.75883192159511,0.113125,12,53.85690833333333,-166.41502499999999,us100035hu,pavdut,lts,3,37.7,3.9,53.3776,-163.5541,2015-08-19T22:55:08.000000Z,2015-08-19T14:55:08.000000Z,196.6804633729548,104.58141216159147,POM,0.12613377770009296,7.928090462633175,22.6256151094559,27.89815661884561
867,142.9795903828223,0.14129280688998683,7.077501126993806,0.5112053276697694,2.6022123133193107,17.28547871060144,2015-08-27T16:32:29.945000Z,102.90061155884058,-0.01744065950156061,10,0.5,6,-1,peak,max mdccm,2015-08-27T16:32:32.938347Z,Taup,0.0,0.0,12,53.85690833333333,-166.41502499999999,us100035ev,pavdut,lts,3,40.2,3.4,51.2136,-174.7511,2015-08-27T16:31:10.000000Z,2015-08-27T08:31:10.000000Z,637.0070329866448,245.88020194166288,POM,0.12385214738842622,8.074143412821023,22.194323123536496,82.93834696205917
868,218.2382528457607,0.19671949648281534,5.083380233678852,0.7358749914225502,0.14477382302800246,1.412434898527323,2015-08-19T21:14:29.105000Z,9.996851435507665,-0.07086999166323685,10,0.5,6,-1,peak,max mdccm,2015-08-19T21:14:27.109208Z,Multiple triggers,48.36576461731936,0.15599999999999997,12,53.85690833333333,-166.41502499999999,us100033h2,pavdut,lts,3,24.0,4.3,52.2003,-169.3667,2015-08-19T21:13:48.000000Z,2015-08-19T13:13:48.000000Z,270.52487408495165,228.23510428126838,POM,0.1258495048195785,7.945998686555256,22.571806316757392,37.58920842256951
869,126.86813403631749,0.10403840856721995,9.611834838418284,0.4110831968573636,0.8690992656488099,5.729373542402811,2015-08-19T18:45:07.405000Z,-21.55779025645026,0.02563191071716399,10,0.5,6,-1,peak,max mdccm,2015-08-19T18:45:05.409265Z,Multiple triggers,56.905864382345065,0.18307692307692308,12,53.85690833333333,-166.41502499999999,us100033f5,pavdut,lts,3,10.0,4.5,53.3418,-163.4899,2015-08-19T18:44:33.940000Z,2015-08-19T10:44:33.940000Z,201.9452241481303,105.31034377986722,POM,0.12967031928438394,7.711865024461531,23.296816693016815,29.69926510486785
870,144.2795764727745,0.15974978135740922,6.259789475158614,0.5854711530673166,0.3783818871371696,3.949015278934837,2015-08-19T18:08:08.345000Z,-39.976288900029346,-0.02992586264648986,10,0.5,6,-1,peak,max mdccm,2015-08-19T18:08:06.346312Z,Multiple triggers,55.222392535824056,0.2104347826086957,12,53.85690833333333,-166.41502499999999,us100033ey,pavdut,lts,3,10.0,4.5,53.3868,-163.5555,2015-08-19T18:07:36.080000Z,2015-08-19T10:07:36.080000Z,196.296249121423,104.30328757274515,POM,0.12982391871091936,7.7027408348897035,23.326044456724958,28.966311869556105
871,214.16534044100274,0.2084084648089653,4.798269594839327,0.6174680573041442,0.23509001353266346,2.378835424901041,2015-08-19T17:24:54.745000Z,25.9420831207658,-0.08291317829800757,10,0.5,6,-1,peak,max mdccm,2015-08-19T17:24:52.739620Z,Multiple triggers,61.61273262570543,0.21578947368421056,12,53.85690833333333,-166.41502499999999,us100035gn,pavdut,lts,3,37.89,3.0,52.1604,-170.9648,2015-08-19T17:24:02.430000Z,2015-08-19T09:24:02.430000Z,358.94106774424694,240.10742356176854,POM,0.12549528651095773,7.968426765675251,22.504787229466505,48.289619799900045
872,218.43201651790702,0.16870855380247518,5.927381732942865,0.8073406676814244,0.3168078910632999,2.652864839077438,2015-08-25T00:56:27.825000Z,34.54203163763802,-0.04527378761056643,10,0.5,6,-1,peak,max mdccm,2015-08-25T00:56:25.835156Z,Multiple triggers,29.553134333363733,0.11375,12,53.85690833333333,-166.41502499999999,us100034n0,pavdut,lts,3,49.13,4.9,51.8313,-175.3097,2015-08-25T00:55:01.630000Z,2015-08-24T16:55:01.630000Z,639.7629282143107,252.97404815554503,POM,0.12343476619190875,8.10144524797221,22.11557034363658,83.08515609901737
873,218.76416230870416,0.1959067920432003,5.104468250286521,0.8417137980370777,0.232266222982918,2.259754407429938,2015-08-17T20:45:56.685000Z,5.3198472272282515,-0.06893220572137027,10,0.5,6,-1,peak,max mdccm,2015-08-17T20:45:54.685042Z,Multiple triggers,28.447462930607173,0.07833333333333335,12,53.85690833333333,-166.41502499999999,us100032z6,pavdut,lts,3,22.11,4.7,52.2072,-168.972,2015-08-17T20:45:17.740000Z,2015-08-17T12:45:17.740000Z,251.22896300472956,224.0840095359324,POM,0.12697458632183004,7.875591714592383,22.784891762502816,35.23504206442387
874,127.6597778302779,0.11640651260275554,8.590584647205798,0.502207405464719,0.5958320226752427,4.723486235124568,2015-08-17T16:59:21.005000Z,-25.914800239547105,0.01368256162980587,10,0.5,6,-1,peak,max mdccm,2015-08-17T16:59:19.005052Z,Multiple triggers,48.536625539623415,0.15333333333333335,12,53.85690833333333,-166.41502499999999,us100034mb,pavdut,lts,3,7.82,3.8,53.4795,-163.6331,2015-08-17T16:58:49.090000Z,2015-08-17T08:58:49.090000Z,188.59779323906403,101.7449775907308,POM,0.1300890742325614,7.687040636574068,23.376514881249587,28.165052017654254
875,228.02735671534128,0.19752098943210297,5.062753092089719,0.6104544783437665,0.2429226455574156,2.3991963396542246,2015-08-17T04:12:19.265000Z,14.695196099391808,-0.06860971782188835,10,0.5,6,-1,peak,max mdccm,2015-08-17T04:12:17.270260Z,Multiple triggers,27.59191495568543,0.06421052631578948,12,53.85690833333333,-166.41502499999999,us100034mg,pavdut,lts,3,3.9,3.4,52.8541,-169.4994,2015-08-17T04:11:39.000000Z,2015-08-16T20:11:39.000000Z,233.70866777215272,242.7225528147331,POM,0.12891127161021462,7.7572735689371815,23.15247483503786,34.47026015082431
876,30.157827735346302,0.8718405867811283,1.1469986774669916,0.2684007677119633,3.6238759525172104,75.10751073344238,2015-08-24T03:59:36.925000Z,-135.41262337069674,-0.7490518354286912,10,0.5,6,-1,peak,max mdccm,2015-08-24T03:59:39.916887Z,Taup,0.0,0.0,12,53.85690833333333,-166.41502499999999,us20003f98,pavdut,lts,3,25.3,4.0,51.2336,-178.2263,2015-08-24T03:57:50.000000Z,2015-08-23T19:57:50.000000Z,851.5566311477479,254.74520436464957,POM,0.12278875135243708,8.144068483355843,21.993764861564095,109.91688663677036
877,90.64238696147004,0.20606020276297524,4.852950674567031,0.43006948397277034,1.708516457865545,21.41364490008843,2015-08-24T11:25:01.025000Z,157.01865673645204,-0.08184854822521156,10,0.5,6,-1,peak,max mdccm,2015-08-24T11:25:04.028818Z,Taup,0.0,0.0,12,53.85690833333333,-166.41502499999999,us20003f9b,pavdut,lts,3,26.13,3.8,51.3339,-174.989,2015-08-24T11:23:39.670000Z,2015-08-24T03:23:39.670000Z,644.7110381012589,247.6610436979221,POM,0.12421165453776367,8.050774331292505,22.26219146112617,84.35881764322382
878,214.49432337836123,0.1646286808164441,6.074275727902899,0.4138056264862304,0.47790974977248446,4.459177555082704,2015-08-16T09:27:21.345000Z,40.55542304881871,-0.04799993878121543,10,0.5,6,-1,peak,max mdccm,2015-08-16T09:27:19.349280Z,Multiple triggers,31.380899512909433,0.044,12,53.85690833333333,-166.41502499999999,us100034l3,pavdut,lts,3,176.82,3.9,52.3388,-174.1456,2015-08-16T09:26:05.790000Z,2015-08-16T01:26:05.790000Z,544.3684382230766,255.04974642717994,POM,0.11662874203522867,8.574215776913222,20.83743470507346,72.21928003416646
879,232.39498466260738,0.1260110329275513,7.935813053567613,0.27621613640927356,13.704606744148371,44.847693446846904,2015-08-20T19:51:13.265000Z,21.550334439660816,-0.003232050152328761,10,0.5,6,-1,peak,max mdccm,2015-08-20T19:51:13.271449Z,Taup,0.0,0.0,12,53.85690833333333,-166.41502499999999,us100033rl,pavdut,lts,3,29.0,3.0,51.1208,-178.209,2015-08-20T19:49:23.000000Z,2015-08-20T11:49:23.000000Z,855.7711477671206,253.9453191022682,POM,0.12277898277522255,8.144716444106306,21.99192380973476,110.2714494665427
880,219.27947580728136,0.15441554860463588,6.476031779418733,0.5470666731672338,0.3918886134950901,2.9619042903788397,2015-08-19T18:57:10.865000Z,43.12053016025311,-0.037072753434479744,10,0.5,6,-1,peak,max mdccm,2015-08-19T18:57:08.864486Z,STA/LTA trigger,24.438873880487925,0.034999999999999996,12,53.85690833333333,-166.41502499999999,us100035gp,pavdut,lts,3,195.16,4.3,52.2335,-178.5603,2015-08-19T18:55:20.830000Z,2015-08-19T10:55:20.830000Z,833.2232784647135,262.40000596753447,POM,0.11734279517015614,8.522040049837935,20.971009150237627,106.30448598977547
881,222.37139067640123,0.19257057523732832,5.19290134937582,0.6967401609261128,0.23204440863345077,2.221411567190927,2015-08-13T18:00:28.105000Z,7.912532126765484,-0.06689171631153215,10,0.5,6,-1,peak,max mdccm,2015-08-13T18:00:26.114382Z,Multiple triggers,43.18180598582522,0.17166666666666666,12,53.85690833333333,-166.41502499999999,us100034am,pavdut,lts,3,40.13,3.0,52.2712,-169.45,2015-08-13T17:59:48.640000Z,2015-08-13T09:59:48.640000Z,269.28385295846306,230.28392280316672,POM,0.12567885892579617,7.95678770914386,22.53951557867691,36.99438156722022
882,217.14656970865383,0.164058703324167,6.09537915232744,0.5417537969343627,0.31338498467846865,2.825603888523915,2015-08-16T20:56:35.205000Z,33.14377823150707,-0.040289173074638085,10,0.5,6,-1,peak,max mdccm,2015-08-16T20:56:33.203582Z,Multiple triggers,22.540406205076707,0.04,12,53.85690833333333,-166.41502499999999,us100032q8,pavdut,lts,3,41.21,3.9,51.5787,-175.1552,2015-08-16T20:55:05.840000Z,2015-08-16T12:55:05.840000Z,642.1684997173915,250.2903479401609,POM,0.12376953024952891,8.079532967313707,22.178731164829333,83.55358160642022
883,78.2797413874921,0.28446398711695675,3.515383476604552,0.39644930907957776,0.5940226454214121,10.161605624461686,2015-08-28T05:50:17.325000Z,-178.77667083723424,-0.16172338995850652,10,0.5,6,-1,peak,max mdccm,2015-08-28T05:50:20.330841Z,Taup,0.0,0.0,12,53.85690833333333,-166.41502499999999,us20003hlf,pavdut,lts,3,41.5,3.0,51.3462,179.4094,2015-08-28T05:48:13.000000Z,2015-08-27T21:48:13.000000Z,998.3176727017321,259.50307055025786,POM,0.12274059715845023,8.147263604307417,21.984689629329118,127.33084082241533
884,99.28309996373014,0.0936417571872687,10.678996529295773,0.48277040454973363,2.1932393947257953,9.930315355330123,2015-08-26T13:47:38.865000Z,-35.708706753526826,0.029134850796046954,10,0.5,6,-1,peak,max mdccm,2015-08-26T13:47:38.863226Z,Taup,0.0,0.0,12,53.85690833333333,-166.41502499999999,ak015axtwyue,pavdut,lts,3,13.2,3.2,56.7743,-153.1129,2015-08-26T13:45:41.828000Z,2015-08-26T05:45:41.828000Z,903.0442814861839,63.5743932102033,POM,0.12277660798331566,8.144873982313404,21.991476244073695,117.03522625695093
885,228.0269912964676,0.18720921301175794,5.341617455211424,0.6233857842178386,0.2863486965561113,2.679300600675475,2015-08-12T10:05:55.545000Z,-2.3277056316092057,-0.06148813717311996,10,0.5,6,-1,peak,max mdccm,2015-08-12T10:05:53.538681Z,Multiple triggers,60.52688932683396,0.2669565217391304,12,53.85690833333333,-166.41502499999999,us100033ty,pavdut,lts,3,35.2,3.9,52.0623,-169.3381,2015-08-12T10:05:13.000000Z,2015-08-12T02:05:13.000000Z,280.0809482934243,225.6992856648584,POM,0.12572107583863798,7.954115834034798,22.547503436954532,38.43868083485158
886,182.46320489536697,0.11061212246560809,9.04060041258971,0.5690308641739297,4.353956707403484,21.40230195684012,2015-08-26T08:24:02.425000Z,63.567727346519604,0.013673849620366371,10,0.5,6,-1,peak,max mdccm,2015-08-26T08:24:02.424490Z,Taup,0.0,0.0,12,53.85690833333333,-166.41502499999999,us1000352i,pavdut,lts,3,25.4,3.3,51.2268,-174.7626,2015-08-26T08:22:39.000000Z,2015-08-26T00:22:39.000000Z,636.9489477735522,246.03093224188657,POM,0.12428597208597446,8.045960322121092,22.27622534927711,83.42448979363542
887,214.1816023074167,0.20821821899600051,4.802653700631298,0.4115741741036251,0.21635544527665385,2.4490379336361343,2015-08-11T22:07:46.965000Z,3.72347571502047,-0.0784388864653125,10,0.5,6,-1,peak,max mdccm,2015-08-11T22:07:44.963777Z,Multiple triggers,110.01918880304208,0.4175,12,53.85690833333333,-166.41502499999999,us100033ig,pavdut,lts,3,25.6,3.8,52.7486,-167.8264,2015-08-11T22:07:21.000000Z,2015-08-11T14:07:21.000000Z,155.13015617968176,217.90507802243718,POM,0.12977933253068802,7.70538714061838,23.317559685437324,22.763777302489295
888,212.98628861330894,0.2028060424637082,4.930819554742548,0.6528202064989118,0.23445765644957017,2.313173893988278,2015-08-11T20:12:00.945000Z,21.695720168614457,-0.07765939528722113,10,0.5,6,-1,peak,max mdccm,2015-08-11T20:11:58.947338Z,Multiple triggers,28.437983932544135,0.10888888888888891,12,53.85690833333333,-166.41502499999999,us10003199,pavdut,lts,3,48.81,3.7,52.4242,-169.6222,2015-08-11T20:11:21.670000Z,2015-08-11T12:11:21.670000Z,267.3233377411054,234.6820087819234,POM,0.12514664717648707,7.990625578564305,22.438855400552548,36.717338087233955
889,217.65154026766413,0.1911486257627035,5.231531202538824,0.6680034506531674,,,2015-08-11T13:36:38.565000Z,9.15128502798754,-0.06542602605084694,10,0.5,6,-1,peak,max mdccm,2015-08-11T13:36:36.558684Z,Multiple triggers,26.652173956871398,0.09894736842105263,12,53.85690833333333,-166.41502499999999,us100033ib,pavdut,lts,3,36.25,3.2,52.1427,-169.3202,2015-08-11T13:35:57.820000Z,2015-08-11T05:35:57.820000Z,272.78626634873234,226.80282529565167,POM,0.12572259971185656,7.954019422855545,22.547791777514043,37.49868384581059
890,211.3445174106555,0.21504854095520903,4.650112925938349,0.6940093445977542,0.2469552841738194,2.7721910579260793,2015-08-11T07:46:53.785000Z,18.90632359453204,-0.08850070848844793,10,0.5,6,-1,peak,max mdccm,2015-08-11T07:46:51.788688Z,Multiple triggers,36.88589046549283,0.11857142857142859,12,53.85690833333333,-166.41502499999999,us100033i6,pavdut,lts,3,16.6,3.4,52.2479,-169.4885,2015-08-11T07:46:12.450000Z,2015-08-10T23:46:12.450000Z,272.9727308024076,230.25084100518754,POM,0.1265478324667611,7.902150360913205,22.704027472530683,38.30868824523119
891,210.35542114482507,0.1962135870811503,5.096487021494687,0.322596794691253,0.35646368663459516,3.7528174988790397,2015-08-10T22:52:08.225000Z,23.302657340040042,-0.07144873805680671,10,0.5,6,-1,peak,max mdccm,2015-08-10T22:52:08.219197Z,Taup,0.0,0.0,12,53.85690833333333,-166.41502499999999,us100033lj,pavdut,lts,3,7.0,3.9,50.453,-173.2313,2015-08-10T22:50:48.000000Z,2015-08-10T14:50:48.000000Z,600.4525211245636,233.65807848486511,POM,0.1247648490243436,8.015078027344739,22.366688767455575,80.21919694983868
892,213.6680735744277,0.16102933729966823,6.210048533821174,0.49221726899290097,0.3682876756784337,3.269341159887176,2015-08-12T21:10:08.865000Z,42.00251164173466,-0.03824058594723115,10,0.5,6,-1,peak,max mdccm,2015-08-12T21:10:06.870434Z,Multiple triggers,28.925342995460422,0.08571428571428572,12,53.85690833333333,-166.41502499999999,us100033ub,pavdut,lts,3,25.6,3.2,51.3245,-178.3847,2015-08-12T21:08:12.000000Z,2015-08-12T13:08:12.000000Z,857.4807198402572,255.67058521616235,POM,0.12278875135243708,8.144068483355843,21.993764861564095,110.63043431168197
893,157.9330112942856,0.14568238634610317,6.864247800171683,0.510846281715218,0.3097340264559483,2.7818839861532183,2015-08-10T17:51:51.085000Z,-22.275987027320326,-0.03476763233199409,10,0.5,6,-1,peak,max mdccm,2015-08-10T17:51:49.090469Z,Multiple triggers,75.59707501872747,0.2503703703703704,12,53.85690833333333,-166.41502499999999,us100033l2,pavdut,lts,3,40.64,3.1,53.5153,-165.857,2015-08-10T17:51:38.410000Z,2015-08-10T09:51:38.410000Z,52.96003424133512,135.65702426696527,POM,0.11091475401410908,9.015933082020751,19.77272581478359,10.080469335428123
894,105.23583159497963,0.06390164909367986,15.649048407717919,0.5532470976889401,2.2712557278389713,8.10985390421419,2015-08-10T09:47:15.725000Z,-26.948535832034224,0.06181432764581608,10,0.5,6,-1,peak,max mdccm,2015-08-10T09:47:13.734082Z,Multiple triggers,35.02869394296523,0.12833333333333335,12,53.85690833333333,-166.41502499999999,us100033kz,pavdut,lts,3,6.5,3.0,54.3937,-160.9589,2015-08-10T09:46:23.000000Z,2015-08-10T01:46:23.000000Z,361.5875770227852,78.2872957629454,POM,0.12571597673949594,7.954438456713927,22.54653861231816,50.334082208726414
895,221.90993977041956,0.19822161209804504,5.044858577304763,0.7506544870170642,0.19347639482016765,1.9084228571780102,2015-08-10T06:31:41.825000Z,7.891220402981816,-0.07229591115824613,10,0.5,6,-1,peak,max mdccm,2015-08-10T06:31:39.827170Z,Multiple triggers,29.288337553114403,0.06296296296296297,12,53.85690833333333,-166.41502499999999,us100030qd,pavdut,lts,3,23.6,3.8,52.2505,-169.4376,2015-08-10T06:31:00.000000Z,2015-08-09T22:31:00.000000Z,270.2109480469571,229.80116017340137,POM,0.1259257009397989,7.941190658752563,22.586227090298273,37.567170469236224
896,220.7350933105189,0.18549895955856752,5.390865816065509,0.762371499480159,0.24769030878743292,2.2822835566191486,2015-08-09T22:58:43.545000Z,-1.4095362515753322,-0.05976265557703428,10,0.5,6,-1,peak,max mdccm,2015-08-09T22:58:41.542258Z,Multiple triggers,25.758580702239186,0.06100000000000001,12,53.85690833333333,-166.41502499999999,us100032zz,pavdut,lts,3,38.6,3.9,52.1363,-168.6768,2015-08-09T22:58:04.000000Z,2015-08-09T14:58:04.000000Z,244.3636187748955,219.32555705894356,POM,0.12573630398153324,7.953152497204538,22.550384865963707,33.882258357810905
897,215.61057545543213,0.1625630673807012,6.151458729910234,0.5699359601881901,0.48545620759117325,3.8414867950550047,2015-08-20T23:20:35.545000Z,38.06595247078491,-0.03977431602826412,10,0.5,6,-1,peak,max mdccm,2015-08-20T23:20:33.538461Z,Multiple triggers,37.325240733861605,0.13,12,53.85690833333333,-166.41502499999999,us100033tv,pavdut,lts,3,25.6,3.9,51.1071,-178.1223,2015-08-20T23:18:40.000000Z,2015-08-20T15:18:40.000000Z,850.9492016000075,253.67652792621703,POM,0.12278875135243708,8.144068483355843,21.993764861564095,109.8284607464972
898,219.7682594092713,0.1897067359828257,5.271294109928341,0.9012748084986055,0.19260948917423404,1.8156927756260473,2015-08-09T18:21:23.165000Z,1.8371499770504727,-0.06203989261493595,10,0.5,6,-1,peak,max mdccm,2015-08-09T18:21:21.166778Z,Multiple triggers,44.6642743489921,0.16545454545454547,12,53.85690833333333,-166.41502499999999,us100030le,pavdut,lts,3,22.2,5.1,52.2592,-168.6952,2015-08-09T18:20:46.110000Z,2015-08-09T10:20:46.110000Z,234.4675523569124,221.60540938632178,POM,0.12766684336788975,7.832887330960013,22.91616756939534,33.09677773138882
899,223.31135286302793,0.19966915234710889,5.00828489651511,0.5858952788468397,0.2687799574683436,2.562300638142176,2015-08-09T11:19:54.305000Z,14.459445923233034,-0.07392008989142687,10,0.5,6,-1,peak,max mdccm,2015-08-09T11:19:52.300691Z,Multiple triggers,31.966540520680628,0.06499999999999999,12,53.85690833333333,-166.41502499999999,us10003305,pavdut,lts,3,37.46,3.0,52.6681,-169.4175,2015-08-09T11:19:15.990000Z,2015-08-09T03:19:15.990000Z,240.06370631922064,237.77079878626097,POM,0.12574906245568201,7.95234557197937,22.552799037096733,33.36069144961923
900,219.95945856730668,0.18604113348668339,5.375155382353005,0.4553878423854938,0.481010498720678,4.95442247227686,2015-08-09T08:33:51.265000Z,6.596231310345672,-0.060315925537235,10,0.5,6,-1,peak,max mdccm,2015-08-09T08:33:49.261708Z,Multiple triggers,26.022595137644064,0.04727272727272727,12,53.85690833333333,-166.41502499999999,us100030j7,pavdut,lts,3,27.5,3.9,51.8869,-169.6979,2015-08-09T08:33:03.000000Z,2015-08-09T00:33:03.000000Z,311.26921192148137,226.55568987765236,POM,0.1257252079494484,7.953854412410915,22.548285298108727,42.58170832725707
901,209.09572170213835,0.29027671338874694,3.4449887086215254,0.44653436817100844,0.3997608592575148,4.167517750881757,2015-08-09T00:04:21.585000Z,16.862847621437425,-0.16461469534331294,10,0.5,6,-1,peak,max mdccm,2015-08-09T00:04:21.578681Z,Taup,0.0,0.0,12,53.85690833333333,-166.41502499999999,us1000330c,pavdut,lts,3,38.9,3.2,52.0074,-169.4483,2015-08-09T00:03:42.000000Z,2015-08-08T16:03:42.000000Z,289.71655829898145,225.95856932357577,POM,0.125662018045434,7.957854056095476,22.53632924618356,39.578680910126685
902,211.36588598607966,0.21751084270763618,4.597471958416962,0.6359940976875981,0.20998817634565103,2.351100435356784,2015-08-08T19:10:13.045000Z,23.6427151533438,-0.09184668604800797,10,0.5,6,-1,peak,max mdccm,2015-08-08T19:10:11.041370Z,Multiple triggers,49.4089340718122,0.18375,12,53.85690833333333,-166.41502499999999,us100030gd,pavdut,lts,3,41.0,5.0,52.4441,-169.6166,2015-08-08T19:09:34.490000Z,2015-08-08T11:09:34.490000Z,265.66731797919766,235.00860113942346,POM,0.1256641566596282,7.957718625435755,22.536733872729585,36.53137040193861
903,102.77074804941844,0.08285210250327456,12.069699739490341,0.6572347611809124,1.1209992099838972,5.33633366285224,2015-08-12T07:07:46.885000Z,-47.09175262465405,0.04130758377141673,10,0.5,6,-1,peak,max mdccm,2015-08-12T07:07:44.881724Z,Multiple triggers,26.484843479904807,0.04615384615384614,12,53.85690833333333,-166.41502499999999,ak015aakl2rg,pavdut,lts,3,1.2,3.6,57.0127,-156.9909,2015-08-12T07:06:07.967000Z,2015-08-11T23:06:07.967000Z,691.452643414462,55.67899542476439,POM,0.12415968627469129,8.054144062410055,22.252378776526132,92.63472358246494
904,220.71684869942248,0.19704103378348567,5.075085025684694,0.5917628943515587,0.26294919299950115,2.572524212561376,2015-08-08T13:04:34.265000Z,7.97074764080628,-0.0697635970394388,10,0.5,6,-1,peak,max mdccm,2015-08-08T13:04:32.260185Z,Multiple triggers,47.824790361159934,0.13894736842105262,12,53.85690833333333,-166.41502499999999,us100032tm,pavdut,lts,3,18.8,3.2,52.3279,-169.1937,2015-08-08T13:03:55.000000Z,2015-08-08T05:03:55.000000Z,252.17150710758892,228.68759634022877,POM,0.12727743674404687,7.856852130130385,22.842307052603118,35.53018479084263
905,116.89864983978384,0.09883961368004288,10.117400936401214,0.33519512921737415,30.171927127332868,74.73377303845734,2015-08-08T12:03:33.385000Z,133.6369612091852,0.02549578162430005,10,0.5,6,-1,peak,max mdccm,2015-08-08T12:03:36.388873Z,Taup,0.0,0.0,12,53.85690833333333,-166.41502499999999,us100032ti,pavdut,lts,3,36.1,3.0,51.802,-174.5142,2015-08-08T12:02:19.000000Z,2015-08-08T04:02:19.000000Z,591.4234380553764,250.53561104896906,POM,0.12433539530434293,8.042762059446083,22.285559051388848,77.38887270485105
906,228.26902070459732,0.19657709898869138,5.0870625578696105,0.7548978750884462,0.25099322312274186,2.467745873970699,2015-08-08T09:57:09.525000Z,10.671857349255788,-0.06809315723459042,10,0.5,6,-1,peak,max mdccm,2015-08-08T09:57:07.522757Z,Multiple triggers,27.432854147587037,0.05700000000000001,12,53.85690833333333,-166.41502499999999,us100032tg,pavdut,lts,3,6.4,3.3,52.6897,-169.4951,2015-08-08T09:56:30.000000Z,2015-08-08T01:56:30.000000Z,243.06384603454538,238.9408780538531,POM,0.12848394175410097,7.783073793874182,23.07128145832095,35.3527565766522
907,217.57645555817425,0.2167017853013957,4.614636647359266,0.8482780244914903,0.174713279784525,1.8814764289127197,2015-08-08T03:35:22.025000Z,14.326278049559647,-0.09095802473257131,10,0.5,6,-1,peak,max mdccm,2015-08-08T03:35:20.026534Z,STA/LTA trigger,27.31958530855826,0.07250000000000001,12,53.85690833333333,-166.41502499999999,us100032tc,pavdut,lts,3,31.3,3.3,52.3144,-169.5391,2015-08-08T03:34:40.000000Z,2015-08-07T19:34:40.000000Z,270.6692846958557,231.9027336077339,POM,0.1257437605688244,7.9526808763816295,22.55179580367716,37.35653449779657
908,111.55108419583726,0.06023204907025861,16.602456921788175,0.43152382031996395,3.26868854369346,12.750819743900763,2015-08-07T08:00:38.885000Z,-27.040197985787415,0.06533003253232703,10,0.5,6,-1,peak,max mdccm,2015-08-07T08:00:36.878488Z,Multiple triggers,24.80365079230208,0.04666666666666667,12,53.85690833333333,-166.41502499999999,us100032hg,pavdut,lts,3,25.5,3.0,54.0464,-160.4217,2015-08-07T07:59:41.000000Z,2015-08-06T23:59:41.000000Z,393.9187056364259,84.51088621004983,POM,0.12556208160258564,7.964187812408866,22.517422558392855,53.03848846680578
909,212.4913187075556,0.1918827626711153,5.211515542508567,0.4759026337558975,0.33135072273298816,4.6679095105942,2015-08-18T09:47:11.505000Z,38.42857031794861,-0.06792481491259382,10,0.5,6,-1,peak,max mdccm,2015-08-18T09:47:11.508330Z,Taup,0.0,0.0,12,53.85690833333333,-166.41502499999999,us1000336p,pavdut,lts,3,36.5,3.4,51.6408,-175.1827,2015-08-18T09:45:48.000000Z,2015-08-18T01:45:48.000000Z,640.8066937222391,250.9198890255042,POM,0.12395794775852147,8.067251984100835,22.21429287691642,83.50833028474513
910,216.07775862109645,0.21038714140732365,4.753142199237038,0.715479877064995,0.2713034778544521,2.834291038182954,2015-08-07T02:37:55.485000Z,15.895310267034489,-0.08363293116888709,10,0.5,6,-1,peak,max mdccm,2015-08-07T02:37:53.493334Z,Multiple triggers,33.41838175273284,0.14285714285714288,12,53.85690833333333,-166.41502499999999,us100030dw,pavdut,lts,3,19.9,3.1,52.3692,-169.4418,2015-08-07T02:37:14.000000Z,2015-08-06T18:37:14.000000Z,261.66642673961275,231.97306888813094,POM,0.12675421023843655,7.889284293743824,22.743127394774405,36.6733342999486
911,215.6863502190394,0.2035394802537279,4.913051751696632,0.5830902337475685,0.26601404289445485,2.7963501297689675,2015-08-07T01:09:37.085000Z,17.927257587847777,-0.07654522674066047,10,0.5,6,-1,peak,max mdccm,2015-08-07T01:09:35.076946Z,Multiple triggers,29.843422242514194,0.11,12,53.85690833333333,-166.41502499999999,us100032hz,pavdut,lts,3,23.5,3.0,52.5049,-169.3412,2015-08-07T01:08:58.690000Z,2015-08-06T17:08:58.690000Z,246.76968205621822,233.6136078068872,POM,0.12699425351306742,7.874372047055675,22.788619593113868,34.60694603801079
912,224.53673615420223,0.19450317765426087,5.1413041784723434,0.7595728275426188,0.22093084258813045,2.1400393616899294,2015-08-06T16:41:57.125000Z,5.171899284268335,-0.0689098927337341,10,0.5,6,-1,peak,max mdccm,2015-08-06T16:41:55.130290Z,Multiple triggers,32.127601103021945,0.17875000000000002,12,53.85690833333333,-166.41502499999999,us10002zuu,pavdut,lts,3,42.28,4.2,52.2357,-169.4543,2015-08-06T16:41:17.630000Z,2015-08-06T08:41:17.630000Z,272.16582980093756,229.70863543847057,POM,0.12559328492052677,7.962209131107467,22.523325546423116,37.34029041640435
913,219.94536855702415,0.20225253355160033,4.944313835974133,0.768688646705588,0.2207605066830789,2.217657715443778,2015-08-06T14:42:05.085000Z,8.683245162925175,-0.07569319207053582,10,0.5,6,-1,peak,max mdccm,2015-08-06T14:42:03.080996Z,Multiple triggers,42.4662623439829,0.12054054054054052,12,53.85690833333333,-166.41502499999999,us10002z43,pavdut,lts,3,17.3,4.0,52.207,-169.3946,2015-08-06T14:41:23.000000Z,2015-08-06T06:41:23.000000Z,271.3810893405865,228.62861371994933,POM,0.1265593414810645,7.901431757604534,22.70620765339668,38.06099572230159
914,122.272729868612,0.07065723203820366,14.152832925287958,0.477454888307698,2.5492631970229827,8.291133865016718,2015-08-06T14:06:05.545000Z,-22.672777060925,0.05695942599137825,10,0.5,6,-1,peak,max mdccm,2015-08-06T14:06:03.545521Z,Multiple triggers,39.481804844236045,0.21739130434782608,12,53.85690833333333,-166.41502499999999,us100032gb,pavdut,lts,3,24.0,3.1,53.4631,-162.9977,2015-08-06T14:05:30.000000Z,2015-08-06T06:05:30.000000Z,230.10410433828037,99.59995280768702,POM,0.12761665802958191,7.835967619275824,22.906646432414377,32.4655206934188
915,105.09299270316842,0.0797898863591569,12.532916709502711,0.668634577605743,1.6155753749943758,7.1847409562773805,2015-08-06T11:12:31.885000Z,-37.119262337575265,0.044841081570432095,10,0.5,6,-1,peak,max mdccm,2015-08-06T11:12:29.887066Z,Multiple triggers,46.3671128330956,0.19851851851851854,12,53.85690833333333,-166.41502499999999,ak015a0prtr2,pavdut,lts,3,37.9,4.4,55.4185,-158.5223,2015-08-06T11:11:20.303000Z,2015-08-06T03:11:20.303000Z,538.1020926942534,67.97373036559316,POM,0.124630967929589,8.023687985517018,22.34139172401179,70.70406649532853
916,194.81178076661809,0.2167800352286901,4.612970926704847,0.5748281460870257,0.10878090486453607,1.1979451010647608,2015-08-05T21:23:56.705000Z,3.4769643759392466,-0.08595604327459419,10,0.5,6,-1,peak,max mdccm,2015-08-05T21:23:54.711610Z,Multiple triggers,85.11495054062478,0.12000000000000001,12,53.85690833333333,-166.41502499999999,us100031rp,pavdut,lts,3,25.6,3.6,53.1289,-166.8147,2015-08-05T21:23:40.000000Z,2015-08-05T13:23:40.000000Z,85.25544398496606,198.28874514255733,POM,0.13082399195409591,7.643857866307003,23.516501795226535,13.65161012972389
917,33.01081428343667,0.4004913999385664,2.4969325187841624,0.2597735140027968,3.6473465662828546,87.08085592768404,2015-08-10T21:11:37.005000Z,22.179182204804704,-0.276374355272488,10,0.5,6,-1,peak,max mdccm,2015-08-10T21:11:37.011052Z,Taup,0.0,0.0,12,53.85690833333333,-166.41502499999999,ak015a7hvaxc,pavdut,lts,3,8.1,3.1,57.059,-157.0379,2015-08-10T21:10:05.609000Z,2015-08-10T13:10:05.609000Z,691.2318300026913,55.189996488241384,POM,0.12411704466607844,8.056911141337407,22.244327671055874,91.40205167926183
918,214.4026875320044,0.16176233195087894,6.181908902646519,0.5128879724579087,0.30833347684668855,3.003089409458994,2015-08-16T08:28:13.125000Z,36.14356903458608,-0.03752085639531909,10,0.5,6,-1,peak,max mdccm,2015-08-16T08:28:11.117169Z,STA/LTA trigger,23.432161820146113,0.025,12,53.85690833333333,-166.41502499999999,us100032nn,pavdut,lts,3,25.6,3.7,51.601,-175.176,2015-08-16T08:26:43.600000Z,2015-08-16T00:26:43.600000Z,642.3489590941892,250.54625656659047,POM,0.12424147555555985,8.04884194692945,22.267822597676986,84.08716859423227
919,222.79043243058288,0.17136915830448637,5.835355730832346,0.8231667359454575,0.2528569365872926,2.178810089967442,2015-08-15T20:17:49.805000Z,28.363348210283903,-0.0472517821877121,10,0.5,6,-1,peak,max mdccm,2015-08-15T20:17:47.806251Z,STA/LTA trigger,38.667128704647396,0.1042857142857143,12,53.85690833333333,-166.41502499999999,us100032m5,pavdut,lts,3,32.0,5.7,51.6744,-175.1577,2015-08-15T20:16:21.240000Z,2015-08-15T12:16:21.240000Z,637.6157265021992,251.15378064086678,POM,0.12411737611677427,8.056889625665004,22.244390250036876,83.25625058587461
920,226.28224192715118,0.1836798699727936,5.444254725072043,0.6331955531736642,0.26131092665398326,2.394115587775019,2015-08-05T12:41:06.685000Z,-0.10080874826851982,-0.0579223333501622,10,0.5,6,-1,peak,max mdccm,2015-08-05T12:41:04.683152Z,Multiple triggers,24.908440594479828,0.065,12,53.85690833333333,-166.41502499999999,us10002y3f,pavdut,lts,3,28.1,3.9,52.2034,-169.1651,2015-08-05T12:40:24.000000Z,2015-08-05T04:40:24.000000Z,260.5448102196603,226.18143317888266,POM,0.1257575366226314,7.951809703467421,22.554402550719672,36.183151686697606
921,217.9344352071156,0.2067059659332146,4.83778973425031,0.5990332160973231,0.1522443041199506,1.660893684407796,2015-08-05T09:30:42.425000Z,11.129253066694247,-0.07953651114594534,10,0.5,6,-1,peak,max mdccm,2015-08-05T09:30:40.424613Z,STA/LTA trigger,23.341805657575065,0.0475,12,53.85690833333333,-166.41502499999999,us10002y21,pavdut,lts,3,23.0,3.9,52.389,-169.1227,2015-08-05T09:30:03.000000Z,2015-08-05T01:30:03.000000Z,243.9878512658057,229.06368827380984,POM,0.12716945478726926,7.863523529866611,22.821832733144443,34.27461312928608
922,223.71166886386283,0.19053288990060152,5.248437687171421,0.5984504259298657,0.25702790861316904,2.9155616904415353,2015-08-04T02:37:09.405000Z,2.7143343833280653,-0.06479751618198354,10,0.5,6,-1,peak,max mdccm,2015-08-04T02:37:07.397953Z,Multiple triggers,27.211804121264073,0.06444444444444446,12,53.85690833333333,-166.41502499999999,us10002xsd,pavdut,lts,3,31.8,4.1,52.0529,-169.4249,2015-08-04T02:36:25.000000Z,2015-08-03T18:36:25.000000Z,284.95009739876747,226.4260032471909,POM,0.12573537371861798,7.953211339220183,22.550208842344432,39.13795344702203
923,222.49088959324843,0.19366520030194329,5.163550283896646,0.5580021788364593,0.32578436009092426,3.1466709979205802,2015-08-03T22:48:52.645000Z,3.9052043111220485,-0.0679169763797545,10,0.5,6,-1,peak,max mdccm,2015-08-03T22:48:50.650836Z,Multiple triggers,30.82763110277685,0.13333333333333333,12,53.85690833333333,-166.41502499999999,us10002xmm,pavdut,lts,3,26.25,4.0,51.9941,-169.5138,2015-08-03T22:48:08.880000Z,2015-08-03T14:48:08.880000Z,293.89548084056196,226.39609390437047,POM,0.1257482239221888,7.952398601023468,22.5526403676605,40.440836276311146
924,219.31453344106967,0.18097495095027594,5.525626583950596,0.3874333588911577,0.2703762567861645,3.0037079726242837,2015-08-03T07:01:05.305000Z,4.783217387121965,-0.05524788093371777,10,0.5,6,-1,peak,max mdccm,2015-08-03T07:01:03.297945Z,Multiple triggers,30.243259313414907,0.06,12,53.85690833333333,-166.41502499999999,us10002xf8,pavdut,lts,3,33.0,3.8,51.9702,-169.3186,2015-08-03T07:00:21.000000Z,2015-08-02T23:00:21.000000Z,286.72247021984805,224.09775082819164,POM,0.12572707001655817,7.953736612714355,22.548637632300473,39.32794463011016
925,195.91703677563692,0.19453720276353972,5.140404949769436,0.4979953254217105,0.22423468030229188,2.216260434195675,2015-08-03T02:16:52.165000Z,-2.3463349727663854,-0.06369773320101674,10,0.5,6,-1,peak,max mdccm,2015-08-03T02:16:50.160831Z,Multiple triggers,29.070968631131024,0.045000000000000005,12,53.85690833333333,-166.41502499999999,us100031wv,pavdut,lts,3,25.7,3.0,53.1734,-166.6895,2015-08-03T02:16:35.000000Z,2015-08-02T18:16:35.000000Z,78.22012319947241,193.57070180287053,POM,0.130839469562523,7.642953638864606,23.519451562914856,12.730830974187715
926,162.00223080311068,0.6474275351878225,1.544574405087504,0.25182587900891856,7.560773191112221,36.66567474420229,2015-08-03T01:15:19.205000Z,62.056351344143934,-0.5216803398287451,10,0.5,6,-1,peak,max mdccm,2015-08-03T01:15:17.196126Z,Multiple triggers,23.928868101983625,0.09333333333333334,12,53.85690833333333,-166.41502499999999,us100031w5,pavdut,lts,3,24.2,3.7,51.9243,-169.381,2015-08-03T01:14:39.000000Z,2015-08-02T17:14:39.000000Z,293.38971862803584,224.0585821472546,POM,0.12574719535907736,7.952463648548585,22.55244574058671,40.456125970328486
927,129.62268493063746,2.213909170843432,0.45168971390955054,0.25209773246582745,0.18624730878804283,23.777010404779247,2015-08-03T00:02:54.645000Z,94.95447795540747,-2.0881660909729494,10,0.5,6,-1,peak,max mdccm,2015-08-03T00:02:54.642395Z,Taup,0.0,0.0,12,53.85690833333333,-166.41502499999999,us10002xdd,pavdut,lts,3,25.85,3.8,51.9455,-169.402,2015-08-03T00:02:14.350000Z,2015-08-02T16:02:14.350000Z,292.6005793457506,224.57716288604493,POM,0.12574307987048283,7.952723927471907,22.551667001131644,40.29239523150141
928,25.748868590951247,1.6366446094844362,0.6110061978055289,0.2756120590285253,0.6953174217488036,37.28726185038764,2015-08-02T22:23:34.925000Z,-157.08802461388336,-1.511924823348897,10,0.5,6,-1,peak,max mdccm,2015-08-02T22:23:37.929047Z,Taup,0.0,0.0,12,53.85690833333333,-166.41502499999999,us100030xk,pavdut,lts,3,53.8,3.6,52.1234,-169.5397,2015-08-02T22:22:59.000000Z,2015-08-02T14:22:59.000000Z,284.98553029123565,228.6608439770679,POM,0.12471978613553925,8.017973979792187,22.358173550878575,38.92904723438214
929,217.4168468877947,0.20167249496981066,4.95853438095113,0.3669480119479811,0.3563135980131844,3.7293006112003297,2015-08-02T21:13:11.025000Z,8.440986112517066,-0.07594919400601238,10,0.5,6,-1,peak,max mdccm,2015-08-02T21:13:09.035321Z,Multiple triggers,24.583492404529714,0.052000000000000005,12,53.85690833333333,-166.41502499999999,us10002xcn,pavdut,lts,3,31.5,4.3,51.9591,-169.5121,2015-08-02T21:12:26.000000Z,2015-08-02T13:12:26.000000Z,296.63246598107645,225.85783300031176,POM,0.12572330096379827,7.953975057399644,22.547924465511453,40.61532091242173
930,199.15310197197857,1.2840770348407324,0.7787694763375569,0.258762754430118,5.801436239533292,70.11683554077487,2015-08-02T19:41:33.105000Z,28.34307778632973,-1.1606455159268674,10,0.5,6,-1,peak,max mdccm,2015-08-02T19:41:31.104869Z,STA/LTA trigger,26.541666886989574,0.06999999999999999,12,53.85690833333333,-166.41502499999999,us10002xc3,pavdut,lts,3,66.3,3.8,52.0641,-169.5165,2015-08-02T19:40:56.000000Z,2015-08-02T11:40:56.000000Z,288.46701284813224,227.4961797583083,POM,0.12343151891386503,8.101658383527113,22.114957809774328,39.42486877371908
931,215.66616259002126,0.19374120400129274,5.161524649105244,0.2873829343684177,0.3706787688055293,4.690233877322555,2015-08-02T09:29:59.265000Z,-1.2910734176664391,-0.06716104341061346,10,0.5,6,-1,peak,max mdccm,2015-08-02T09:29:57.258398Z,Multiple triggers,28.928768187077345,0.060000000000000005,12,53.85690833333333,-166.41502499999999,us100030xe,pavdut,lts,3,35.55,3.4,52.3769,-168.0566,2015-08-02T09:29:26.620000Z,2015-08-02T01:29:26.620000Z,198.00183099602194,214.37508917235482,POM,0.12658016059067928,7.900132179747249,22.710151556696086,28.098397737389828
932,223.81983920592654,0.19783304383422678,5.054767295790813,0.5477597546465413,0.245912778571741,2.477132204445354,2015-08-02T02:56:03.965000Z,1.5578661278289587,-0.07207550721159539,10,0.5,6,-1,peak,max mdccm,2015-08-02T02:56:01.975112Z,Multiple triggers,27.73974485355547,0.07636363636363637,12,53.85690833333333,-166.41502499999999,us10002x8n,pavdut,lts,3,16.6,4.0,51.9708,-169.4451,2015-08-02T02:55:18.000000Z,2015-08-01T18:55:18.000000Z,292.5322357125845,225.3777053337555,POM,0.1257575366226314,7.951809703467421,22.554402550719672,40.77511223850054
933,108.27962375271554,0.08897308102675333,11.239354515545099,0.28137092223053256,2.5947588853074577,3.130722664821249,2015-08-09T22:21:15.165000Z,131.8891821758105,0.03485047281186321,10,0.5,6,-1,peak,max mdccm,2015-08-09T22:21:15.168834Z,Taup,0.0,0.0,12,53.85690833333333,-166.41502499999999,us100032zy,pavdut,lts,3,33.5,3.0,50.5651,-174.6264,2015-08-09T22:19:48.000000Z,2015-08-09T14:19:48.000000Z,669.5884208348706,240.16880592852604,POM,0.12382355383861654,8.076007908021555,22.188926596476197,87.16883386184398
934,216.61474064862614,0.19184310009660938,5.212592996549861,0.41894689796108603,0.26384148017762854,2.551013774650471,2015-08-02T02:31:16.645000Z,9.581246898093468,-0.06576469454952225,10,0.5,6,-1,peak,max mdccm,2015-08-02T02:31:14.654378Z,Multiple triggers,32.53714242572205,0.05666666666666667,12,53.85690833333333,-166.41502499999999,us100030yc,pavdut,lts,3,12.44,3.3,52.0132,-169.4635,2015-08-02T02:30:32.030000Z,2015-08-01T18:30:32.030000Z,289.97000056685977,226.1959875467196,POM,0.12607840554708713,7.931572386728233,22.61513230231858,40.76437751881145
935,137.63184167834535,0.8485490704806751,1.1784822290047798,0.21497744378200467,0.8929804172681582,8.59557524714171,2015-08-02T01:20:34.565000Z,90.52000551118965,-0.7228441135026444,10,0.5,6,-1,peak,max mdccm,2015-08-02T01:20:32.568103Z,Multiple triggers,28.32596283761115,0.045000000000000005,12,53.85690833333333,-166.41502499999999,us100030xa,pavdut,lts,3,36.5,3.3,52.118,-169.4958,2015-08-02T01:19:58.000000Z,2015-08-01T17:19:58.000000Z,283.24311420423453,228.151847189535,POM,0.12570495697803058,7.955135772209601,22.54445353423431,38.80810331290256
936,220.46366283772113,0.18996047189686638,5.2642530838885335,0.6547867489603807,0.2426352795323674,2.2892847770998515,2015-08-01T22:20:41.825000Z,6.132694274676453,-0.0642162715972073,10,0.5,6,-1,peak,max mdccm,2015-08-01T22:20:39.835999Z,Multiple triggers,30.717284244794378,0.06000000000000001,12,53.85690833333333,-166.41502499999999,us10002xl4,pavdut,lts,3,25.07,3.8,51.9994,-169.5263,2015-08-01T22:19:57.390000Z,2015-08-01T14:19:57.390000Z,294.06799239722875,226.59635711239758,POM,0.12574420029965908,7.952653065643706,22.551879010129873,40.50599886258454
937,218.81307302670632,0.19973581934519027,5.006613251836246,0.6824503493816203,0.18415342999070683,1.8276519399246922,2015-08-01T22:12:00.545000Z,8.616474714735261,-0.0740566613627554,10,0.5,6,-1,peak,max mdccm,2015-08-01T22:11:58.545396Z,Multiple triggers,30.55650624766851,0.06555555555555556,12,53.85690833333333,-166.41502499999999,us10002x7g,pavdut,lts,3,37.56,4.3,52.0447,-169.541,2015-08-01T22:11:17.950000Z,2015-08-01T14:11:17.950000Z,291.18185704871087,227.42954774144158,POM,0.12567915798243487,7.956768775772365,22.53957216153102,39.78539572826621
938,215.71278192463683,0.19852826229369558,5.037066201287935,0.5877738883875641,0.1989790485371694,2.0777411138992647,2015-08-01T22:09:35.485000Z,13.45780258802381,-0.07286142373004262,10,0.5,6,-1,peak,max mdccm,2015-08-01T22:09:35.495742Z,Taup,0.0,0.0,12,53.85690833333333,-166.41502499999999,us100033mq,pavdut,lts,3,38.95,4.0,52.128,-169.5857,2015-08-01T22:08:56.270000Z,2015-08-01T14:08:56.270000Z,286.914028886335,229.17058451266064,POM,0.12566683856365296,7.957548796721566,22.537241291575537,39.225742500058914
939,225.7419701674417,0.17229564922486507,5.803977085311588,0.6717700112751754,0.4256486462660316,3.783540447490765,2015-08-01T22:06:53.445000Z,0.1417751592714751,-0.04653811260223367,10,0.5,6,-1,peak,max mdccm,2015-08-01T22:06:51.445070Z,Multiple triggers,46.571288910951964,0.11714285714285715,12,53.85690833333333,-166.41502499999999,us10002x7e,pavdut,lts,3,16.6,4.7,51.9758,-169.4892,2015-08-01T22:06:09.000000Z,2015-08-01T14:06:09.000000Z,294.2010140943209,225.88374532671318,POM,0.1257575366226314,7.951809703467421,22.554402550719672,40.985070317507834
940,217.80197349237596,0.1857039219954676,5.384915887906808,0.72075013970105,0.25442475758097327,2.3933486611637136,2015-08-01T21:57:51.625000Z,8.089232957193047,-0.05967763360835651,10,0.5,6,-1,peak,max mdccm,2015-08-01T21:57:49.625564Z,STA/LTA trigger,31.000784635829103,0.09280000000000001,12,53.85690833333333,-166.41502499999999,us10002x7a,pavdut,lts,3,10.8,4.4,51.9808,-169.4823,2015-08-01T21:57:06.000000Z,2015-08-01T13:57:06.000000Z,293.47106679128717,225.891206449569,POM,0.12602628838711108,7.934852424823705,22.605266445669443,41.34556364614054
941,219.63650544616405,0.18613260573366194,5.372513837961872,0.637133650487616,0.2625244903115709,2.4261965747051306,2015-08-01T01:30:41.765000Z,5.542248000427151,-0.06017078098701356,10,0.5,6,-1,peak,max mdccm,2015-08-01T01:30:39.771108Z,Multiple triggers,53.680361083061,0.2509090909090909,12,53.85690833333333,-166.41502499999999,us10002x11,pavdut,lts,3,21.18,4.0,52.0753,-169.2679,2015-08-01T01:29:58.230000Z,2015-07-31T17:29:58.230000Z,275.7341191870754,225.1787534465912,POM,0.12596182474664838,7.938913254165192,22.593064360134925,38.381108049176106
942,221.61005002096124,0.19354722833891294,5.1666975992492095,0.6083666265603498,0.26171944089015664,2.5161480560734333,2015-07-31T19:18:11.505000Z,19.02064670704314,-0.0678160958785638,10,0.5,6,-1,peak,max mdccm,2015-07-31T19:18:14.499995Z,Taup,0.0,0.0,12,53.85690833333333,-166.41502499999999,us10002x4x,pavdut,lts,3,37.32,5.1,52.669,-169.75,2015-07-31T19:17:38.780000Z,2015-07-31T11:17:38.780000Z,258.80647339318955,240.63069672800438,POM,0.12573113246034914,7.953479622999199,22.54940631762662,35.719995413101735
943,211.8923208700204,0.20787135418839275,4.810667655023333,0.7445858829340468,0.1964699875383351,2.037831380787793,2015-07-31T19:17:57.245000Z,26.95349008503547,-0.08300765557224003,10,0.5,6,-1,peak,max mdccm,2015-07-31T19:17:55.249616Z,Multiple triggers,72.6318216282335,0.16121212121212122,12,53.85690833333333,-166.41502499999999,us10002wyl,pavdut,lts,3,51.92,4.8,52.5877,-169.7356,2015-07-31T19:17:18.640000Z,2015-07-31T11:17:18.640000Z,262.90640826599713,238.84581095505587,POM,0.12486369861615272,8.008732810919932,22.385369502853447,36.1696163474843
944,212.6734773238943,0.20649996143491595,4.842615916493413,0.6831574096329238,0.2223231415307021,2.2879332581536005,2015-07-31T16:27:20.425000Z,25.561699976169905,-0.08111910214640189,10,0.5,6,-1,peak,max mdccm,2015-07-31T16:27:18.432384Z,Multiple triggers,27.164276171459676,0.0625,12,53.85690833333333,-166.41502499999999,us10002wwk,pavdut,lts,3,27.61,4.1,51.6548,-171.8095,2015-07-31T16:26:18.740000Z,2015-07-31T08:26:18.740000Z,438.7903435635452,238.2351773000642,POM,0.12538085928851406,7.975699047482988,22.483144225366285,58.59238363464994
945,220.37015164867984,0.19261708650534,5.191647418944199,0.6167996571518789,0.23714545094775508,2.3995594871501,2015-07-31T05:45:41.705000Z,5.581686732017346,-0.06592844933049954,10,0.5,6,-1,peak,max mdccm,2015-07-31T05:45:39.710524Z,Multiple triggers,28.367673509228737,0.11142857142857143,12,53.85690833333333,-166.41502499999999,us10003096,pavdut,lts,3,13.0,3.8,52.0946,-169.313,2015-07-31T05:44:59.000000Z,2015-07-30T21:44:59.000000Z,276.2894678208555,225.95183838069718,POM,0.12668863717484047,7.893367726577719,22.73070284115549,38.99052392973331
946,225.13408681180226,0.1962670256645172,5.09509937603741,0.7377830320258483,0.2119813682757563,2.2307638215975487,2015-07-31T05:13:19.705000Z,-0.30138653947864213,-0.07050948904188581,10,0.5,6,-1,peak,max mdccm,2015-07-31T05:13:17.704827Z,Multiple triggers,53.81835666110608,0.1991666666666667,12,53.85690833333333,-166.41502499999999,us10002wsu,pavdut,lts,3,17.3,5.0,51.9139,-169.4744,2015-07-31T05:12:35.000000Z,2015-07-30T21:12:35.000000Z,298.5526402318258,224.83270027232362,POM,0.1257575366226314,7.951809703467421,22.554402550719672,41.484827190576574
947,97.80086454552008,0.1971063130759538,5.073404217218835,0.5469957431268831,0.629732104391934,7.182591636616905,2015-08-08T14:55:52.265000Z,159.70816371480413,-0.07432883684166705,10,0.5,6,-1,peak,max mdccm,2015-08-08T14:55:55.265982Z,Taup,0.0,0.0,12,53.85690833333333,-166.41502499999999,us100032tr,pavdut,lts,3,45.9,3.0,51.5696,-178.4672,2015-08-08T14:54:06.000000Z,2015-08-08T06:54:06.000000Z,852.1173569276324,257.5090282603242,POM,0.12277747623428675,8.144816383843706,21.991639879013608,109.26598190549464
948,211.79302691825376,0.21630369175916297,4.623129600180014,0.560816022330024,0.18480322530800652,2.1234730633406684,2015-07-31T03:53:59.405000Z,24.61848665455159,-0.09058475408127975,10,0.5,6,-1,peak,max mdccm,2015-07-31T03:53:57.414309Z,Multiple triggers,52.542364531565,0.1636842105263158,12,53.85690833333333,-166.41502499999999,us10002wsh,pavdut,lts,3,38.9,4.2,52.539,-169.566,2015-07-31T03:53:20.750000Z,2015-07-30T19:53:20.750000Z,256.5851433514507,236.41151357280535,POM,0.12571893767788322,7.954251113401847,22.547098864636418,35.41430864916189
949,222.25110473910632,0.1754334479028574,5.700167282545396,0.62238236046899,0.3223210190841277,2.8083443027180124,2015-07-30T04:32:38.305000Z,-2.8946042922214303,-0.049684370267545935,10,0.5,6,-1,peak,max mdccm,2015-07-30T04:32:36.300982Z,Multiple triggers,29.193916980760868,0.13199999999999998,12,53.85690833333333,-166.41502499999999,us1000315s,pavdut,lts,3,34.99,3.7,52.1167,-168.7037,2015-07-30T04:32:01.550000Z,2015-07-29T20:32:01.550000Z,247.21536505331767,219.3565004468849,POM,0.12574907763531146,7.952344612022754,22.552801909426428,34.31098216324841
950,220.45920631608055,0.19186834799399305,5.211907073027531,0.5708179750065108,0.2328161742620365,2.6658904248895396,2015-07-30T03:23:31.145000Z,-2.188682177389751,-0.06611081137136166,10,0.5,6,-1,peak,max mdccm,2015-07-30T03:23:29.140413Z,Multiple triggers,26.215697191628422,0.06842105263157895,12,53.85690833333333,-166.41502499999999,us1000315r,pavdut,lts,3,31.25,3.1,52.047,-168.7023,2015-07-30T03:22:51.920000Z,2015-07-29T19:22:51.920000Z,253.35275663906853,218.2705241386908,POM,0.1257575366226314,7.951809703467421,22.554402550719672,35.1804134016738
951,211.7382604272122,0.19232122056585083,5.199634221630784,0.33637463570209725,0.28858525636242405,3.3198680658077535,2015-07-30T03:24:29.885000Z,6.053997114884453,-0.066572017056963,10,0.5,6,-1,peak,max mdccm,2015-07-30T03:24:32.880861Z,Taup,0.0,0.0,12,53.85690833333333,-166.41502499999999,us1000316f,pavdut,lts,3,33.7,3.9,52.0319,-168.682,2015-07-30T03:23:57.700000Z,2015-07-29T19:23:57.700000Z,253.88539043343823,217.79225754209665,POM,0.12574920350888782,7.952336651812836,22.552825727560332,35.18086061182992
952,217.7881489280204,0.19102028418297803,5.235046132808082,0.5538921387822187,0.34850729795200097,3.6551360121630125,2015-07-30T02:14:06.985000Z,9.541405709214132,-0.06535057354761406,10,0.5,6,-1,peak,max mdccm,2015-07-30T02:14:04.994097Z,Multiple triggers,31.843660478227495,0.17600000000000002,12,53.85690833333333,-166.41502499999999,us1000315m,pavdut,lts,3,40.2,3.8,52.155,-169.352,2015-07-30T02:13:26.220000Z,2015-07-29T18:13:26.220000Z,273.3459778669412,227.32955463723454,POM,0.12566971063536397,7.9573669338791,22.537784692400255,37.504097238308994
953,221.65890368506473,0.19502101094577654,5.127652631633825,0.6594993459006608,0.19944203989586295,1.933581938706368,2015-07-30T01:22:08.665000Z,4.50042795759785,-0.06926347432314514,10,0.5,6,-1,peak,max mdccm,2015-07-30T01:22:06.668404Z,STA/LTA trigger,34.42120579417825,0.12285714285714287,12,53.85690833333333,-166.41502499999999,us1000315k,pavdut,lts,3,20.45,3.0,52.0654,-169.3787,2015-07-30T01:21:26.050000Z,2015-07-29T17:21:26.050000Z,281.7505078403067,226.15933164266258,POM,0.1257575366226314,7.951809703467421,22.554402550719672,39.17840391279414
954,224.8528899268395,0.19097627140573656,5.23625261211358,0.6468359182467592,0.19592763772591137,1.86522022887479,2015-07-30T01:17:59.205000Z,-0.19914643215449246,-0.06526761106944834,10,0.5,6,-1,peak,max mdccm,2015-07-30T01:17:57.196438Z,Multiple triggers,43.267007043966856,0.15499999999999997,12,53.85690833333333,-166.41502499999999,us1000315j,pavdut,lts,3,36.5,3.7,52.026,-169.291,2015-07-30T01:17:17.130000Z,2015-07-29T17:17:17.130000Z,280.84336550228846,224.65374349468502,POM,0.12570866033628822,7.95490141510426,22.54515425288756,38.50643784049567
955,222.09528353521273,0.19057083051676474,5.247392779305901,0.667862276837647,0.18840955038442475,1.7856252831847712,2015-07-29T23:38:36.305000Z,6.15646285675777,-0.06481329389413334,10,0.5,6,-1,peak,max mdccm,2015-07-29T23:38:34.298487Z,Multiple triggers,45.28347039020641,0.22727272727272727,12,53.85690833333333,-166.41502499999999,us10002xpk,pavdut,lts,3,27.3,3.0,52.228,-169.3218,2015-07-29T23:37:55.000000Z,2015-07-29T15:37:55.000000Z,266.17605977527455,228.2517463919705,POM,0.1257575366226314,7.951809703467421,22.554402550719672,36.918487251231724
956,215.66314506038157,0.20397642655667966,4.902527301222852,0.7589598853288004,0.2302045016994554,2.3340164474603284,2015-07-29T21:14:56.025000Z,15.233092226951925,-0.07763617337421402,10,0.5,6,-1,peak,max mdccm,2015-07-29T21:14:54.022838Z,STA/LTA trigger,29.01966847063069,0.11266666666666669,12,53.85690833333333,-166.41502499999999,us10002w7j,pavdut,lts,3,24.7,4.0,52.359,-169.3517,2015-07-29T21:14:16.000000Z,2015-07-29T13:14:16.000000Z,257.7745879815247,230.8962372873335,POM,0.12634025318246564,7.915133734580697,22.66471117231335,35.952838137709534
957,216.3081605415398,0.2085835050597324,4.794242956621274,0.6360259285797982,0.2269331951426845,2.475360082063389,2015-07-29T21:09:11.925000Z,8.065505951919846,-0.08265328920404427,10,0.5,6,-1,peak,max mdccm,2015-07-29T21:09:09.935767Z,Multiple triggers,29.40454973629081,0.09904761904761905,12,53.85690833333333,-166.41502499999999,us10002xpd,pavdut,lts,3,15.5,3.9,51.9703,-169.3455,2015-07-29T21:08:28.000000Z,2015-07-29T13:08:28.000000Z,287.9489878833308,224.37366649345964,POM,0.12593021585568812,7.940905947036311,22.587081624479964,40.27576656312363
958,223.01598351107373,0.18038566339688017,5.543677813240757,0.6771385149885473,0.27083097604828943,2.474939152594146,2015-07-29T19:24:23.525000Z,-4.239266901114661,-0.052957442456846915,10,0.5,6,-1,peak,max mdccm,2015-07-29T19:24:21.517592Z,Multiple triggers,26.13177392162604,0.06222222222222223,12,53.85690833333333,-166.41502499999999,us10002xnr,pavdut,lts,3,18.7,3.6,52.0911,-168.6893,2015-07-29T19:23:44.900000Z,2015-07-29T11:23:44.900000Z,248.8857988811852,218.77671660995907,POM,0.12742822094003325,7.84755521675683,22.870902207463107,35.117592455228746
959,224.79697896958925,0.18136854672851074,5.513635181170044,0.6840665849683722,0.24198714574413804,2.2264070451443843,2015-07-29T19:22:36.065000Z,-6.601567483258009,-0.05458013747985105,10,0.5,6,-1,peak,max mdccm,2015-07-29T19:22:34.059553Z,Multiple triggers,36.237675681320496,0.12875,12,53.85690833333333,-166.41502499999999,us10002w5a,pavdut,lts,3,24.87,3.9,52.0908,-168.6439,2015-07-29T19:21:58.280000Z,2015-07-29T11:21:58.280000Z,247.0534516147494,218.19541148633124,POM,0.1267884092486597,7.88715629390682,22.74960775113673,34.58955292706571
960,217.30945088445617,0.18867874825491274,5.30001396155628,0.46477594269974515,0.2898564177874796,2.6949173597394918,2015-07-29T19:02:52.445000Z,9.737837950026517,-0.06293258226816892,10,0.5,6,-1,peak,max mdccm,2015-07-29T19:02:50.440456Z,Multiple triggers,25.541176373611677,0.085,12,53.85690833333333,-166.41502499999999,us10002xnp,pavdut,lts,3,26.8,3.1,52.0665,-169.4664,2015-07-29T19:02:10.000000Z,2015-07-29T11:02:10.000000Z,285.8559419938249,227.04728883448269,POM,0.12574616598674382,7.952528748315238,22.55225096066493,39.410455614876724
961,221.49362865027683,0.18961230636664184,5.273919289111755,0.7592769846285947,0.21786554898298016,2.0531698014393953,2015-07-29T17:18:49.185000Z,2.909926158834992,-0.06385476974401044,10,0.5,6,-1,peak,max mdccm,2015-07-29T17:18:47.184011Z,Multiple triggers,32.02795707710304,0.061481481481481484,12,53.85690833333333,-166.41502499999999,us10002w0g,pavdut,lts,3,21.75,3.9,52.0239,-169.27,2015-07-29T17:18:06.550000Z,2015-07-29T09:18:06.550000Z,280.0473325675764,224.40355480911182,POM,0.1257575366226314,7.951809703467421,22.554402550719672,38.89401137361277
962,220.57401907787158,0.1901278113553344,5.259619794029376,0.5714617002919682,0.2180155416467624,2.1424216854360054,2015-07-29T16:53:19.705000Z,6.729817371419983,-0.06604850617146407,10,0.5,6,-1,peak,max mdccm,2015-07-29T16:53:17.699082Z,Multiple triggers,26.921676384418994,0.10363636363636365,12,53.85690833333333,-166.41502499999999,us10002xrg,pavdut,lts,3,59.9,3.7,52.131,-169.3884,2015-07-29T16:52:38.000000Z,2015-07-29T08:52:38.000000Z,276.99643306546506,227.30383644929157,POM,0.12407930518387034,8.059361700310317,22.237202515519915,37.9590814999385
963,228.04503485835517,0.1852799750087416,5.397237342852726,0.7052382028720898,0.15951203743626863,1.5049928479277526,2015-07-29T16:05:43.825000Z,-2.3297021903254063,-0.059537637332750415,10,0.5,6,-1,peak,max mdccm,2015-07-29T16:05:41.832176Z,Multiple triggers,68.37432226303548,0.2245714285714286,12,53.85690833333333,-166.41502499999999,us200031d8,pavdut,lts,3,29.0,5.2,52.0523,-169.355,2015-07-29T16:05:02.440000Z,2015-07-29T08:05:02.440000Z,281.6858068433708,225.71533266802976,POM,0.1257423376759912,7.952770868446616,22.551526562348876,38.81217623733365
964,222.16456687435755,0.18723147576949042,5.340982310213415,0.7240284374515553,0.21306952770172716,1.9835775636531423,2015-07-29T14:42:49.845000Z,2.4950898376042403,-0.06148640894599394,10,0.5,6,-1,peak,max mdccm,2015-07-29T14:42:47.855273Z,Multiple triggers,49.32751598688901,0.10400000000000001,12,53.85690833333333,-166.41502499999999,us2000319m,pavdut,lts,3,27.0,4.1,51.9378,-169.4216,2015-07-29T14:42:04.190000Z,2015-07-29T06:42:04.190000Z,294.14083950549394,224.6596567119618,POM,0.12574506682349648,7.952598262989208,22.55204297506841,40.445272864340964
965,225.8039351292905,0.1824692232277427,5.480376264614687,0.6621449228551455,0.30912659384344954,3.0867952952276596,2015-07-29T14:33:12.585000Z,11.506887424774334,-0.05705295575157268,10,0.5,6,-1,peak,max mdccm,2015-07-29T14:33:10.594982Z,Multiple triggers,31.422130165480553,0.10399999999999998,12,53.85690833333333,-166.41502499999999,us2000319j,pavdut,lts,3,45.29,4.1,52.5071,-169.7426,2015-07-29T14:32:33.540000Z,2015-07-29T06:32:33.540000Z,268.38875653070824,237.31082255406483,POM,0.12541626747617002,7.9734473057094215,22.489841042338924,36.85498165944942
966,222.29483229179334,0.1893643003242705,5.2808264191697365,0.6916866190248532,0.24746572448778226,2.329149939908973,2015-07-29T14:10:26.985000Z,4.009256526789613,-0.06360676370163912,10,0.5,6,-1,peak,max mdccm,2015-07-29T14:10:24.993959Z,Multiple triggers,42.29411831500369,0.12833333333333333,12,53.85690833333333,-166.41502499999999,us2000319b,pavdut,lts,3,21.04,3.7,51.9973,-169.4993,2015-07-29T14:09:42.610000Z,2015-07-29T06:09:42.610000Z,292.9484873561174,226.30408881858295,POM,0.1257575366226314,7.951809703467421,22.554402550719672,40.55395909997412
967,220.25879400451413,0.1832574742091279,5.456803354491452,0.5924376226821628,0.317170230986616,3.2936122195378346,2015-07-29T13:27:14.665000Z,6.7640176564497665,-0.05749993758649652,10,0.5,6,-1,peak,max mdccm,2015-07-29T13:27:12.657291Z,STA/LTA trigger,25.376602666002505,0.075,12,53.85690833333333,-166.41502499999999,us10002xr5,pavdut,lts,3,20.92,3.1,52.0327,-169.5179,2015-07-29T13:26:30.780000Z,2015-07-29T05:26:30.780000Z,291.01453659139435,227.0228116609639,POM,0.1257575366226314,7.951809703467421,22.554402550719672,40.31729086262166
968,217.38860574980197,0.200383378723158,4.990433869176154,0.6715953683785314,0.18991067446358567,1.8938525873613514,2015-07-29T13:05:08.005000Z,7.302511111952185,-0.07334215431943844,10,0.5,6,-1,peak,max mdccm,2015-07-29T13:05:06.006977Z,Multiple triggers,27.679400734800968,0.055555555555555566,12,53.85690833333333,-166.41502499999999,us10002xnb,pavdut,lts,3,8.32,3.0,52.0634,-169.2392,2015-07-29T13:04:24.080000Z,2015-07-29T05:04:24.080000Z,275.37387106958965,224.69111686175415,POM,0.12704122440371957,7.871460659274956,22.7975231336181,39.28697723110972
969,219.1526993686091,0.21160142003252302,4.725866205653538,0.6229848387432048,0.19044947083999464,2.0564876953026783,2015-07-29T08:21:48.545000Z,10.33825748903132,-0.08471841352560447,10,0.5,6,-1,peak,max mdccm,2015-07-29T08:21:46.551490Z,STA/LTA trigger,46.21689013364698,0.17655172413793102,12,53.85690833333333,-166.41502499999999,us10002xn8,pavdut,lts,3,21.4,3.0,52.3327,-169.2616,2015-07-29T08:21:09.000000Z,2015-07-29T00:21:09.000000Z,255.18270963033677,229.4909568576404,POM,0.12688300650691856,7.881276047359998,22.76753454796543,35.77149009365026
970,221.26341523054845,0.2010836842489455,4.973053899101932,0.8277906652014486,0.18624411581278233,1.8616024812902197,2015-07-29T07:41:46.225000Z,11.380556196772716,-0.07543388646495941,10,0.5,6,-1,peak,max mdccm,2015-07-29T07:41:44.216042Z,Multiple triggers,31.691677201886755,0.07062500000000001,12,53.85690833333333,-166.41502499999999,us2000317m,pavdut,lts,3,41.84,4.9,52.4304,-169.3919,2015-07-29T07:41:08.410000Z,2015-07-28T23:41:08.410000Z,254.682169508605,232.64397142732116,POM,0.12564979778398608,7.9586280092481685,22.534017191230884,35.14604190034423
971,220.48819004552485,0.2079259188914718,4.809405221491199,0.7325714549130238,0.17089516128142046,1.7660520165806588,2015-07-29T06:35:42.365000Z,10.475406389030553,-0.0816094727666497,10,0.5,6,-1,peak,max mdccm,2015-07-29T06:35:40.360177Z,Multiple triggers,48.573435353304745,0.10896551724137933,12,53.85690833333333,-166.41502499999999,us10002xn6,pavdut,lts,3,25.5,3.0,52.3753,-169.3282,2015-07-29T06:35:03.000000Z,2015-07-28T22:35:03.000000Z,255.3743669961037,230.9635964345554,POM,0.1263164461248221,7.916625512182557,22.660202746165602,35.620176813622905
972,218.41049176233474,0.19653155534527825,5.088241418754056,0.6309092337010611,0.2918057620541803,3.105871285358461,2015-07-29T04:59:36.425000Z,19.269943204802786,-0.07093227541925431,10,0.5,6,-1,peak,max mdccm,2015-07-29T04:59:34.419515Z,Multiple triggers,25.082887056913904,0.07333333333333332,12,53.85690833333333,-166.41502499999999,us10002xqt,pavdut,lts,3,25.9,3.1,51.936,-171.089,2015-07-29T04:58:40.580000Z,2015-07-28T20:58:40.580000Z,380.1892218329385,237.68043496713753,POM,0.12559927992602393,7.961829085238265,22.524459699749958,51.299515214435964
973,224.4284097907439,0.1978039284389753,5.055511323216773,0.7211965566211405,0.21381642753145647,2.10614867910661,2015-07-29T04:45:47.285000Z,5.009209635248453,-0.07206100312542249,10,0.5,6,-1,peak,max mdccm,2015-07-29T04:45:45.292808Z,Multiple triggers,35.798728203087116,0.07933333333333334,12,53.85690833333333,-166.41502499999999,us10002xp1,pavdut,lts,3,36.1,3.1,52.4275,-169.089,2015-07-29T04:45:10.210000Z,2015-07-28T20:45:10.210000Z,239.39152380622863,229.43761942599235,POM,0.1257429253135528,7.952733702563369,22.551637755703243,33.30280810618589
974,221.17656442256435,0.18716094089800686,5.342995152738353,0.6257635963734165,0.2640475764498351,2.6012578225742686,2015-07-28T23:57:07.845000Z,3.8196076067510774,-0.06142540975161459,10,0.5,6,-1,peak,max mdccm,2015-07-28T23:57:05.854951Z,Multiple triggers,39.14025458437242,0.14965517241379306,12,53.85690833333333,-166.41502499999999,us10002xig,pavdut,lts,3,33.0,3.8,52.0469,-169.293,2015-07-28T23:56:25.790000Z,2015-07-28T15:56:25.790000Z,279.22236979286816,224.99617202931543,POM,0.12573553114639227,7.953201381363815,22.550238630688636,38.38495110524147
975,219.47122331999196,0.19907754198615527,5.0231683093090655,0.6058679698835244,0.24807232268363855,2.6610005098936256,2015-07-28T23:34:10.085000Z,5.62471545949424,-0.07332000536352387,10,0.5,6,-1,peak,max mdccm,2015-07-28T23:34:08.076570Z,Multiple triggers,47.80346989721411,0.22941176470588237,12,53.85690833333333,-166.41502499999999,us10002xj0,pavdut,lts,3,25.6,3.7,52.05,-169.298,2015-07-28T23:33:28.020000Z,2015-07-28T15:33:28.020000Z,279.2018913773619,225.0959387794862,POM,0.1257575366226314,7.951809703467421,22.554402550719672,38.61656987538891
976,220.26644268365203,0.19810268058391667,5.047887272663118,0.6609974543950714,0.20400017805380166,2.0079037830753066,2015-07-28T23:19:01.805000Z,6.4402503044358355,-0.07236719403952074,10,0.5,6,-1,peak,max mdccm,2015-07-28T23:18:59.803259Z,Multiple triggers,28.343447912654774,0.07793103448275863,12,53.85690833333333,-166.41502499999999,us10002xiz,pavdut,lts,3,33.74,4.0,52.1216,-169.3444,2015-07-28T23:18:21.050000Z,2015-07-28T15:18:21.050000Z,275.6229233446757,226.70669298808787,POM,0.12573548654439592,7.953204202593276,22.550230191137686,37.913259495538775
977,223.89648376378847,0.19099401921701104,5.235766041782601,0.711466650279934,0.22687360435005743,2.245356792782843,2015-07-28T22:47:51.425000Z,0.36632873786405185,-0.06528159596213207,10,0.5,6,-1,peak,max mdccm,2015-07-28T22:47:49.416469Z,Multiple triggers,36.68422615223055,0.16608695652173913,12,53.85690833333333,-166.41502499999999,us10002xiy,pavdut,lts,3,35.8,3.9,52.003,-169.287,2015-07-28T22:47:09.140000Z,2015-07-28T14:47:09.140000Z,282.55593063179117,224.26281250165252,POM,0.12571242325487897,7.954663303025538,22.545866244695638,38.736468742355974
978,222.89752227541248,0.18865084328559503,5.30079793222084,0.551567837379702,0.25494617498882777,2.570420138079072,2015-07-28T22:44:42.985000Z,0.7610765527654451,-0.06309260778816689,10,0.5,6,-1,peak,max mdccm,2015-07-28T22:44:40.981905Z,Multiple triggers,25.277059773395763,0.07538461538461538,12,53.85690833333333,-166.41502499999999,us10002xic,pavdut,lts,3,42.4,3.6,51.966,-169.282,2015-07-28T22:44:00.340000Z,2015-07-28T14:44:00.340000Z,285.40279655682315,223.65859882817793,POM,0.12555823549742814,7.964431771745338,22.516694976534474,39.001904597488064
979,220.22106377637658,0.1819550648825197,5.495862402322549,0.5998124026979342,0.3036471823610887,3.134080802391196,2015-07-28T21:47:30.985000Z,6.294056738052177,-0.05621227746100155,10,0.5,6,-1,peak,max mdccm,2015-07-28T21:47:28.991483Z,Multiple triggers,66.19338152491329,0.379047619047619,12,53.85690833333333,-166.41502499999999,us10002xiv,pavdut,lts,3,29.9,4.0,52.103,-169.355,2015-07-28T21:46:49.660000Z,2015-07-28T13:46:49.660000Z,277.6118265086223,226.51512051442876,POM,0.12574278742151815,7.952742423688882,22.55161166362948,38.271482797571245
980,202.55910633256372,0.40519107174355273,2.467971457754391,0.28656641420175916,0.36662913824228727,7.122191659537094,2015-07-28T21:43:06.385000Z,21.189920146637093,-0.2788665912849216,10,0.5,6,-1,peak,max mdccm,2015-07-28T21:43:06.390227Z,Taup,0.0,0.0,12,53.85690833333333,-166.41502499999999,us10002xkl,pavdut,lts,3,16.0,3.5,52.014,-169.222,2015-07-28T21:42:27.320000Z,2015-07-28T13:42:27.320000Z,278.67122989352686,223.7490264792008,POM,0.12632448045863115,7.916122008730373,22.66172421962724,39.0702266506209
981,225.10391624913916,0.1868702892328965,5.351305464902983,0.49008622293098314,0.2843373932138453,2.7164430056193964,2015-07-28T21:42:17.605000Z,-1.6224094474276853,-0.061126733109506504,10,0.5,6,-1,peak,max mdccm,2015-07-28T21:42:15.610672Z,Multiple triggers,47.20869277102662,0.20857142857142857,12,53.85690833333333,-166.41502499999999,us10002xiu,pavdut,lts,3,28.1,3.4,51.9709,-169.258,2015-07-28T21:41:34.870000Z,2015-07-28T13:41:34.870000Z,283.9046942457635,223.48150680171148,POM,0.12574355612339,7.952693806581366,22.551757118257555,39.12067215411299
982,225.54197701620092,0.18923931991063922,5.284314065767148,0.6188251354350254,0.2684697846687851,2.800770714111195,2015-07-28T21:32:28.685000Z,-0.5793200046453535,-0.06351997594927133,10,0.5,6,-1,peak,max mdccm,2015-07-28T21:32:26.683601Z,Multiple triggers,36.75900396249669,0.18344827586206897,12,53.85690833333333,-166.41502499999999,us10002xit,pavdut,lts,3,35.1,3.9,52.028,-169.318,2015-07-28T21:31:46.450000Z,2015-07-28T13:31:46.450000Z,281.9313454025656,224.96265701155556,POM,0.12571934396136789,7.954225407883839,22.54717573951857,38.67360084681059
983,22.98368764147233,0.10620077642490036,9.41612701586177,0.45491067007740227,5.741276574351094,28.207996589263786,2015-07-28T21:31:44.825000Z,-158.77525762690107,0.019540732120622406,10,0.5,6,-1,peak,max mdccm,2015-07-28T21:31:44.817400Z,Taup,0.0,0.0,12,53.85690833333333,-166.41502499999999,us10002xkk,pavdut,lts,3,30.0,3.0,51.976,-169.321,2015-07-28T21:31:05.450000Z,2015-07-28T13:31:05.450000Z,286.35164855477814,224.20843001457126,POM,0.12574150854552277,7.952823308446036,22.55136967362283,39.367400006732666
984,206.23029980333422,0.23548382602083526,4.246576153011551,0.494772727483767,0.5048726196542415,5.266263386426658,2015-07-28T21:26:07.425000Z,17.535479172442194,-0.10973652435128489,10,0.5,6,-1,peak,max mdccm,2015-07-28T21:26:10.421052Z,Taup,0.0,0.0,12,53.85690833333333,-166.41502499999999,us10002xkh,pavdut,lts,3,25.5,3.0,51.99,-169.258,2015-07-28T21:25:31.410000Z,2015-07-28T13:25:31.410000Z,282.3094528753525,223.7657789757764,POM,0.12574730166955037,7.952456925301559,22.552465856885803,39.011051965209596
985,230.26511810695172,0.18221218181789908,5.488107271551083,0.7889823110416094,0.22042554895625122,2.017081202698222,2015-07-28T21:22:17.545000Z,-0.8883867754968833,-0.05609768160595757,10,0.5,6,-1,peak,max mdccm,2015-07-28T21:22:15.553037Z,Multiple triggers,45.4070647155008,0.1317241379310345,12,53.85690833333333,-166.41502499999999,us20003122,pavdut,lts,3,20.0,5.3,52.2065,-169.4714,2015-07-28T21:21:35.550000Z,2015-07-28T13:21:35.550000Z,275.23345174341404,229.37673133145483,POM,0.1261145002119415,7.929302327008011,22.62196549135826,38.38303739467884
986,223.172859862456,0.19002257050829252,5.262532747163108,0.6498462548449774,0.18599434177536045,1.7589036579308015,2015-07-28T21:21:50.265000Z,2.5956898680633174,-0.06430903136405813,10,0.5,6,-1,peak,max mdccm,2015-07-28T21:21:48.267883Z,Multiple triggers,30.962371799871157,0.06333333333333334,12,53.85690833333333,-166.41502499999999,us10002xis,pavdut,lts,3,37.0,3.9,52.1019,-169.284,2015-07-28T21:21:08.030000Z,2015-07-28T13:21:08.030000Z,274.33141654986923,225.7685497305193,POM,0.1257135391442344,7.954592693891739,22.546077385786724,37.67788308413706
987,222.3152387070046,0.19225264623031174,5.20148887210653,0.6931330029695622,0.227241253799634,2.166121943501281,2015-07-28T20:49:57.205000Z,2.330565934309533,-0.06593999513967741,10,0.5,6,-1,peak,max mdccm,2015-07-28T20:49:55.201617Z,Multiple triggers,48.78178221750729,0.2557142857142857,12,53.85690833333333,-166.41502499999999,us20003115,pavdut,lts,3,15.4,4.0,52.0313,-169.2824,2015-07-28T20:49:13.290000Z,2015-07-28T12:49:13.290000Z,280.0099026763148,224.64580464131413,POM,0.12631265109063433,7.916863365352536,22.659484080895467,39.281617222915266
988,222.1995500299348,0.18136296493625542,5.513804873842216,0.5793708696927997,0.32644661934348074,3.3812149272171723,2015-07-28T20:44:49.025000Z,2.0762948902313383,-0.054987683353913325,10,0.5,6,-1,peak,max mdccm,2015-07-28T20:44:47.025290Z,Multiple triggers,55.44818439895486,0.23130434782608697,12,53.85690833333333,-166.41502499999999,us20003111,pavdut,lts,3,13.91,3.9,52.0112,-169.2763,2015-07-28T20:44:05.540000Z,2015-07-28T12:44:05.540000Z,281.38623342232245,224.27584492016615,POM,0.1263752815823421,7.912939836643861,22.67134489281865,39.56529002737171
989,215.73436994266706,0.20955253073363728,4.772073124094609,0.7758188698242189,0.19688910424602302,2.051491900708271,2015-07-28T13:00:47.665000Z,17.17844882554084,-0.08382737278448907,10,0.5,6,-1,peak,max mdccm,2015-07-28T13:00:45.666960Z,Multiple triggers,31.860559960751118,0.07043478260869565,12,53.85690833333333,-166.41502499999999,us10002xi6,pavdut,lts,3,36.21,3.7,52.3452,-169.5881,2015-07-28T13:00:07.200000Z,2015-07-28T05:00:07.200000Z,271.0160514570444,232.9128187682079,POM,0.1257251579491482,7.953857575621165,22.54827583722938,37.27695952863348
990,223.98270580283554,0.18766000190441734,5.328786048448084,0.7322516787443064,0.1767996279553583,1.6573856257350599,2015-07-28T11:20:28.005000Z,4.044585138251193,-0.06165386797928202,10,0.5,6,-1,peak,max mdccm,2015-07-28T11:20:26.008746Z,Multiple triggers,33.692491334653425,0.0773913043478261,12,53.85690833333333,-166.41502499999999,us200030sa,pavdut,lts,3,23.1,3.9,52.198,-169.35,2015-07-28T11:19:46.900000Z,2015-07-28T03:19:46.900000Z,269.8850613078276,228.02729094108673,POM,0.12600613392513532,7.936121590669033,22.601451365419877,37.548745762476635
991,132.66947865446235,0.1623396536044606,6.159924441113401,0.2798099999137391,14.708846831337485,17.872791641787956,2015-08-13T23:42:39.385000Z,-77.15723298400025,-0.03958153692618385,10,0.5,6,-1,peak,max mdccm,2015-08-13T23:42:39.395697Z,Taup,0.0,0.0,12,53.85690833333333,-166.41502499999999,ak015achupxf,pavdut,lts,3,47.8,3.1,57.8927,-153.6158,2015-08-13T23:40:42.276000Z,2015-08-13T15:40:42.276000Z,916.4795945358195,55.512245670462114,POM,0.12275811667827674,8.146100861263537,21.98799132463868,117.11969730234188
992,218.4993287261193,0.18753635490333515,5.332299438769864,0.6342668837386642,0.2331154367208228,2.2103113612048446,2015-07-28T08:31:27.245000Z,3.3059552689060467,-0.061789239668016444,10,0.5,6,-1,peak,max mdccm,2015-07-28T08:31:25.249774Z,Multiple triggers,29.880163031531517,0.09454545454545456,12,53.85690833333333,-166.41502499999999,us10002xi3,pavdut,lts,3,26.7,3.0,51.9142,-169.1772,2015-07-28T08:30:44.070000Z,2015-07-28T00:30:44.070000Z,285.10696531691684,221.80528399502535,POM,0.1257471152353187,7.952468715712765,22.55243057939664,39.31977389477899
993,220.2597840762744,0.19577630968727097,5.107870311772549,0.7428920386564857,0.2098428391627123,2.041068728180875,2015-07-28T04:55:34.625000Z,10.187562969370134,-0.07004179555683848,10,0.5,6,-1,peak,max mdccm,2015-07-28T04:55:32.624265Z,Multiple triggers,49.28392791163997,0.10333333333333333,12,53.85690833333333,-166.41502499999999,us200030qg,pavdut,lts,3,35.4,3.9,52.286,-169.44,2015-07-28T04:54:54.480000Z,2015-07-27T20:54:54.480000Z,267.6739411546919,230.44734704564453,POM,0.1257345141304325,7.9532657116138825,22.550046191941703,36.874264904382954
994,216.13379631621785,0.20008765979813914,4.997809465155733,0.5756241658040112,0.2665808176043414,2.7387169868397905,2015-07-28T03:37:08.785000Z,7.438986271118182,-0.07433012317550775,10,0.5,6,-1,peak,max mdccm,2015-07-28T03:37:06.788321Z,Multiple triggers,27.639163114445882,0.13058823529411767,12,53.85690833333333,-166.41502499999999,us10002xi2,pavdut,lts,3,24.41,3.6,52.0029,-169.2212,2015-07-28T03:36:26.540000Z,2015-07-27T19:36:26.540000Z,279.5610283467454,223.57278258733604,POM,0.1257575366226314,7.951809703467421,22.554402550719672,38.70832106543781
995,224.2141690370188,0.19343368948131823,5.169730271295785,0.5719856605789114,0.2136869869862994,2.2089549142742726,2015-07-28T03:06:01.865000Z,-0.3453940228899057,-0.06768683499030934,10,0.5,6,-1,peak,max mdccm,2015-07-28T03:05:59.864987Z,Multiple triggers,26.557211963276252,0.060000000000000005,12,53.85690833333333,-166.41502499999999,us10002xji,pavdut,lts,3,26.83,3.1,51.9753,-169.289,2015-07-28T03:05:18.770000Z,2015-07-27T19:05:18.770000Z,284.9460641581601,223.8687750141289,POM,0.1257468544910089,7.952485205675675,22.552381240808646,39.294987225609056
996,224.0905969246577,0.2021641205138055,4.946476147490827,0.6519047459947083,0.2074987832819506,2.0883781644666897,2015-07-28T03:03:47.125000Z,2.15823824040055,-0.0764065838911741,10,0.5,6,-1,peak,max mdccm,2015-07-28T03:03:45.124243Z,Multiple triggers,28.219286469016435,0.05411764705882354,12,53.85690833333333,-166.41502499999999,us10002xi0,pavdut,lts,3,26.5,3.0,52.168,-169.227,2015-07-28T03:03:03.200000Z,2015-07-27T19:03:03.200000Z,266.31912034381025,226.24883516505824,POM,0.1257575366226314,7.951809703467421,22.554402550719672,36.96424261477957
997,222.72051763486775,0.20640961630313237,4.844735521098028,0.544593015946365,0.23503625061459132,2.4574661938286795,2015-07-28T00:33:49.085000Z,1.6655851567153377,-0.08079600932232356,10,0.5,6,-1,peak,max mdccm,2015-07-28T00:33:47.081533Z,Multiple triggers,30.84308021714297,0.10250000000000001,12,53.85690833333333,-166.41502499999999,us10002xhy,pavdut,lts,3,41.4,3.1,52.005,-169.296,2015-07-28T00:33:06.790000Z,2015-07-27T16:33:06.790000Z,282.80441534255,224.38610279158308,POM,0.1256136069808088,7.960920986472266,22.52717017315179,38.68153317878646
998,215.1791152888269,0.20325900442971015,4.919831240961402,0.6139533138844322,0.1276716125559303,1.3022564621079482,2015-07-28T00:19:50.645000Z,14.179827231815068,-0.07769631650776918,10,0.5,6,-1,peak,max mdccm,2015-07-28T00:19:48.636990Z,Multiple triggers,29.26691869313235,0.061111111111111116,12,53.85690833333333,-166.41502499999999,us10002xhx,pavdut,lts,3,43.3,3.2,52.315,-169.28,2015-07-28T00:19:09.830000Z,2015-07-27T16:19:09.830000Z,257.44199701998525,229.35894252064196,POM,0.12556268792194097,7.964149354796178,22.517537258404822,35.486989520413424
999,223.47124009579642,0.1786617828573766,5.597167922578535,0.6584534214605904,0.28960649416693673,2.572825068551083,2015-07-27T23:04:53.565000Z,0.6836352405295258,-0.05295114733682171,10,0.5,6,-1,peak,max mdccm,2015-07-27T23:04:51.558695Z,Multiple triggers,34.6746913448776,0.10181818181818182,12,53.85690833333333,-166.41502499999999,us200030m3,pavdut,lts,3,35.8,4.1,51.9917,-169.293,2015-07-27T23:04:11.000000Z,2015-07-27T15:04:11.000000Z,283.76684306827485,224.15487533632594,POM,0.1257106355205549,7.954776426506017,22.54552798228404,38.88869465354198
1000,225.4275855584453,0.19246211548305062,5.195827747659076,0.5672943560235184,0.2154306923112066,2.0669566233453622,2015-07-27T23:01:06.905000Z,-1.1054042348053201,-0.06674807606693917,10,0.5,6,-1,peak,max mdccm,2015-07-27T23:01:04.896361Z,Multiple triggers,24.14462538356476,0.04933333333333335,12,53.85690833333333,-166.41502499999999,us10002wp3,pavdut,lts,3,35.8,3.0,52.0122,-169.2793,2015-07-27T23:00:24.000000Z,2015-07-27T15:00:24.000000Z,281.44142966093165,224.32218132363997,POM,0.12571403941611145,7.954561039042076,22.546172043977045,38.596361016937834
1001,226.10776906374088,0.19466466673587776,5.137039077342198,0.6358565355998451,0.23831052497255722,2.3623121248694474,2015-07-27T21:51:45.605000Z,1.8801084889374522,-0.0689491620486051,10,0.5,6,-1,peak,max mdccm,2015-07-27T21:51:43.605932Z,Multiple triggers,48.28577001855273,0.16952380952380955,12,53.85690833333333,-166.41502499999999,us10002wnt,pavdut,lts,3,37.7,3.2,52.2078,-169.3298,2015-07-27T21:51:04.000000Z,2015-07-27T13:51:04.000000Z,268.1351819177667,227.98787755267833,POM,0.12571550468727266,7.954468325029436,22.54644929342819,36.88593245792956
1002,218.14021844363572,0.20300429701253825,4.926004102948799,0.8111146724642414,0.1818872155533655,1.8340771297153253,2015-07-27T20:15:02.465000Z,10.873073504508199,-0.07730499708369848,10,0.5,6,-1,peak,max mdccm,2015-07-27T20:15:00.465138Z,Multiple triggers,32.27142449907961,0.09333333333333334,12,53.85690833333333,-166.41502499999999,us200030iy,pavdut,lts,3,39.13,4.6,52.2432,-169.371,2015-07-27T20:14:22.750000Z,2015-07-27T12:14:22.750000Z,267.4369619603593,229.01329194814392,POM,0.12569929992883977,7.9554937900697515,22.543383161296642,36.775138250973114
1003,227.84328555917597,0.18960336503633646,5.274167997009734,0.7685824566016861,0.20774208426937912,1.9762653305036224,2015-07-27T19:10:47.045000Z,-0.15225192932570053,-0.06367937262510731,10,0.5,6,-1,peak,max mdccm,2015-07-27T19:10:45.045459Z,Multiple triggers,33.120744689682056,0.08272727272727273,12,53.85690833333333,-166.41502499999999,us10002wnf,pavdut,lts,3,25.02,3.9,52.213,-169.2923,2015-07-27T19:10:05.030000Z,2015-07-27T11:10:05.030000Z,265.90071432816075,227.69103362985027,POM,0.12592399241122915,7.941298404312871,22.58590371997283,36.96545857342816
1004,221.97242370738184,0.20249760859990532,4.938329923568626,0.6698608876252024,0.19263149633701193,1.939433069039893,2015-07-27T18:47:57.525000Z,5.304898969142101,-0.07596065222414497,10,0.5,6,-1,peak,max mdccm,2015-07-27T18:47:55.517060Z,Multiple triggers,31.725355831043917,0.05826086956521741,12,53.85690833333333,-166.41502499999999,us200030mj,pavdut,lts,3,16.11,3.0,52.1485,-169.3574,2015-07-27T18:47:14.930000Z,2015-07-27T10:47:14.930000Z,274.11894403108744,227.27732267652394,POM,0.12653695637576035,7.902829565699605,22.70196721977963,38.48705970141586
1005,213.7180379101564,0.20081918897967863,4.979603817149129,0.7226289954222801,0.2048126160265018,2.0621821666641154,2015-07-27T15:00:56.925000Z,15.69497892666459,-0.07508313547365383,10,0.5,6,-1,peak,max mdccm,2015-07-27T15:00:54.929340Z,Multiple triggers,39.02267245490393,0.09517241379310347,12,53.85690833333333,-166.41502499999999,us200030dy,pavdut,lts,3,35.0,4.4,52.2493,-169.4004,2015-07-27T15:00:16.630000Z,2015-07-27T07:00:16.630000Z,268.4373806440084,229.413016836821,POM,0.1257360535060248,7.953168340471922,22.55033747116234,36.97933981361511
1006,219.48328925649173,0.1740974685655356,5.743908904818851,0.7540978826181111,0.25673102249891677,2.1954510560025824,2015-07-27T14:34:23.945000Z,11.148959543387718,-0.04834851668668061,10,0.5,6,-1,peak,max mdccm,2015-07-27T14:34:21.951825Z,Multiple triggers,40.59786492096662,0.08333333333333333,12,53.85690833333333,-166.41502499999999,us10002wpm,pavdut,lts,3,35.0,4.3,52.3656,-169.3134,2015-07-27T14:33:44.660000Z,2015-07-27T06:33:44.660000Z,255.33529343503503,230.63224879987945,POM,0.125748951878855,7.952352564841955,22.552778113458377,35.331825378255374
1007,230.30785999271473,0.18506985093151052,5.403365242727048,0.49675180097420296,0.3086434828680753,2.779252729446142,2015-07-27T14:25:44.525000Z,-3.198820136202613,-0.05899645799931813,10,0.5,6,-1,peak,max mdccm,2015-07-27T14:25:42.524384Z,Multiple triggers,25.663482172441825,0.05500000000000001,12,53.85690833333333,-166.41502499999999,us10002wr9,pavdut,lts,3,20.17,3.1,52.1332,-169.3655,2015-07-27T14:25:01.490000Z,2015-07-27T06:25:01.490000Z,275.71713404323685,227.1090398565121,POM,0.12607339293219239,7.931887742069752,22.61418337603742,38.43438395427768
1008,213.92823315395088,0.19917465597897552,5.020719102462303,0.6194967550667563,0.23455807121266714,2.430421195262113,2015-07-27T13:33:28.265000Z,20.388371602505856,-0.07343404554496882,10,0.5,6,-1,peak,max mdccm,2015-07-27T13:33:26.267888Z,Multiple triggers,34.73691912684521,0.09500000000000001,12,53.85690833333333,-166.41502499999999,us10002wpk,pavdut,lts,3,35.0,3.3,52.4321,-169.5653,2015-07-27T13:32:48.490000Z,2015-07-27T05:32:48.490000Z,263.733512880574,234.31660475645674,POM,0.1257406104340067,7.95288011206878,22.55119973244941,36.387887630285185
1009,223.91348826547835,0.18623854229464906,5.369457834447041,0.7184391934810235,0.21609480322830743,2.0012074364088335,2015-07-27T14:23:34.745000Z,4.337862354967598,-0.06065034941094544,10,0.5,6,-1,peak,max mdccm,2015-07-27T14:23:32.754160Z,Multiple triggers,40.590865720214,0.178,12,53.85690833333333,-166.41502499999999,us200030e9,pavdut,lts,3,42.39,4.1,52.1928,-169.3809,2015-07-27T14:22:54.740000Z,2015-07-27T06:22:54.740000Z,271.802873673735,228.25135062044595,POM,0.12558819288370363,7.962531962905251,22.522362226761423,37.29415963005219
1010,229.8845358069126,0.18387897200922665,5.4383597486602335,0.7136652189245534,0.1675169068699276,1.5414116462385437,2015-07-27T13:30:41.385000Z,-1.6263574408910983,-0.05815342162901513,10,0.5,6,-1,peak,max mdccm,2015-07-27T13:30:39.393987Z,Multiple triggers,27.11656846755013,0.05333333333333334,12,53.85690833333333,-166.41502499999999,us10002wpj,pavdut,lts,3,35.0,3.8,52.1561,-169.4431,2015-07-27T13:29:59.750000Z,2015-07-27T05:29:59.750000Z,277.70043819815464,228.2581783660215,POM,0.12572555038021152,7.953832748998602,22.548350091659838,38.14398738506108
1011,290.1193983235584,0.180084169437564,5.552958947603135,0.24466290720088008,0.20382518648123693,18.578646643145134,2015-08-05T15:38:53.725000Z,-44.54661897970712,-0.0554465727609645,10,0.5,6,-1,peak,max mdccm,2015-08-05T15:38:56.722549Z,Taup,0.0,0.0,12,53.85690833333333,-166.41502499999999,us100031rl,pavdut,lts,3,14.4,3.8,51.3124,-174.3929,2015-08-05T15:37:36.000000Z,2015-08-05T07:37:36.000000Z,609.9000545488217,245.5727793438513,POM,0.1246375966765995,8.023261252338864,22.3426441281356,80.72254935655404
1012,216.9663500857912,0.20467774867293823,4.885728939680371,0.6765401940966972,0.1689134400628438,1.8019247236802585,2015-07-27T12:45:28.485000Z,15.41802093848068,-0.0789312924452294,10,0.5,6,-1,peak,max mdccm,2015-07-27T12:45:26.479616Z,Multiple triggers,40.65816511806622,0.15916666666666668,12,53.85690833333333,-166.41502499999999,us10002wq5,pavdut,lts,3,37.38,3.3,52.489,-169.2509,2015-07-27T12:44:52.670000Z,2015-07-27T04:44:52.670000Z,243.14506597597526,232.38437102427187,POM,0.12574645622770883,7.952510392731412,22.55230588062146,33.74961578258303
1013,82.31104922414454,0.722239879562037,1.3845815335015779,0.2486882675081403,0.5161706640544107,42.877250451306935,2015-08-06T01:10:41.645000Z,163.75719378274266,-0.5980579026742766,10,0.5,6,-1,peak,max mdccm,2015-08-06T01:10:44.644253Z,Taup,0.0,0.0,12,53.85690833333333,-166.41502499999999,us100032gj,pavdut,lts,3,28.9,3.4,51.2168,-174.8012,2015-08-06T01:09:21.000000Z,2015-08-05T17:09:21.000000Z,639.8364396313526,246.0682430068872,POM,0.12418197688776036,8.052698346909326,22.25658762179312,83.64425296006719
1014,221.05073400613207,0.19467402666915132,5.13679208834315,0.81923600152865,0.2119725255834095,2.0505514530976825,2015-07-27T12:19:57.325000Z,23.76929692701674,-0.0713380363891073,10,0.5,6,-1,peak,max mdccm,2015-07-27T12:19:55.320276Z,Multiple triggers,32.15055202524231,0.10833333333333334,12,53.85690833333333,-166.41502499999999,us200030d0,pavdut,lts,3,63.97,4.3,52.8534,-169.7741,2015-07-27T12:19:20.410000Z,2015-07-27T04:19:20.410000Z,249.96267112882566,244.82003093314881,POM,0.12333599028004402,8.10793344042904,22.0969394394697,34.65027560164984
1015,216.5567552218755,0.14601719267751842,6.848508601370784,0.35595410657866355,0.9074761432925835,9.092567743361172,2015-08-13T02:38:19.505000Z,39.48439861075303,-0.023238369233219106,10,0.5,6,-1,peak,max mdccm,2015-08-13T02:38:19.510301Z,Taup,0.0,0.0,12,53.85690833333333,-166.41502499999999,us100034aw,pavdut,lts,3,29.9,3.1,51.2208,-178.9582,2015-08-13T02:36:24.000000Z,2015-08-12T18:36:24.000000Z,898.7458975089269,256.04115383262854,POM,0.12277882344429931,8.144727013560827,21.99189378135429,115.51030078667041
1016,213.8058581235391,0.20516301429544298,4.874172878742948,0.6593916080454518,0.24967723662782992,2.5907828534480757,2015-07-27T11:57:34.885000Z,18.4722294851467,-0.07943017636478664,10,0.5,6,-1,peak,max mdccm,2015-07-27T11:57:32.893476Z,STA/LTA trigger,39.25993567712332,0.13214285714285715,12,53.85690833333333,-166.41502499999999,us200030pm,pavdut,lts,3,35.53,3.0,52.3392,-169.5315,2015-07-27T11:56:54.840000Z,2015-07-27T03:56:54.840000Z,268.4859911859522,232.2780876086858,POM,0.12573283793065634,7.9533717400979675,22.549729023675294,36.97347589685904
1017,225.63212078461606,0.19579157871094052,5.10747196883459,0.6636887773634688,0.23497920149777096,2.334991112401127,2015-07-27T11:46:00.205000Z,2.4371827449768375,-0.07004931769035183,10,0.5,6,-1,peak,max mdccm,2015-07-27T11:45:58.207220Z,Multiple triggers,49.05508828741518,0.24720000000000003,12,53.85690833333333,-166.41502499999999,us10002wq4,pavdut,lts,3,34.8,3.6,52.2426,-169.2796,2015-07-27T11:45:21.010000Z,2015-07-27T03:45:21.010000Z,262.9758186179203,228.0693035295929,POM,0.1257422610205887,7.952775716640429,22.551512057545224,36.29721981726217
1018,219.12097908374244,0.18637049053523783,5.365656317843548,0.5761621096529601,0.26631111891635495,2.8599030900342086,2015-07-27T11:39:50.045000Z,9.574219061663428,-0.06064925030009066,10,0.5,6,-1,peak,max mdccm,2015-07-27T11:39:48.039306Z,Multiple triggers,29.69513469936916,0.10461538461538461,12,53.85690833333333,-166.41502499999999,us10002wm3,pavdut,lts,3,37.5,3.0,52.2445,-169.3373,2015-07-27T11:39:10.460000Z,2015-07-27T03:39:10.460000Z,265.6675488650318,228.69519814540587,POM,0.12572124023514716,7.954105433016844,22.547534543306877,36.57930565014685
1019,222.74192167338958,0.18434785036548218,5.424527587478953,0.7925826324536551,0.23662909574072843,2.1692185199306664,2015-07-27T10:55:07.045000Z,2.770774479573305,-0.0569941070478901,10,0.5,6,-1,peak,max mdccm,2015-07-27T10:55:05.047278Z,Multiple triggers,47.66385764072238,0.14242424242424243,12,53.85690833333333,-166.41502499999999,us200030cv,pavdut,lts,3,11.7,4.6,52.1654,-169.1623,2015-07-27T10:54:26.000000Z,2015-07-27T02:54:26.000000Z,263.4720889244418,225.5126961529629,POM,0.12735374331759208,7.852144538117117,22.85677730199253,37.46727786997784
1020,223.25865822141316,0.19527368749130508,5.121017648855158,0.7981761556420518,0.1977101582895613,1.9211375653656546,2015-07-27T10:45:51.665000Z,3.235606994450791,-0.06891397399742635,10,0.5,6,-1,peak,max mdccm,2015-07-27T10:45:49.665953Z,Multiple triggers,42.109198302704115,0.08000000000000002,12,53.85690833333333,-166.41502499999999,us200030ct,pavdut,lts,3,20.1,4.7,52.153,-169.274,2015-07-27T10:45:08.000000Z,2015-07-27T02:45:08.000000Z,269.756120025308,226.49426521586395,POM,0.12635971349387873,7.913914746636737,22.668396549895355,37.68595338348222
1021,216.93357622481784,0.20385535545107067,4.905438946096365,0.658677682419645,0.19902722946461937,2.034588166930689,2015-07-27T10:18:32.765000Z,14.998481563090081,-0.07809781882843927,10,0.5,6,-1,peak,max mdccm,2015-07-27T10:18:30.764726Z,Multiple triggers,30.026162772603794,0.0625,12,53.85690833333333,-166.41502499999999,us10002wlt,pavdut,lts,3,25.8,3.2,52.3131,-169.5447,2015-07-27T10:17:51.000000Z,2015-07-27T02:17:51.000000Z,271.05343105584234,231.93205778790792,POM,0.1257575366226314,7.951809703467421,22.554402550719672,37.584725872034255
1022,106.93376834991642,0.0838164910896672,11.930826344545922,0.5905718279945049,1.0286082205018152,4.998169020379464,2015-08-13T03:39:44.425000Z,-46.111171168011595,0.03895236612023992,10,0.5,6,-1,peak,max mdccm,2015-08-13T03:39:42.424415Z,Multiple triggers,27.710627801140497,0.1142857142857143,12,53.85690833333333,-166.41502499999999,ak015ac5xeku,pavdut,lts,3,30.7,3.3,57.2849,-152.5313,2015-08-13T03:37:40.949000Z,2015-08-12T19:37:40.949000Z,953.1365340659584,60.82259718190483,POM,0.12276885720990711,8.14538819311664,21.990015502741187,122.15541536834617
1023,217.1301539548483,0.14848811239864762,6.734545842399083,0.3695124492100509,0.5423371329494104,4.04558346506758,2015-08-05T14:54:59.965000Z,31.242714094534136,-0.024570986476482287,10,0.5,6,-1,peak,max mdccm,2015-08-05T14:54:57.959632Z,Multiple triggers,25.500118368245946,0.078,12,53.85690833333333,-166.41502499999999,us10002y41,pavdut,lts,3,43.91,4.7,51.5576,-174.5664,2015-08-05T14:53:35.410000Z,2015-08-05T06:53:35.410000Z,606.9961838158406,248.37286804938245,POM,0.12391712592216533,8.069909567044984,22.20658744432218,79.13963153169176
1024,226.24801191626557,0.19277593955006844,5.18736934875774,0.7091044037135691,0.22406405948653507,2.2312419485558053,2015-07-27T09:36:37.145000Z,1.9745694958532738,-0.06701840292743705,10,0.5,6,-1,peak,max mdccm,2015-07-27T09:36:35.149552Z,STA/LTA trigger,29.92476663315329,0.09621621621621622,12,53.85690833333333,-166.41502499999999,us200030cg,pavdut,lts,3,25.9,3.8,52.2141,-169.3423,2015-07-27T09:35:56.000000Z,2015-07-27T01:35:56.000000Z,268.25845843698977,228.22258141211884,POM,0.1257575366226314,7.951809703467421,22.554402550719672,37.22955190885094
1025,218.98136343710928,0.19952239848848466,5.011968618940367,0.6567091390273927,0.2609846737373154,2.628466213751153,2015-07-27T11:12:37.845000Z,6.927826458200002,-0.07376486186585327,10,0.5,6,-1,peak,max mdccm,2015-07-27T11:12:35.843010Z,Multiple triggers,34.56283160915384,0.12787878787878787,12,53.85690833333333,-166.41502499999999,us10002wm1,pavdut,lts,3,23.91,3.8,52.1055,-169.292,2015-07-27T11:11:55.940000Z,2015-07-27T03:11:55.940000Z,274.4187014781594,225.90918989530928,POM,0.1257575366226314,7.951809703467421,22.554402550719672,38.08301037427067
1026,221.53672081615997,0.191811082471098,5.2134630966940065,0.6882798147981191,0.19928235216247447,1.9712203142474038,2015-07-27T08:41:51.925000Z,7.137527572872983,-0.06607003499217881,10,0.5,6,-1,peak,max mdccm,2015-07-27T08:41:49.917212Z,Multiple triggers,26.643959975220486,0.04727272727272727,12,53.85690833333333,-166.41502499999999,us10002wlc,pavdut,lts,3,34.3,3.7,52.2355,-169.3506,2015-07-27T08:41:11.000000Z,2015-07-27T00:41:11.000000Z,267.01619089657845,228.67424838903295,POM,0.12574104747891918,7.952852469816213,22.551282430310923,36.817211854314685
1027,224.18031883490625,0.19404899561277478,5.1533376755811835,0.7893319949782398,0.2009756843154089,1.9420324110974434,2015-07-27T08:28:31.745000Z,6.251133735858389,-0.06836102835599445,10,0.5,6,-1,peak,max mdccm,2015-07-27T08:28:29.746318Z,Multiple triggers,41.09472029565495,0.09999999999999996,12,53.85690833333333,-166.41502499999999,us200030c5,pavdut,lts,3,39.86,5.0,52.2888,-169.4333,2015-07-27T08:27:52.580000Z,2015-07-27T00:27:52.580000Z,267.12567526901074,230.43145257076463,POM,0.12568796725678033,7.956211098211187,22.541238926055726,36.72631786767968
1028,229.55879796976637,0.17524266729835059,5.706372856659962,0.6454159456816503,0.2673093058224838,2.355964706086098,2015-07-27T08:27:03.505000Z,-4.162973878263557,-0.049516797635288046,10,0.5,6,-1,peak,max mdccm,2015-07-27T08:27:01.497489Z,Multiple triggers,22.619467665410685,0.06333333333333334,12,53.85690833333333,-166.41502499999999,us10002wl9,pavdut,lts,3,35.5,3.1,52.0889,-169.2681,2015-07-27T08:26:20.000000Z,2015-07-27T00:26:20.000000Z,274.63691010071227,225.39582409150282,POM,0.12572586966306254,7.953812550113492,22.54841050527141,37.74748895864785
1029,222.90865599353037,0.20027175128958896,4.993215436329909,0.6932727841869439,0.1736746727702232,1.730717435783788,2015-07-27T08:13:09.985000Z,4.815425010565775,-0.07451421466695757,10,0.5,6,-1,peak,max mdccm,2015-07-27T08:13:07.988443Z,Multiple triggers,25.07596376453051,0.05090909090909091,12,53.85690833333333,-166.41502499999999,us200030pe,pavdut,lts,3,25.6,3.9,52.149,-169.401,2015-07-27T08:12:26.270000Z,2015-07-27T00:12:26.270000Z,276.1949073145638,227.72408100409615,POM,0.1257575366226314,7.951809703467421,22.554402550719672,38.238442565983846
1030,223.72152606135603,0.19135411381159956,5.225913256218596,0.7028574463001427,0.1692609685432691,1.6159823684652679,2015-07-27T08:03:19.065000Z,3.6609469060747415,-0.065606400002651,10,0.5,6,-1,peak,max mdccm,2015-07-27T08:03:17.074665Z,Multiple triggers,48.341115096988915,0.1472727272727273,12,53.85690833333333,-166.41502499999999,us10002wl3,pavdut,lts,3,31.6,4.0,52.1571,-169.3538,2015-07-27T08:02:37.000000Z,2015-07-27T00:02:37.000000Z,273.2678984152413,227.38247296743077,POM,0.12574771380894856,7.9524308610439105,22.552543842827514,37.67466541262042
1031,222.13658623789547,0.1993698247608098,5.015804177987974,0.6039344721954081,0.21256438219113294,2.106812622225334,2015-07-27T07:59:47.045000Z,4.0436064821398645,-0.07366831536916282,10,0.5,6,-1,peak,max mdccm,2015-07-27T07:59:45.052693Z,Multiple triggers,24.802901373950537,0.03272727272727272,12,53.85690833333333,-166.41502499999999,us10002wl0,pavdut,lts,3,38.0,3.7,52.1083,-169.3139,2015-07-27T07:59:05.000000Z,2015-07-26T23:59:05.000000Z,275.2309749235717,226.18019272003534,POM,0.12570150939164698,7.955353955888546,22.543801213805537,37.772692710614265
1032,223.0068786693895,0.1928811602690205,5.184539529963697,0.8804375993249058,0.20697365842287763,1.9859998262243153,2015-07-27T07:44:11.705000Z,5.978966619800275,-0.06718502797946063,10,0.5,6,-1,peak,max mdccm,2015-07-27T07:44:09.713069Z,Multiple triggers,25.033615832226594,0.06599999999999999,12,53.85690833333333,-166.41502499999999,us200030bx,pavdut,lts,3,39.58,5.7,52.2564,-169.3455,2015-07-27T07:43:31.050000Z,2015-07-26T23:43:31.050000Z,265.16232050870025,228.98584528918977,POM,0.12569613228955986,7.955694274636472,22.542783814404043,36.48306912795856
1033,223.61208107334028,0.1904230704263152,5.251464529803142,0.8521584787711747,0.1816694748322507,1.7274299382478944,2015-07-27T07:41:10.085000Z,5.390796468972894,-0.06468374464382254,10,0.5,6,-1,peak,max mdccm,2015-07-27T07:41:08.081734Z,Multiple triggers,30.06992133119715,0.0735483870967742,12,53.85690833333333,-166.41502499999999,us200030bu,pavdut,lts,3,35.0,5.9,52.2572,-169.3458,2015-07-27T07:40:31.120000Z,2015-07-26T23:40:31.120000Z,265.1161126809151,229.00287754231317,POM,0.12573932578249267,7.952961364925937,22.550956650320888,36.56173419864383
1034,213.93471872163235,0.18553207676252267,5.389903554413288,0.5622962577549431,0.19654836065215697,1.8635159910054142,2015-07-27T07:41:38.945000Z,23.233826728004004,-0.05979686917247837,10,0.5,6,-1,peak,max mdccm,2015-07-27T07:41:41.952162Z,Taup,0.0,0.0,12,53.85690833333333,-166.41502499999999,us100032cb,pavdut,lts,3,35.0,5.6,52.4977,-169.7473,2015-07-27T07:41:04.870000Z,2015-07-26T23:41:04.870000Z,269.2551516558694,237.16854544963635,POM,0.1257352075900443,7.953221847459533,22.55017740764963,37.08216212655396
1035,219.5142415903158,0.18716052348868975,5.343007068797982,0.6605447322192269,0.22739310494594633,2.1848570562304417,2015-07-27T07:41:21.545000Z,8.511897477627372,-0.06141598677289556,10,0.5,6,-1,peak,max mdccm,2015-07-27T07:41:24.538271Z,Taup,0.0,0.0,12,53.85690833333333,-166.41502499999999,us100032ca,pavdut,lts,3,35.0,5.5,52.3581,-169.0816,2015-07-27T07:40:50.590000Z,2015-07-26T23:40:50.590000Z,244.33236365279748,228.02613906794318,POM,0.1257445367157942,7.95263178916619,22.55194266727176,33.94827123181308
1036,223.64158739343998,0.18909729024438654,5.288283077497382,0.6157963142548492,0.24546095481850916,2.352099467432396,2015-07-27T07:31:47.925000Z,3.229142269686889,-0.06316803758390452,10,0.5,6,-1,peak,max mdccm,2015-07-27T07:31:45.916063Z,Multiple triggers,37.71518907772176,0.11703703703703704,12,53.85690833333333,-166.41502499999999,us10002wkq,pavdut,lts,3,22.1,4.0,52.1359,-169.3377,2015-07-27T07:31:06.000000Z,2015-07-26T23:31:06.000000Z,274.1657710045724,226.87072966312687,POM,0.12592925266048202,7.940966684651905,22.58689932092082,38.136062817546154
1037,221.81036336405703,0.1972576939465269,5.069510750090602,0.7418093324472326,0.22212361048463602,2.2195679424474974,2015-07-27T07:22:09.965000Z,7.506192289204705,-0.07150860245026852,10,0.5,6,-1,peak,max mdccm,2015-07-27T07:22:07.974391Z,Multiple triggers,47.12591461800635,0.1933333333333333,12,53.85690833333333,-166.41502499999999,us200030bp,pavdut,lts,3,35.0,4.7,52.3275,-169.254,2015-07-27T07:21:31.980000Z,2015-07-26T23:21:31.980000Z,255.1966460355081,229.31655565326173,POM,0.12574909149625838,7.95234373545955,22.55280453223158,35.31439091477639
1038,224.85785300000128,0.1992754196879578,5.01818037350459,0.6620557031994756,0.2262679595428927,2.372471910397934,2015-07-27T07:11:45.825000Z,4.074677405266101,-0.07354639257515974,10,0.5,6,-1,peak,max mdccm,2015-07-27T07:11:43.826471Z,Multiple triggers,38.42135228794098,0.14599999999999996,12,53.85690833333333,-166.41502499999999,us10002wkh,pavdut,lts,3,36.8,3.6,52.2613,-169.3318,2015-07-27T07:11:06.000000Z,2015-07-26T23:11:06.000000Z,264.1079259076519,228.93253040526739,POM,0.12572902711279807,7.953612804963867,22.549007948560178,36.39647070924309
1039,223.4085773532065,0.19186838817448582,5.211905981565844,0.6797040733804321,0.22299894153316702,2.1287769665587177,2015-07-27T07:02:00.165000Z,3.1906882640272727,-0.06615815916999215,10,0.5,6,-1,peak,max mdccm,2015-07-27T07:01:58.172128Z,Multiple triggers,39.37533065682128,0.11615384615384614,12,53.85690833333333,-166.41502499999999,us10002wkg,pavdut,lts,3,37.8,4.0,52.1477,-169.2925,2015-07-27T07:01:18.000000Z,2015-07-26T23:01:18.000000Z,271.06219468257547,226.59926561723378,POM,0.12571022900449366,7.954802150302771,22.545451064313323,37.252128116106164
1040,221.1423158873564,0.19746508166568127,5.064186495985414,0.6961947265721009,0.195103098575252,1.91485428364237,2015-07-27T06:59:55.705000Z,6.828711886110511,-0.07159452396322483,10,0.5,6,-1,peak,max mdccm,2015-07-27T06:59:53.713868Z,Multiple triggers,27.77148068214807,0.044285714285714296,12,53.85690833333333,-166.41502499999999,us10002wke,pavdut,lts,3,28.3,3.9,52.289,-169.1926,2015-07-27T06:59:16.000000Z,2015-07-26T22:59:16.000000Z,255.11848055404556,227.97102777346691,POM,0.12587055770245645,7.944669653120036,22.57579060570231,35.49386816479543
1041,222.96136878501056,0.19160813164898755,5.2189851829040785,0.7634970081083206,0.18953123761932433,1.8069444205910372,2015-07-27T06:54:37.185000Z,3.3245774674528263,-0.06442940132492983,10,0.5,6,-1,peak,max mdccm,2015-07-27T06:54:35.179593Z,Multiple triggers,27.73074868467655,0.07894736842105265,12,53.85690833333333,-166.41502499999999,us10002wk6,pavdut,lts,3,16.4,4.1,52.2148,-169.1568,2015-07-27T06:53:55.000000Z,2015-07-26T22:53:55.000000Z,259.23853062987723,226.2859462524634,POM,0.12717873032405771,7.862950018858896,22.823591334790436,36.57959317949937
1042,223.44010201472952,0.20281814777073995,4.930525256203269,0.7751255697080087,0.13397842861089737,1.3571515846218745,2015-07-27T06:58:31.465000Z,4.1039812038218315,-0.07706921174330458,10,0.5,6,-1,peak,max mdccm,2015-07-27T06:58:29.458194Z,Multiple triggers,35.29965428957324,0.09222222222222223,12,53.85690833333333,-166.41502499999999,us10002wkc,pavdut,lts,3,32.0,3.9,52.1809,-169.3308,2015-07-27T06:57:49.000000Z,2015-07-26T22:57:49.000000Z,270.28423626280045,227.54408321855135,POM,0.12574893602743537,7.952353567284452,22.55277511401128,37.288194028343064
1043,219.85814588597123,0.19940774322738714,5.01485039555203,0.8011014998529535,0.1882866490176438,1.8656214022672657,2015-07-27T06:45:57.665000Z,5.86728551096968,-0.07261019539598695,10,0.5,6,-1,peak,max mdccm,2015-07-27T06:45:55.656333Z,Multiple triggers,67.40580767430916,0.20833333333333334,12,53.85690833333333,-166.41502499999999,us200030bf,pavdut,lts,3,14.2,4.9,52.1163,-169.2577,2015-07-27T06:45:14.760000Z,2015-07-26T22:45:14.760000Z,271.92898106646726,225.7254313969409,POM,0.12679754783140018,7.886587848920212,22.751339469450972,38.346333408559424
1044,220.02195302022267,0.19283619018602793,5.185748582956892,0.7659274646412921,0.2794904511613461,2.6751295827804142,2015-07-27T06:53:15.165000Z,11.420958327957152,-0.06707865356339654,10,0.5,6,-1,peak,max mdccm,2015-07-27T06:53:13.175865Z,Multiple triggers,25.579618558631385,0.08722222222222223,12,53.85690833333333,-166.41502499999999,us10002wk3,pavdut,lts,3,27.8,3.5,52.3217,-169.4769,2015-07-27T06:52:33.000000Z,2015-07-26T22:52:33.000000Z,266.927763557597,231.44291134817982,POM,0.1257575366226314,7.951809703467421,22.554402550719672,36.99586538903682
1045,219.65727186275126,0.2105590006208702,4.749262662965365,0.6758840806592381,0.0798692232075906,0.8489443660549796,2015-07-27T06:44:47.925000Z,8.428012039894838,-0.0848189186629566,10,0.5,6,-1,peak,max mdccm,2015-07-27T06:44:45.935735Z,Multiple triggers,24.313314325954508,0.035,12,53.85690833333333,-166.41502499999999,us10002wjz,pavdut,lts,3,34.1,3.4,52.2046,-169.3447,2015-07-27T06:44:06.000000Z,2015-07-26T22:44:06.000000Z,269.11287713425645,228.0852839026461,POM,0.1257400819579136,7.952913537424839,22.55109973399941,37.08573520477076
1046,221.40061577599965,0.2353261980856276,4.249420626071273,0.40033089389432724,1.1164186131900968,9.360029925638969,2015-07-27T06:47:54.825000Z,9.819840057436949,-0.10830804298163615,10,0.5,6,-1,peak,max mdccm,2015-07-27T06:47:54.816229Z,Taup,0.0,0.0,12,53.85690833333333,-166.41502499999999,us10002wk1,pavdut,lts,3,20.2,3.2,52.385,-169.3356,2015-07-27T06:47:19.000000Z,2015-07-26T22:47:19.000000Z,255.0417151978445,231.2204558334366,POM,0.12701815510399145,7.872890290221006,22.7931501729556,35.816229352510796
1047,221.6687645096232,0.20152901205265997,4.962064716214149,0.6464147979879216,0.20183016444657031,2.021827498182404,2015-07-27T06:34:38.065000Z,6.493991947563302,-0.07581534426846909,10,0.5,6,-1,peak,max mdccm,2015-07-27T06:34:36.069944Z,Multiple triggers,26.245426062495532,0.05,12,53.85690833333333,-166.41502499999999,us10002wjw,pavdut,lts,3,37.6,4.0,52.2005,-169.3592,2015-07-27T06:33:56.000000Z,2015-07-26T22:33:56.000000Z,270.1414824049313,228.1627564571865,POM,0.12571366778419088,7.954584554136722,22.546101726196287,37.13994398298992
1048,225.4235727647757,0.19282401834491733,5.1860759286285205,0.661916891403715,0.21158287868108117,2.0339299844241623,2015-07-27T06:34:15.505000Z,0.7187883253358791,-0.06706648172228594,10,0.5,6,-1,peak,max mdccm,2015-07-27T06:34:13.496943Z,Multiple triggers,28.548256086562347,0.06363636363636366,12,53.85690833333333,-166.41502499999999,us10002wju,pavdut,lts,3,27.2,3.0,52.1527,-169.2409,2015-07-27T06:33:34.000000Z,2015-07-26T22:33:34.000000Z,268.2050071055652,226.1423610901116,POM,0.1257575366226314,7.951809703467421,22.554402550719672,37.17694322847465
1049,222.84830901271357,0.19444239887831624,5.142911246563095,0.6383690000095488,0.2592734383797972,2.553477222289871,2015-07-27T06:32:16.785000Z,2.999667530247933,-0.06873453654059408,10,0.5,6,-1,peak,max mdccm,2015-07-27T06:32:14.791297Z,Multiple triggers,24.263128982697197,0.030000000000000002,12,53.85690833333333,-166.41502499999999,us10002wjt,pavdut,lts,3,36.6,3.7,52.0625,-169.3524,2015-07-27T06:31:34.000000Z,2015-07-26T22:31:34.000000Z,280.7390614602324,225.8479765429615,POM,0.12570786233772216,7.954951913138388,22.545003261934156,38.491297379465095
1050,222.22959613277146,0.19380886986339166,5.159722569482301,0.8105661950378709,0.17833735149988827,1.719132895894262,2015-07-27T06:26:49.305000Z,7.700454610338255,-0.06869429169142821,10,0.5,6,-1,peak,max mdccm,2015-07-27T06:26:47.299329Z,Multiple triggers,21.992830112606466,0.045714285714285714,12,53.85690833333333,-166.41502499999999,us200030bd,pavdut,lts,3,49.1,4.4,52.3272,-169.314,2015-07-27T06:26:09.000000Z,2015-07-26T22:26:09.000000Z,258.22692325127457,229.93005074310972,POM,0.12511457817196345,7.992673712455413,22.432792346622698,35.57932934360661
1051,224.50765272524313,0.1942185885796367,5.148837746753388,0.7134573146499857,0.16851960200070915,1.6308721565145845,2015-07-27T06:26:22.665000Z,0.693251412165182,-0.0681226110404988,10,0.5,6,-1,peak,max mdccm,2015-07-27T06:26:20.669216Z,Multiple triggers,25.223740440525873,0.04888888888888889,12,53.85690833333333,-166.41502499999999,us10002wjp,pavdut,lts,3,22.1,4.2,52.1096,-169.2182,2015-07-27T06:25:38.000000Z,2015-07-26T22:25:38.000000Z,270.61969117547875,225.20090413740832,POM,0.1260959775391379,7.9304670895597615,22.61845886631662,37.6892163034927
1052,224.37587729706706,0.21192617320084592,4.7186243440175915,0.7981095523576565,,,2015-07-27T06:20:13.505000Z,3.975434475048587,-0.08564484535755637,10,0.5,6,-1,peak,max mdccm,2015-07-27T06:20:11.513138Z,Multiple triggers,33.64904775883828,0.09500000000000001,12,53.85690833333333,-166.41502499999999,us200030bc,pavdut,lts,3,23.85,5.0,52.2594,-169.2785,2015-07-27T06:19:32.190000Z,2015-07-26T22:19:32.190000Z,261.62141984498396,228.35131177211565,POM,0.12628132784328955,7.918827090897895,22.653552544166384,36.47313846925567
1053,218.6663192180825,0.19204768751421594,5.207040047935891,0.6441240899204371,0.2548789057906813,2.4699705117435826,2015-07-27T06:23:47.745000Z,8.641655624919593,-0.06629015089158455,10,0.5,6,-1,peak,max mdccm,2015-07-27T06:23:45.749778Z,Multiple triggers,26.82734495525181,0.052000000000000005,12,53.85690833333333,-166.41502499999999,us10002wjk,pavdut,lts,3,23.9,4.2,52.1381,-169.3773,2015-07-27T06:23:03.000000Z,2015-07-26T22:23:03.000000Z,275.900355668524,227.30797484300209,POM,0.1257575366226314,7.951809703467421,22.554402550719672,38.2697777542573
1054,208.73927988989118,0.37189131769691725,2.6889576400785367,0.4828356102162893,0.2910272004654306,3.663238380139177,2015-07-27T06:15:30.325000Z,20.71219179426518,-0.24614230125211362,10,0.5,6,-1,peak,max mdccm,2015-07-27T06:15:33.323771Z,Taup,0.0,0.0,12,53.85690833333333,-166.41502499999999,us10002wjf,pavdut,lts,3,35.0,3.7,52.331,-169.2608,2015-07-27T06:14:58.000000Z,2015-07-26T22:14:58.000000Z,255.27123761170256,229.45147168415636,POM,0.12574901644480363,7.952348481699185,22.552790330796793,35.323770566224056
1055,223.0684442251728,0.19869133440160977,5.032932125659418,0.8470269278366056,0.18848642772536994,1.8634341700023072,2015-07-27T06:14:12.925000Z,6.535090964862519,-0.07294430896940982,10,0.5,6,-1,peak,max mdccm,2015-07-27T06:14:10.927334Z,Multiple triggers,57.234878697868986,0.214,12,53.85690833333333,-166.41502499999999,us200030bb,pavdut,lts,3,32.52,5.1,52.2976,-169.3345,2015-07-27T06:13:33.760000Z,2015-07-26T22:13:33.760000Z,261.4844332680229,229.60353519003533,POM,0.12574702543219995,7.952474395023985,22.5524135866592,36.167334192151046
1056,207.52760285952195,0.22448449526860886,4.454650637690774,0.38874554036349995,0.3367592401514026,3.7771856089382254,2015-07-27T06:17:15.545000Z,21.55756565653428,-0.09874208567154119,10,0.5,6,-1,peak,max mdccm,2015-07-27T06:17:15.539987Z,Taup,0.0,0.0,12,53.85690833333333,-166.41502499999999,us10002wjh,pavdut,lts,3,32.9,3.0,52.2143,-169.4281,2015-07-27T06:16:38.000000Z,2015-07-26T22:16:38.000000Z,272.4815738827445,229.08516851605623,POM,0.12574240959706767,7.952766319688215,22.551540171320525,37.539986508417236
1057,224.16121741175874,0.1845460868457888,5.418700645956391,0.7683250992609518,0.2510104502654804,2.3056210853556536,2015-07-27T06:06:14.005000Z,5.203325456355259,-0.05842854131344968,10,0.5,6,-1,peak,max mdccm,2015-07-27T06:06:12.010235Z,STA/LTA trigger,51.310193143937674,0.17333333333333337,12,53.85690833333333,-166.41502499999999,us200030b9,pavdut,lts,3,21.86,5.4,52.2335,-169.4231,2015-07-27T06:05:32.550000Z,2015-07-26T22:05:32.550000Z,270.7704563521082,229.364542868114,POM,0.12611754553233911,7.9291108606580005,22.622542025610926,37.7202349687986
1058,221.41149633409373,0.1937341701190208,5.161712047934801,0.7413405198171685,0.19758944892614494,1.9028434244965524,2015-07-27T06:19:51.985000Z,5.098237719739956,-0.06798606894025336,10,0.5,6,-1,peak,max mdccm,2015-07-27T06:19:49.986065Z,Multiple triggers,27.360238191636025,0.05478260869565219,12,53.85690833333333,-166.41502499999999,us200030c3,pavdut,lts,3,30.5,3.8,52.2,-169.201,2015-07-27T06:19:10.950000Z,2015-07-26T22:19:10.950000Z,262.52546215050137,226.50973405383368,POM,0.12574810117876745,7.952406363403997,22.552617141854036,36.356065090122144
1059,223.58422312131893,0.1906905553829102,5.2440982092268875,0.6328149916150361,0.2369987790797854,2.7579108833128885,2015-07-27T06:04:18.985000Z,4.919107314199863,-0.06393838639397595,10,0.5,6,-1,peak,max mdccm,2015-07-27T06:04:16.978410Z,Multiple triggers,30.674613086785374,0.10736842105263159,12,53.85690833333333,-166.41502499999999,us10002wki,pavdut,lts,3,22.1,4.2,52.297,-169.2292,2015-07-27T06:03:39.000000Z,2015-07-26T22:03:39.000000Z,256.2965064306536,228.5033304355188,POM,0.12675216898893424,7.889411344805487,22.74274060896443,35.87841040947665
1060,218.87013062839912,0.1998543313394783,5.003644370866155,0.7023005362680698,0.1552343744187139,1.5420032488699462,2015-07-27T05:51:17.265000Z,8.895316871082514,-0.07412158703897836,10,0.5,6,-1,peak,max mdccm,2015-07-27T05:51:15.262950Z,Multiple triggers,31.036008363789094,0.05416666666666667,12,53.85690833333333,-166.41502499999999,us10002wjc,pavdut,lts,3,34.5,3.8,52.1625,-169.3829,2015-07-27T05:50:35.000000Z,2015-07-26T21:50:35.000000Z,274.25802784173584,227.76544749948164,POM,0.12573274430049994,7.953377662782978,22.54971130712457,37.72295001484083
1061,221.6642180949616,0.1955680149179257,5.113310581076724,0.6363160019281249,0.18892436735642937,1.8364615336311374,2015-07-27T05:48:33.525000Z,5.149205793131813,-0.06853852704624391,10,0.5,6,-1,peak,max mdccm,2015-07-27T05:48:31.522943Z,Multiple triggers,24.535254087591028,0.0375,12,53.85690833333333,-166.41502499999999,us10002wjb,pavdut,lts,3,5.1,4.0,52.1002,-169.389,2015-07-27T05:47:48.000000Z,2015-07-26T21:47:48.000000Z,279.46202493843043,226.8134238880934,POM,0.12702948787168178,7.872187920730226,22.7952983674624,40.152943480940216
1062,219.90178826618694,0.19200764098462877,5.208126066608231,0.6195823918246601,0.22784887155531175,2.1919332183962013,2015-07-27T05:32:55.845000Z,9.162326488609239,-0.066273555085343,10,0.5,6,-1,peak,max mdccm,2015-07-27T05:32:53.850044Z,Multiple triggers,42.392642790788585,0.09200000000000003,12,53.85690833333333,-166.41502499999999,us200030by,pavdut,lts,3,37.4,4.4,52.3179,-169.2466,2015-07-27T05:32:15.000000Z,2015-07-26T21:32:15.000000Z,255.5576799877551,229.06411475479618,POM,0.12573408589928578,7.953292799225578,22.54996516255095,35.31004416558446
1063,226.10885699407334,0.18927694567790795,5.283263613634685,0.7290834567087493,0.19133923260230246,1.8130137481289808,2015-07-27T05:32:28.245000Z,3.263051269111344,-0.06354003749540982,10,0.5,6,-1,peak,max mdccm,2015-07-27T05:32:26.252520Z,Multiple triggers,25.67001353359597,0.07400000000000001,12,53.85690833333333,-166.41502499999999,us200030bq,pavdut,lts,3,36.4,4.2,52.3034,-169.3016,2015-07-27T05:31:48.000000Z,2015-07-26T21:31:48.000000Z,259.3998004822842,229.37190826318468,POM,0.12573690818249814,7.953114280085299,22.550499192516735,35.81251964195437
1064,227.02387907527714,0.186786723116507,5.353699574119391,0.6997183331780283,0.22440299808526287,2.0897076560923438,2015-07-27T05:28:41.385000Z,0.5009162852851432,-0.06103775074229237,10,0.5,6,-1,peak,max mdccm,2015-07-27T05:28:39.392149Z,Multiple triggers,24.885419724178895,0.05636363636363637,12,53.85690833333333,-166.41502499999999,us200030b4,pavdut,lts,3,30.4,4.7,52.1875,-169.3181,2015-07-27T05:27:59.000000Z,2015-07-26T21:27:59.000000Z,269.15039420704863,227.52479536056228,POM,0.12574897237421462,7.9523512687174405,22.55278199164405,37.19214902984823
1065,223.30265493242655,0.19575944845260404,5.108310264993995,0.638659197581065,0.19682166460037687,1.9173325417796718,2015-07-27T05:27:42.905000Z,4.345784358045847,-0.06931927155884599,10,0.5,6,-1,peak,max mdccm,2015-07-27T05:27:40.896368Z,Multiple triggers,25.546160318879565,0.06533333333333334,12,53.85690833333333,-166.41502499999999,us10002wj4,pavdut,lts,3,17.5,4.1,52.1637,-169.3693,2015-07-27T05:26:58.000000Z,2015-07-26T21:26:58.000000Z,273.5022169868515,227.6484392904724,POM,0.12644017689375806,7.908878527117647,22.68363569289494,38.31636822393223
1066,207.82158168027877,0.42851455770688957,2.333643004688805,0.34650645397865226,1.3506409978803082,24.415537298895032,2015-07-27T05:28:08.845000Z,16.487342199764925,-0.30275702108425817,10,0.5,6,-1,peak,max mdccm,2015-07-27T05:28:11.842067Z,Taup,0.0,0.0,12,53.85690833333333,-166.41502499999999,us100032c8,pavdut,lts,3,33.94,3.5,52.3061,-168.8448,2015-07-27T05:27:38.760000Z,2015-07-26T21:27:38.760000Z,237.24214494100656,224.3089238800437,POM,0.1257575366226314,7.951809703467421,22.554402550719672,33.082067188464954
1067,219.4099278043749,0.18431059501000474,5.425624066515102,0.691027173063506,0.20801464570055428,1.9048787326720742,2015-07-27T05:24:51.205000Z,6.82433112920188,-0.05746472874213987,10,0.5,6,-1,peak,max mdccm,2015-07-27T05:24:49.198179Z,Multiple triggers,23.94889835224039,0.05000000000000001,12,53.85690833333333,-166.41502499999999,us10002wk0,pavdut,lts,3,17.0,4.0,52.1712,-169.2206,2015-07-27T05:24:08.000000Z,2015-07-26T21:24:08.000000Z,265.7588164482977,226.23425893357677,POM,0.12684586626786487,7.8835836706595135,22.760495950089812,37.3681792111803
1068,220.63465929972142,0.1912007834894807,5.2301040913622465,0.5943226346162264,0.23526727021642335,2.4953707513906807,2015-07-27T05:21:33.065000Z,4.717714175644659,-0.06419508281556133,10,0.5,6,-1,peak,max mdccm,2015-07-27T05:21:31.069880Z,Multiple triggers,33.935983335816545,0.12000000000000001,12,53.85690833333333,-166.41502499999999,us200030bm,pavdut,lts,3,11.0,3.2,52.1019,-169.2442,2015-07-27T05:20:50.000000Z,2015-07-26T21:20:50.000000Z,272.4615684121696,225.35237347536608,POM,0.12700570067391936,7.8736623214059405,22.79078939961069,38.669880442448886
1069,222.07949267253565,0.19323920673156827,5.174933270084866,0.6032642461037834,0.1942394378057899,1.8664704124612115,2015-07-27T06:02:54.865000Z,7.704153234241858,-0.06749757142691304,10,0.5,6,-1,peak,max mdccm,2015-07-27T06:02:52.869639Z,Multiple triggers,30.197947815668226,0.06200000000000001,12,53.85690833333333,-166.41502499999999,us10002wjd,pavdut,lts,3,36.6,3.0,52.3538,-169.2523,2015-07-27T06:02:14.000000Z,2015-07-26T22:02:14.000000Z,253.12612603372804,229.7836459067775,POM,0.12574163530465524,7.952815291268744,22.551393659075046,35.01963863871704
1070,220.033074484091,0.20787514993393472,4.8105798134977285,0.7749988326706556,0.1785078866512797,1.84392475868259,2015-07-27T05:17:53.305000Z,10.334972172768886,-0.08213384286000863,10,0.5,6,-1,peak,max mdccm,2015-07-27T05:17:51.302960Z,Multiple triggers,36.994476362388376,0.09575757575757576,12,53.85690833333333,-166.41502499999999,us200030ax,pavdut,lts,3,36.32,4.7,52.3582,-169.301,2015-07-27T05:17:15.130000Z,2015-07-26T21:17:15.130000Z,255.25468884474904,230.3680466568599,POM,0.12574130707392608,7.952836051020832,22.551331551034156,35.2929596435569
1071,222.62939056434936,0.19784966882938015,5.054342551679332,0.7290560682905867,0.19257493214744725,2.0043010714134084,2015-07-27T05:16:35.285000Z,6.091098011773596,-0.07211647984954392,10,0.5,6,-1,peak,max mdccm,2015-07-27T05:16:33.282492Z,Multiple triggers,23.105407455951756,0.037142857142857144,12,53.85690833333333,-166.41502499999999,us10002wjx,pavdut,lts,3,34.6,4.3,52.1978,-169.4195,2015-07-27T05:15:53.000000Z,2015-07-26T21:15:53.000000Z,273.31896817712146,228.72048857612296,POM,0.12573318897983624,7.953349534150203,22.54979544866844,37.60249241186611
1072,203.70909590490942,0.31608815925519573,3.1636743443864463,0.41560609429635637,0.5577466433593303,9.13630957033584,2015-07-27T05:20:02.865000Z,23.34839098768572,-0.1890075470238139,10,0.5,6,-1,peak,max mdccm,2015-07-27T05:20:05.867265Z,Taup,0.0,0.0,12,53.85690833333333,-166.41502499999999,us10002wp5,pavdut,lts,3,13.1,3.2,52.1841,-169.2784,2015-07-27T05:19:28.000000Z,2015-07-26T21:19:28.000000Z,267.49842704053606,227.05748689259514,POM,0.12708061223138184,7.869020950097812,22.80498971922353,37.86726548713277
1073,222.8072271758234,0.18481127465071204,5.410925290624022,0.709997374835238,0.18605952115201285,1.7109210207007948,2015-07-27T05:12:55.065000Z,10.299036163087237,-0.05940245782736908,10,0.5,6,-1,peak,max mdccm,2015-07-27T05:12:53.063730Z,Multiple triggers,32.48623691444294,0.08785714285714287,12,53.85690833333333,-166.41502499999999,us200030at,pavdut,lts,3,45.58,4.6,52.481,-169.3383,2015-07-27T05:12:18.360000Z,2015-07-26T21:12:18.360000Z,248.28960249213557,233.10626333891065,POM,0.12540881682334296,7.9739210155267575,22.488431859472307,34.33373049532419
1074,215.33059180364262,0.2389928504435595,4.184225587267766,0.33290523345256773,0.6164490279553516,5.810268539514453,2015-07-27T05:24:34.845000Z,15.446044602438548,-0.11283670813804833,10,0.5,6,-1,peak,max mdccm,2015-07-27T05:24:34.845049Z,Taup,0.0,0.0,12,53.85690833333333,-166.41502499999999,us10002wj2,pavdut,lts,3,24.6,3.5,52.329,-169.395,2015-07-27T05:23:58.330000Z,2015-07-26T21:23:58.330000Z,262.1969420548121,230.77663640608117,POM,0.12615614230551117,7.926684993096169,22.629849302654122,36.515048699894436
1075,222.04208289253177,0.19930481204858524,5.017440320288034,0.6501259242169255,0.20485333435256825,2.0298169209061143,2015-07-27T05:08:33.805000Z,5.604748907242794,-0.07242273391389922,10,0.5,6,-1,peak,max mdccm,2015-07-27T05:08:31.805084Z,Multiple triggers,26.455322159027524,0.06800000000000002,12,53.85690833333333,-166.41502499999999,us10002wiv,pavdut,lts,3,19.4,4.2,52.2492,-169.2283,2015-07-27T05:07:53.000000Z,2015-07-26T21:07:53.000000Z,259.95894112948815,227.64683179977456,POM,0.12688207813468602,7.881333713170228,22.767358603943133,36.485083703970716
1076,11.623506713676136,1.3100884538236974,0.7633072385924355,0.3874904413346583,0.37519890289041175,21.89530855836847,2015-07-27T05:09:44.825000Z,-145.40837054231548,-1.1833107403010032,10,0.5,6,-1,peak,max mdccm,2015-07-27T05:09:44.835070Z,Taup,0.0,0.0,12,53.85690833333333,-166.41502499999999,us10002wp0,pavdut,lts,3,16.1,3.1,52.1499,-169.2522,2015-07-27T05:09:07.000000Z,2015-07-26T21:09:07.000000Z,268.96590653001516,226.21513617136065,POM,0.1267777135226943,7.8878217015721095,22.747580989402902,37.83507010270512
1077,222.3164962433142,0.2076090546824103,4.8167455968129556,0.7987467180645138,0.13919668534250107,1.4378279595017034,2015-07-27T05:03:08.025000Z,3.037684742662435,-0.08034110133303021,10,0.5,6,-1,peak,max mdccm,2015-07-27T05:03:06.017177Z,Multiple triggers,36.02178573188262,0.08487804878048781,12,53.85690833333333,-166.41502499999999,us10002wjs,pavdut,lts,3,6.0,4.7,52.0978,-169.2506,2015-07-27T05:02:24.000000Z,2015-07-26T21:02:24.000000Z,273.09432705860127,225.35418098597663,POM,0.1272679533493801,7.85743758489435,22.840508794973506,39.23717696483547
1078,222.87125412327384,0.1941699667641135,5.150127059633509,0.6456756676535377,0.22051047025466275,2.129451777207521,2015-07-27T05:01:36.025000Z,3.675042351477657,-0.0684378330023229,10,0.5,6,-1,peak,max mdccm,2015-07-27T05:01:34.032351Z,STA/LTA trigger,23.939332898524192,0.052500000000000005,12,53.85690833333333,-166.41502499999999,us200030bh,pavdut,lts,3,34.0,4.3,52.1052,-169.3546,2015-07-27T05:00:53.000000Z,2015-07-26T21:00:53.000000Z,277.4171799395634,226.5462964747515,POM,0.1257321337617906,7.953416283339139,22.5495957820074,38.13235100652166
1079,223.30079395631242,0.17091638046286992,5.850814282936685,0.8245392563173006,0.2904184241640104,2.403806133890896,2015-07-27T04:56:28.145000Z,5.620006155312495,-0.045167846532849276,10,0.5,6,-1,peak,max mdccm,2015-07-27T04:56:26.137271Z,Multiple triggers,24.54246125962087,0.06,12,53.85690833333333,-166.41502499999999,us200030ar,pavdut,lts,3,27.84,5.7,52.208,-169.4223,2015-07-27T04:55:46.400000Z,2015-07-26T20:55:46.400000Z,272.67520947692987,228.9208001116249,POM,0.12574853393002064,7.952378995977022,22.552699028108147,37.71727124103062
1080,180.9391055734269,0.1276659183730381,7.83294408361998,0.56158311735115,2.0156331265849325,14.354907181585958,2015-07-27T04:54:07.605000Z,44.27086265625394,-0.0009039313837534146,10,0.5,6,-1,peak,max mdccm,2015-07-27T04:54:10.603675Z,Taup,0.0,0.0,12,53.85690833333333,-166.41502499999999,us10002wnw,pavdut,lts,3,13.96,5.2,52.0935,-169.2434,2015-07-27T04:53:32.090000Z,2015-07-26T20:53:32.090000Z,273.10748476272767,225.20996822968084,POM,0.12676198698928468,7.888800292192729,22.74460098109661,38.5136754002957
1081,43.57350718553215,0.16807371606962013,5.9497702757150694,0.42569139909125775,1.6538802412610156,17.037924829934525,2015-07-27T04:51:53.325000Z,-161.89486227695227,-0.04230811286041375,10,0.5,6,-1,peak,max mdccm,2015-07-27T04:51:56.323066Z,Taup,0.0,0.0,12,53.85690833333333,-166.41502499999999,us100032bk,pavdut,lts,3,31.9,5.9,52.7811,-169.5781,2015-07-27T04:51:22.540000Z,2015-07-26T20:51:22.540000Z,242.38916928228963,241.67864490857988,POM,0.12576560320920638,7.951299675607943,22.555928957772565,33.78306624929241
1082,214.32204355033014,0.20038998390692456,4.9902693762602,0.7716987051211546,0.2764062271729171,2.7540007674727747,2015-07-27T04:50:25.905000Z,17.816031484469846,-0.07463244728429316,10,0.5,6,-1,peak,max mdccm,2015-07-27T04:50:23.899196Z,STA/LTA trigger,38.86518365082293,0.08744186046511629,12,53.85690833333333,-166.41502499999999,us200030aq,pavdut,lts,3,29.0,6.9,52.376,-169.4458,2015-07-27T04:49:46.400000Z,2015-07-26T20:49:46.400000Z,261.3839073117264,232.13807503479998,POM,0.1257575366226314,7.951809703467421,22.554402550719672,36.2591955003495
1083,218.2116763380045,0.200146192309181,4.996347861843028,0.6946552376318782,0.21189789331599096,2.106737696271125,2015-07-27T01:40:02.185000Z,11.123454502615488,-0.07443245775881666,10,0.5,6,-1,peak,max mdccm,2015-07-27T01:40:00.190223Z,Multiple triggers,39.122723302034125,0.12352941176470589,12,53.85690833333333,-166.41502499999999,us10002wiq,pavdut,lts,3,37.46,4.0,52.2307,-169.425,2015-07-27T01:39:22.510000Z,2015-07-26T17:39:22.510000Z,271.07801302001576,229.33513084062,POM,0.12571373455036433,7.954580329481605,22.546114359255792,37.260223307541104
1084,224.04089049159404,0.19486246281305822,5.1318247011963125,0.7502225569858394,0.20692395222580817,2.1209248221499593,2015-07-27T01:15:44.545000Z,7.331161033675329,-0.06914820864819529,10,0.5,6,-1,peak,max mdccm,2015-07-27T01:15:42.548938Z,Multiple triggers,29.101063474655717,0.06916666666666667,12,53.85690833333333,-166.41502499999999,us2000309g,pavdut,lts,3,37.87,4.3,52.3144,-169.4832,2015-07-27T01:15:04.860000Z,2015-07-26T17:15:04.860000Z,267.7851515710822,231.37205152526937,POM,0.12571425416486293,7.954547450829164,22.54621267735878,36.83893836702081
1085,220.80856219454995,0.19670569597610457,5.083736874205606,0.4586090798026028,0.27313119663598373,3.0556328923441924,2015-07-27T01:15:21.045000Z,5.946050318022856,-0.07005149945851,10,0.5,6,-1,peak,max mdccm,2015-07-27T01:15:19.044154Z,Multiple triggers,24.398306485624893,0.05428571428571429,12,53.85690833333333,-166.41502499999999,us10002wip,pavdut,lts,3,15.0,3.6,52.1358,-169.3265,2015-07-27T01:14:37.000000Z,2015-07-26T17:14:37.000000Z,273.63637348839694,226.7546125125728,POM,0.12665419651759457,7.895514143987182,22.724177598590785,38.5041539358084
1086,105.50179523950072,0.08793777173316844,11.371677724952168,0.7001423749147642,0.9150996876258946,5.0435758799552275,2015-07-27T02:30:40.745000Z,-48.65494247561182,0.029150828380595156,10,0.5,6,-1,peak,max mdccm,2015-07-27T02:30:38.742098Z,Multiple triggers,49.60491604823687,0.2853333333333333,12,53.85690833333333,-166.41502499999999,us10002wir,pavdut,lts,3,150.5,4.1,55.8541,-160.608,2015-07-27T02:29:40.000000Z,2015-07-26T18:29:40.000000Z,433.98462354089685,56.846852763888904,POM,0.1170886001137636,8.540541086223572,20.92344447815155,58.68209810868977
1087,222.41958420177912,0.19858941819299408,5.0355150294472155,0.7154540241603844,0.20066012086511176,2.096061083734412,2015-07-27T00:52:25.645000Z,7.057075266951216,-0.07287262719624618,10,0.5,6,-1,peak,max mdccm,2015-07-27T00:52:23.649676Z,Multiple triggers,32.08175000703804,0.06200000000000001,12,53.85690833333333,-166.41502499999999,us10002win,pavdut,lts,3,37.3,3.5,52.2416,-169.4203,2015-07-27T00:51:44.000000Z,2015-07-26T16:51:44.000000Z,270.01603781144297,229.47665946873033,POM,0.1257167909967479,7.954386936474289,22.54669268132672,37.12967581422926
1088,225.60563104478007,0.19729341375382564,5.068592919415737,0.6561126134970584,0.21420028785807999,2.1226650613765514,2015-07-27T00:34:54.465000Z,1.7315323411676218,-0.07085315147991164,10,0.5,6,-1,peak,max mdccm,2015-07-27T00:34:52.457456Z,Multiple triggers,25.928744385828175,0.060000000000000005,12,53.85690833333333,-166.41502499999999,us10002wil,pavdut,lts,3,17.4,3.5,52.153,-169.356,2015-07-27T00:34:10.740000Z,2015-07-26T16:34:10.740000Z,273.6969121617712,227.3371633859477,POM,0.126440262273914,7.9088731865618005,22.683651864132937,38.34745609137286
1089,223.9505067896896,0.19198274427557727,5.208801466888986,0.7602337219849533,0.17692943950712703,1.6966917206963785,2015-07-27T00:32:18.845000Z,5.473590200179217,-0.06623535843642356,10,0.5,6,-1,peak,max mdccm,2015-07-27T00:32:16.847324Z,Multiple triggers,30.568822841396948,0.13571428571428573,12,53.85690833333333,-166.41502499999999,us20003093,pavdut,lts,3,30.41,4.5,52.2377,-169.4218,2015-07-27T00:31:38.280000Z,2015-07-26T16:31:38.280000Z,270.3867308766742,229.42409698986881,POM,0.1257473858391537,7.952451602287162,22.552481783643433,37.34732405022972
1090,217.58939827268296,0.1977280464585323,5.057451473935038,0.43088083624367324,0.1905322096645623,1.85309887584458,2015-07-27T00:34:20.365000Z,11.649667317756212,-0.07202035915932287,10,0.5,6,-1,peak,max mdccm,2015-07-27T00:34:20.366808Z,Taup,0.0,0.0,12,53.85690833333333,-166.41502499999999,us10002wik,pavdut,lts,3,37.7,3.4,52.213,-169.446,2015-07-27T00:33:42.810000Z,2015-07-26T16:33:42.810000Z,273.4717947111857,229.23906559043917,POM,0.12570768729920945,7.954962989811435,22.544970142558494,37.55680823350907
1091,118.07799702698497,0.15735151112831391,6.355197943949452,0.5348125105748254,3.0311719337051106,27.1217380322463,2015-07-26T14:20:09.065000Z,127.47001983260571,-0.03282698114385166,10,0.5,6,-1,peak,max mdccm,2015-07-26T14:20:12.073736Z,Taup,0.0,0.0,12,53.85690833333333,-166.41502499999999,us10002xhb,pavdut,lts,3,35.0,3.0,51.4999,-173.8784,2015-07-26T14:18:57.510000Z,2015-07-26T06:18:57.510000Z,568.466269733276,245.5480168595907,POM,0.12452452998446226,8.030546271684596,22.32128338189825,74.56373604870772
1092,219.50811580155096,0.19739400044929756,5.0660101002252045,0.6104380455209989,0.20759292809780794,1.983704080087108,2015-07-23T22:24:08.245000Z,11.42864720666941,-0.07265349996446752,10,0.5,6,-1,peak,max mdccm,2015-07-23T22:24:06.245332Z,Multiple triggers,28.1768821341234,0.06000000000000001,12,53.85690833333333,-166.41502499999999,us20002zqz,pavdut,lts,3,53.0,3.0,51.805,-170.361,2015-07-23T22:23:17.480000Z,2015-07-23T14:23:17.480000Z,350.4394033167049,230.93676300822037,POM,0.12474050048483004,8.016642518775305,22.362087730851307,47.0953316103285
1093,85.44852450430432,0.3059522981304865,3.268483375057072,0.25375694972698587,0.4438445157520937,45.152096078060396,2015-07-25T03:24:03.865000Z,-12.674657931808895,-0.1803911252714514,10,0.5,6,-1,peak,max mdccm,2015-07-25T03:24:03.864903Z,Taup,0.0,0.0,12,53.85690833333333,-166.41502499999999,us10002x3c,pavdut,lts,3,17.6,3.3,54.803,-160.262,2015-07-25T03:23:07.920000Z,2015-07-24T19:23:07.920000Z,413.76005525888877,72.77386657249542,POM,0.12556117285903512,7.964245452873229,22.51725064768752,55.94490267535512
1094,215.6797122181817,0.21731005574773615,4.601719863165686,0.6304533030599748,,,2015-07-23T21:31:11.545000Z,15.067488188505422,-0.09167590549637761,10,0.5,6,-1,peak,max mdccm,2015-07-23T21:31:09.545443Z,Multiple triggers,24.506970492138805,0.07777777777777778,12,53.85690833333333,-166.41502499999999,us20002zr0,pavdut,lts,3,34.0,3.7,51.902,-170.164,2015-07-23T21:30:23.010000Z,2015-07-23T13:30:23.010000Z,333.13479145581675,230.7472004066871,POM,0.12563415025135855,7.959619243647381,22.531056758279192,45.135442589096684
1095,102.94327252911222,0.08114498464048696,12.32362054698146,0.5233903447564092,1.4047815645758197,6.2584875513961435,2015-07-22T16:19:12.345000Z,-21.327769356690567,0.04459983402836758,10,0.5,6,-1,peak,max mdccm,2015-07-22T16:19:10.351531Z,Multiple triggers,37.45969978684082,0.14105263157894737,12,53.85690833333333,-166.41502499999999,us200030ng,pavdut,lts,3,20.4,3.7,54.1686,-161.7788,2015-07-22T16:18:26.000000Z,2015-07-22T08:18:26.000000Z,305.8483035864493,81.61550317242165,POM,0.12574481866885454,7.952613957267472,22.551996018855423,42.211531353086926
1096,140.0011154674185,0.1691292180838101,5.912638935659604,0.45257237742080186,0.3401309558553849,3.916588073085677,2015-07-23T14:54:37.205000Z,-37.341958954055826,-0.052036641912661954,10,0.5,6,-1,peak,max mdccm,2015-07-23T14:54:35.199733Z,Multiple triggers,81.11373410777247,0.2945454545454545,12,53.85690833333333,-166.41502499999999,us200030yw,pavdut,lts,3,51.4,3.0,53.6652,-165.0373,2015-07-23T14:54:19.000000Z,2015-07-23T06:54:19.000000Z,93.33201939105308,102.65915651336266,POM,0.11709257617114814,8.540251079097892,20.924188356899492,15.259733351567846
1097,115.07831594602203,0.09009196459138775,11.099769047500535,0.5324145074201598,1.0861444468514474,5.8291204410061255,2015-07-21T17:07:36.605000Z,-27.952928192164336,0.03656790819556881,10,0.5,6,-1,peak,max mdccm,2015-07-21T17:07:34.602245Z,Multiple triggers,37.256668892771046,0.10166666666666668,12,53.85690833333333,-166.41502499999999,us20003007,pavdut,lts,3,32.7,3.0,53.9093,-163.1553,2015-07-21T17:07:03.000000Z,2015-07-21T09:07:03.000000Z,214.41779794036952,87.12538775385771,POM,0.12665987278695656,7.895160306074301,22.725253022220727,30.232244887956043
1098,150.08193582047565,0.1802268651491646,5.548562358737977,0.6652210986734275,0.2583570937625459,2.9564303844112487,2015-07-21T15:17:49.985000Z,-21.873669160157675,-0.04978594959030727,10,0.5,6,-1,peak,max mdccm,2015-07-21T15:17:47.989469Z,Multiple triggers,116.10365904846458,0.21727272727272728,12,53.85690833333333,-166.41502499999999,us20002yyw,pavdut,lts,3,21.37,3.1,53.0486,-164.7359,2015-07-21T15:17:25.400000Z,2015-07-21T07:17:25.400000Z,143.29743542135395,128.20826666031797,POM,0.13044091555885734,7.666306202433711,23.443515007557178,21.3494685704086
1099,296.0419033715706,0.13122608410058006,7.620436187317272,0.2436529367885234,0.17703895507415707,7.70201200061544,2015-07-22T16:05:07.445000Z,-69.34238105754406,-0.005535276669968087,10,0.5,6,-1,peak,max mdccm,2015-07-22T16:05:07.442710Z,Taup,0.0,0.0,12,53.85690833333333,-166.41502499999999,us200030nf,pavdut,lts,3,20.1,3.3,51.6068,-170.1479,2015-07-22T16:04:19.000000Z,2015-07-22T08:04:19.000000Z,355.2741704141913,226.69952231402652,POM,0.12569080743061198,7.9560313155920594,22.541776307296644,48.44271008436623
1100,206.7933901882576,0.21616352407296668,4.62612739262359,0.3102788917824875,0.45654267135487814,5.032822801816764,2015-07-20T04:12:13.765000Z,18.114895407980157,-0.09133049200209928,10,0.5,6,-1,peak,max mdccm,2015-07-20T04:12:13.771852Z,Taup,0.0,0.0,12,53.85690833333333,-166.41502499999999,us20002zwn,pavdut,lts,3,50.4,3.1,51.375,-170.2663,2015-07-20T04:11:23.000000Z,2015-07-19T20:11:23.000000Z,379.78953289547417,224.90828559623776,POM,0.1248330320708674,8.01070024024012,22.379573827536213,50.771851832951924
1101,137.0218779650127,0.15574953604963052,6.42056487206064,0.5149064071675188,0.45146718187277557,4.310766453368785,2015-07-19T19:53:48.685000Z,-32.78522461568272,-0.027889974606650075,10,0.5,6,-1,peak,max mdccm,2015-07-19T19:53:46.694489Z,Multiple triggers,27.53986412545982,0.0982608695652174,12,53.85690833333333,-166.41502499999999,us200030hn,pavdut,lts,3,30.6,3.2,53.4047,-163.6445,2015-07-19T19:53:18.000000Z,2015-07-19T11:53:18.000000Z,190.05367150040095,104.23665334932997,POM,0.12785956144298044,7.821081104254801,22.952736165030302,27.17448867023729
1102,144.44857292394832,0.14735234138688416,6.786454769486344,0.3190881290542431,2.746019286372107,19.48548722832635,2015-07-19T18:06:24.305000Z,-40.71486395687498,-0.02236117889015876,10,0.5,6,-1,peak,max mdccm,2015-07-19T18:06:22.312001Z,Multiple triggers,25.315028694100718,0.13000000000000003,12,53.85690833333333,-166.41502499999999,us200030hf,pavdut,lts,3,47.7,3.0,53.4235,-163.6633,2015-07-19T18:05:54.000000Z,2015-07-19T10:05:54.000000Z,188.26922429846974,103.73370896707333,POM,0.1249911624967254,8.000565640200351,22.409461510783647,26.822001091805376
1103,203.8105978008399,0.17639207643779203,5.669188889857355,0.2995877683831457,0.3402808842513303,3.704731743965624,2015-07-19T11:04:29.345000Z,-6.0357744069783905,-0.05064325430056013,10,0.5,6,-1,peak,max mdccm,2015-07-19T11:04:27.341334Z,Multiple triggers,23.965385525328088,0.092,12,53.85690833333333,-166.41502499999999,us200030he,pavdut,lts,3,13.66,3.1,51.1574,-167.7869,2015-07-19T11:03:39.990000Z,2015-07-19T03:03:39.990000Z,314.4879081201595,197.7748233938615,POM,0.1257488221372319,7.952360769699157,22.552753563410892,43.75133419134075
1104,118.70603322122935,0.6500300988066309,1.5383903019811966,0.25038013194915837,2.7729478909538914,2.7563403618398468,2015-08-03T20:21:03.645000Z,-59.797927538170825,-0.5268127026624784,10,0.5,6,-1,peak,max mdccm,2015-08-03T20:21:03.639748Z,Taup,0.0,0.0,12,53.85690833333333,-166.41502499999999,ak0159vwkegy,pavdut,lts,3,13.7,3.0,57.0309,-155.2461,2015-08-03T20:19:20.663000Z,2015-08-03T12:19:20.663000Z,788.96789885869,58.90810568305852,POM,0.12321739614415252,8.115737154760973,22.074573712354134,102.9767479880778
1105,213.73060298326243,0.16251438043603925,6.153301617474829,0.3255078468637981,0.4219501406219339,3.9923698927189264,2015-08-01T14:41:07.125000Z,36.19810134466118,-0.03859864327806188,10,0.5,6,-1,peak,max mdccm,2015-08-01T14:41:05.121475Z,STA/LTA trigger,30.746125256541127,0.12333333333333334,12,53.85690833333333,-166.41502499999999,us1000301u,pavdut,lts,3,34.04,3.5,51.4892,-175.3077,2015-08-01T14:39:35.430000Z,2015-08-01T06:39:35.430000Z,656.1112748198369,249.9287043279236,POM,0.12391573715797737,8.07000000916044,22.20632531194342,85.48147519385365
1106,212.3235561005083,0.202172090850132,4.9462811399684705,0.4811815602790936,0.33356834241092637,3.4851529983376395,2015-07-27T05:21:54.525000Z,43.14785242798342,-0.07940601442546082,10,0.5,6,-1,peak,max mdccm,2015-07-27T05:21:57.534876Z,Taup,0.0,0.0,12,53.85690833333333,-166.41502499999999,us10002wjy,pavdut,lts,3,71.5,4.5,51.7333,-176.7636,2015-07-27T05:20:23.000000Z,2015-07-26T21:20:23.000000Z,736.1703015061107,255.47140852849174,POM,0.12276607642467117,8.145572695023747,21.989491428651462,94.53487607787574
1107,219.05718774931393,0.16673257308144554,5.997628306926685,0.7323968659073743,0.32580241917756947,2.6956999268721233,2015-07-26T12:53:33.565000Z,34.96380882434656,-0.04385488909379548,10,0.5,6,-1,peak,max mdccm,2015-07-26T12:53:31.567295Z,Multiple triggers,29.273446328975414,0.0808695652173913,12,53.85690833333333,-166.41502499999999,us2000307e,pavdut,lts,3,51.39,4.2,51.726,-176.1277,2015-07-26T12:51:58.310000Z,2015-07-26T04:51:58.310000Z,696.1213341787918,254.02099657366048,POM,0.12287768398765006,8.138174219661447,22.01052680404608,89.97729526281714
1108,99.76096683729963,0.28180989443927706,3.5484914466531436,0.6095047382587188,0.33574036508559013,6.585054028369882,2015-07-16T05:10:35.385000Z,142.72962227984095,-0.15703525120979023,10,0.5,6,-1,peak,max mdccm,2015-07-16T05:10:35.390405Z,Taup,0.0,0.0,12,53.85690833333333,-166.41502499999999,us20002xz7,pavdut,lts,3,25.5,3.2,51.2884,-173.6007,2015-07-16T05:09:21.000000Z,2015-07-15T21:09:21.000000Z,564.4404680043048,242.4905891171406,POM,0.12477464322948685,8.014448882540897,22.36853957827534,74.39040539870929
1109,214.79031955781545,0.16384917699192503,6.103173774557824,0.5308253049930001,0.3913672952719338,3.56389147673562,2015-07-20T05:26:44.925000Z,40.347636903146935,-0.041075838807522816,10,0.5,6,-1,peak,max mdccm,2015-07-20T05:26:42.922019Z,STA/LTA trigger,22.94594547285351,0.045000000000000005,12,53.85690833333333,-166.41502499999999,us20002yny,pavdut,lts,3,25.7,4.3,51.1107,-178.8559,2015-07-20T05:24:43.000000Z,2015-07-19T21:24:43.000000Z,897.2745744190586,255.13795646096239,POM,0.12277333818440221,8.145090903189642,21.990860003037447,115.51201885223036
1110,121.4585573310834,0.0992165314122251,10.078965528891526,0.2648181895878321,29.247068983018934,58.108762367880246,2015-07-20T02:36:13.845000Z,-43.18548609432338,0.025247240247541533,10,0.5,6,-1,peak,max mdccm,2015-07-20T02:36:16.846847Z,Taup,0.0,0.0,12,53.85690833333333,-166.41502499999999,ak01598gf0sj,pavdut,lts,3,8.9,3.3,54.6387,-156.6375,2015-07-20T02:34:51.554000Z,2015-07-19T18:34:51.554000Z,642.7297023414129,78.27307123676003,POM,0.12446377165976663,8.034466468954465,22.309806169463688,85.2928469133825
1111,119.20544800024328,0.11903923721676246,8.400591463628645,0.3244821756279105,31.292388613030408,65.600848641666,2015-07-15T09:35:48.905000Z,124.7297178741195,0.0043295274232098835,10,0.5,6,-1,peak,max mdccm,2015-07-15T09:35:51.904125Z,Taup,0.0,0.0,12,53.85690833333333,-166.41502499999999,us20002z41,pavdut,lts,3,70.2,3.1,52.1079,-171.811,2015-07-15T09:34:57.310000Z,2015-07-15T01:34:57.310000Z,411.22447268576116,243.93516587436275,POM,0.12336876463997234,8.105779472772584,22.1031209973449,54.59412465999685
1112,221.16274551654828,0.1629520455132105,6.136774760025521,0.6736034352988691,0.35621405745444124,2.92971339960269,2015-07-15T03:01:11.065000Z,25.864060855622,-0.03857359384771816,10,0.5,6,-1,peak,max mdccm,2015-07-15T03:01:09.073360Z,Multiple triggers,27.755444707261287,0.13000000000000003,12,53.85690833333333,-166.41502499999999,us20002xjf,pavdut,lts,3,41.55,4.5,51.6696,-173.8223,2015-07-15T02:59:55.570000Z,2015-07-14T18:59:55.570000Z,555.7499455815445,247.02680637217028,POM,0.12437845166549233,8.039977878880775,22.293690864042528,72.82336005025515
1113,108.87455385077314,0.07373803709250881,13.561521833642516,0.5424015989022637,1.2892471713436375,5.704638976399593,2015-07-14T06:28:43.125000Z,-31.26742337820218,0.05196097790816365,10,0.5,6,-1,peak,max mdccm,2015-07-14T06:28:41.119726Z,Multiple triggers,79.51093067995401,0.2656,12,53.85690833333333,-166.41502499999999,us20002xcw,pavdut,lts,3,5.3,3.8,54.447,-160.781,2015-07-14T06:27:48.490000Z,2015-07-13T22:27:48.490000Z,373.8158791339941,77.60713047257097,POM,0.12569901500067246,7.955511823180558,22.54332925012368,52.0097256455401
1114,113.41589196537902,0.09288763028211526,10.765696110050744,0.5952603134738765,0.7578708143461297,4.5240620161830805,2015-07-13T19:05:14.525000Z,-62.64360141292842,0.0164000895548589,10,0.5,6,-1,peak,max mdccm,2015-07-13T19:05:12.521112Z,Multiple triggers,49.88364662135906,0.14800000000000002,12,53.85690833333333,-166.41502499999999,us20002z23,pavdut,lts,3,209.0,3.0,56.1188,-161.2175,2015-07-13T19:04:13.000000Z,2015-07-13T11:04:13.000000Z,417.0700886947292,50.7722905524506,POM,0.10928771983697416,9.15015887870762,19.470868900587806,58.781111809592765
1115,105.5885682179038,0.07350077218443442,13.605299240812254,0.5877281522093349,0.8598209705928861,4.138092836851371,2015-07-21T06:13:23.505000Z,-42.10837083832081,0.04927910333872208,10,0.5,6,-1,peak,max mdccm,2015-07-21T06:13:21.503256Z,Multiple triggers,24.032580693791477,0.03,12,53.85690833333333,-166.41502499999999,ak0159a6743k,pavdut,lts,3,22.7,3.0,56.8089,-152.9762,2015-07-21T06:11:23.847000Z,2015-07-20T22:11:23.847000Z,912.1229340576031,63.48019737958298,POM,0.1227798755231565,8.144657222847552,21.99209206202889,117.4862556109856
1116,224.8952571228175,0.1941074400743667,5.1517860398183535,0.7800505183051335,0.20118002722354023,1.9518546516948447,2015-07-11T19:07:48.525000Z,2.54785911237974,-0.06798658717403816,10,0.5,6,-1,peak,max mdccm,2015-07-11T19:07:46.528664Z,Multiple triggers,41.864888281733414,0.12875,12,53.85690833333333,-166.41502499999999,us20002yrc,pavdut,lts,3,21.4,4.0,52.168,-169.342,2015-07-11T19:07:06.460000Z,2015-07-11T11:07:06.460000Z,271.8396734776855,227.44311623519724,POM,0.12612085290032854,7.928902929242678,22.623168172952695,37.878663824886075
1117,102.7373293177169,0.06024958242186818,16.597625407558677,0.5762344937542989,2.043061412089494,7.516797084037705,2015-07-18T20:19:34.445000Z,-30.555323628744816,0.06377302825081468,10,0.5,6,-1,peak,max mdccm,2015-07-18T20:19:32.455673Z,Multiple triggers,40.99197787671199,0.09562500000000002,12,53.85690833333333,-166.41502499999999,ak01595fylnb,pavdut,lts,3,13.7,4.1,55.3262,-155.9429,2015-07-18T20:18:05.031000Z,2015-07-18T12:18:05.031000Z,695.6887118441995,72.18200568897208,POM,0.12402261067268286,8.063045879909536,22.226499360802215,91.44467328954406
1118,216.70760533979922,0.14664206330369345,6.819325761456421,0.557573993291409,0.621653704683728,4.508473222800461,2015-07-11T17:59:08.585000Z,25.508632858288024,-0.021756783094835003,10,0.5,6,-1,peak,max mdccm,2015-07-11T17:59:06.589855Z,STA/LTA trigger,23.71989403370048,0.04,12,53.85690833333333,-166.41502499999999,us20002wtn,pavdut,lts,3,6.93,3.8,51.1882,-173.7714,2015-07-11T17:57:43.970000Z,2015-07-11T09:57:43.970000Z,580.5305528104748,242.21623819808724,POM,0.12488528020885845,8.007348811065624,22.389448356282507,77.73985480702952
1119,150.50596313940108,0.9576969561725678,1.0441716385906625,0.2418215176151132,3.119130510893464,21.469696708197418,2015-07-10T23:30:28.105000Z,87.48444905775352,-0.832180126634868,10,0.5,6,-1,peak,max mdccm,2015-07-10T23:30:26.108067Z,Multiple triggers,24.022979068064366,0.06,12,53.85690833333333,-166.41502499999999,us20002y1z,pavdut,lts,3,18.6,3.0,51.7087,-171.6454,2015-07-10T23:29:32.000000Z,2015-07-10T15:29:32.000000Z,426.0869964421434,237.9904121971546,POM,0.12551682953769985,7.9670591081942765,22.508862301384546,57.42806652002743
1120,208.21504955902753,0.17565560060020072,5.692958246609174,0.377964960023251,0.607620014038118,5.779927936708049,2015-07-07T05:54:37.585000Z,-6.528388104596701,-0.04597612386637409,10,0.5,6,-1,peak,max mdccm,2015-07-07T05:54:35.583935Z,Multiple triggers,24.898715817278624,0.13285714285714287,12,53.85690833333333,-166.41502499999999,us20002xhb,pavdut,lts,3,12.5,3.0,52.202,-167.483,2015-07-07T05:54:07.620000Z,2015-07-06T21:54:07.620000Z,197.6108898098327,201.68666145443083,POM,0.12967947673382663,7.711320443192011,23.298559044007845,28.933934614467997
1121,101.95912273190368,0.2775559940476573,3.6028766138925348,0.37329887340421253,0.635664952552953,10.563603058114296,2015-07-08T13:47:55.605000Z,142.3432483978582,-0.15303255862977627,10,0.5,6,-1,peak,max mdccm,2015-07-08T13:47:55.598221Z,Taup,0.0,0.0,12,53.85690833333333,-166.41502499999999,us20002xj0,pavdut,lts,3,31.2,3.2,51.3323,-173.975,2015-07-08T13:46:39.000000Z,2015-07-08T05:46:39.000000Z,583.8420763676994,244.30237112976187,POM,0.12452343541788104,8.03061686054643,22.32107661055564,76.59822121752056
1122,130.31931839480708,0.22348414673239927,4.474590321600769,0.5693263596327912,0.7033524770116559,8.625802200507849,2015-07-23T13:46:36.305000Z,125.46214184552059,-0.10070623602780089,10,0.5,6,-1,peak,max mdccm,2015-07-23T13:46:36.308969Z,Taup,0.0,0.0,12,53.85690833333333,-166.41502499999999,us200030z0,pavdut,lts,3,60.8,3.3,51.6645,-177.1785,2015-07-23T13:44:58.000000Z,2015-07-23T05:44:58.000000Z,765.5813647145196,255.78146024032765,POM,0.12277791070459838,8.144787562039424,21.99172176154207,98.30896941794292
1123,216.14905590126227,0.14900184480036438,6.7113263016294855,0.7767674467284981,0.46464486079716627,3.4337741819176983,2015-07-18T13:22:07.985000Z,38.023730240910055,-0.0262130934479273,10,0.5,6,-1,peak,max mdccm,2015-07-18T13:22:05.995301Z,Multiple triggers,36.78735976767909,0.08810810810810811,12,53.85690833333333,-166.41502499999999,us20002ycy,pavdut,lts,3,49.64,5.1,51.565,-176.7795,2015-07-18T13:20:28.660000Z,2015-07-18T05:20:28.660000Z,744.6267902884623,254.17278614217233,POM,0.12278875135243708,8.144068483355843,21.993764861564095,95.97530122166759
1124,94.15641491783788,0.3139511214606279,3.185209198640841,0.45560313217256176,0.3831825384875498,6.77888610061072,2015-07-19T22:04:14.025000Z,166.33478956553745,-0.19117241484220404,10,0.5,6,-1,peak,max mdccm,2015-07-19T22:04:17.031515Z,Taup,0.0,0.0,12,53.85690833333333,-166.41502499999999,us200030i0,pavdut,lts,3,13.3,3.0,51.6874,-179.8337,2015-07-19T22:02:16.000000Z,2015-07-19T14:02:16.000000Z,935.6618196543459,260.4912044833753,POM,0.1227787066184239,8.144734763397013,21.99187176371251,121.03151472306394
1125,281.73007180098375,0.35678398288454893,2.802816404243091,0.29036920805238253,0.3060986228798071,25.115508302820587,2015-07-06T04:26:35.725000Z,-47.47818619904919,-0.2311683646481605,10,0.5,6,-1,peak,max mdccm,2015-07-06T04:26:33.722649Z,Multiple triggers,26.070184133285018,0.045,12,53.85690833333333,-166.41502499999999,us10002nlj,pavdut,lts,3,33.7,4.1,51.9898,-170.4595,2015-07-06T04:25:52.050000Z,2015-07-05T20:25:52.050000Z,342.20561387103,234.25188560193456,POM,0.12561561823638842,7.960793522650667,22.52755067813508,46.28264853304649
1126,86.51226623876681,0.2711748598761372,3.6876574784873624,0.2768771378102892,1.6910887660854237,18.72489800677289,2015-07-05T18:57:57.885000Z,156.97745472494654,-0.14646265322445168,10,0.5,6,-1,peak,max mdccm,2015-07-05T18:58:00.894387Z,Taup,0.0,0.0,12,53.85690833333333,-166.41502499999999,us10002njl,pavdut,lts,3,22.99,4.2,51.2813,-173.882,2015-07-05T18:56:44.280000Z,2015-07-05T10:56:44.280000Z,581.3599023764286,243.48972096371335,POM,0.12471220665168552,8.018461278557488,22.35674136036456,76.61438720407247
1127,100.87092965920255,0.2673999102530263,3.7397170367549983,0.2766861865652054,1.523839478465015,23.128473632262995,2015-07-05T09:37:01.625000Z,-32.54762152120557,-0.14209460245572228,10,0.5,6,-1,peak,max mdccm,2015-07-05T09:37:01.621266Z,Taup,0.0,0.0,12,53.85690833333333,-166.41502499999999,us20002w36,pavdut,lts,3,28.49,3.4,55.1843,-159.787,2015-07-05T09:36:01.190000Z,2015-07-05T01:36:01.190000Z,453.70600676901734,68.32330813799697,POM,0.125305307797304,7.980507909669853,22.46885611288722,60.43126553188709
1128,112.35594840950296,0.0826827262818699,12.09442461525695,0.5642388235742204,0.9939504786897846,5.365211150205681,2015-07-05T09:02:13.525000Z,-29.49876070939351,0.016043298813567114,10,0.5,6,-1,peak,max mdccm,2015-07-05T09:02:11.531895Z,Multiple triggers,119.91532023175586,0.4175,12,53.85690833333333,-166.41502499999999,us10002ni2,pavdut,lts,3,78.76,3.7,53.9495,-165.0589,2015-07-05T09:01:54.040000Z,2015-07-05T01:01:54.040000Z,89.7275018367296,82.85718770010945,POM,0.09872602509543701,10.129041446096048,17.524547452751527,16.521895105956865
1129,108.35524827597885,0.08034613846949111,12.446148863516548,0.5752638419722604,1.851370559015571,7.120130971913397,2015-07-05T07:22:36.105000Z,-27.773970703846743,0.0470251836845801,10,0.5,6,-1,peak,max mdccm,2015-07-05T07:22:34.102168Z,Multiple triggers,26.148133383240577,0.05800000000000001,12,53.85690833333333,-166.41502499999999,us10002nl7,pavdut,lts,3,9.0,3.5,54.182,-162.379,2015-07-05T07:21:54.200000Z,2015-07-04T23:21:54.200000Z,266.96741301702247,80.58127757213211,POM,0.1273713221540712,7.851060843903132,22.860111048915936,38.15216823340956
1130,214.38358558924028,0.19119955096907834,5.230137805928867,0.6782236984646355,0.24366011810608557,2.3234433955484235,2015-07-04T23:37:12.305000Z,30.272246148122036,-0.0663561772388506,10,0.5,6,-1,peak,max mdccm,2015-07-04T23:37:10.311709Z,Multiple triggers,26.76418559469468,0.07090909090909092,12,53.85690833333333,-166.41502499999999,us10002ngp,pavdut,lts,3,18.83,5.2,51.4283,-173.8221,2015-07-04T23:35:52.220000Z,2015-07-04T15:35:52.220000Z,569.1866260139966,244.65583173736232,POM,0.12484337373022775,8.010036657298974,22.381528272419608,75.3317089603282
1131,213.86806214787623,0.19055813785350179,5.247742296730381,0.47814687652702687,0.3019998935020278,2.907323074771625,2015-07-04T23:18:21.365000Z,22.196531613709,-0.06547604025423218,10,0.5,6,-1,peak,max mdccm,2015-07-04T23:18:19.364897Z,Multiple triggers,23.445938301019652,0.036,12,53.85690833333333,-166.41502499999999,us10002nkx,pavdut,lts,3,27.0,3.2,51.1616,-172.4185,2015-07-04T23:17:08.000000Z,2015-07-04T15:17:08.000000Z,505.78644621034357,236.06459376158523,POM,0.1250820975992696,7.994749202269848,22.426651750470306,67.00489657957152
1132,83.43714732539695,0.08161431956514008,12.252751788267435,0.6394604623170155,0.8722868574418481,4.050609170987116,2015-07-04T10:20:54.905000Z,-17.570106896901336,0.04407739968287401,10,0.5,6,-1,peak,max mdccm,2015-07-04T10:20:52.904826Z,Multiple triggers,42.79310966707996,0.07200000000000002,12,53.85690833333333,-166.41502499999999,us10002ngj,pavdut,lts,3,2.1,3.7,55.1331,-160.9698,2015-07-04T10:19:57.000000Z,2015-07-04T02:19:57.000000Z,380.2217327341053,65.86704042849561,POM,0.1256917192480141,7.955973599396842,22.5419488301266,53.45482606444457
1133,144.64280598486144,0.18107048147597546,5.522711332342045,0.6472469781836047,,,2015-07-04T07:37:47.945000Z,-29.211728260820763,-0.05802733750271152,10,0.5,6,-1,peak,max mdccm,2015-07-04T07:37:45.943269Z,Multiple triggers,46.86362052456666,0.13172413793103452,12,53.85690833333333,-166.41502499999999,us10002ngf,pavdut,lts,3,52.5,3.0,53.256,-164.3692,2015-07-04T07:37:22.000000Z,2015-07-03T23:37:22.000000Z,151.16882405141158,115.43107772404068,POM,0.12304314397326394,8.127230560829055,22.041717829283286,22.28326947998035
1134,213.88260808588558,0.17444487927391297,5.732469787375083,0.33880779632765723,0.44301102156628147,3.7477755173920286,2015-07-04T01:07:39.325000Z,32.84365077779373,-0.061756613902302554,10,0.5,6,-1,peak,max mdccm,2015-07-04T01:07:37.327956Z,Multiple triggers,29.10401479997791,0.035,12,53.85690833333333,-166.41502499999999,us20002x8s,pavdut,lts,3,153.5,3.3,52.6138,-170.8461,2015-07-04T01:06:50.000000Z,2015-07-03T17:06:50.000000Z,326.54060130474187,246.7262588636793,POM,0.11268826537161042,8.874038452027945,20.102410885349258,46.407955841503075
1135,218.80494178487538,0.17235016258880706,5.802141320781922,0.4755404357484955,0.35042545147662807,3.128273308277585,2015-07-03T04:19:17.925000Z,36.8388105795612,-0.05641240968104497,10,0.5,6,-1,peak,max mdccm,2015-07-03T04:19:15.921868Z,Multiple triggers,32.99025508021706,0.10320000000000001,12,53.85690833333333,-166.41502499999999,us10002n6b,pavdut,lts,3,139.86,4.2,52.9599,-171.5113,2015-07-03T04:18:25.920000Z,2015-07-02T20:18:25.920000Z,353.21951937520294,255.64375236443658,POM,0.11593775290776209,8.625318111828348,20.708287485903547,48.941868484332936
1136,110.04531639703157,0.07469702565003872,13.387413907015208,0.7444336575025117,1.5020312145506303,6.805823309040335,2015-07-03T00:40:07.505000Z,-27.4095701580126,0.052467177274834825,10,0.5,6,-1,peak,max mdccm,2015-07-03T00:40:05.501459Z,Multiple triggers,25.069455455629242,0.06482758620689656,12,53.85690833333333,-166.41502499999999,us10002n4t,pavdut,lts,3,25.6,4.4,54.075,-162.851,2015-07-03T00:39:29.710000Z,2015-07-02T16:39:29.710000Z,235.13511862178865,82.63574623901897,POM,0.12716420292487354,7.863848292202037,22.820837012827,33.05145948016486
1137,59.61111109885587,0.29381477945749623,3.4035047584958598,0.30053177995924496,1.2443384319870074,17.418678499567335,2015-07-17T03:08:11.625000Z,-162.6349076617975,-0.17102602810505915,10,0.5,6,-1,peak,max mdccm,2015-07-17T03:08:14.618304Z,Taup,0.0,0.0,12,53.85690833333333,-166.41502499999999,us2000300w,pavdut,lts,3,13.0,3.0,51.5,-178.439,2015-07-17T03:06:23.680000Z,2015-07-16T19:06:23.680000Z,853.2519271134274,256.97620343705836,POM,0.12278875135243708,8.144068483355843,21.993764861564095,110.93830408822538
1138,124.15491039742918,0.1104658386006589,9.05257238498016,0.5825481566992479,2.3780501657019952,15.29553140552656,2015-07-13T15:54:01.105000Z,132.74589129037884,0.012300126139146689,10,0.5,6,-1,peak,max mdccm,2015-07-13T15:54:04.113276Z,Taup,0.0,0.0,12,53.85690833333333,-166.41502499999999,us20002x6m,pavdut,lts,3,19.75,3.1,50.9624,179.6256,2015-07-13T15:51:55.530000Z,2015-07-13T07:51:55.530000Z,1001.0648930646672,256.90080168780804,POM,0.12276596473980558,8.145580105360915,21.98947038026877,128.58327565053628
1139,104.94269496815423,0.07171249947007328,13.94457043597142,0.5870461313352053,1.4505079677363053,5.960598094941673,2015-07-08T12:56:48.305000Z,-48.66056932031381,0.050920735178832735,10,0.5,6,-1,peak,max mdccm,2015-07-08T12:56:46.309627Z,Multiple triggers,23.217319276858888,0.055,12,53.85690833333333,-166.41502499999999,ak0158os1moo,pavdut,lts,3,84.8,3.2,56.782,-157.5777,2015-07-08T12:55:22.167000Z,2015-07-08T04:55:22.167000Z,647.9874061011383,56.28212564784043,POM,0.12263323464890602,8.154396341766239,21.96445797245772,83.65262713727981
1140,135.8097807198738,0.16090421742087802,6.214877496866938,0.4137567004430559,0.5074624954048752,4.606287565770515,2015-07-02T14:35:31.105000Z,-32.425885347729576,-0.03515932045145989,10,0.5,6,-1,peak,max mdccm,2015-07-02T14:35:29.107630Z,Multiple triggers,29.92761440914243,0.054285714285714284,12,53.85690833333333,-166.41502499999999,us20002w9h,pavdut,lts,3,41.4,3.0,53.43,-163.638,2015-07-02T14:35:01.370000Z,2015-07-02T06:35:01.370000Z,189.6907935550123,103.38389537214422,POM,0.12574489696941812,7.952609005224328,22.552010835009916,26.977630320588748
1141,63.59546417432966,2.775422384372468,0.3603055180467975,0.24570535045439615,0.16046205939625915,20.426509398868774,2015-07-02T23:17:53.985000Z,-5.885079554061861,-2.652641491918521,10,0.5,6,-1,peak,max mdccm,2015-07-02T23:17:51.992920Z,Multiple triggers,22.484530936806262,0.04,12,53.85690833333333,-166.41502499999999,ak0158f14xqw,pavdut,lts,3,51.0,3.3,57.2006,-155.2065,2015-07-02T23:16:13.047000Z,2015-07-02T15:16:13.047000Z,798.4048182051187,57.710384620267796,POM,0.12278089245394705,8.144589764853537,21.992283718765368,102.54591999497165
1142,77.1091243694774,0.15878955554596008,6.2976434222121105,0.37485598660333286,3.5152322229245385,25.84285542919136,2015-07-07T01:30:05.405000Z,178.92607464358377,-0.036011124342755524,10,0.5,6,-1,peak,max mdccm,2015-07-07T01:30:05.406988Z,Taup,0.0,0.0,12,53.85690833333333,-166.41502499999999,us20002xh8,pavdut,lts,3,26.1,3.2,51.14,-179.243,2015-07-07T01:28:07.050000Z,2015-07-06T17:28:07.050000Z,920.5951322905294,256.0351990130612,POM,0.12277843120320456,8.144753033575979,21.99181985747137,118.3569884157797
1143,255.19214778092578,1.001947553191108,0.9980562323996848,0.2705360854537814,9.762261843674112,71.47465705352677,2015-07-02T18:26:20.685000Z,-3.175481134612653,-0.8783774120180885,10,0.5,6,-1,peak,max mdccm,2015-07-02T18:26:23.693735Z,Taup,0.0,0.0,12,53.85690833333333,-166.41502499999999,us10002n4l,pavdut,lts,3,37.9,4.1,51.5782,-175.811,2015-07-02T18:24:55.000000Z,2015-07-02T10:24:55.000000Z,683.0334971989527,252.01666664631313,POM,0.12357014117301948,8.09256985957334,22.14110848737963,88.69373474106793
1144,210.67937545396092,0.16727761273047603,5.978086270344122,0.43987740949229315,0.42241478786905384,4.363976838283804,2015-07-05T00:52:55.685000Z,52.92853640566568,-0.04856082344666807,10,0.5,6,-1,peak,max mdccm,2015-07-05T00:52:53.687033Z,Multiple triggers,27.768366595664705,0.08750000000000001,12,53.85690833333333,-166.41502499999999,us20002w2h,pavdut,lts,3,168.67,4.1,52.0658,179.6545,2015-07-05T00:50:51.030000Z,2015-07-04T16:50:51.030000Z,955.4011662128556,263.6079118596266,POM,0.11871678928380797,8.423408399374495,21.228372553176985,120.79703347840474
1145,152.35525862329612,0.2377052585081987,4.206890526006218,0.35607865344852485,1.134221416408771,17.619142847642507,2015-07-16T17:59:53.085000Z,102.45366669705857,-0.11492734482956925,10,0.5,6,-1,peak,max mdccm,2015-07-16T17:59:56.091204Z,Taup,0.0,0.0,12,53.85690833333333,-166.41502499999999,us20002xzk,pavdut,lts,3,24.89,3.6,51.1595,-178.5151,2015-07-16T17:58:03.480000Z,2015-07-16T09:58:03.480000Z,873.3413150509016,254.80892532035466,POM,0.12277791367862946,8.144787364749451,21.991722322043554,112.61120384277811
1146,97.87523142174882,0.24065100700267897,4.155395036385066,0.450535569559105,0.9330651573491047,13.211063176814093,2015-07-13T16:30:22.965000Z,162.00893518263388,-0.11800227984404778,10,0.5,6,-1,peak,max mdccm,2015-07-13T16:30:25.967195Z,Taup,0.0,0.0,12,53.85690833333333,-166.41502499999999,us20002z2d,pavdut,lts,3,76.44,3.0,51.5897,-179.8452,2015-07-13T16:28:26.440000Z,2015-07-13T08:28:26.440000Z,940.2174931773986,259.8841666043827,POM,0.12264872715863119,8.153366310166609,21.96737724136692,119.52719535763556
1147,87.37568024261134,0.7594164737639253,1.3168005100596005,0.2420012085845891,17.216350350544403,42.28432430246565,2015-07-03T23:53:22.665000Z,165.24084486285705,-0.6361591520352202,10,0.5,6,-1,peak,max mdccm,2015-07-03T23:53:25.661004Z,Taup,0.0,0.0,12,53.85690833333333,-166.41502499999999,us20002ww9,pavdut,lts,3,31.8,3.0,51.411,-176.622,2015-07-03T23:51:49.500000Z,2015-07-03T15:51:49.500000Z,741.8804004730927,252.61652510546838,POM,0.1232573217287051,8.113108300381903,22.082102902683253,96.16100354290955
1148,160.80303622826386,1.0454616834682664,0.9565152083647394,0.27745668142444113,3.1146896682147576,31.766769797060178,2015-07-02T15:08:15.225000Z,-94.77706781882587,-0.9225108262570357,10,0.5,6,-1,peak,max mdccm,2015-07-02T15:08:18.230530Z,Taup,0.0,0.0,12,53.85690833333333,-166.41502499999999,ak0158ewbeg7,pavdut,lts,3,49.6,3.2,55.9839,-156.1744,2015-07-02T15:06:48.077000Z,2015-07-02T07:06:48.077000Z,697.2208325043674,66.025968409438,POM,0.12295085721123071,8.133330850080945,22.024319913484565,90.15352995801989
