,event_id,depth,magnitude,latitude,longitude,time_utc,time_ak,distance,backazimuth,array,slowness,trace_vel,incident_angle,p_arrival
0,us10005ckm,12.82,3.8,52.4302,-165.237,2016-04-25T12:24:54.740000Z,2016-04-25T04:24:54.740000Z,177.2613223381456,153.12462244704167,POM,0.12368257798578032,8.085213101840173,45.836858928311166,27.90694478748226
1,us10005ckh,40.15,3.4,54.041,-164.0144,2016-04-25T11:07:50.010000Z,2016-04-25T03:07:50.010000Z,158.9337360624583,81.62361480018672,POM,0.12351020517503437,8.096496954100552,45.75470073230851,23.42603706100448
2,us10005cke,34.91,3.7,52.1809,-168.5785,2016-04-25T06:16:22.060000Z,2016-04-24T22:16:22.060000Z,236.34016946950283,218.76593341917905,POM,0.1236743539139021,8.085750750686486,45.83293632798115,33.00052863935081
3,us10005cyr,10.0,3.2,54.6958,-161.5904,2016-04-24T04:49:31.220000Z,2016-04-23T20:49:31.220000Z,327.78089391598866,71.50303849403053,POM,0.12366650585237325,8.086263884529485,45.829193329481626,46.86103747196832
4,us20005l8g,46.56,4.2,52.0147,-171.0999,2016-04-23T20:15:58.160000Z,2016-04-23T12:15:58.160000Z,375.7163596425927,238.82801262922104,POM,0.12344041072291916,8.101074795065715,45.721468936177864,50.2115406521119
5,us10005bzs,10.0,3.5,52.9271,-162.93,2016-04-21T21:03:05.010000Z,2016-04-21T13:03:05.010000Z,253.85964262331993,112.64686651789177,POM,0.12368220197543095,8.085237681963704,45.836679578233735,37.718913050136365
6,us20005lgs,9.9,3.3,54.7707,-160.6906,2016-04-19T09:56:18.000000Z,2016-04-19T01:56:18.000000Z,386.06566066446067,72.41604684835612,POM,0.12364891849431184,8.087414044353348,45.820806254242434,54.08039507931294
7,us10005btv,33.64,3.1,52.6049,-169.245,2016-04-18T12:35:34.040000Z,2016-04-18T04:35:34.040000Z,234.7658459101228,234.7382319444108,POM,0.1236743539139021,8.085750750686486,45.83293632798115,32.920854225581635
8,us10005buw,5.7,3.1,51.6698,-164.2421,2016-04-17T20:20:02.000000Z,2016-04-17T12:20:02.000000Z,284.13683627117115,148.05428193867587,POM,0.1236743539139021,8.085750750686486,45.83293632798115,41.97950999616701
9,us20005l3f,231.94,3.5,56.197,-161.6861,2016-04-16T12:19:12.680000Z,2016-04-16T04:19:12.680000Z,398.99510989071734,47.33776302344165,POM,0.10533630926122411,9.493402673907003,37.65826886102095,58.090851587984545
10,us20005kzs,27.27,3.8,52.2164,-168.5004,2016-04-15T19:27:25.420000Z,2016-04-15T11:27:25.420000Z,229.9772161061182,218.29748406840133,POM,0.12368246592167428,8.085220427552606,45.836805475716396,32.906262174798826
11,us20005i7d,30.6,4.0,54.16,-162.495,2016-04-14T13:52:13.190000Z,2016-04-14T05:52:13.190000Z,259.17673515660533,80.93871298346471,POM,0.1236743539139021,8.085750750686486,45.83293632798115,36.215597744829616
12,us20005kkw,41.8,3.0,53.5744,-164.7171,2016-04-14T03:23:43.000000Z,2016-04-13T19:23:43.000000Z,116.42312179239168,104.98287048518237,POM,0.12311674742893344,8.122371820919238,45.567618002828155,18.193106616859026
13,us20005kbp,28.6,3.3,52.5976,-163.6584,2016-04-13T15:56:21.000000Z,2016-04-13T07:56:21.000000Z,231.34667445219614,126.17089070359671,POM,0.12368220197543095,8.085237681963704,45.836679578233735,32.954933524630235
14,us20005jfk,40.99,3.0,53.1155,-166.9239,2016-04-08T20:13:42.040000Z,2016-04-08T12:13:42.040000Z,89.16121360256376,202.46755913576456,POM,0.12268958197865942,8.150651293065287,45.36521065931162,14.83140078597413
15,us20005hwv,22.9,3.5,53.708,-164.334,2016-04-07T21:20:22.520000Z,2016-04-07T13:20:22.520000Z,138.16780055400866,96.0488819726193,POM,0.1236857184961281,8.085007809784477,45.838356917034524,21.947736596847257
16,us20005fwj,226.21,4.0,56.1122,-161.7895,2016-04-06T19:29:04.320000Z,2016-04-06T11:29:04.320000Z,388.08353684760846,47.82922279071712,POM,0.10549974739901255,9.478695680833068,37.726906358791254,56.66470094393922
17,us20005i90,21.97,3.8,54.5055,-160.5176,2016-04-06T01:52:20.370000Z,2016-04-05T17:52:20.370000Z,391.6326569918599,76.9981494868615,POM,0.12364603925261383,8.08760236918677,45.81943331920308,53.37885511237557
18,us20005iuz,25.6,3.5,54.4027,-161.4907,2016-04-06T01:33:13.000000Z,2016-04-05T17:33:13.000000Z,327.5212347941212,77.32371938371152,POM,0.12365865779084437,8.086777083505103,45.825450582668395,45.12130710317037
19,us20005hhs,21.87,3.9,52.2002,-164.9302,2016-04-05T13:45:15.100000Z,2016-04-05T05:45:15.100000Z,209.55162410111438,151.02078039282497,POM,0.12368562491303985,8.08501392706771,45.83831227835285,30.87052005433243
20,us20005hgn,10.0,4.1,56.3869,-167.8456,2016-04-05T13:03:48.440000Z,2016-04-05T05:03:48.440000Z,296.05538502140996,342.62968436474426,POM,0.1236743539139021,8.085750750686486,45.83293632798115,42.93751246419784
21,us20005gnd,111.7,3.2,54.0635,-166.4478,2016-04-04T15:42:13.000000Z,2016-04-04T07:42:13.000000Z,23.09494696888083,354.66839534866097,POM,0.026710272833183998,37.43877893892689,8.912132329199205,15.602183689562006
22,us20005gm8,9.3,3.0,56.4145,-167.7325,2016-04-04T09:41:25.000000Z,2016-04-04T01:41:25.000000Z,296.85148440256705,344.0968118539807,POM,0.1236743539139021,8.085750750686486,45.83293632798115,43.11992499063647
23,us20005gn9,40.4,3.0,52.5014,-169.0897,2016-04-04T01:02:12.000000Z,2016-04-03T17:02:12.000000Z,233.92837875026922,230.92617241076246,POM,0.12356784760126978,8.09272006765718,45.78216141390485,32.69238024947176
24,us20005eda,10.0,3.8,56.3697,-167.8549,2016-04-03T21:36:57.870000Z,2016-04-03T13:36:57.870000Z,294.42470024857863,342.4050421855646,POM,0.1236743539139021,8.085750750686486,45.83293632798115,42.73583857848068
25,us20005e6y,29.28,4.9,52.2069,-169.4568,2016-04-02T23:23:42.040000Z,2016-04-02T15:23:42.040000Z,274.4745964662856,229.2412275758079,POM,0.1236743539139021,8.085750750686486,45.83293632798115,38.22712052974346
26,us20005h6m,24.1,3.1,54.3235,-161.2952,2016-04-02T06:32:04.000000Z,2016-04-01T22:32:04.000000Z,338.9334931912063,79.11982844237335,POM,0.1236574272325987,8.086857557848163,45.82486375127939,46.668837352725156
27,us20005g2w,224.81,4.0,52.904,-170.2937,2016-04-01T20:42:11.800000Z,2016-04-01T12:42:11.800000Z,278.99984568113524,249.2278076425338,POM,0.09561461990299648,10.458651626859218,33.68074420381848,45.55035992704228
28,us20005g2y,20.13,4.1,52.174,-169.3819,2016-04-01T19:52:18.780000Z,2016-04-01T11:52:18.780000Z,273.31211172688245,227.94641591482312,POM,0.1236743539139021,8.085750750686486,45.83293632798115,38.914807870668334
29,us20005g2u,24.39,3.9,52.1107,-169.5141,2016-04-01T19:40:19.290000Z,2016-04-01T11:40:19.290000Z,284.7076794174899,228.21115489911332,POM,0.1236743539139021,8.085750750686486,45.83293632798115,39.936675017193735
30,us20005dzk,21.06,4.0,52.1347,-169.3748,2016-04-01T18:35:19.710000Z,2016-04-01T10:35:19.710000Z,276.04749024283416,227.22733385430908,POM,0.1236743539139021,8.085750750686486,45.83293632798115,39.168342996352116
31,us20005g2i,35.0,4.3,52.1349,-169.3838,2016-04-01T14:39:19.370000Z,2016-04-01T06:39:19.370000Z,276.46676757916754,227.32114343083873,POM,0.12366650585237325,8.086263884529485,45.829193329481626,37.95497139332309
32,us20005dt6,18.78,3.8,52.179,-169.3247,2016-03-31T23:38:55.040000Z,2016-03-31T15:38:55.040000Z,270.13736902280726,227.44988713403316,POM,0.1236743539139021,8.085750750686486,45.83293632798115,38.68004680177486
33,us20005dn0,10.0,4.6,52.188,-168.5209,2016-03-31T12:34:00.690000Z,2016-03-31T04:34:00.690000Z,233.3507729548588,218.11076388179825,POM,0.12368439127780234,8.085094567461967,45.83772384364296,35.18233512486887
34,us20005dcw,10.0,4.0,52.2367,-168.5616,2016-03-30T09:27:31.350000Z,2016-03-30T01:27:31.350000Z,230.7056176815558,219.46604306282262,POM,0.12368469150248454,8.08507494219616,45.83786704798054,34.85517312830981
35,us20005d9r,32.84,4.7,52.2199,-168.6628,2016-03-30T01:15:46.640000Z,2016-03-29T17:15:46.640000Z,236.4536542308394,220.51481731654528,POM,0.1236743539139021,8.085750750686486,45.83293632798115,33.20209539038417
36,us20005eib,37.27,4.0,52.2455,-168.5034,2016-03-29T13:51:07.230000Z,2016-03-29T05:51:07.230000Z,227.51064158750123,218.82556214303483,POM,0.12364639732960994,8.08757894768461,45.819604062474745,31.897520488895143
37,us20005ehx,15.8,3.0,52.1912,-168.5905,2016-03-29T02:48:08.000000Z,2016-03-28T18:48:08.000000Z,235.92338185407982,219.09275663412006,POM,0.12368341732764562,8.08515823387167,45.83725928115489,34.805321334157135
38,us20005czb,26.24,3.8,52.0959,-168.5525,2016-03-28T20:04:50.510000Z,2016-03-28T12:04:50.510000Z,242.9206885244297,217.08618801987146,POM,0.1236743539139021,8.085750750686486,45.83293632798115,34.60064543401636
39,us20005dy3,10.0,4.0,52.1006,-168.5729,2016-03-28T17:33:59.190000Z,2016-03-28T09:33:59.190000Z,243.30777135270074,217.4259982068027,POM,0.12368326116014551,8.085168442520258,45.837184791500064,36.41384283893016
40,us20005cx1,11.24,5.5,52.29,-168.6929,2016-03-28T17:14:55.480000Z,2016-03-28T09:14:55.480000Z,231.7426736975538,222.11790302926005,POM,0.12368442815647658,8.085092156749695,45.837741434402375,34.834754687166956
41,us20005cvp,10.0,4.6,52.2886,-168.5243,2016-03-28T11:45:02.230000Z,2016-03-28T03:45:02.230000Z,224.58581123466953,219.85481571758908,POM,0.12368538609949516,8.08502953773034,45.83819836560637,34.098250673260054
42,us20005cut,11.5,4.0,52.0843,-168.526,2016-03-28T06:02:38.000000Z,2016-03-27T22:02:38.000000Z,242.93124567506672,216.5605249145074,POM,0.12368312771071947,8.08517716611181,45.83712113811931,36.18741375723373
43,us20005cwp,22.8,3.9,52.143,-168.398,2016-03-28T05:34:38.050000Z,2016-03-27T21:34:38.050000Z,232.58158329834387,215.71043201228957,POM,0.12368286648524963,8.0851942424803,45.836996537687085,33.63439763423525
44,us20005gbs,10.0,3.8,52.1107,-168.6672,2016-03-28T03:23:04.730000Z,2016-03-27T19:23:04.730000Z,246.23266868088936,218.8003731789296,POM,0.12368292918478681,8.085190143790689,45.83702644435273,36.77559923958177
45,us20005drk,13.1,3.0,52.0457,-168.5693,2016-03-27T21:05:37.000000Z,2016-03-27T13:05:37.000000Z,248.15274454310085,216.556341394333,POM,0.12368234700495281,8.085228201240032,45.836748754601544,36.64141421833168
46,us20005cs2,25.5,3.4,52.1703,-168.568,2016-03-27T20:40:41.000000Z,2016-03-27T12:40:41.000000Z,236.85240205213492,218.45529164350515,POM,0.12368220197543095,8.085237681963704,45.836679578233735,33.91730540589468
47,us20005crp,15.26,4.1,52.114,-168.6897,2016-03-27T19:44:33.630000Z,2016-03-27T11:44:33.630000Z,246.87113512754527,219.13746509962678,POM,0.1236822383451041,8.085235304440014,45.83669692587912,36.22405264314378
48,us20005crb,12.18,4.8,52.0955,-168.5497,2016-03-27T18:27:23.580000Z,2016-03-27T10:27:23.580000Z,242.84594118194212,217.04318532555513,POM,0.12368305748051724,8.085181757069044,45.83708763939226,36.09534159360288
49,us20005cs3,8.65,3.9,52.1578,-168.6193,2016-03-27T18:21:41.970000Z,2016-03-27T10:21:41.970000Z,240.07411435314322,218.92852467333094,POM,0.12368378663903967,8.085134092137821,45.83743543778292,36.175808676961765
50,us20005cr7,17.56,4.5,52.131,-168.6446,2016-03-27T18:13:58.440000Z,2016-03-27T10:13:58.440000Z,243.49721253482423,218.8294721580637,POM,0.12368235039751337,8.08522797946525,45.836750372790455,35.53123833557326
51,us20005dra,25.7,3.2,52.0285,-168.4486,2016-03-27T18:08:16.000000Z,2016-03-27T10:08:16.000000Z,245.11259998552416,214.7115347468887,POM,0.1236743539139021,8.085750750686486,45.83293632798115,34.920781536529425
52,us20005dr8,10.0,4.5,51.9965,-168.4474,2016-03-27T18:06:39.090000Z,2016-03-27T10:06:39.090000Z,248.05891015559024,214.24648460039833,POM,0.12368272190668411,8.085203693645083,45.83692757610982,37.001471364704884
53,us20005dr7,20.7,3.8,52.1139,-168.5321,2016-03-27T18:04:52.000000Z,2016-03-27T10:04:52.000000Z,240.47841484085828,217.0910324628506,POM,0.12368229661820852,8.085231495068955,45.83672472105771,34.80202074985383
54,us20005cr4,16.0,5.8,52.175,-168.6554,2016-03-27T18:01:30.960000Z,2016-03-27T10:01:30.960000Z,240.06086255328742,219.67446962349638,POM,0.1236829241801722,8.085190470943859,45.83702405723187,35.29309200779006
55,us20005ejh,38.8,3.0,53.292,-165.7356,2016-03-26T23:23:33.000000Z,2016-03-26T15:23:33.000000Z,77.32058695700495,144.1294897215566,POM,0.12298549519078911,8.131040155984948,45.50534824875326,13.346878424145288
56,us20005ffx,27.49,3.6,54.7627,-160.6244,2016-03-25T11:34:39.130000Z,2016-03-25T03:34:39.130000Z,390.02431135363696,72.6835404150971,POM,0.12364603925261383,8.08760236918677,45.81943331920308,52.678279279421766
57,us20005fhd,38.5,3.2,52.1365,-168.6426,2016-03-25T05:05:47.000000Z,2016-03-24T21:05:47.000000Z,242.92640608697812,218.89067392687278,POM,0.123620160711821,8.089295421085604,45.807094938030836,33.80285452537473
58,us20005c29,53.01,4.5,54.2936,-162.8305,2016-03-23T16:29:56.800000Z,2016-03-23T08:29:56.800000Z,239.58730028580527,76.84841095701152,POM,0.12297349497555299,8.131833613404247,45.49965844651946,33.457810379688425
59,us20005c9x,183.46,4.1,55.6426,-163.7812,2016-03-22T17:37:21.840000Z,2016-03-22T09:37:21.840000Z,261.2609819851899,39.40069024284753,POM,0.1019304326325934,9.810612730395091,36.241962176667435,41.13198840297555
60,us20005dx5,105.8,3.8,53.1441,-168.5444,2016-03-22T10:04:20.000000Z,2016-03-22T02:04:20.000000Z,162.03899995926398,241.54725811938192,POM,0.10787270830808873,9.270185347937685,38.73077157154156,26.02663504742868
61,us20005bi1,25.18,3.2,53.9207,-161.14,2016-03-21T14:14:58.600000Z,2016-03-21T06:14:58.600000Z,346.82764240040854,86.69676385094654,POM,0.12365485823533172,8.087025566734033,45.823638662011064,47.54685999338353
62,us20005cw7,36.85,3.7,52.2047,-171.0056,2016-03-20T04:47:09.770000Z,2016-03-19T20:47:09.770000Z,358.5876442746215,241.0107719526979,POM,0.123624229242037,8.089029198654542,45.80903455243929,48.1044038392214
63,us20005cw8,93.3,3.5,53.0778,-168.631,2016-03-20T00:44:52.000000Z,2016-03-19T16:44:52.000000Z,170.79755966189032,240.3863472112671,POM,0.1130433723726,8.84616213238862,40.96907314695065,26.330879127228904
64,us20005d1a,11.2,3.0,54.3289,-161.5138,2016-03-19T21:39:14.000000Z,2016-03-19T13:39:14.000000Z,324.891037066229,78.71649582114581,POM,0.12366650585237325,8.086263884529485,45.829193329481626,46.35976146779004
65,us20005azp,25.6,3.9,52.7747,-168.1279,2016-03-19T09:41:32.000000Z,2016-03-19T01:41:32.000000Z,165.93609278353233,224.15490270177042,POM,0.1236821465293298,8.085241306536199,45.83665313150384,25.137141369591085
66,us20005d10,28.5,3.8,54.8049,-160.576,2016-03-19T07:57:48.000000Z,2016-03-18T23:57:48.000000Z,394.10682760683017,72.11533701563161,POM,0.12363819119108496,8.088115738077102,45.81569122843716,53.09135597989135
67,us20005b50,26.2,3.3,54.1948,-161.3458,2016-03-14T19:46:14.000000Z,2016-03-14T11:46:14.000000Z,334.2606621332784,81.49364288421783,POM,0.12365791832652313,8.086825441776114,45.82509794451489,45.90019294399745
68,us20005b5a,28.3,3.3,54.5941,-162.3071,2016-03-14T11:20:28.950000Z,2016-03-14T03:20:28.950000Z,280.15826698437576,71.31209426570767,POM,0.1236743539139021,8.085750750686486,45.83293632798115,39.01897198581181
69,us20005bkb,13.2,3.2,52.6951,-169.4206,2016-03-13T18:25:05.000000Z,2016-03-13T10:25:05.000000Z,238.5425535668968,238.39334619694475,POM,0.12368342599411694,8.085157667346355,45.83726341494018,35.440825667109
70,us20005bki,96.49,3.1,52.4486,-170.1034,2016-03-13T16:52:11.730000Z,2016-03-13T08:52:11.730000Z,292.26344578877485,239.06323794336916,POM,0.11948968342117865,8.3689233360439,43.87124861224853,40.66886245294637
71,us20005bji,36.85,3.4,52.7598,-163.3313,2016-03-13T14:34:30.710000Z,2016-03-13T06:34:30.710000Z,239.05266878123618,119.46732679168133,POM,0.12364750840070916,8.087506274362296,45.820133862238535,33.32503377640095
72,us20005abv,31.7,3.4,54.1456,-164.1302,2016-03-12T11:41:31.000000Z,2016-03-12T03:41:31.000000Z,153.2242925244768,76.97244967368458,POM,0.12368263698935951,8.085209244738456,45.836887071994546,23.011406567688205
73,us20005bfc,21.22,3.4,54.6958,-160.7974,2016-03-11T20:12:16.800000Z,2016-03-11T12:12:16.800000Z,377.5465250280794,73.41523970757785,POM,0.12364792700852885,8.087478894256133,45.8203334712256,51.70545633227531
74,us10004wwh,105.35,3.0,52.9259,-169.1501,2016-03-08T14:37:23.050000Z,2016-03-08T06:37:23.050000Z,209.37283306178747,241.4439611035922,POM,0.11387471470807926,8.781580727236292,41.33598279099559,31.267459975167405
75,us10004wwg,40.5,3.0,53.481,-165.694,2016-03-08T12:17:07.370000Z,2016-03-08T04:17:07.370000Z,63.41500557638193,130.98962084495338,POM,0.12060166743440774,8.29175932035828,44.386074569859105,11.681964994850606
76,us10004wkr,38.8,3.3,53.4219,-165.6088,2016-03-07T17:46:20.000000Z,2016-03-07T09:46:20.000000Z,72.02415151866633,131.91243818069086,POM,0.12275054952971713,8.146603040322082,45.3940550319289,12.696071908907768
77,us10004wkx,91.67,3.3,53.6873,-166.9148,2016-03-07T12:09:01.300000Z,2016-03-07T04:09:01.300000Z,37.97601266631747,240.39412479978287,POM,0.05144197469595971,19.439378171432068,17.35933481975656,13.818730644848534
78,us10004wkw,2.5,3.2,54.4721,-160.7255,2016-03-07T01:11:23.000000Z,2016-03-06T17:11:23.000000Z,377.7679726304709,77.2611973478603,POM,0.12365328573659438,8.087128409431797,45.82288879077456,53.942498878666704
79,us10004vnc,204.99,5.0,56.2859,-162.0099,2016-03-06T13:19:09.410000Z,2016-03-06T05:19:09.410000Z,390.1223656475835,44.35108123884146,POM,0.10872907100519255,9.197172299506203,39.09651561824672,55.899983942310946
80,us10004w6b,45.67,3.7,52.2845,-170.8074,2016-03-06T12:15:28.510000Z,2016-03-06T04:15:28.510000Z,342.39891489649824,241.04301661272717,POM,0.1234588803740853,8.099862860978169,45.73026111632502,46.09757047326347
81,us10004w6a,70.07,3.5,53.2916,-168.0143,2016-03-06T10:57:33.420000Z,2016-03-06T02:57:33.420000Z,123.21106825669689,239.9395386357719,POM,0.11450007449550736,8.73361877191824,41.613349954188244,19.834992571698926
82,us10004w68,26.7,3.5,54.1565,-162.527,2016-03-06T07:44:06.000000Z,2016-03-05T23:44:06.000000Z,257.0573565876459,80.97718380065044,POM,0.1236743539139021,8.085750750686486,45.83293632798115,36.30733470309169
83,us10004wr9,39.74,3.3,52.8495,-162.2396,2016-03-04T04:17:16.750000Z,2016-03-03T20:17:16.750000Z,299.7299757668944,110.27741737416405,POM,0.12359371150714919,8.091026540150109,45.79448729886666,40.82418793761595
84,us10004wr7,36.5,3.3,52.8046,-162.2115,2016-03-04T03:03:53.270000Z,2016-03-03T19:03:53.270000Z,303.4926517387963,110.99847086256456,POM,0.12364603925261383,8.08760236918677,45.81943331920308,41.29346175631054
85,us10004vy7,10.4,3.1,52.959,-162.3228,2016-03-03T21:51:27.310000Z,2016-03-03T13:51:27.310000Z,289.859666730172,108.51212888252398,POM,0.1236743539139021,8.085750750686486,45.83293632798115,42.12329088927801
86,us10004uxp,13.1,3.3,54.3913,-161.6465,2016-03-02T04:24:52.000000Z,2016-03-01T20:24:52.000000Z,317.3268413342011,77.27226031616675,POM,0.12366650585237325,8.086263884529485,45.829193329481626,45.196561899277704
87,us10004vlj,13.2,3.2,54.797,-162.747,2016-03-01T09:45:39.050000Z,2016-03-01T01:45:39.050000Z,260.53763298953515,64.84051180464698,POM,0.1236743539139021,8.085750750686486,45.83293632798115,38.161216833550235
88,us10004uh4,222.7,3.1,53.3679,-171.2933,2016-02-29T13:10:52.000000Z,2016-02-29T05:10:52.000000Z,327.34741828415065,262.40115628466106,POM,0.10136815497635367,9.865031086274302,36.010627236048684,50.18830323660571
89,us10004uk5,13.7,3.4,54.3512,-161.5092,2016-02-28T18:08:30.000000Z,2016-02-28T10:08:30.000000Z,325.51268197319087,78.28964343776096,POM,0.12366650585237325,8.086263884529485,45.829193329481626,46.13689260677762
90,us10004te2,88.08,3.7,54.925,-161.3119,2016-02-28T16:08:02.940000Z,2016-02-28T08:08:02.940000Z,352.07428313930313,68.20693740220385,POM,0.12131223777385429,8.243191440126283,44.71743611908089,47.69112270596418
91,us10004uks,24.58,4.1,53.0133,-167.3512,2016-02-28T11:13:54.530000Z,2016-02-28T03:13:54.530000Z,112.63109793883729,213.90851605342914,POM,0.12369482051366149,8.084412878787878,45.84269870662925,18.636463999015923
92,us10004t60,74.4,3.0,54.7722,-161.592,2016-02-27T15:51:43.000000Z,2016-02-27T07:51:43.000000Z,329.92528546297234,70.06834835883399,POM,0.12209430136158751,8.190390451053544,45.084345228341675,44.77907672337401
93,us10004u4p,39.72,3.6,52.3055,-169.465,2016-02-26T17:59:14.090000Z,2016-02-26T09:59:14.090000Z,267.5046389590884,231.03736243651514,POM,0.12359413810341674,8.090998613245358,45.794690623437646,36.84133501023306
94,us10004uvq,10.0,3.7,52.0265,-166.3771,2016-02-25T23:16:03.820000Z,2016-02-25T15:16:03.820000Z,203.7132064752515,179.26772246452856,POM,0.12367990707512393,8.085387704832232,45.83558496518109,31.51678895418391
95,us10004uvk,24.86,3.1,53.6775,-163.5879,2016-02-25T16:45:16.480000Z,2016-02-25T08:45:16.480000Z,187.47735328412801,94.97224279428339,POM,0.12367981697004408,8.08539359532045,45.83554198763297,27.868720679667753
96,us10004tpa,36.7,3.0,52.0213,-171.0059,2016-02-24T10:45:00.000000Z,2016-02-24T02:45:00.000000Z,370.0151293234469,238.34967869520594,POM,0.1236229747189787,8.089111285933804,45.80843646905965,49.517556745636554
97,us10004uby,86.83,3.2,54.3566,-165.4136,2016-02-23T18:06:38.060000Z,2016-02-23T10:06:38.060000Z,85.928051846185,49.25946059163972,POM,0.09365149592894852,10.677886029270473,32.90028841315007,16.950976851953182
98,us10004sx8,148.7,3.5,55.2661,-162.0906,2016-02-23T06:50:13.000000Z,2016-02-22T22:50:13.000000Z,320.64507364904847,58.9692019804147,POM,0.11340843233399446,8.817686475507761,41.12993815708061,45.794373723147416
99,us10004ubw,13.0,3.1,54.6419,-160.6798,2016-02-23T04:31:12.000000Z,2016-02-22T20:31:12.000000Z,383.79619360113145,74.52722874060673,POM,0.12364866136639471,8.087430862165245,45.820683644219436,53.42800686674128
100,us10004ss2,58.3,3.1,52.3712,-169.9856,2016-02-19T11:52:30.000000Z,2016-02-19T03:52:30.000000Z,290.6340367911877,236.771506638286,POM,0.1228776911882185,8.138173742768695,45.45425447484274,39.780782434564124
101,us10004r0k,25.7,4.4,52.3713,-169.62,2016-02-19T11:26:54.000000Z,2016-02-19T03:26:54.000000Z,270.86119224150843,233.67944346444773,POM,0.1236743539139021,8.085750750686486,45.83293632798115,38.10521623588166
102,us10004s1q,16.28,3.8,52.699,-170.3077,2016-02-19T11:26:30.620000Z,2016-02-19T03:26:30.620000Z,289.8262238437663,245.17518883534916,POM,0.1236743539139021,8.085750750686486,45.83293632798115,41.41436600055578
103,us10004s2f,25.6,3.2,52.5086,-169.5136,2016-02-19T11:25:46.000000Z,2016-02-19T03:25:46.000000Z,255.74943178419412,235.329387337344,POM,0.1236743539139021,8.085750750686486,45.83293632798115,36.24544985089066
104,us10004qzn,22.0,4.4,51.9054,-169.6714,2016-02-19T06:06:36.000000Z,2016-02-18T22:06:36.000000Z,308.5212530061347,226.5770918359718,POM,0.12366650585237325,8.086263884529485,45.829193329481626,43.0990346137719
105,us10004qxv,14.48,3.9,53.5052,-164.7784,2016-02-18T15:43:22.060000Z,2016-02-18T07:43:22.060000Z,115.00510507609967,109.23846204582236,POM,0.1533553481520833,6.520802906777629,62.80559676563862,19.634234025841174
106,us10004qms,22.4,3.8,51.9377,-169.5596,2016-02-17T06:30:26.000000Z,2016-02-16T22:30:26.000000Z,300.6070076705047,225.99876668057445,POM,0.12366650585237325,8.086263884529485,45.829193329481626,42.083878111386085
107,us200050ab,45.5,3.6,53.2561,-166.886,2016-02-15T14:43:58.050000Z,2016-02-15T06:43:58.050000Z,73.79328442562866,205.21135278011323,POM,0.11865336823394301,8.427910769699762,43.48696525315431,13.078766181023743
108,us200050ep,20.0,3.0,56.5494,-169.7376,2016-02-15T02:47:01.000000Z,2016-02-14T18:47:01.000000Z,366.7886176752576,326.1418812151168,POM,0.12365133227508716,8.087256171047956,45.821957265399504,50.48616555963939
109,us20004ztg,10.0,4.0,53.3186,-164.1508,2016-02-12T20:03:28.750000Z,2016-02-12T12:03:28.750000Z,161.4587468436376,110.86644773893748,POM,0.12368470294924189,8.085074193939594,45.83787250798298,26.290394584026032
110,us200050jg,24.2,3.6,53.4559,-165.1303,2016-02-11T02:56:14.130000Z,2016-02-10T18:56:14.130000Z,95.94915140175195,117.20145511382027,POM,0.15289468845265927,6.54044957428086,62.472510591031444,16.302184916608038
111,us200050cp,51.1,4.1,53.506,-165.1587,2016-02-11T02:35:40.000000Z,2016-02-10T18:35:40.000000Z,91.7390324220162,114.68910258480976,POM,0.11838053893624996,8.44733440974211,43.3621299288414,15.399824475354336
112,us20004zc7,33.5,3.4,52.2305,-170.3645,2016-02-07T23:57:09.000000Z,2016-02-07T15:57:09.000000Z,320.7476440398133,237.24509082765215,POM,0.12365865779084437,8.086777083505103,45.825450582668395,43.566822924441816
113,us200050fp,41.8,3.9,52.4241,-169.4879,2016-02-07T15:09:47.910000Z,2016-02-07T07:09:47.910000Z,260.17484602471546,233.4456354052704,POM,0.12353906497597193,8.09460554193524,45.76844776633392,35.937402774040784
114,us20004zjq,36.21,3.3,53.7876,-163.653,2016-02-05T20:29:49.660000Z,2016-02-05T12:29:49.660000Z,182.0445838539487,91.3131954615483,POM,0.12366650585237325,8.086263884529485,45.829193329481626,26.27577181842719
115,us20004wdd,10.0,4.1,51.8901,-169.3587,2016-02-01T19:17:05.650000Z,2016-02-01T11:17:05.650000Z,295.23275890321094,223.34465777377676,POM,0.1236743539139021,8.085750750686486,45.83293632798115,42.83577471051687
116,us20004y9t,41.6,3.5,53.4167,-163.7197,2016-01-31T12:52:19.000000Z,2016-01-31T04:52:19.000000Z,184.87950942754085,104.27821645108695,POM,0.12348399934641313,8.098215196243133,45.74222082040751,26.636418801595035
117,us20004yj5,19.9,3.2,54.6362,-161.4165,2016-01-30T07:10:47.000000Z,2016-01-29T23:10:47.000000Z,337.1082072375379,73.07339558465131,POM,0.12365865779084437,8.086777083505103,45.825450582668395,46.82796686677983
118,us20004yfx,32.58,3.5,53.256,-163.4945,2016-01-29T22:26:57.190000Z,2016-01-29T14:26:57.190000Z,204.75664201316172,107.88371664458113,POM,0.12368449885277756,8.085087535425973,45.83777515584766,29.305305003675617
119,us20004wuc,32.6,3.7,52.1073,-171.5733,2016-01-29T09:11:17.000000Z,2016-01-29T01:11:17.000000Z,397.2804828233962,242.74167672702546,POM,0.12363819119108496,8.088115738077102,45.81569122843716,53.111757539421035
120,us20004y91,47.4,3.0,54.689,-161.8987,2016-01-27T05:51:30.000000Z,2016-01-26T21:51:30.000000Z,308.3900372434721,70.70116033183649,POM,0.12339816522211794,8.103848207143031,45.70136384493295,41.90337486494182
121,us20004wh4,19.06,3.5,53.4853,-163.6944,2016-01-26T07:04:32.090000Z,2016-01-25T23:04:32.090000Z,184.4931199082246,101.85536912324378,POM,0.1236810223471064,8.085314796263047,45.83611692079319,28.053907513236943
122,us20004um5,25.7,4.1,53.3383,-163.5822,2016-01-26T06:47:50.000000Z,2016-01-25T22:47:50.000000Z,196.21660853185688,105.96251695830807,POM,0.12368654231346554,8.08495395938586,45.83874987547563,28.87317774835145
123,us20004vrm,21.5,3.2,54.4491,-161.4403,2016-01-24T14:42:57.000000Z,2016-01-24T06:42:57.000000Z,331.56524431400055,76.52616043378708,POM,0.12365865779084437,8.086777083505103,45.825450582668395,45.994089340980196
124,us20004vre,41.21,4.1,52.2671,-170.5392,2016-01-24T12:22:08.950000Z,2016-01-24T04:22:08.950000Z,328.1717517531776,239.0454133647056,POM,0.12356235814239894,8.093079599917914,45.779545669329345,44.33859535004322
125,us20004vra,23.27,3.4,53.9649,-163.1848,2016-01-24T10:48:48.480000Z,2016-01-24T02:48:48.480000Z,212.598048700234,85.4547366361496,POM,0.12368506143334806,8.085050760466205,45.838043502015026,31.120062714924305
126,us20004veq,39.74,3.9,53.5,-165.1395,2016-01-23T23:21:07.770000Z,2016-01-23T15:21:07.770000Z,93.17661512920769,114.71923714108735,POM,0.12313311483252833,8.121292158978406,45.57538799950033,15.309116575425769
127,us20004vae,19.01,3.5,53.024,-162.8674,2016-01-23T17:06:53.550000Z,2016-01-23T09:06:53.550000Z,253.28185830987522,110.03388471140077,POM,0.1236743539139021,8.085750750686486,45.83293632798115,36.567779518729814
128,us20004vet,42.84,3.5,52.8517,-168.673,2016-01-23T04:39:27.000000Z,2016-01-22T20:39:27.000000Z,187.39014792179722,234.25762128890617,POM,0.1234229829716425,8.102218694793324,45.713174004238255,26.952162393698416
129,us20004ve9,30.64,3.2,54.6014,-161.703,2016-01-23T00:20:47.580000Z,2016-01-22T16:20:47.580000Z,318.20356294572946,73.0041934734692,POM,0.12365865779084437,8.086777083505103,45.825450582668395,43.511557372551486
130,us10004ge9,37.18,3.6,52.3801,-168.4264,2016-01-22T01:02:23.200000Z,2016-01-21T17:02:23.200000Z,212.4604520744475,220.13898930235834,POM,0.12364831713910937,8.087453376942927,45.82051950176786,30.036637313883073
131,us10004g83,10.0,4.1,52.254,-168.3002,2016-01-21T23:57:31.730000Z,2016-01-21T15:57:31.730000Z,218.61125182852183,216.0782678154873,POM,0.12368606421099089,8.084985211382762,45.83852182166687,33.35928831137701
132,us10004g4x,32.6,3.1,54.4033,-161.4905,2016-01-21T12:29:48.000000Z,2016-01-21T04:29:48.000000Z,327.5441652129203,77.31250866513386,POM,0.1236573468888702,8.086862812111693,45.824825436996214,44.48885797576824
133,us10004gs2,13.04,3.0,53.502,-161.0818,2016-01-20T05:27:01.210000Z,2016-01-19T21:27:01.210000Z,354.5326761237425,94.24176755516991,POM,0.12365666947838207,8.086907113205262,45.824502394818516,49.80458623910287
134,us10004fnw,66.8,4.0,52.0678,-169.5835,2016-01-19T18:16:32.100000Z,2016-01-19T10:16:32.100000Z,291.4459104783035,228.19244319617215,POM,0.122337333564397,8.17411963187518,45.198845218493034,39.97406867485234
135,us10004fy5,42.56,3.0,52.181,-171.2611,2016-01-18T15:59:32.600000Z,2016-01-18T07:59:32.600000Z,374.77732241417306,242.1177649188964,POM,0.1235335654800642,8.094965899461387,45.76582788349425,50.09578412720427
136,us10004fcs,41.61,4.6,52.1246,-171.1836,2016-01-18T15:10:28.020000Z,2016-01-18T07:10:28.020000Z,373.6536602907036,240.8707345093706,POM,0.12354594388854408,8.094154842526773,45.77172495718814,49.95765999307354
137,us10004fxy,17.28,3.6,52.087,-170.5327,2016-01-18T00:53:31.980000Z,2016-01-17T16:53:31.980000Z,339.4988315983473,236.2050985438535,POM,0.12365865779084437,8.086777083505103,45.825450582668395,47.437391882334346
138,us10004fxx,28.49,3.4,53.0927,-160.6817,2016-01-18T00:45:05.250000Z,2016-01-17T16:45:05.250000Z,389.951163544759,100.27960384231471,POM,0.12364603925261383,8.08760236918677,45.81943331920308,52.57843246666004
139,us10004giv,25.2,3.2,53.568,-164.6893,2016-01-17T22:32:06.000000Z,2016-01-17T14:32:06.000000Z,118.39100021514055,105.06254030193354,POM,0.12369482051366149,8.084412878787878,45.84269870662925,19.292574806483188
140,us10004gjp,31.9,3.3,53.6053,-164.7367,2016-01-17T17:49:41.000000Z,2016-01-17T09:49:41.000000Z,114.24762630578533,103.51076540941634,POM,0.12368697245213266,8.084925842832833,45.838955051454434,18.17219532392028
141,us10004etf,25.7,4.1,53.1669,-166.7472,2016-01-15T07:26:58.000000Z,2016-01-14T23:26:58.000000Z,79.89405285449625,196.14469927817984,POM,0.1519088297268952,6.582895818484156,61.77185432605642,13.876269548792106
142,us10004eql,17.96,4.3,52.4978,-167.552,2016-01-14T23:43:14.350000Z,2016-01-14T15:43:14.350000Z,169.27841065592676,207.14036690394198,POM,0.12368287888496089,8.085193431906719,45.83700245214764,26.30374569389184
143,us10004es1,37.72,3.9,52.6944,-170.3595,2016-01-12T19:40:02.260000Z,2016-01-12T11:40:02.260000Z,293.161768332704,245.40787756654095,POM,0.12362813473241706,8.088773661144511,45.81089650344351,40.01408932299033
144,us10004es0,20.52,3.1,52.9299,-163.1308,2016-01-12T17:03:31.690000Z,2016-01-12T09:03:31.690000Z,241.58713837209007,113.95240689079857,POM,0.12368220197543095,8.085237681963704,45.836679578233735,34.95551985752889
145,us10004esc,23.7,3.5,51.857,-166.2619,2016-01-12T09:39:53.000000Z,2016-01-12T01:39:53.000000Z,222.79561584928314,177.2853725640074,POM,0.12368383714138981,8.085130790831181,45.83745952677627,32.34225732196656
146,us10004dvw,114.79,3.0,52.8357,-169.6659,2016-01-11T20:42:58.030000Z,2016-01-11T12:42:58.030000Z,244.48948317895122,243.61378278533942,POM,0.11461316987716333,8.725000809869844,41.66363865198355,35.69330674152219
147,us10004dvy,33.2,3.2,54.3893,-161.5803,2016-01-11T18:14:00.000000Z,2016-01-11T10:14:00.000000Z,321.54321741585915,77.42923454966885,POM,0.12365865779084437,8.086777083505103,45.825450582668395,43.69239480582567
148,us10004dvp,35.01,3.8,52.5349,-163.9702,2016-01-11T02:49:34.560000Z,2016-01-10T18:49:34.560000Z,219.84963984147427,131.01711444932437,POM,0.12368266994405631,8.085207090470446,45.83690279081926,30.952781707561037
149,us10004epq,16.4,3.0,53.1716,-166.6699,2016-01-10T16:25:33.000000Z,2016-01-10T08:25:33.000000Z,78.12340132859502,192.6014700611489,POM,0.16850624381100032,5.934498196527472,77.77841538496705,13.746082295156159
150,us10004epl,10.0,3.4,53.2274,-161.103,2016-01-10T00:31:52.550000Z,2016-01-09T16:31:52.550000Z,358.9618040965911,99.10761340483192,POM,0.12365631788789239,8.08693010660892,45.82433472977811,50.716826493903525
151,us10004e9b,70.03,3.6,53.6912,-166.1357,2016-01-08T21:40:58.730000Z,2016-01-08T13:40:58.730000Z,26.063547144968005,134.92996930363734,POM,0.0485714213055882,20.58823837392934,16.362542796395584,10.766482420332325
152,us10004ced,42.12,4.0,53.6922,-164.7461,2016-01-08T17:46:33.060000Z,2016-01-08T09:46:33.060000Z,111.5454679231824,98.78523378041379,POM,0.12299036662920328,8.13071809936825,45.507658164871046,17.596433155774687
153,us10004e8x,90.95,4.0,54.6323,-162.3136,2016-01-08T12:43:21.350000Z,2016-01-08T04:43:21.350000Z,280.9110157160792,70.45275488618944,POM,0.11985747121739872,8.343242935487849,44.04103122337674,39.16468374105233
154,us10004dj8,47.84,4.3,52.4257,-169.558,2016-01-07T20:38:20.790000Z,2016-01-07T12:38:20.790000Z,263.78515559906623,234.1282930122628,POM,0.12332646923525512,8.10855938875879,45.66725948369544,36.4023736197857
155,us10004dj9,27.55,3.4,53.6442,-164.7868,2016-01-07T19:11:55.970000Z,2016-01-07T11:11:55.970000Z,109.98487186833226,101.77265266611352,POM,0.12369482051366149,8.084412878787878,45.84269870662925,18.039491175078705
156,us10004bp9,32.99,4.3,52.3138,-167.0914,2016-01-06T04:23:52.710000Z,2016-01-05T20:23:52.710000Z,177.60646823245483,195.054623188658,POM,0.123679667969494,8.085403336032995,45.83547091870146,25.910257042429652
157,us10004c4p,99.59,3.7,53.1887,-168.2049,2016-01-06T02:59:15.130000Z,2016-01-05T18:59:15.130000Z,140.07564915212205,238.6558717056509,POM,0.10579460110708729,9.452278183721125,37.85089438812663,23.304556013156066
158,us10004bg7,40.48,4.6,52.0226,-169.6421,2016-01-05T07:20:49.600000Z,2016-01-04T23:20:49.600000Z,297.8377565490801,228.04142405251773,POM,0.1235779277448088,8.092059951555608,45.78696495390886,40.59048679903659
159,us10004ce5,7.8,3.0,54.351,-161.679,2016-01-05T02:04:44.330000Z,2016-01-04T18:04:44.330000Z,314.5745322020525,78.02048216700008,POM,0.12366650585237325,8.086263884529485,45.829193329481626,45.49174917761208
160,us10004cdw,29.54,3.0,52.6422,-163.5654,2016-01-05T01:07:32.610000Z,2016-01-04T17:07:32.610000Z,233.32816903723395,124.25418296158539,POM,0.12368220197543095,8.085237681963704,45.836679578233735,33.11472885007627
161,us10004c9w,28.63,3.2,53.211,-160.9461,2016-01-03T09:27:36.320000Z,2016-01-03T01:27:36.320000Z,369.57994923668514,99.0050045528302,POM,0.12364732572359442,8.087518222880414,45.82004675469244,50.046974152409575
162,us10004ca1,9.78,3.5,51.865,-169.4807,2016-01-03T02:35:06.990000Z,2016-01-02T18:35:06.990000Z,302.88202138109096,224.19916116942431,POM,0.1236743539139021,8.085750750686486,45.83293632798115,43.80817724215352
163,us10004c9n,25.9,4.0,52.7039,-168.3002,2016-01-02T22:14:09.000000Z,2016-01-02T14:14:09.000000Z,179.64753604014712,225.17771707983877,POM,0.12368054359709725,8.085346093380767,45.8358885689177,26.805832483464187
164,us10004c9m,55.01,3.9,53.4037,-165.706,2016-01-02T21:53:12.080000Z,2016-01-02T13:53:12.080000Z,68.87947488470077,136.79401823825495,POM,0.10869907284818374,9.19971048324088,39.08367173065301,12.967596299555039
165,us10004as7,21.9,3.1,54.467,-160.782,2016-01-01T20:24:16.340000Z,2016-01-01T12:24:16.340000Z,374.06128262044814,77.26775462631166,POM,0.12364862707251549,8.08743310520978,45.8206672913935,51.21264878258309
166,us10004bcl,104.3,3.2,54.0483,-165.6485,2015-12-30T20:01:41.000000Z,2015-12-30T12:01:41.000000Z,54.645428361953115,66.7463882274687,POM,0.06141665865211128,16.282227362195055,20.86802665376118,16.15484604133892
167,us10004baw,54.6,3.0,52.5474,-171.5387,2015-12-30T07:36:39.000000Z,2015-12-29T23:36:39.000000Z,371.9953692305572,249.0090603985316,POM,0.12322072114843628,8.115518158633098,45.616995100494556,49.77123349500476
168,us10004aaa,39.5,4.0,52.2362,-170.7616,2015-12-29T19:46:24.780000Z,2015-12-29T11:46:24.780000Z,342.70013410634925,240.00367927524343,POM,0.12358940993003727,8.09130815145157,45.792437120033874,46.13520954376489
169,us10004agu,10.0,3.1,52.7039,-163.9085,2015-12-29T14:36:59.450000Z,2015-12-29T06:36:59.450000Z,210.73502274133153,126.49724946456588,POM,0.12368695816167816,8.08492677694316,45.83894823490099,32.38511146936624
170,us10004agt,36.07,3.3,53.9008,-164.0138,2015-12-29T11:48:36.420000Z,2015-12-29T03:48:36.420000Z,157.98699727383155,87.25849459362601,POM,0.1236719951040895,8.085904971116074,45.83181130759109,23.300597185266444
171,us10004agz,24.4,3.4,52.307,-169.539,2015-12-29T02:17:10.000000Z,2015-12-28T18:17:10.000000Z,271.2006491042483,231.76966258863715,POM,0.1236743539139021,8.085750750686486,45.83293632798115,38.265293173015124
172,us10004bc9,53.5,3.3,53.6405,-164.8007,2015-12-28T18:04:32.000000Z,2015-12-28T10:04:32.000000Z,109.18432158982083,102.09233893125892,POM,0.11946313905823994,8.370782886531101,43.85901361283763,17.553898863626948
173,us10004bjg,50.84,4.0,52.5548,-169.8064,2015-12-28T07:54:06.220000Z,2015-12-27T23:54:06.220000Z,268.9325077784311,238.76750288084227,POM,0.12319850381804394,8.116981692220337,45.60644044412429,37.05350588322719
174,us10004bcd,45.6,3.6,53.5728,-164.7982,2015-12-28T03:21:54.000000Z,2015-12-27T19:21:54.000000Z,111.32988726248067,105.84779341946732,POM,0.1222146033726041,8.182328235777446,45.14099448729091,17.62128877712997
175,us100049lw,42.07,3.8,52.7278,-168.1561,2015-12-26T04:04:38.140000Z,2015-12-25T20:04:38.140000Z,171.07384035190043,223.4359724496225,POM,0.12342449755918378,8.102119269478784,45.7138948401621,24.93426188391747
176,us100049c1,97.0,3.8,53.3695,-167.7663,2015-12-22T21:03:09.000000Z,2015-12-22T13:03:09.000000Z,104.59450119643216,239.30462064588005,POM,0.09633906941523501,10.380004769299344,33.97054294311594,19.522467972661143
177,us100049bw,24.62,3.0,54.1632,-162.4491,2015-12-22T17:05:24.660000Z,2015-12-22T09:05:24.660000Z,262.1957046997123,80.92829683980379,POM,0.1236743539139021,8.085750750686486,45.83293632798115,37.131752285353016
178,us10004994,11.1,3.8,52.19,-169.1799,2015-12-21T09:26:20.000000Z,2015-12-21T01:26:20.000000Z,262.32064285546886,226.11433252735554,POM,0.1236743539139021,8.085750750686486,45.83293632798115,38.63348704398785
179,us1000498w,35.43,3.7,51.9495,-171.0374,2015-12-21T06:51:30.960000Z,2015-12-20T22:51:30.960000Z,376.4371131782027,237.5475934679134,POM,0.12363819119108496,8.088115738077102,45.81569122843716,50.31557705942852
180,us10004a5a,29.31,3.2,53.3079,-160.7815,2015-12-20T09:10:29.810000Z,2015-12-20T01:10:29.810000Z,377.9750916167346,97.02583778167728,POM,0.12364603925261383,8.08760236918677,45.81943331920308,51.02320064785228
181,us1000491v,23.52,4.0,51.4828,-168.7264,2015-12-20T01:43:58.420000Z,2015-12-19T17:43:58.420000Z,306.9554836982087,211.54334885141,POM,0.12366650585237325,8.086263884529485,45.829193329481626,42.76719767598492
182,us100049fb,28.2,3.0,54.0345,-163.7537,2015-12-16T05:44:03.000000Z,2015-12-15T21:44:03.000000Z,175.84921654942383,82.47161159029959,POM,0.12368061600380284,8.085341359952903,45.83592310505955,26.127256185806907
183,us20004h58,46.67,5.2,52.835,-167.9241,2015-12-14T21:12:01.830000Z,2015-12-14T13:12:01.830000Z,151.76817847702625,222.07421548748147,POM,0.12288021246260879,8.13800676251508,45.45544890557375,22.595044519416604
184,us20004hjy,32.4,3.8,52.259,-168.049,2015-12-12T06:55:36.960000Z,2015-12-11T22:55:36.960000Z,208.85159732199278,212.29149881722466,POM,0.1236840622672235,8.085116074530823,45.83756690912784,29.828095538155583
185,ak015fppi8et,210.3,3.0,53.0318,-170.9309,2015-12-08T06:23:05.491000Z,2015-12-07T22:23:05.491000Z,313.73474777905074,254.80648901866186,POM,0.10229825226307679,9.775338071547258,36.393663186820554,48.08747450849536
186,us20004gqg,51.3,3.0,51.9823,-171.2561,2015-12-07T04:30:12.000000Z,2015-12-06T20:30:12.000000Z,386.5865754015514,239.30184608107922,POM,0.12332837994199725,8.108433764153162,45.66816809950348,51.55995235073224
187,us20004g5f,33.99,3.0,52.5825,-166.9332,2015-12-07T01:01:48.750000Z,2015-12-06T17:01:48.750000Z,145.99057255018602,193.92225071421245,POM,0.12368309955891338,8.085179006398322,45.83710771013807,21.90917017156023
188,us20004h7p,10.0,3.5,53.5448,-161.197,2015-12-05T20:41:28.040000Z,2015-12-05T12:41:28.040000Z,346.2910740758597,93.64868037403022,POM,0.12365865779084437,8.086777083505103,45.825450582668395,49.14998150600467
189,us20004h7m,14.56,3.5,53.3814,-163.4982,2015-12-05T11:41:52.270000Z,2015-12-05T03:41:52.270000Z,200.12217928772654,104.15574933526895,POM,0.12367977861765304,8.0853961025547,45.83552369464852,30.52601517488844
190,us20004h7k,27.4,3.1,53.4566,-163.52,2015-12-05T08:54:43.000000Z,2015-12-05T00:54:43.000000Z,196.50355559741485,101.93498073423827,POM,0.12368624472624272,8.084973411662068,45.838607926927544,28.75433167474511
191,us20004h78,30.63,3.5,53.531,-163.6572,2015-12-05T03:07:11.350000Z,2015-12-04T19:07:11.350000Z,185.73383105717247,100.14788918930383,POM,0.12368696272941894,8.08492647836804,45.838950413715374,27.129243398530622
192,us20004h5t,59.05,3.5,53.4535,-165.5893,2015-12-04T22:00:03.760000Z,2015-12-04T14:00:03.760000Z,70.6844516850538,129.10119338584963,POM,0.1059893798353206,9.43490754973503,37.93291464823617,13.40803513627488
193,us20004h5r,10.0,3.2,53.1315,-161.8282,2015-12-04T04:04:53.780000Z,2015-12-03T20:04:53.780000Z,314.87924351359305,103.00192771961197,POM,0.12366650585237325,8.086263884529485,45.829193329481626,45.2655410013853
194,us1000430f,56.76,4.3,52.5292,-169.4529,2015-12-03T10:50:47.900000Z,2015-12-03T02:50:47.900000Z,251.08152189719073,235.17888094505503,POM,0.1227778453919864,8.144791894721335,45.40697375564511,34.907408325947806
195,us100044pm,23.74,3.5,54.4339,-160.7832,2015-12-03T09:40:08.640000Z,2015-12-03T01:40:08.640000Z,373.47863752319574,77.82589531881985,POM,0.12364809621611714,8.087467826857274,45.82041415638896,50.97328318764586
196,us20004h94,13.9,3.0,54.7695,-160.5437,2015-12-03T04:39:30.000000Z,2015-12-02T20:39:30.000000Z,395.2590069930738,72.74046428298617,POM,0.12364603925261383,8.08760236918677,45.81943331920308,54.737484236312106
197,us1000437s,35.64,3.6,52.4763,-163.125,2015-12-01T15:44:10.280000Z,2015-12-01T07:44:10.280000Z,268.3245460763487,123.60149185368661,POM,0.12366650585237325,8.086263884529485,45.829193329481626,36.94659794256859
198,us1000437p,2.0,3.5,51.496,-167.016,2015-12-01T05:52:21.860000Z,2015-11-30T21:52:21.860000Z,265.84546931839526,189.03482203195918,POM,0.12368220197543095,8.085237681963704,45.836679578233735,40.161358722894704
199,us20004fli,4.09,3.3,53.3444,-164.0894,2015-11-30T23:52:14.310000Z,2015-11-30T15:52:14.310000Z,164.17785202159047,109.39056443589644,POM,0.12368508737578525,8.085049064660138,45.838055876369054,27.3357523790591
200,us1000423u,27.2,3.1,52.6428,-168.7189,2015-11-30T06:43:04.000000Z,2015-11-29T22:43:04.000000Z,204.6905701798554,229.62342663206294,POM,0.12368534673682803,8.085032110778279,45.83817958985316,29.78509530491118
201,us100042it,28.62,3.1,53.8209,-160.8343,2015-11-28T03:59:44.440000Z,2015-11-27T19:59:44.440000Z,367.2989811194647,88.3710901334069,POM,0.12364795450525229,8.087477095769685,45.82034658279051,49.76584292462879
202,us100042i7,11.62,3.0,52.6462,-164.1243,2015-11-26T18:38:43.010000Z,2015-11-26T10:38:43.010000Z,203.7773874534787,130.46596828865063,POM,0.12367970949116386,8.085400621606762,45.835490723321975,31.330486653627606
203,us100041bj,90.9,3.8,53.952,-164.9584,2015-11-23T02:33:00.470000Z,2015-11-22T18:33:00.470000Z,96.31942612722071,83.10328342951179,POM,0.0961772883521799,10.397465109831563,33.905740970282835,18.257446335149456
204,us100041d9,26.1,3.9,52.712,-166.572,2015-11-21T23:48:34.910000Z,2015-11-21T15:48:34.910000Z,127.84799084355996,184.76020468567302,POM,0.12368639142185363,8.084963822651504,45.83867790041402,20.380587983870022
205,us1000414i,22.75,3.1,54.2637,-162.394,2015-11-20T11:25:17.490000Z,2015-11-20T03:25:17.490000Z,267.1267878980384,78.61851146344371,POM,0.1236743539139021,8.085750750686486,45.83293632798115,37.911562481807096
206,us10003zd7,30.45,4.3,53.4607,-165.2216,2015-11-18T19:08:09.510000Z,2015-11-18T11:08:09.510000Z,90.38373870656422,118.71988422212607,POM,0.12369482051366149,8.084412878787878,45.84269870662925,15.352001202568179
207,us10003ztf,36.2,3.8,54.008,-163.19,2015-11-18T02:44:04.360000Z,2015-11-17T18:44:04.360000Z,212.47361070498556,84.15839161467608,POM,0.12366650585237325,8.086263884529485,45.829193329481626,30.039013613071596
208,us1000408n,10.0,3.2,52.6769,-163.2733,2015-11-17T13:14:25.980000Z,2015-11-17T05:14:25.980000Z,247.32817954265408,120.80022530910539,POM,0.12368280484448678,8.085198271961533,45.83696713605535,36.911093626325126
209,us1000414x,35.49,3.4,54.244,-162.6109,2015-11-16T20:49:57.150000Z,2015-11-16T12:49:57.150000Z,252.8218658624728,78.65267618201605,POM,0.12366650585237325,8.086263884529485,45.829193329481626,35.029751563358694
210,us1000414v,20.0,3.0,52.6472,-169.3303,2015-11-16T08:38:22.000000Z,2015-11-16T00:38:22.000000Z,236.58605260311595,236.49532121844402,POM,0.1236828470989092,8.085195509772667,45.83698729071934,34.38427999946668
211,us10003zww,25.7,3.0,53.627,-160.778,2015-11-14T23:19:06.070000Z,2015-11-14T15:19:06.070000Z,372.71482135227205,91.6591500702886,POM,0.12364756913832542,8.087502301652957,45.82016282432407,50.700702009807344
212,us10003yfl,16.4,4.0,52.596,-169.322,2015-11-14T22:03:04.900000Z,2015-11-14T14:03:04.900000Z,239.51728575639618,235.31134450350703,POM,0.1236829387695737,8.085189517230345,45.837031016142554,35.17794282627118
213,us10003zwm,17.1,3.1,53.717,-164.161,2015-11-14T21:24:57.810000Z,2015-11-14T13:24:57.810000Z,149.37053891042717,95.07360995197794,POM,0.12368523974900263,8.085039104337135,45.83812855734212,23.94432020505341
214,us10003zwj,93.61,3.2,54.5388,-163.7701,2015-11-14T11:14:47.840000Z,2015-11-14T03:14:47.840000Z,188.55373713576003,65.19621625480123,POM,0.11481807762707621,8.709429914407325,41.75485261191202,28.36866697862923
215,us10003zwh,15.1,3.0,54.4302,-161.54,2015-11-14T02:35:43.870000Z,2015-11-13T18:35:43.870000Z,324.839810257373,76.70429987463397,POM,0.12366650585237325,8.086263884529485,45.829193329481626,45.88588644125286
216,us1000400x,25.5,3.6,52.4684,-169.0495,2015-11-12T22:58:22.000000Z,2015-11-12T14:58:22.000000Z,234.33670902263037,229.81048272010233,POM,0.12368224702041422,8.085234737326095,45.83670106383857,33.60615956202134
217,us10003yqf,69.6,3.3,52.3039,-171.0438,2015-11-12T17:41:56.000000Z,2015-11-12T09:41:56.000000Z,354.9856793415415,242.73890508766087,POM,0.12253176671323394,8.161148956093488,45.2906148414579,47.78672606703793
218,us10003znk,11.39,3.3,54.1961,-162.3077,2015-11-12T16:04:57.910000Z,2015-11-12T08:04:57.910000Z,271.7646935009926,80.35688272173385,POM,0.1236743539139021,8.085750750686486,45.83293632798115,39.76677814164241
219,us10003zp0,161.3,3.2,53.1423,-169.4134,2015-11-12T04:08:06.000000Z,2015-11-11T20:08:06.000000Z,214.25645441579334,249.42229289935622,POM,0.10057540141209494,9.942789051396643,35.68561651464546,34.96058110938348
220,us1000401p,148.7,3.9,53.73,-167.576,2015-11-11T13:57:53.190000Z,2015-11-11T05:57:53.190000Z,77.80022774160112,260.0085126076786,POM,0.05940788833934632,16.83278143615975,20.155289937877626,22.322690772663954
221,us10003xch,44.53,4.6,54.389,-161.6609,2015-11-11T09:57:30.230000Z,2015-11-11T01:57:30.230000Z,316.363133599779,77.29196139906811,POM,0.12347701557550586,8.098673225451442,45.73889543391491,42.881319302879454
222,us10003z5u,20.7,3.0,51.9747,-170.5149,2015-11-09T15:02:55.000000Z,2015-11-09T07:02:55.000000Z,346.22273692931856,234.43227194042862,POM,0.12365670566529093,8.086904746652078,45.82451965151287,47.879391424149894
223,us10003z0f,28.32,3.4,54.4955,-161.3751,2015-11-07T01:51:39.740000Z,2015-11-06T17:51:39.740000Z,336.6089119132356,75.77616548504454,POM,0.12365647698364658,8.086919702008402,45.8244105986507,45.99806689962354
224,us10003z4k,79.83,4.0,53.5437,-166.8378,2015-11-06T23:11:41.940000Z,2015-11-06T15:11:41.940000Z,44.66392548984018,218.86501559072187,POM,0.06651287334629084,15.034683508463495,22.6918408586884,12.92216762729439
225,us10003vew,10.0,4.0,52.1132,-169.2352,2015-11-06T21:22:32.390000Z,2015-11-06T13:22:32.390000Z,271.1224669252696,225.4387901508955,POM,0.1236743539139021,8.085750750686486,45.83293632798115,39.85401717211647
226,us10003z4r,32.3,4.2,52.2896,-169.3693,2015-11-06T16:54:26.000000Z,2015-11-06T08:54:26.000000Z,263.83404069098975,229.81159475727787,POM,0.1236743539139021,8.085750750686486,45.83293632798115,36.637277910122314
227,us10003v7l,10.0,4.5,52.0276,-169.2611,2015-11-06T13:30:20.660000Z,2015-11-06T05:30:20.660000Z,279.33228367718687,224.36725824495213,POM,0.1236743539139021,8.085750750686486,45.83293632798115,40.869425385808384
228,us10003z4n,10.0,4.3,52.0582,-169.2397,2015-11-06T04:14:49.840000Z,2015-11-05T20:14:49.840000Z,275.8242731270559,224.61525059475144,POM,0.1236743539139021,8.085750750686486,45.83293632798115,40.43554691641515
229,us10003vbh,19.94,3.2,52.1532,-169.4369,2015-11-06T02:17:34.470000Z,2015-11-05T18:17:34.470000Z,277.62130913459134,228.14935865073213,POM,0.1236743539139021,8.085750750686486,45.83293632798115,39.46658833281193
230,us10003z4m,20.05,3.4,52.1756,-169.4544,2015-11-06T01:44:23.330000Z,2015-11-05T17:44:23.330000Z,276.7512502192022,228.69207831914906,POM,0.1236743539139021,8.085750750686486,45.83293632798115,39.3472518545028
231,us10003v31,22.17,4.7,52.278,-169.4998,2015-11-06T01:31:14.500000Z,2015-11-05T17:31:14.500000Z,271.31049849965723,230.8844009763178,POM,0.1236743539139021,8.085750750686486,45.83293632798115,38.48156195726056
232,us10003v2p,18.83,5.3,52.27,-169.449,2015-11-06T01:09:56.500000Z,2015-11-05T17:09:56.500000Z,269.3228684684219,230.2531066169762,POM,0.1236743539139021,8.085750750686486,45.83293632798115,38.573320401124626
233,us10003v20,21.14,3.9,52.972,-161.9326,2015-11-05T23:06:36.120000Z,2015-11-05T15:06:36.120000Z,313.8331378358835,106.47641049528353,POM,0.12366650585237325,8.086263884529485,45.829193329481626,43.834107630803736
234,us10003y9d,18.5,3.0,54.315,-161.538,2015-11-05T18:54:16.000000Z,2015-11-05T10:54:16.000000Z,323.13476369042445,78.95311496944336,POM,0.12366650585237325,8.086263884529485,45.829193329481626,45.267693650448564
235,us10003y98,29.3,3.3,51.5945,-168.9205,2015-11-05T03:15:46.000000Z,2015-11-04T19:15:46.000000Z,303.3359682491351,214.91818661135866,POM,0.12366650585237325,8.086263884529485,45.829193329481626,41.7946313868306
236,us10003y90,203.4,3.2,53.3521,-169.623,2015-11-04T00:17:45.020000Z,2015-11-03T16:17:45.020000Z,219.63940699648336,256.4754439113135,POM,0.09102270877770784,10.986269398355981,31.86581509215925,38.471793487083076
237,us200041et,10.9,3.1,53.935,-162.9412,2015-11-02T05:41:09.000000Z,2015-11-01T21:41:09.000000Z,228.50884075800565,86.41750307791514,POM,0.12368483513756036,8.085065553006684,45.83793556068531,34.47554805211458
238,us10003vgr,17.5,3.2,53.182,-169.47,2015-11-01T23:20:36.300000Z,2015-11-01T15:20:36.300000Z,216.08501958742406,250.89340869549682,POM,0.12368546870122145,8.085024138248865,45.83823776614883,32.1480100715047
239,us10003ya8,46.1,3.3,52.6327,-169.1418,2015-11-01T23:20:34.000000Z,2015-11-01T15:20:34.000000Z,227.3442593039109,234.28472872781876,POM,0.12334100529015185,8.107603774167105,45.674172317255085,31.89904516472368
240,us200041y2,97.07,3.6,52.6953,-169.9313,2015-11-01T19:37:30.310000Z,2015-11-01T11:37:30.310000Z,267.7867927235537,242.5566331448348,POM,0.11868280614832466,8.425820322703215,43.500450229917405,37.7701189289732
241,us10003ya5,23.25,3.0,54.1387,-161.4117,2015-11-01T13:46:34.960000Z,2015-11-01T05:46:34.960000Z,329.53972712625847,82.51879675111473,POM,0.12365865779084437,8.086777083505103,45.825450582668395,45.58448011604754
242,us10003vee,29.7,3.0,54.4797,-161.693,2015-10-31T23:56:26.000000Z,2015-10-31T15:56:26.000000Z,316.0290913229613,75.42411889847406,POM,0.12365865779084437,8.086777083505103,45.825450582668395,43.327948123775
243,us10003ved,18.3,3.2,54.3801,-161.6593,2015-10-31T23:24:21.000000Z,2015-10-31T15:24:21.000000Z,316.3149201782277,77.47224192215297,POM,0.12366650585237325,8.086263884529485,45.829193329481626,44.44831619876894
244,us10003utc,76.65,3.2,53.2191,-167.2696,2015-10-30T17:48:08.330000Z,2015-10-30T09:48:08.330000Z,90.82322911947574,218.93981536584158,POM,0.10228653329884022,9.77645803165898,36.38882533734156,16.670518925979838
245,us200041pr,24.8,3.6,52.971,-166.702,2015-10-27T23:21:27.480000Z,2015-10-27T15:21:27.480000Z,100.42562751942528,191.06871488796392,POM,0.15284296361434477,6.542662981353936,62.43534218256926,16.993047740453722
246,us200040r6,25.7,3.8,52.024,-169.485,2015-10-27T14:54:07.790000Z,2015-10-27T06:54:07.790000Z,290.1289373538681,226.57077716939008,POM,0.12366650585237325,8.086263884529485,45.829193329481626,40.488142164030485
247,us10003rv4,35.0,3.8,52.1106,-169.5008,2015-10-27T14:39:05.020000Z,2015-10-27T06:39:05.020000Z,284.06360122022966,228.08124329203486,POM,0.12366650585237325,8.086263884529485,45.829193329481626,38.894504885672845
248,us10003rud,35.0,4.7,52.1906,-169.5287,2015-10-27T13:19:27.480000Z,2015-10-27T05:19:27.480000Z,279.3066593304363,229.66079257819882,POM,0.12366650585237325,8.086263884529485,45.829193329481626,38.306193170846676
249,us200040wp,11.1,3.7,54.7064,-160.4574,2015-10-24T20:20:35.000000Z,2015-10-24T12:20:35.000000Z,399.2532502719541,73.89763139675765,POM,0.12364603925261383,8.08760236918677,45.81943331920308,55.566997158499504
250,us200040wc,33.83,3.1,52.2905,-168.496,2015-10-24T01:12:09.300000Z,2015-10-23T17:12:09.300000Z,223.23030755298183,219.4986804251228,POM,0.12368220659272083,8.085237380126543,45.836681780593274,31.47689982375283
251,us10003r4j,24.11,4.2,52.2954,-168.4616,2015-10-24T00:06:27.710000Z,2015-10-23T16:06:27.710000Z,221.36487063924102,219.10549161459187,POM,0.12368393571470644,8.085124347163676,45.83750654505324,32.12804574257489
252,us10003urg,38.09,4.1,51.7902,-170.7981,2015-10-23T17:11:42.290000Z,2015-10-23T09:11:42.290000Z,374.3115471437635,233.8647259956677,POM,0.12360611842595828,8.090214406328222,45.80040099500459,50.045000807825524
253,us20004110,53.22,3.0,54.469,-162.3464,2015-10-22T15:36:55.940000Z,2015-10-22T07:36:55.940000Z,274.3104197600562,73.9776274237293,POM,0.12309766340185069,8.123631045176815,45.55855971717941,37.73187059552923
254,us2000404h,44.0,3.6,52.4325,-169.6189,2015-10-22T11:26:47.000000Z,2015-10-22T03:26:47.000000Z,266.57969630585495,234.8090943967683,POM,0.12347615128488425,8.098729913380597,45.738483907789536,36.733021924611435
255,us10003q5a,48.68,4.5,52.4541,-169.5517,2015-10-21T04:50:45.990000Z,2015-10-20T20:50:45.990000Z,261.4963839010841,234.61291725874113,POM,0.12328704019949648,8.111152627087597,45.64851272564026,36.12445996145336
256,us2000400b,55.01,3.9,51.7363,-166.0508,2015-10-20T12:49:45.850000Z,2015-10-20T04:49:45.850000Z,237.26087883026412,173.91110392101655,POM,0.12282047842889368,8.14196470158635,45.42715724835047,33.19166351993536
257,us10003rvp,36.43,3.5,52.3718,-169.6111,2015-10-20T06:04:00.890000Z,2015-10-19T22:04:00.890000Z,270.35461138303987,233.60796436887998,POM,0.12364871866631527,8.087427114377553,45.82071096734579,37.19614350029715
258,us10003rmr,25.7,3.3,53.4887,-165.4283,2015-10-18T14:55:13.000000Z,2015-10-18T06:55:13.000000Z,77.01846764215955,121.7484880467803,POM,0.1517196641646097,6.591103437422855,61.63923350965182,13.43969919369127
259,us10003rn6,38.6,3.5,52.308,-169.2865,2015-10-18T06:01:59.000000Z,2015-10-17T22:01:59.000000Z,258.29725872290487,229.29941059261412,POM,0.12361802769365474,8.089435001164718,45.80607807868405,35.70356292596418
260,us10003pfz,25.6,4.4,52.1886,-169.418,2015-10-18T00:32:49.000000Z,2015-10-17T16:32:49.000000Z,273.9529761396009,228.55078096038713,POM,0.1236743539139021,8.085750750686486,45.83293632798115,38.496673224773744
261,us10003pag,31.11,4.7,53.9281,-163.2528,2015-10-17T01:51:50.110000Z,2015-10-16T17:51:50.110000Z,208.03286770980645,86.54033201557239,POM,0.12368435691726694,8.085096813567983,45.837707454015636,29.843771520654617
262,us20003zxx,10.34,3.8,53.834,-163.1727,2015-10-17T00:29:53.970000Z,2015-10-16T16:29:53.970000Z,213.40136936331965,89.37525611717055,POM,0.12368661560535009,8.084949168556156,45.838784835622896,32.67413047261636
263,us10003nrl,57.0,3.3,53.5334,-165.2837,2015-10-14T21:00:23.000000Z,2015-10-14T13:00:23.000000Z,82.94925837252826,115.26944089681669,POM,0.11260485606601794,8.880611679959168,40.776356202456604,14.63494661718751
264,us10003my5,19.8,4.2,52.1456,-169.28,2015-10-12T08:49:21.000000Z,2015-10-12T00:49:21.000000Z,270.63285181430945,226.43502441379653,POM,0.1236743539139021,8.085750750686486,45.83293632798115,38.6192007717123
265,us10003nru,2.2,3.2,53.7016,-161.6094,2015-10-10T06:31:36.000000Z,2015-10-09T22:31:36.000000Z,317.2076797042975,91.18253974621386,POM,0.12366650585237325,8.086263884529485,45.829193329481626,46.48956834369689
266,us10003ns1,72.7,3.0,53.178,-168.3952,2015-10-10T05:51:58.000000Z,2015-10-09T21:51:58.000000Z,151.5232753422591,240.88855605870577,POM,0.11706370272124628,8.542357509237632,42.763166637417676,23.225356664513786
267,us10003nep,40.7,3.6,53.8003,-164.1844,2015-10-09T09:46:47.000000Z,2015-10-09T01:46:47.000000Z,147.0041623115702,91.55566065784623,POM,0.12344782581555348,8.100588190950607,45.724998605415905,21.955614768064713
268,us10003ndz,25.9,3.3,52.2139,-168.3586,2015-10-08T10:05:26.000000Z,2015-10-08T02:05:26.000000Z,224.5502911256906,216.2711644612574,POM,0.12368329541219668,8.085166203466049,45.83720112922804,32.35943616733987
269,us10003l3i,19.22,4.6,52.2355,-168.3918,2015-10-08T09:04:42.070000Z,2015-10-08T01:04:42.070000Z,223.88942368734342,217.09884658843117,POM,0.12368438014507954,8.085095295194252,45.837718533446434,32.90731799501737
270,us10003nfz,68.2,3.1,52.3152,-168.6378,2015-10-08T04:47:15.000000Z,2015-10-07T20:47:15.000000Z,227.17516400982961,221.85266500424433,POM,0.12141141007393802,8.236458166419553,44.7638340850849,32.159583029745164
271,us10003l21,25.0,5.1,52.2166,-168.4385,2015-10-08T00:05:53.000000Z,2015-10-07T16:05:53.000000Z,227.4587839155505,217.44569156083023,POM,0.12368310551260071,8.085178617205088,45.83711054995565,32.800903042472896
272,us10003l1m,9.33,5.1,52.2555,-168.4638,2015-10-07T23:43:23.160000Z,2015-10-07T15:43:23.160000Z,224.99482925133967,218.44791859459917,POM,0.12368541833384707,8.08502743064536,45.838213741201216,34.2291899967981
273,us10003n67,41.5,3.0,52.5413,-169.2362,2015-10-07T05:54:45.000000Z,2015-10-06T21:54:45.000000Z,238.67836308151533,233.30311507765913,POM,0.12354148010425757,8.094447299450295,45.76959833851547,33.28118760562136
274,us10003n64,20.5,3.1,52.3965,-169.2353,2015-10-07T04:08:33.000000Z,2015-10-06T20:08:33.000000Z,249.07840186438864,230.4100630159181,POM,0.12368220197543095,8.085237681963704,45.836679578233735,35.88387487455115
275,us10003n61,10.0,3.3,53.2459,-160.5067,2015-10-07T02:24:26.100000Z,2015-10-06T18:24:26.100000Z,397.3346443572926,97.4658339745119,POM,0.12364603925261383,8.08760236918677,45.81943331920308,55.461798756630785
276,us10003kuh,41.1,3.4,52.6199,-168.3296,2015-10-06T23:10:29.000000Z,2015-10-06T15:10:29.000000Z,187.8506486238008,223.64817015913124,POM,0.12350882486015191,8.0965874392562,45.7540433200618,27.001385195571523
277,us10003lba,51.5,3.0,53.2144,-166.7952,2015-09-30T06:08:56.000000Z,2015-09-29T22:08:56.000000Z,75.82119063939999,199.57060427564411,POM,0.1144924396770824,8.734201164901606,41.60995648878317,13.559063630985863
278,us10003iwl,43.98,3.3,53.2406,-164.0917,2015-09-29T08:59:38.940000Z,2015-09-29T00:59:38.940000Z,168.5716452598161,113.07160468531283,POM,0.12328294534175582,8.111422039989995,45.64656616202795,24.637852020177146
279,us10003klf,42.38,3.3,53.6064,-165.5147,2015-09-28T18:08:08.780000Z,2015-09-28T10:08:08.780000Z,65.63431092914972,114.77443847448905,POM,0.11937672033732806,8.376842630407804,43.819198314827524,12.004016369649511
280,us10003klu,20.32,3.8,51.746,-169.8922,2015-09-25T11:53:03.400000Z,2015-09-25T03:53:03.400000Z,331.858971682081,226.34803866768848,POM,0.12365865779084437,8.086777083505103,45.825450582668395,46.13776082140471
281,us10003klq,25.7,3.8,52.0181,-169.514,2015-09-25T06:54:14.000000Z,2015-09-24T22:54:14.000000Z,291.98751608315484,226.76166512490235,POM,0.12366650585237325,8.086263884529485,45.829193329481626,40.71800068757315
282,us10003klp,31.61,3.3,54.3085,-162.52,2015-09-25T03:39:33.710000Z,2015-09-24T19:39:33.710000Z,259.7853053521188,77.2719809211957,POM,0.1236743539139021,8.085750750686486,45.83293632798115,36.19910653486631
283,us10003j0m,51.4,3.9,53.7469,-164.641,2015-09-24T20:19:59.000000Z,2015-09-24T12:19:59.000000Z,117.52108294453998,95.26382263082544,POM,0.12086589868571283,8.273632272410405,44.50907388390523,18.497815831206875
284,us10003izl,153.2,3.4,54.8066,-165.0862,2015-09-23T00:20:40.000000Z,2015-09-22T16:20:40.000000Z,136.55080465925454,38.73602894814073,POM,0.08466889976620594,11.81071211225461,29.411566502941213,27.065316426736903
285,us10003jg5,47.97,3.1,53.8355,-164.2125,2015-09-22T13:48:22.270000Z,2015-09-22T05:48:22.270000Z,144.97788395676903,90.05233937699631,POM,0.12259926979865235,8.156655432306598,45.32251004911583,21.778562901382813
286,us10003jfy,27.2,3.9,52.9783,-166.633,2015-09-22T11:53:16.000000Z,2015-09-22T03:53:16.000000Z,98.85194729257766,188.51809454382214,POM,0.12369482051366149,8.084412878787878,45.84269870662925,16.694260351241585
287,us20003mja,42.69,4.7,53.8695,-164.0951,2015-09-21T19:27:55.910000Z,2015-09-21T11:27:55.910000Z,152.62883560482473,88.53713761732772,POM,0.12331108477266937,8.109571023915278,45.65994410721977,22.662572674629747
288,us10003ijw,35.03,3.5,53.0636,-166.8099,2015-09-20T12:22:19.380000Z,2015-09-20T04:22:19.380000Z,92.10412179835636,196.70354557949315,POM,0.1236941805440379,8.08445470596717,45.84239342109899,15.152484521134967
289,us20003nvm,35.08,3.0,52.4874,-169.6212,2015-09-19T11:46:42.660000Z,2015-09-19T03:46:42.660000Z,263.0088388116037,235.88251339789565,POM,0.1236743539139021,8.085750750686486,45.83293632798115,36.29039357464806
290,us20003l37,119.9,4.1,52.8964,-171.6144,2015-09-18T03:57:25.890000Z,2015-09-17T19:57:25.890000Z,362.0640355674836,254.9307741520034,POM,0.1186487874964012,8.428236150582926,43.4848671707188,49.62814637492134
291,us20003mm5,28.3,3.3,53.1461,-166.66,2015-09-15T20:01:20.000000Z,2015-09-15T12:01:20.000000Z,80.76263328617587,191.71023037647458,POM,0.15064860397643642,6.637963934643657,60.89878421434901,14.070140102382235
292,us20003lm7,18.15,3.7,52.0069,-169.3363,2015-09-13T23:01:36.340000Z,2015-09-13T15:01:36.340000Z,284.51022252791404,224.82847361283063,POM,0.1236743539139021,8.085750750686486,45.83293632798115,40.53291714092748
293,us20003lmr,4.0,3.3,53.5185,-167.4384,2015-09-13T22:31:45.000000Z,2015-09-13T14:31:45.000000Z,77.39218152797935,241.29140743136992,POM,0.17212739281101108,5.809650536553235,86.69707667570297,13.357020066368266
294,us20003j3p,10.0,4.2,52.1199,-169.4088,2015-09-13T00:58:28.870000Z,2015-09-12T16:58:28.870000Z,278.8575482669594,227.3279112478934,POM,0.1236743539139021,8.085750750686486,45.83293632798115,40.81070906491574
295,us20003mqq,35.6,3.0,52.0245,-169.5403,2015-09-12T19:39:49.000000Z,2015-09-12T11:39:49.000000Z,292.74353780291045,227.1120770700935,POM,0.12365801688238286,8.086818996548752,45.82514494402519,39.966316225203336
296,us20003mqk,18.17,3.9,53.9086,-164.1707,2015-09-12T12:17:00.390000Z,2015-09-12T04:17:00.390000Z,147.69250679558954,86.86129387833796,POM,0.12368530408608579,8.08503489876205,45.83815924571525,23.608620911475693
297,us20003j0g,36.07,4.3,53.8895,-164.2012,2015-09-12T12:14:27.850000Z,2015-09-12T04:14:27.850000Z,145.65334620399983,87.67901244157272,POM,0.1236719951040895,8.085904971116074,45.83181130759109,21.775269950542665
298,us20003ivk,10.0,4.3,52.0208,-169.5358,2015-09-12T00:02:00.050000Z,2015-09-11T16:02:00.050000Z,292.8200514509056,227.01243938442576,POM,0.1236743539139021,8.085750750686486,45.83293632798115,42.537384675169754
299,us20003lsw,10.0,3.3,52.0201,-169.4548,2015-09-11T13:04:41.640000Z,2015-09-11T05:04:41.640000Z,289.0024286092987,226.21576648667258,POM,0.1236743539139021,8.085750750686486,45.83293632798115,42.06524263674707
300,us20003lsu,10.0,3.2,52.8035,-163.1257,2015-09-11T08:27:21.140000Z,2015-09-11T00:27:21.140000Z,248.50127905398338,116.81901581771783,POM,0.12368267169788798,8.085206975821466,45.83690362736699,37.056184104647336
301,us20003lst,30.5,3.2,51.9969,-169.2808,2015-09-11T04:01:54.000000Z,2015-09-10T20:01:54.000000Z,282.77681631826516,224.10664558255036,POM,0.12366650585237325,8.086263884529485,45.829193329481626,39.143222951980114
302,us20003lss,10.0,3.0,51.8795,-169.3714,2015-09-11T02:51:27.550000Z,2015-09-10T18:51:27.550000Z,296.6965983002177,223.32271085586913,POM,0.1236743539139021,8.085750750686486,45.83293632798115,43.0168141021754
303,us20003lsr,30.01,4.4,52.102,-169.6,2015-09-11T02:46:21.850000Z,2015-09-10T18:46:21.850000Z,289.6162348048679,228.88749342701823,POM,0.12366650585237325,8.086263884529485,45.829193329481626,40.03352794026499
304,us20003ht3,21.38,4.9,52.1265,-169.451,2015-09-10T16:59:37.630000Z,2015-09-10T08:59:37.630000Z,280.39013376597865,227.85225165374922,POM,0.1236743539139021,8.085750750686486,45.83293632798115,39.67631440440059
305,us20003k1q,10.0,3.1,52.0184,-169.463,2015-09-10T14:11:58.700000Z,2015-09-10T06:11:58.700000Z,289.52863836414616,226.27030384932368,POM,0.1236743539139021,8.085750750686486,45.83293632798115,42.13032128820102
306,us20003hqf,10.0,4.6,52.2441,-169.8266,2015-09-10T12:02:28.980000Z,2015-09-10T04:02:28.980000Z,290.72624911614577,233.25687961796874,POM,0.1236743539139021,8.085750750686486,45.83293632798115,42.27843502419491
307,us20003k1y,16.8,3.6,52.057,-169.348,2015-09-10T10:29:58.330000Z,2015-09-10T02:29:58.330000Z,280.97591903510965,225.71739067713025,POM,0.1236743539139021,8.085750750686486,45.83293632798115,40.257515568860185
308,us20003hq5,20.0,6.0,52.0985,-169.5349,2015-09-10T10:26:44.810000Z,2015-09-10T02:26:44.810000Z,286.67576507282223,228.2157250344494,POM,0.1236743539139021,8.085750750686486,45.83293632798115,40.579208631864766
309,us20003kce,44.1,3.0,52.5669,-169.6562,2015-09-09T23:26:18.000000Z,2015-09-09T15:26:18.000000Z,259.76616667487406,237.76097534764648,POM,0.1234683032233554,8.099244695952368,45.734747245246794,35.89198271750953
310,us20003kba,25.6,3.2,53.3684,-163.5234,2015-09-09T19:21:12.000000Z,2015-09-09T11:21:12.000000Z,198.93353058521353,104.69254551113997,POM,0.12368624953653695,8.084973097228563,45.838610221425995,29.218302870280006
311,us20003h89,41.9,4.0,53.8674,-162.5788,2015-09-08T12:19:21.000000Z,2015-09-08T04:19:21.000000Z,252.3657219280729,88.18574073987273,POM,0.12353536319183733,8.094848099868424,45.76668427467216,34.97285410753661
312,us20003h5x,12.31,3.6,52.2618,-169.4557,2015-09-07T22:46:41.620000Z,2015-09-07T14:46:41.620000Z,270.27471263371194,230.1748380225827,POM,0.1236743539139021,8.085750750686486,45.83293632798115,39.47220078306164
313,us20003jjh,7.9,3.1,54.669,-163.688,2015-09-07T22:15:28.360000Z,2015-09-07T14:15:28.360000Z,199.3490901578938,61.935526346152976,POM,0.12368064886880153,8.085339211478297,45.83593878082824,31.228879290995042
314,us20003jjf,23.8,3.1,53.501,-164.853,2015-09-07T17:56:10.690000Z,2015-09-07T09:56:10.690000Z,110.55465316988719,110.36502233029026,POM,0.12369482051366149,8.084412878787878,45.84269870662925,18.45049616230557
315,us20003jje,19.31,3.2,53.5714,-164.8955,2015-09-07T13:57:49.980000Z,2015-09-07T05:57:49.980000Z,105.23518308520242,106.96160871384185,POM,0.1533553481520833,6.520802906777629,62.80559676563862,17.75924234027964
316,us20003jjs,42.77,3.6,52.3173,-169.452,2015-09-07T03:56:12.320000Z,2015-09-06T19:56:12.320000Z,265.97159143169995,231.12327317743873,POM,0.12351132701962632,8.096423414195016,45.75523504680282,36.655119167043836
317,us20003jxw,25.57,3.1,53.8814,-163.9874,2015-09-06T14:55:12.910000Z,2015-09-06T06:55:12.910000Z,159.70765221586686,88.0417740200356,POM,0.12368285810266007,8.085194790453285,45.83699253932859,24.369476895534824
318,us20003gpt,44.52,4.1,52.7732,-168.929,2015-09-05T12:56:54.780000Z,2015-09-05T04:56:54.780000Z,206.4246426761506,235.26525303413925,POM,0.12337420842053774,8.105421812242671,45.68996575560488,29.309869223005308
319,us20003fy3,24.21,4.6,51.3676,-169.1637,2015-09-03T09:20:25.030000Z,2015-09-03T01:20:25.030000Z,333.7082383628125,215.0059647194464,POM,0.12365865779084437,8.086777083505103,45.825450582668395,46.01268960412951
320,us20003fsn,25.1,3.0,52.0085,-169.2762,2015-09-02T08:30:10.000000Z,2015-09-02T00:30:10.000000Z,281.60499942576433,224.23389891562158,POM,0.1236743539139021,8.085750750686486,45.83293632798115,39.48844933770761
321,us20003fmb,25.2,3.8,52.0021,-169.2337,2015-09-02T06:47:10.000000Z,2015-09-01T22:47:10.000000Z,280.1953669034902,223.69261726918944,POM,0.1236743539139021,8.085750750686486,45.83293632798115,39.30502999593623
322,us20003fcn,50.06,4.5,52.3711,-170.5358,2015-09-01T13:52:44.680000Z,2015-09-01T05:52:44.680000Z,321.60532297515925,240.72728415930587,POM,0.12332075590902755,8.108935050136164,45.664542661533126,43.54248039239697
323,us20003fa7,19.9,4.2,54.4285,-161.4902,2015-09-01T03:48:12.000000Z,2015-08-31T19:48:12.000000Z,327.9992030118648,76.82843803005989,POM,0.12365865779084437,8.086777083505103,45.825450582668395,45.70155963042196
324,us20003f9i,52.2,3.0,52.2879,-169.523,2015-08-31T23:35:16.170000Z,2015-08-31T15:35:16.170000Z,271.7698370212497,231.27979324507302,POM,0.1231433007314761,8.120620399647892,45.58022403130567,37.411886731620115
325,us100036cm,18.8,3.3,52.161,-168.66,2015-08-31T09:25:23.400000Z,2015-08-31T01:25:23.400000Z,241.48467591508273,219.5064114141734,POM,0.1236824326507063,8.08522260250263,45.83678960606355,35.133826633654664
326,us20003g47,19.8,3.4,53.8585,-161.5398,2015-08-29T22:36:35.000000Z,2015-08-29T14:36:35.000000Z,320.7228576383058,87.99945753233038,POM,0.12366650585237325,8.086263884529485,45.829193329481626,44.81375121729344
327,us20003g46,26.82,3.7,51.8849,-169.5404,2015-08-29T21:08:08.640000Z,2015-08-29T13:08:08.640000Z,304.000309260707,225.0555866095848,POM,0.12366650585237325,8.086263884529485,45.829193329481626,42.10192513880993
328,us10003600,25.9,3.0,52.127,-169.488,2015-08-29T15:03:56.340000Z,2015-08-29T07:03:56.340000Z,282.16153665385997,228.2216206385635,POM,0.1236743539139021,8.085750750686486,45.83293632798115,39.48461460706187
329,us20003hle,35.9,3.0,51.963,-171.4373,2015-08-28T03:19:29.000000Z,2015-08-27T19:19:29.000000Z,398.08802348999563,240.06658683902,POM,0.1236248738134289,8.08898702302557,45.80934184895894,52.99064725588463
330,us100035ku,36.47,4.1,52.1739,-169.3019,2015-08-28T00:11:07.860000Z,2015-08-27T16:11:07.860000Z,269.43643482370203,227.1302847119424,POM,0.12364844687252557,8.087444891490973,45.820581364212636,37.08254012753168
331,us20003flp,23.7,3.2,52.2187,-169.2592,2015-08-26T10:23:38.000000Z,2015-08-26T02:23:38.000000Z,263.84691733227567,227.44412106368313,POM,0.1236743539139021,8.085750750686486,45.83293632798115,37.41956468837344
332,us1000360n,25.8,3.0,53.4358,-163.3359,2015-08-25T14:49:56.000000Z,2015-08-25T06:49:56.000000Z,208.92941616730633,101.71911263591376,POM,0.12368508388859613,8.085049292610787,45.83805421300503,30.43647950007812
333,us20003f9c,73.78,3.0,53.2875,-166.4252,2015-08-24T11:55:24.740000Z,2015-08-24T03:55:24.740000Z,63.37702951686206,180.61348500453323,POM,0.08878540455317946,11.263112501796776,30.994470325034587,13.807124456108232
334,us20003f5v,15.5,3.2,52.2806,-169.4755,2015-08-23T08:53:26.000000Z,2015-08-23T00:53:26.000000Z,269.87923682246355,230.69665686788667,POM,0.1236743539139021,8.085750750686486,45.83293632798115,39.040989761907504
335,us100035f3,43.65,4.0,53.2322,-166.7136,2015-08-21T15:45:04.340000Z,2015-08-21T07:45:04.340000Z,72.28992816437432,196.01015771903454,POM,0.11974342711459483,8.351189072307049,43.988332889902516,12.839469057092936
336,us100035f1,52.7,3.7,53.8264,-165.4106,2015-08-21T12:31:50.000000Z,2015-08-21T04:31:50.000000Z,66.20223862956594,92.53451605239331,POM,0.10956058483563773,9.12737004370865,39.453471416284785,12.541760389334629
337,us100035ez,25.67,3.9,52.1724,-169.4194,2015-08-21T02:40:42.500000Z,2015-08-20T18:40:42.500000Z,275.2735642816079,228.29393279989392,POM,0.1236743539139021,8.085750750686486,45.83293632798115,38.65363825293264
338,us100035hu,37.7,3.9,53.3776,-163.5541,2015-08-19T22:55:08.000000Z,2015-08-19T14:55:08.000000Z,196.6804633729548,104.58141216159147,POM,0.12363722496949511,8.088178946484192,45.81523053474437,28.08534273389784
339,us100033h2,24.0,4.3,52.2003,-169.3667,2015-08-19T21:13:48.000000Z,2015-08-19T13:13:48.000000Z,270.52487408495165,228.23510428126838,POM,0.1236743539139021,8.085750750686486,45.83293632798115,38.21806309446507
340,us100033f5,10.0,4.5,53.3418,-163.4899,2015-08-19T18:44:33.940000Z,2015-08-19T10:44:33.940000Z,201.9452241481303,105.31034377986722,POM,0.12368010774082303,8.085374586635572,45.83568067710434,31.298114866720145
341,us100033ey,10.0,4.5,53.3868,-163.5555,2015-08-19T18:07:36.080000Z,2015-08-19T10:07:36.080000Z,196.296249121423,104.30328757274515,POM,0.12368074889854606,8.08533267226809,45.83598649250002,30.59941447975996
342,us100035gn,37.89,3.0,52.1604,-170.9648,2015-08-19T17:24:02.430000Z,2015-08-19T09:24:02.430000Z,358.94106774424694,240.10742356176854,POM,0.12361255386033418,8.089793218978937,45.80346866002076,48.14564237033127
343,us100032z6,22.11,4.7,52.2072,-168.972,2015-08-17T20:45:17.740000Z,2015-08-17T12:45:17.740000Z,251.22896300472956,224.0840095359324,POM,0.1236743539139021,8.085750750686486,45.83293632798115,36.00346140028507
344,us100034mb,7.82,3.8,53.4795,-163.6331,2015-08-17T16:58:49.090000Z,2015-08-17T08:58:49.090000Z,188.59779323906403,101.7449775907308,POM,0.12368187852875982,8.085258826073453,45.83652530053445,29.908677138032935
345,us100034mg,3.9,3.4,52.8541,-169.4994,2015-08-17T04:11:39.000000Z,2015-08-16T20:11:39.000000Z,233.70866777215272,242.7225528147331,POM,0.12368506585527454,8.085050471413522,45.838045611241625,35.958484582967095
346,us100034am,40.13,3.0,52.2712,-169.45,2015-08-13T17:59:48.640000Z,2015-08-13T09:59:48.640000Z,269.28385295846306,230.28392280316672,POM,0.12358539290488703,8.091571151694387,45.79052262988448,37.06134263003438
347,us100033ty,35.2,3.9,52.0623,-169.3381,2015-08-12T10:05:13.000000Z,2015-08-12T02:05:13.000000Z,280.0809482934243,225.6992856648584,POM,0.12366650585237325,8.086263884529485,45.829193329481626,38.40152482675836
348,us100033ig,25.6,3.8,52.7486,-167.8264,2015-08-11T22:07:21.000000Z,2015-08-11T14:07:21.000000Z,155.13015617968176,217.90507802243718,POM,0.12368337295241817,8.08516113467173,45.83723811479853,23.80056396193657
349,us10003199,48.81,3.7,52.4242,-169.6222,2015-08-11T20:11:21.670000Z,2015-08-11T12:11:21.670000Z,267.3233377411054,234.6820087819234,POM,0.1232923937608683,8.110800427312244,45.65105773849639,36.84355051804791
350,us100033ib,36.25,3.2,52.1427,-169.3202,2015-08-11T13:35:57.820000Z,2015-08-11T05:35:57.820000Z,272.78626634873234,226.80282529565167,POM,0.12365203285333745,8.087210350889183,45.822291340534,37.497112823601285
351,us100033i6,16.6,3.4,52.2479,-169.4885,2015-08-11T07:46:12.450000Z,2015-08-10T23:46:12.450000Z,272.9727308024076,230.25084100518754,POM,0.1236743539139021,8.085750750686486,45.83293632798115,39.29182072691278
352,us100033l2,40.64,3.1,53.5153,-165.857,2015-08-10T17:51:38.410000Z,2015-08-10T09:51:38.410000Z,52.96003424133512,135.65702426696527,POM,0.1169793237894822,8.548519239174398,42.72498484515764,10.441917047407312
353,us100033kz,6.5,3.0,54.3937,-160.9589,2015-08-10T09:46:23.000000Z,2015-08-10T01:46:23.000000Z,361.5875770227852,78.2872957629454,POM,0.12365658940107424,8.086912350109769,45.82446420783378,51.46145957039272
354,us100030qd,23.6,3.8,52.2505,-169.4376,2015-08-10T06:31:00.000000Z,2015-08-09T22:31:00.000000Z,270.2109480469571,229.80116017340137,POM,0.1236743539139021,8.085750750686486,45.83293632798115,38.21558873019926
355,us100032zz,38.6,3.9,52.1363,-168.6768,2015-08-09T22:58:04.000000Z,2015-08-09T14:58:04.000000Z,244.3636187748955,219.32555705894356,POM,0.12361802769365474,8.089435001164718,45.80607807868405,33.980535670155085
356,us100030le,22.2,5.1,52.2592,-168.6952,2015-08-09T18:20:46.110000Z,2015-08-09T10:20:46.110000Z,234.4675523569124,221.60540938632178,POM,0.12368274573378697,8.085202136055308,45.83693894123672,33.92219730453525
357,us10003305,37.46,3.0,52.6681,-169.4175,2015-08-09T11:19:15.990000Z,2015-08-09T03:19:15.990000Z,240.06370631922064,237.77079878626097,POM,0.12363819119108496,8.088115738077102,45.81569122843716,33.449530948717545
358,us100030j7,27.5,3.9,51.8869,-169.6979,2015-08-09T08:33:03.000000Z,2015-08-09T00:33:03.000000Z,311.26921192148137,226.55568987765236,POM,0.12366650585237325,8.086263884529485,45.829193329481626,42.93903894369751
359,us1000330c,38.9,3.2,52.0074,-169.4483,2015-08-09T00:03:42.000000Z,2015-08-08T16:03:42.000000Z,289.71655829898145,225.95856932357577,POM,0.12361162865788096,8.089853769079388,45.803027620933356,39.58712436086702
360,us100030gd,41.0,5.0,52.4441,-169.6166,2015-08-08T19:09:34.490000Z,2015-08-08T11:09:34.490000Z,265.66731797919766,235.00860113942346,POM,0.12355508780177728,8.093555820253446,45.77608151781911,36.61488632086314
361,us100032tm,18.8,3.2,52.3279,-169.1937,2015-08-08T13:03:55.000000Z,2015-08-08T05:03:55.000000Z,252.17150710758892,228.68759634022877,POM,0.12368220197543095,8.085237681963704,45.836679578233735,36.455594562215374
362,us100032tg,6.4,3.3,52.6897,-169.4951,2015-08-08T09:56:30.000000Z,2015-08-08T01:56:30.000000Z,243.06384603454538,238.9408780538531,POM,0.12368371117445874,8.085139025214701,45.837399442135165,36.81552012503158
363,us100032tc,31.3,3.3,52.3144,-169.5391,2015-08-08T03:34:40.000000Z,2015-08-07T19:34:40.000000Z,270.6692846958557,231.9027336077339,POM,0.1236743539139021,8.085750750686486,45.83293632798115,37.57328349446872
364,us100032hg,25.5,3.0,54.0464,-160.4217,2015-08-07T07:59:41.000000Z,2015-08-06T23:59:41.000000Z,393.9187056364259,84.51088621004983,POM,0.12364603925261383,8.08760236918677,45.81943331920308,53.34058205358443
365,us100030dw,19.9,3.1,52.3692,-169.4418,2015-08-07T02:37:14.000000Z,2015-08-06T18:37:14.000000Z,261.66642673961275,231.97306888813094,POM,0.1236743539139021,8.085750750686486,45.83293632798115,37.49824133227229
366,us100032hz,23.5,3.0,52.5049,-169.3412,2015-08-07T01:08:58.690000Z,2015-08-06T17:08:58.690000Z,246.76968205621822,233.6136078068872,POM,0.1236743539139021,8.085750750686486,45.83293632798115,35.325588660110526
367,us10002zuu,42.28,4.2,52.2357,-169.4543,2015-08-06T16:41:17.630000Z,2015-08-06T08:41:17.630000Z,272.16582980093756,229.70863543847057,POM,0.12353016636444586,8.095188644446102,45.76420865393772,37.4194428124428
368,us10002z43,17.3,4.0,52.207,-169.3946,2015-08-06T14:41:23.000000Z,2015-08-06T06:41:23.000000Z,271.3810893405865,228.62861371994933,POM,0.1236743539139021,8.085750750686486,45.83293632798115,39.01111625266492
369,us100032gb,24.0,3.1,53.4631,-162.9977,2015-08-06T14:05:30.000000Z,2015-08-06T06:05:30.000000Z,230.10410433828037,99.59995280768702,POM,0.12368296096844633,8.085188066083875,45.83704160465066,33.21892753172181
370,us100031rp,25.6,3.6,53.1289,-166.8147,2015-08-05T21:23:40.000000Z,2015-08-05T13:23:40.000000Z,85.25544398496606,198.28874514255733,POM,0.15222587811477592,6.569185294802607,61.99542375152192,14.68973085339017
371,us10002y3f,28.1,3.9,52.2034,-169.1651,2015-08-05T12:40:24.000000Z,2015-08-05T04:40:24.000000Z,260.5448102196603,226.18143317888266,POM,0.1236743539139021,8.085750750686486,45.83293632798115,36.61159476219442
372,us10002y21,23.0,3.9,52.389,-169.1227,2015-08-05T09:30:03.000000Z,2015-08-05T01:30:03.000000Z,243.9878512658057,229.06368827380984,POM,0.12368220197543095,8.085237681963704,45.836679578233735,35.02696546337338
373,us10002xsd,31.8,4.1,52.0529,-169.4249,2015-08-04T02:36:25.000000Z,2015-08-03T18:36:25.000000Z,284.95009739876747,226.4260032471909,POM,0.12366650585237325,8.086263884529485,45.829193329481626,39.29411981960828
374,us10002xmm,26.25,4.0,51.9941,-169.5138,2015-08-03T22:48:08.880000Z,2015-08-03T14:48:08.880000Z,293.89548084056196,226.39609390437047,POM,0.12366650585237325,8.086263884529485,45.829193329481626,40.904017408639476
375,us10002xf8,33.0,3.8,51.9702,-169.3186,2015-08-03T07:00:21.000000Z,2015-08-02T23:00:21.000000Z,286.72247021984805,224.09775082819164,POM,0.12366650585237325,8.086263884529485,45.829193329481626,39.40454280474624
376,us100031wv,25.7,3.0,53.1734,-166.6895,2015-08-03T02:16:35.000000Z,2015-08-02T18:16:35.000000Z,78.22012319947241,193.57070180287053,POM,0.151804459510963,6.587421761004209,61.69861161089538,13.622067587010573
377,us100031w5,24.2,3.7,51.9243,-169.381,2015-08-03T01:14:39.000000Z,2015-08-02T17:14:39.000000Z,293.38971862803584,224.0585821472546,POM,0.12366650585237325,8.086263884529485,45.829193329481626,41.02768445600125
378,us10002xdd,25.85,3.8,51.9455,-169.402,2015-08-03T00:02:14.350000Z,2015-08-02T16:02:14.350000Z,292.6005793457506,224.57716288604493,POM,0.12366650585237325,8.086263884529485,45.829193329481626,40.780197472874114
379,us100030xk,53.8,3.6,52.1234,-169.5397,2015-08-02T22:22:59.000000Z,2015-08-02T14:22:59.000000Z,284.98553029123565,228.6608439770679,POM,0.12309938961993046,8.12351712780625,45.55937901123779,39.05008188022364
380,us10002xcn,31.5,4.3,51.9591,-169.5121,2015-08-02T21:12:26.000000Z,2015-08-02T13:12:26.000000Z,296.63246598107645,225.85783300031176,POM,0.12366650585237325,8.086263884529485,45.829193329481626,40.76610038531669
381,us10002xc3,66.3,3.8,52.0641,-169.5165,2015-08-02T19:40:56.000000Z,2015-08-02T11:40:56.000000Z,288.46701284813224,227.4961797583083,POM,0.12234960259278503,8.173299943836271,45.2046316436863,39.60309661119876
382,us100030xe,35.55,3.4,52.3769,-168.0566,2015-08-02T09:29:26.620000Z,2015-08-02T01:29:26.620000Z,198.00183099602194,214.37508917235482,POM,0.1236743539139021,8.085750750686486,45.83293632798115,28.249827311806733
383,us10002x8n,16.6,4.0,51.9708,-169.4451,2015-08-02T02:55:18.000000Z,2015-08-01T18:55:18.000000Z,292.5322357125845,225.3777053337555,POM,0.1236743539139021,8.085750750686486,45.83293632798115,41.71069442223162
384,us100030yc,12.44,3.3,52.0132,-169.4635,2015-08-02T02:30:32.030000Z,2015-08-01T18:30:32.030000Z,289.97000056685977,226.1959875467196,POM,0.1236743539139021,8.085750750686486,45.83293632798115,41.89233883943094
385,us100030xa,36.5,3.3,52.118,-169.4958,2015-08-02T01:19:58.000000Z,2015-08-01T17:19:58.000000Z,283.24311420423453,228.151847189535,POM,0.12364603925261383,8.08760236918677,45.81943331920308,38.789696281321426
386,us10002xl4,25.07,3.8,51.9994,-169.5263,2015-08-01T22:19:57.390000Z,2015-08-01T14:19:57.390000Z,294.06799239722875,226.59635711239758,POM,0.12366650585237325,8.086263884529485,45.829193329481626,41.03252717853418
387,us10002x7g,37.56,4.3,52.0447,-169.541,2015-08-01T22:11:17.950000Z,2015-08-01T14:11:17.950000Z,291.18185704871087,227.42954774144158,POM,0.12362782655470717,8.0887938247259,45.81074957679027,39.76958135284886
388,us100033mq,38.95,4.0,52.128,-169.5857,2015-08-01T22:08:56.270000Z,2015-08-01T14:08:56.270000Z,286.914028886335,229.17058451266064,POM,0.1236105621546495,8.089923567768404,45.80251922884866,39.2406984189552
389,us10002x7e,16.6,4.7,51.9758,-169.4892,2015-08-01T22:06:09.000000Z,2015-08-01T14:06:09.000000Z,294.2010140943209,225.88374532671318,POM,0.1236743539139021,8.085750750686486,45.83293632798115,41.917079510418354
390,us10002x7a,10.8,4.4,51.9808,-169.4823,2015-08-01T21:57:06.000000Z,2015-08-01T13:57:06.000000Z,293.47106679128717,225.891206449569,POM,0.1236743539139021,8.085750750686486,45.83293632798115,42.521961559216834
391,us10002x11,21.18,4.0,52.0753,-169.2679,2015-08-01T01:29:58.230000Z,2015-07-31T17:29:58.230000Z,275.7341191870754,225.1787534465912,POM,0.1236743539139021,8.085750750686486,45.83293632798115,39.11867337955034
392,us10002x4x,37.32,5.1,52.669,-169.75,2015-07-31T19:17:38.780000Z,2015-07-31T11:17:38.780000Z,258.80647339318955,240.63069672800438,POM,0.12363819119108496,8.088115738077102,45.81569122843716,35.76704456456664
393,us10002wyl,51.92,4.8,52.5877,-169.7356,2015-07-31T19:17:18.640000Z,2015-07-31T11:17:18.640000Z,262.90640826599713,238.84581095505587,POM,0.12313184861885762,8.12137567344904,45.574786859319424,36.31852391934094
394,us10003096,13.0,3.8,52.0946,-169.313,2015-07-31T05:44:59.000000Z,2015-07-30T21:44:59.000000Z,276.2894678208555,225.95183838069718,POM,0.1236743539139021,8.085750750686486,45.83293632798115,40.13341020575312
395,us10002wsu,17.3,5.0,51.9139,-169.4744,2015-07-31T05:12:35.000000Z,2015-07-30T21:12:35.000000Z,298.5526402318258,224.83270027232362,POM,0.12366650585237325,8.086263884529485,45.829193329481626,42.371411605460615
396,us10002wsh,38.9,4.2,52.539,-169.566,2015-07-31T03:53:20.750000Z,2015-07-30T19:53:20.750000Z,256.5851433514507,236.41151357280535,POM,0.12361162865788096,8.089853769079388,45.803027620933356,35.491956216845736
397,us1000315s,34.99,3.7,52.1167,-168.7037,2015-07-30T04:32:01.550000Z,2015-07-29T20:32:01.550000Z,247.21536505331767,219.3565004468849,POM,0.1236743539139021,8.085750750686486,45.83293632798115,34.338351529279784
398,us1000316f,33.7,3.9,52.0319,-168.682,2015-07-30T03:23:57.700000Z,2015-07-29T19:23:57.700000Z,253.88539043343823,217.79225754209665,POM,0.1236743539139021,8.085750750686486,45.83293632798115,35.280165588912766
399,us1000315r,31.25,3.1,52.047,-168.7023,2015-07-30T03:22:51.920000Z,2015-07-29T19:22:51.920000Z,253.35275663906853,218.2705241386908,POM,0.1236743539139021,8.085750750686486,45.83293632798115,35.43633722046088
400,us1000315m,40.2,3.8,52.155,-169.352,2015-07-30T02:13:26.220000Z,2015-07-29T18:13:26.220000Z,273.3459778669412,227.32955463723454,POM,0.12358389982745524,8.091668909916057,45.78981105487851,37.56338282890777
401,us1000315k,20.45,3.0,52.0654,-169.3787,2015-07-30T01:21:26.050000Z,2015-07-29T17:21:26.050000Z,281.7505078403067,226.15933164266258,POM,0.1236743539139021,8.085750750686486,45.83293632798115,39.92914368919825
402,us1000315j,36.5,3.7,52.026,-169.291,2015-07-30T01:17:17.130000Z,2015-07-29T17:17:17.130000Z,280.84336550228846,224.65374349468502,POM,0.12364637889900902,8.087580153210736,45.819595274125554,38.4929649697563
403,us10002xpk,27.3,3.0,52.228,-169.3218,2015-07-29T23:37:55.000000Z,2015-07-29T15:37:55.000000Z,266.17605977527455,228.2517463919705,POM,0.1236743539139021,8.085750750686486,45.83293632798115,37.3805001009448
404,us10002w7j,24.7,4.0,52.359,-169.3517,2015-07-29T21:14:16.000000Z,2015-07-29T13:14:16.000000Z,257.7745879815247,230.8962372873335,POM,0.1236743539139021,8.085750750686486,45.83293632798115,36.57767148741674
405,us10002xpd,15.5,3.9,51.9703,-169.3455,2015-07-29T21:08:28.000000Z,2015-07-29T13:08:28.000000Z,287.9489878833308,224.37366649345964,POM,0.1236743539139021,8.085750750686486,45.83293632798115,41.27565234751827
406,us10002xnr,18.7,3.6,52.0911,-168.6893,2015-07-29T19:23:44.900000Z,2015-07-29T11:23:44.900000Z,248.8857988811852,218.77671660995907,POM,0.12368220197543095,8.085237681963704,45.836679578233735,36.06118540213701
407,us10002w5a,24.87,3.9,52.0908,-168.6439,2015-07-29T19:21:58.280000Z,2015-07-29T11:21:58.280000Z,247.0534516147494,218.19541148633124,POM,0.1236743539139021,8.085750750686486,45.83293632798115,35.23621518970571
408,us10002xnp,26.8,3.1,52.0665,-169.4664,2015-07-29T19:02:10.000000Z,2015-07-29T11:02:10.000000Z,285.8559419938249,227.04728883448269,POM,0.12366650585237325,8.086263884529485,45.829193329481626,39.85979114537346
409,us10002w0g,21.75,3.9,52.0239,-169.27,2015-07-29T17:18:06.550000Z,2015-07-29T09:18:06.550000Z,280.0473325675764,224.40355480911182,POM,0.1236743539139021,8.085750750686486,45.83293632798115,39.60027264531593
410,us10002xrg,59.9,3.7,52.131,-169.3884,2015-07-29T16:52:38.000000Z,2015-07-29T08:52:38.000000Z,276.99643306546506,227.30383644929157,POM,0.12271178588105873,8.149176485535573,45.375713849372424,38.12174060177437
411,us200031d8,29.0,5.2,52.0523,-169.355,2015-07-29T16:05:02.440000Z,2015-07-29T08:05:02.440000Z,281.6858068433708,225.71533266802976,POM,0.12366650585237325,8.086263884529485,45.829193329481626,39.14436745047725
412,us2000319m,27.0,4.1,51.9378,-169.4216,2015-07-29T14:42:04.190000Z,2015-07-29T06:42:04.190000Z,294.14083950549394,224.6596567119618,POM,0.12366650585237325,8.086263884529485,45.829193329481626,40.866261958504936
413,us2000319j,45.29,4.1,52.5071,-169.7426,2015-07-29T14:32:33.540000Z,2015-07-29T06:32:33.540000Z,268.38875653070824,237.31082255406483,POM,0.12342974198334918,8.101775017360898,45.71639088482223,36.96011072721588
414,us2000319b,21.04,3.7,51.9973,-169.4993,2015-07-29T14:09:42.610000Z,2015-07-29T06:09:42.610000Z,292.9484873561174,226.30408881858295,POM,0.12366650585237325,8.086263884529485,45.829193329481626,41.26038187448814
415,us10002xr5,20.92,3.1,52.0327,-169.5179,2015-07-29T13:26:30.780000Z,2015-07-29T05:26:30.780000Z,291.01453659139435,227.0228116609639,POM,0.1236743539139021,8.085750750686486,45.83293632798115,41.03211586499925
416,us10002xnb,8.32,3.0,52.0634,-169.2392,2015-07-29T13:04:24.080000Z,2015-07-29T05:04:24.080000Z,275.37387106958965,224.69111686175415,POM,0.1236743539139021,8.085750750686486,45.83293632798115,40.58133619160798
417,us10002xn8,21.4,3.0,52.3327,-169.2616,2015-07-29T08:21:09.000000Z,2015-07-29T00:21:09.000000Z,255.18270963033677,229.4909568576404,POM,0.1236743539139021,8.085750750686486,45.83293632798115,36.55702228644975
418,us2000317m,41.84,4.9,52.4304,-169.3919,2015-07-29T07:41:08.410000Z,2015-07-28T23:41:08.410000Z,254.682169508605,232.64397142732116,POM,0.12353648335799816,8.094774699892383,45.7672179043588,35.25891219265024
419,us10002xn6,25.5,3.0,52.3753,-169.3282,2015-07-29T06:35:03.000000Z,2015-07-28T22:35:03.000000Z,255.3743669961037,230.9635964345554,POM,0.1236743539139021,8.085750750686486,45.83293632798115,36.208142815076485
420,us10002xqt,25.9,3.1,51.936,-171.089,2015-07-29T04:58:40.580000Z,2015-07-28T20:58:40.580000Z,380.1892218329385,237.68043496713753,POM,0.12364603925261383,8.08760236918677,45.81943331920308,51.60673783319316
421,us10002xp1,36.1,3.1,52.4275,-169.089,2015-07-29T04:45:10.210000Z,2015-07-28T20:45:10.210000Z,239.39152380622863,229.43761942599235,POM,0.12366650585237325,8.086263884529485,45.829193329481626,33.36781713176825
422,us10002xig,33.0,3.8,52.0469,-169.293,2015-07-28T23:56:25.790000Z,2015-07-28T15:56:25.790000Z,279.22236979286816,224.99617202931543,POM,0.12366650585237325,8.086263884529485,45.829193329481626,38.47697273015012
423,us10002xj0,25.6,3.7,52.05,-169.298,2015-07-28T23:33:28.020000Z,2015-07-28T15:33:28.020000Z,279.2018913773619,225.0959387794862,POM,0.1236743539139021,8.085750750686486,45.83293632798115,39.14582942555268
424,us10002xiz,33.74,4.0,52.1216,-169.3444,2015-07-28T23:18:21.050000Z,2015-07-28T15:18:21.050000Z,275.6229233446757,226.70669298808787,POM,0.12366650585237325,8.086263884529485,45.829193329481626,37.96475547880253
425,us10002xiy,35.8,3.9,52.003,-169.287,2015-07-28T22:47:09.140000Z,2015-07-28T14:47:09.140000Z,282.55593063179117,224.26281250165252,POM,0.1236576085048111,8.0868457031586,45.824950196391974,38.706071799470145
426,us10002xic,42.4,3.6,51.966,-169.282,2015-07-28T22:44:00.340000Z,2015-07-28T14:44:00.340000Z,285.40279655682315,223.65859882817793,POM,0.12352356318317025,8.095621387776218,45.761063244685204,39.054681700918955
427,us10002xiv,29.9,4.0,52.103,-169.355,2015-07-28T21:46:49.660000Z,2015-07-28T13:46:49.660000Z,277.6118265086223,226.51512051442876,POM,0.1236743539139021,8.085750750686486,45.83293632798115,38.55886868368581
428,us10002xkl,16.0,3.5,52.014,-169.222,2015-07-28T21:42:27.320000Z,2015-07-28T13:42:27.320000Z,278.67122989352686,223.7490264792008,POM,0.1236743539139021,8.085750750686486,45.83293632798115,40.068324894039606
429,us10002xiu,28.1,3.4,51.9709,-169.258,2015-07-28T21:41:34.870000Z,2015-07-28T13:41:34.870000Z,283.9046942457635,223.48150680171148,POM,0.12366650585237325,8.086263884529485,45.829193329481626,39.50046052438958
430,us10002xit,35.1,3.9,52.028,-169.318,2015-07-28T21:31:46.450000Z,2015-07-28T13:31:46.450000Z,281.9313454025656,224.96265701155556,POM,0.12366650585237325,8.086263884529485,45.829193329481626,38.630579276195945
431,us10002xkk,30.0,3.0,51.976,-169.321,2015-07-28T21:31:05.450000Z,2015-07-28T13:31:05.450000Z,286.35164855477814,224.20843001457126,POM,0.12366650585237325,8.086263884529485,45.829193329481626,39.63068943916536
432,us10002xkh,25.5,3.0,51.99,-169.258,2015-07-28T21:25:31.410000Z,2015-07-28T13:25:31.410000Z,282.3094528753525,223.7657789757764,POM,0.1236743539139021,8.085750750686486,45.83293632798115,39.539237966453726
433,us20003122,20.0,5.3,52.2065,-169.4714,2015-07-28T21:21:35.550000Z,2015-07-28T13:21:35.550000Z,275.23345174341404,229.37673133145483,POM,0.1236743539139021,8.085750750686486,45.83293632798115,39.16408792356978
434,us10002xis,37.0,3.9,52.1019,-169.284,2015-07-28T21:21:08.030000Z,2015-07-28T13:21:08.030000Z,274.33141654986923,225.7685497305193,POM,0.12363819119108496,8.088115738077102,45.81569122843716,37.68703810212949
435,us20003115,15.4,4.0,52.0313,-169.2824,2015-07-28T20:49:13.290000Z,2015-07-28T12:49:13.290000Z,280.0099026763148,224.64580464131413,POM,0.1236743539139021,8.085750750686486,45.83293632798115,40.30577306510106
436,us20003111,13.91,3.9,52.0112,-169.2763,2015-07-28T20:44:05.540000Z,2015-07-28T12:44:05.540000Z,281.38623342232245,224.27584492016615,POM,0.1236743539139021,8.085750750686486,45.83293632798115,40.65454485419267
437,us10002xi6,36.21,3.7,52.3452,-169.5881,2015-07-28T13:00:07.200000Z,2015-07-28T05:00:07.200000Z,271.0160514570444,232.9128187682079,POM,0.12365322812564614,8.08713217728439,45.82286131826194,37.27828268733006
438,us200030sa,23.1,3.9,52.198,-169.35,2015-07-28T11:19:46.900000Z,2015-07-28T03:19:46.900000Z,269.8850613078276,228.02729094108673,POM,0.1236743539139021,8.085750750686486,45.83293632798115,38.22072870301653
439,us10002xi3,26.7,3.0,51.9142,-169.1772,2015-07-28T08:30:44.070000Z,2015-07-28T00:30:44.070000Z,285.10696531691684,221.80528399502535,POM,0.12366650585237325,8.086263884529485,45.829193329481626,39.776241607376086
440,us200030qg,35.4,3.9,52.286,-169.44,2015-07-28T04:54:54.480000Z,2015-07-27T20:54:54.480000Z,267.6739411546919,230.44734704564453,POM,0.12366650585237325,8.086263884529485,45.829193329481626,36.866721441983636
441,us10002xi2,24.41,3.6,52.0029,-169.2212,2015-07-28T03:36:26.540000Z,2015-07-27T19:36:26.540000Z,279.5610283467454,223.57278258733604,POM,0.1236743539139021,8.085750750686486,45.83293632798115,39.29834908008605
442,us10002xji,26.83,3.1,51.9753,-169.289,2015-07-28T03:05:18.770000Z,2015-07-27T19:05:18.770000Z,284.9460641581601,223.8687750141289,POM,0.12366650585237325,8.086263884529485,45.829193329481626,39.7445387435387
443,us10002xi0,26.5,3.0,52.168,-169.227,2015-07-28T03:03:03.200000Z,2015-07-27T19:03:03.200000Z,266.31912034381025,226.24883516505824,POM,0.1236743539139021,8.085750750686486,45.83293632798115,37.47082715938608
444,us10002xhy,41.4,3.1,52.005,-169.296,2015-07-28T00:33:06.790000Z,2015-07-27T16:33:06.790000Z,282.80441534255,224.38610279158308,POM,0.1235504577458641,8.09385912642218,45.77387551392067,38.73272319786648
445,us10002xhx,43.3,3.2,52.315,-169.28,2015-07-28T00:19:09.830000Z,2015-07-27T16:19:09.830000Z,257.44199701998525,229.35894252064196,POM,0.12349441862204356,8.097531946447834,45.74718242216754,35.60287677682421
446,us200030m3,35.8,4.1,51.9917,-169.293,2015-07-27T23:04:11.000000Z,2015-07-27T15:04:11.000000Z,283.76684306827485,224.15487533632594,POM,0.12365732397467578,8.086864310639566,45.824814509689745,38.855812164609155
447,us10002wp3,35.8,3.0,52.0122,-169.2793,2015-07-27T23:00:24.000000Z,2015-07-27T15:00:24.000000Z,281.44142966093165,224.32218132363997,POM,0.12365787038098189,8.086828577259698,45.82507508016617,38.56825330654032
448,us10002wnt,37.7,3.2,52.2078,-169.3298,2015-07-27T21:51:04.000000Z,2015-07-27T13:51:04.000000Z,268.1351819177667,227.98787755267833,POM,0.12362617778573472,8.08890170278637,45.80996351709043,36.92020795148264
449,us200030iy,39.13,4.6,52.2432,-169.371,2015-07-27T20:14:22.750000Z,2015-07-27T12:14:22.750000Z,267.4369619603593,229.01329194814392,POM,0.12360672274947648,8.09017485259907,45.8006890588342,36.833284546020934
450,us10002wnf,25.02,3.9,52.213,-169.2923,2015-07-27T19:10:05.030000Z,2015-07-27T11:10:05.030000Z,265.90071432816075,227.69103362985027,POM,0.1236743539139021,8.085750750686486,45.83293632798115,37.55366101090337
451,us200030mj,16.11,3.0,52.1485,-169.3574,2015-07-27T18:47:14.930000Z,2015-07-27T10:47:14.930000Z,274.11894403108744,227.27732267652394,POM,0.1236743539139021,8.085750750686486,45.83293632798115,39.49228552054251
452,us200030dy,35.0,4.4,52.2493,-169.4004,2015-07-27T15:00:16.630000Z,2015-07-27T07:00:16.630000Z,268.4373806440084,229.413016836821,POM,0.1236743539139021,8.085750750686486,45.83293632798115,36.961942151792556
453,us10002wpm,35.0,4.3,52.3656,-169.3134,2015-07-27T14:33:44.660000Z,2015-07-27T06:33:44.660000Z,255.33529343503503,230.63224879987945,POM,0.1236743539139021,8.085750750686486,45.83293632798115,35.341549981299174
454,us10002wr9,20.17,3.1,52.1332,-169.3655,2015-07-27T14:25:01.490000Z,2015-07-27T06:25:01.490000Z,275.71713404323685,227.1090398565121,POM,0.1236743539139021,8.085750750686486,45.83293632798115,39.20844132046471
455,us200030e9,42.39,4.1,52.1928,-169.3809,2015-07-27T14:22:54.740000Z,2015-07-27T06:22:54.740000Z,271.802873673735,228.25135062044595,POM,0.12352735230330399,8.095373059924745,45.762868161110944,37.37477410996777
456,us10002wpk,35.0,3.3,52.4321,-169.5653,2015-07-27T13:32:48.490000Z,2015-07-27T05:32:48.490000Z,263.733512880574,234.31660475645674,POM,0.1236743539139021,8.085750750686486,45.83293632798115,36.38019434525338
457,us10002wpj,35.0,3.8,52.1561,-169.4431,2015-07-27T13:29:59.750000Z,2015-07-27T05:29:59.750000Z,277.70043819815464,228.2581783660215,POM,0.12366650585237325,8.086263884529485,45.829193329481626,38.10754481006889
458,us10002wq5,37.38,3.3,52.489,-169.2509,2015-07-27T12:44:52.670000Z,2015-07-27T04:44:52.670000Z,243.14506597597526,232.38437102427187,POM,0.12363819119108496,8.088115738077102,45.81569122843716,33.83057449999234
459,us200030d0,63.97,4.3,52.8534,-169.7741,2015-07-27T12:19:20.410000Z,2015-07-27T04:19:20.410000Z,249.96267112882566,244.82003093314881,POM,0.12218693466339471,8.184181089040646,45.12796053155302,34.862491175094846
460,us200030pm,35.53,3.0,52.3392,-169.5315,2015-07-27T11:56:54.840000Z,2015-07-27T03:56:54.840000Z,268.4859911859522,232.2780876086858,POM,0.12366650585237325,8.086263884529485,45.829193329481626,36.9668297294627
461,us10002wq4,34.8,3.6,52.2426,-169.2796,2015-07-27T11:45:21.010000Z,2015-07-27T03:45:21.010000Z,262.9758186179203,228.0693035295929,POM,0.1236743539139021,8.085750750686486,45.83293632798115,36.3046025503663
462,us10002wm3,37.5,3.0,52.2445,-169.3373,2015-07-27T11:39:10.460000Z,2015-07-27T03:39:10.460000Z,265.6675488650318,228.69519814540587,POM,0.12363819119108496,8.088115738077102,45.81569122843716,36.615289744528646
463,us10002wm1,23.91,3.8,52.1055,-169.292,2015-07-27T11:11:55.940000Z,2015-07-27T03:11:55.940000Z,274.4187014781594,225.90918989530928,POM,0.1236743539139021,8.085750750686486,45.83293632798115,38.70780811188931
464,us200030cv,11.7,4.6,52.1654,-169.1623,2015-07-27T10:54:26.000000Z,2015-07-27T02:54:26.000000Z,263.4720889244418,225.5126961529629,POM,0.1236743539139021,8.085750750686486,45.83293632798115,38.70396461540075
465,us200030ct,20.1,4.7,52.153,-169.274,2015-07-27T10:45:08.000000Z,2015-07-27T02:45:08.000000Z,269.756120025308,226.49426521586395,POM,0.1236743539139021,8.085750750686486,45.83293632798115,38.47772388171015
466,us10002wlt,25.8,3.2,52.3131,-169.5447,2015-07-27T10:17:51.000000Z,2015-07-27T02:17:51.000000Z,271.05343105584234,231.93205778790792,POM,0.1236743539139021,8.085750750686486,45.83293632798115,38.11990890174232
467,us200030cg,25.9,3.8,52.2141,-169.3423,2015-07-27T09:35:56.000000Z,2015-07-27T01:35:56.000000Z,268.25845843698977,228.22258141211884,POM,0.1236743539139021,8.085750750686486,45.83293632798115,37.765160391176
468,us10002wlc,34.3,3.7,52.2355,-169.3506,2015-07-27T08:41:11.000000Z,2015-07-27T00:41:11.000000Z,267.01619089657845,228.67424838903295,POM,0.1236743539139021,8.085750750686486,45.83293632798115,36.84958658001934
469,us200030c5,39.86,5.0,52.2888,-169.4333,2015-07-27T08:27:52.580000Z,2015-07-27T00:27:52.580000Z,267.12567526901074,230.43145257076463,POM,0.1235911519321657,8.091194105455546,45.7932673682682,36.79453051619037
470,us10002wl9,35.5,3.1,52.0889,-169.2681,2015-07-27T08:26:20.000000Z,2015-07-27T00:26:20.000000Z,274.63691010071227,225.39582409150282,POM,0.12366650585237325,8.086263884529485,45.829193329481626,37.727519389156804
471,us200030pe,25.6,3.9,52.149,-169.401,2015-07-27T08:12:26.270000Z,2015-07-27T00:12:26.270000Z,276.1949073145638,227.72408100409615,POM,0.1236743539139021,8.085750750686486,45.83293632798115,38.77394261435672
472,us10002wl3,31.6,4.0,52.1571,-169.3538,2015-07-27T08:02:37.000000Z,2015-07-27T00:02:37.000000Z,273.2678984152413,227.38247296743077,POM,0.1236743539139021,8.085750750686486,45.83293632798115,37.86746418543709
473,us10002wl0,38.0,3.7,52.1083,-169.3139,2015-07-27T07:59:05.000000Z,2015-07-26T23:59:05.000000Z,275.2309749235717,226.18019272003534,POM,0.12362073545901851,8.089257811700286,45.80736893655593,37.79716534686029
474,us200030bx,39.58,5.7,52.2564,-169.3455,2015-07-27T07:43:31.050000Z,2015-07-26T23:43:31.050000Z,265.16232050870025,228.98584528918977,POM,0.12359712428078556,8.09080313008108,45.79611391787292,36.551809534286726
475,us100032cb,35.0,5.6,52.4977,-169.7473,2015-07-27T07:41:04.870000Z,2015-07-26T23:41:04.870000Z,269.2551516558694,237.16854544963635,POM,0.1236743539139021,8.085750750686486,45.83293632798115,37.06307945333399
476,us100032ca,35.0,5.5,52.3581,-169.0816,2015-07-27T07:40:50.590000Z,2015-07-26T23:40:50.590000Z,244.33236365279748,228.02613906794318,POM,0.1236743539139021,8.085750750686486,45.83293632798115,33.98086992404548
477,us200030bu,35.0,5.9,52.2572,-169.3458,2015-07-27T07:40:31.120000Z,2015-07-26T23:40:31.120000Z,265.1161126809151,229.00287754231317,POM,0.1236743539139021,8.085750750686486,45.83293632798115,36.551186482282056
478,us10002wkq,22.1,4.0,52.1359,-169.3377,2015-07-27T07:31:06.000000Z,2015-07-26T23:31:06.000000Z,274.1657710045724,226.87072966312687,POM,0.1236743539139021,8.085750750686486,45.83293632798115,38.8410503426342
479,us200030bp,35.0,4.7,52.3275,-169.254,2015-07-27T07:21:31.980000Z,2015-07-26T23:21:31.980000Z,255.1966460355081,229.31655565326173,POM,0.1236743539139021,8.085750750686486,45.83293632798115,35.32440285374084
480,us10002wkh,36.8,3.6,52.2613,-169.3318,2015-07-27T07:11:06.000000Z,2015-07-26T23:11:06.000000Z,264.1079259076519,228.93253040526739,POM,0.12364603925261383,8.08760236918677,45.81943331920308,36.42314466188313
481,us10002wkg,37.8,4.0,52.1477,-169.2925,2015-07-27T07:01:18.000000Z,2015-07-26T23:01:18.000000Z,271.06219468257547,226.59926561723378,POM,0.12362424884996238,8.089027915661259,45.80904390040477,37.281981580568065
482,us10002wke,28.3,3.9,52.289,-169.1926,2015-07-27T06:59:16.000000Z,2015-07-26T22:59:16.000000Z,255.11848055404556,227.97102777346691,POM,0.1236743539139021,8.085750750686486,45.83293632798115,35.92230495111157
483,us10002wkc,32.0,3.9,52.1809,-169.3308,2015-07-27T06:57:49.000000Z,2015-07-26T22:57:49.000000Z,270.28423626280045,227.54408321855135,POM,0.1236743539139021,8.085750750686486,45.83293632798115,37.46219721686671
484,us10002wk6,16.4,4.1,52.2148,-169.1568,2015-07-27T06:53:55.000000Z,2015-07-26T22:53:55.000000Z,259.23853062987723,226.2859462524634,POM,0.1236743539139021,8.085750750686486,45.83293632798115,37.617102640851954
485,us10002wk3,27.8,3.5,52.3217,-169.4769,2015-07-27T06:52:33.000000Z,2015-07-26T22:52:33.000000Z,266.927763557597,231.44291134817982,POM,0.1236743539139021,8.085750750686486,45.83293632798115,37.42807895171503
486,us10002wk1,20.2,3.2,52.385,-169.3356,2015-07-27T06:47:19.000000Z,2015-07-26T22:47:19.000000Z,255.0417151978445,231.2204558334366,POM,0.1236743539139021,8.085750750686486,45.83293632798115,36.648717668830955
487,us200030bf,14.2,4.9,52.1163,-169.2577,2015-07-27T06:45:14.760000Z,2015-07-26T22:45:14.760000Z,271.92898106646726,225.7254313969409,POM,0.1236743539139021,8.085750750686486,45.83293632798115,39.45027716845316
488,us10002wjz,34.1,3.4,52.2046,-169.3447,2015-07-27T06:44:06.000000Z,2015-07-26T22:44:06.000000Z,269.11287713425645,228.0852839026461,POM,0.1236743539139021,8.085750750686486,45.83293632798115,37.12701222069242
489,us10002wjw,37.6,4.0,52.2005,-169.3592,2015-07-27T06:33:56.000000Z,2015-07-26T22:33:56.000000Z,270.1414824049313,228.1627564571865,POM,0.12363819119108496,8.088115738077102,45.81569122843716,37.16824493360102
490,us10002wju,27.2,3.0,52.1527,-169.2409,2015-07-27T06:33:34.000000Z,2015-07-26T22:33:34.000000Z,268.2050071055652,226.1423610901116,POM,0.1236743539139021,8.085750750686486,45.83293632798115,37.6405071806475
491,us10002wjt,36.6,3.7,52.0625,-169.3524,2015-07-27T06:31:34.000000Z,2015-07-26T22:31:34.000000Z,280.7390614602324,225.8479765429615,POM,0.12364603925261383,8.08760236918677,45.81943331920308,38.47987218932206
492,us200030bd,49.1,4.4,52.3272,-169.314,2015-07-27T06:26:09.000000Z,2015-07-26T22:26:09.000000Z,258.22692325127457,229.93005074310972,POM,0.12326124228596361,8.112850247606787,45.636250356682666,35.72377238175109
493,us10002wjp,22.1,4.2,52.1096,-169.2182,2015-07-27T06:25:38.000000Z,2015-07-26T22:25:38.000000Z,270.61969117547875,225.20090413740832,POM,0.1236743539139021,8.085750750686486,45.83293632798115,38.40265845928794
494,us10002wjk,23.9,4.2,52.1381,-169.3773,2015-07-27T06:23:03.000000Z,2015-07-26T22:23:03.000000Z,275.900355668524,227.30797484300209,POM,0.1236743539139021,8.085750750686486,45.83293632798115,38.8919594644458
495,us200030bc,23.85,5.0,52.2594,-169.2785,2015-07-27T06:19:32.190000Z,2015-07-26T22:19:32.190000Z,261.62141984498396,228.35131177211565,POM,0.1236743539139021,8.085750750686486,45.83293632798115,37.13068043432452
496,us200030c3,30.5,3.8,52.2,-169.201,2015-07-27T06:19:10.950000Z,2015-07-26T22:19:10.950000Z,262.52546215050137,226.50973405383368,POM,0.1236743539139021,8.085750750686486,45.83293632798115,36.63864980940031
497,us10002wjh,32.9,3.0,52.2143,-169.4281,2015-07-27T06:16:38.000000Z,2015-07-26T22:16:38.000000Z,272.4815738827445,229.08516851605623,POM,0.1236743539139021,8.085750750686486,45.83293632798115,37.65237217829133
498,us10002wjf,35.0,3.7,52.331,-169.2608,2015-07-27T06:14:58.000000Z,2015-07-26T22:14:58.000000Z,255.27123761170256,229.45147168415636,POM,0.1236743539139021,8.085750750686486,45.83293632798115,35.33362791873411
499,us200030bb,32.52,5.1,52.2976,-169.3345,2015-07-27T06:13:33.760000Z,2015-07-26T22:13:33.760000Z,261.4844332680229,229.60353519003533,POM,0.1236743539139021,8.085750750686486,45.83293632798115,36.326749874663385
500,us200030b9,21.86,5.4,52.2335,-169.4231,2015-07-27T06:05:32.550000Z,2015-07-26T22:05:32.550000Z,270.7704563521082,229.364542868114,POM,0.1236743539139021,8.085750750686486,45.83293632798115,38.44312465142164
501,us10002wki,22.1,4.2,52.297,-169.2292,2015-07-27T06:03:39.000000Z,2015-07-26T22:03:39.000000Z,256.2965064306536,228.5033304355188,POM,0.1236743539139021,8.085750750686486,45.83293632798115,36.631135430747065
502,us10002wjd,36.6,3.0,52.3538,-169.2523,2015-07-27T06:02:14.000000Z,2015-07-26T22:02:14.000000Z,253.12612603372804,229.7836459067775,POM,0.12364951081563953,8.08737530301266,45.821088700413966,35.06552696707089
503,us10002wjc,34.5,3.8,52.1625,-169.3829,2015-07-27T05:50:35.000000Z,2015-07-26T21:50:35.000000Z,274.25802784173584,227.76544749948164,POM,0.12366650585237325,8.086263884529485,45.829193329481626,37.72709783781639
504,us10002wjb,5.1,4.0,52.1002,-169.389,2015-07-27T05:47:48.000000Z,2015-07-26T21:47:48.000000Z,279.46202493843043,226.8134238880934,POM,0.1236743539139021,8.085750750686486,45.83293632798115,41.47332719684998
505,us200030by,37.4,4.4,52.3179,-169.2466,2015-07-27T05:32:15.000000Z,2015-07-26T21:32:15.000000Z,255.5576799877551,229.06411475479618,POM,0.12363819119108496,8.088115738077102,45.81569122843716,35.36526936960634
506,us200030bq,36.4,4.2,52.3034,-169.3016,2015-07-27T05:31:48.000000Z,2015-07-26T21:31:48.000000Z,259.3998004822842,229.37190826318468,POM,0.12365075597150033,8.087293863617665,45.82168245292079,35.84159236502064
507,us200030b4,30.4,4.7,52.1875,-169.3181,2015-07-27T05:27:59.000000Z,2015-07-26T21:27:59.000000Z,269.15039420704863,227.52479536056228,POM,0.1236743539139021,8.085750750686486,45.83293632798115,37.467053748209054
508,us100032c8,33.94,3.5,52.3061,-168.8448,2015-07-27T05:27:38.760000Z,2015-07-26T21:27:38.760000Z,237.24214494100656,224.3089238800437,POM,0.1236743539139021,8.085750750686486,45.83293632798115,33.199949291499074
509,us10002wj4,17.5,4.1,52.1637,-169.3693,2015-07-27T05:26:58.000000Z,2015-07-26T21:26:58.000000Z,273.5022169868515,227.6484392904724,POM,0.1236743539139021,8.085750750686486,45.83293632798115,39.249507594134045
510,us10002wk0,17.0,4.0,52.1712,-169.2206,2015-07-27T05:24:08.000000Z,2015-07-26T21:24:08.000000Z,265.7588164482977,226.23425893357677,POM,0.1236743539139021,8.085750750686486,45.83293632798115,38.35167427176773
511,us10002wj2,24.6,3.5,52.329,-169.395,2015-07-27T05:23:58.330000Z,2015-07-26T21:23:58.330000Z,262.1969420548121,230.77663640608117,POM,0.1236743539139021,8.085750750686486,45.83293632798115,37.13372218765679
512,us200030bm,11.0,3.2,52.1019,-169.2442,2015-07-27T05:20:50.000000Z,2015-07-26T21:20:50.000000Z,272.4615684121696,225.35237347536608,POM,0.1236743539139021,8.085750750686486,45.83293632798115,39.89972905387472
513,us10002wp5,13.1,3.2,52.1841,-169.2784,2015-07-27T05:19:28.000000Z,2015-07-26T21:19:28.000000Z,267.49842704053606,227.05748689259514,POM,0.1236743539139021,8.085750750686486,45.83293632798115,39.03412894604802
514,us200030ax,36.32,4.7,52.3582,-169.301,2015-07-27T05:17:15.130000Z,2015-07-26T21:17:15.130000Z,255.25468884474904,230.3680466568599,POM,0.12365299401753162,8.087147488383655,45.82274968097268,35.329134666553394
515,us10002wjx,34.6,4.3,52.1978,-169.4195,2015-07-27T05:15:53.000000Z,2015-07-26T21:15:53.000000Z,273.31896817712146,228.72048857612296,POM,0.12366650585237325,8.086263884529485,45.829193329481626,37.601901520784146
516,us200030at,45.58,4.6,52.481,-169.3383,2015-07-27T05:12:18.360000Z,2015-07-26T21:12:18.360000Z,248.28960249213557,233.10626333891065,POM,0.12340232584443728,8.10357497848634,45.70334360913817,34.48059357986076
517,us10002wp0,16.1,3.1,52.1499,-169.2522,2015-07-27T05:09:07.000000Z,2015-07-26T21:09:07.000000Z,268.96590653001516,226.21513617136065,POM,0.1236743539139021,8.085750750686486,45.83293632798115,38.856144477012826
518,us10002wiv,19.4,4.2,52.2492,-169.2283,2015-07-27T05:07:53.000000Z,2015-07-26T21:07:53.000000Z,259.95894112948815,227.64683179977456,POM,0.1236743539139021,8.085750750686486,45.83293632798115,37.34691898814868
519,us10002wjs,6.0,4.7,52.0978,-169.2506,2015-07-27T05:02:24.000000Z,2015-07-26T21:02:24.000000Z,273.09432705860127,225.35418098597663,POM,0.1236743539139021,8.085750750686486,45.83293632798115,40.57774676948957
520,us200030bh,34.0,4.3,52.1052,-169.3546,2015-07-27T05:00:53.000000Z,2015-07-26T21:00:53.000000Z,277.4171799395634,226.5462964747515,POM,0.12366650585237325,8.086263884529485,45.829193329481626,38.16310157122238
521,us200030ar,27.84,5.7,52.208,-169.4223,2015-07-27T04:55:46.400000Z,2015-07-26T20:55:46.400000Z,272.67520947692987,228.9208001116249,POM,0.1236743539139021,8.085750750686486,45.83293632798115,38.13525989152815
522,us10002wnw,13.96,5.2,52.0935,-169.2434,2015-07-27T04:53:32.090000Z,2015-07-26T20:53:32.090000Z,273.10748476272767,225.20996822968084,POM,0.1236743539139021,8.085750750686486,45.83293632798115,39.624798464439536
523,us100032bk,31.9,5.9,52.7811,-169.5781,2015-07-27T04:51:22.540000Z,2015-07-26T20:51:22.540000Z,242.38916928228963,241.67864490857988,POM,0.1236743539139021,8.085750750686486,45.83293632798115,34.0214099128854
524,us200030aq,29.0,6.9,52.376,-169.4458,2015-07-27T04:49:46.400000Z,2015-07-26T20:49:46.400000Z,261.3839073117264,232.13807503479998,POM,0.1236743539139021,8.085750750686486,45.83293632798115,36.63371224392901
525,us10002wiq,37.46,4.0,52.2307,-169.425,2015-07-27T01:39:22.510000Z,2015-07-26T17:39:22.510000Z,271.07801302001576,229.33513084062,POM,0.12363819119108496,8.088115738077102,45.81569122843716,37.28425535196343
526,us2000309g,37.87,4.3,52.3144,-169.4832,2015-07-27T01:15:04.860000Z,2015-07-26T17:15:04.860000Z,267.7851515710822,231.37205152526937,POM,0.12363359879802881,8.088416172642738,45.81350161303609,36.87675588081194
527,us10002wip,15.0,3.6,52.1358,-169.3265,2015-07-27T01:14:37.000000Z,2015-07-26T17:14:37.000000Z,273.63637348839694,226.7546125125728,POM,0.1236743539139021,8.085750750686486,45.83293632798115,39.56558840226053
528,us10002win,37.3,3.5,52.2416,-169.4203,2015-07-27T00:51:44.000000Z,2015-07-26T16:51:44.000000Z,270.01603781144297,229.47665946873033,POM,0.12363819119108496,8.088115738077102,45.81569122843716,37.15300195969384
529,us10002wil,17.4,3.5,52.153,-169.356,2015-07-27T00:34:10.740000Z,2015-07-26T16:34:10.740000Z,273.6969121617712,227.3371633859477,POM,0.1236743539139021,8.085750750686486,45.83293632798115,39.28556501926688
530,us10002wik,37.7,3.4,52.213,-169.446,2015-07-27T00:33:42.810000Z,2015-07-26T16:33:42.810000Z,273.4717947111857,229.23906559043917,POM,0.12362497282137563,8.088980544771395,45.80938905070361,37.58000472521402
531,us20003093,30.41,4.5,52.2377,-169.4218,2015-07-27T00:31:38.280000Z,2015-07-26T16:31:38.280000Z,270.3867308766742,229.42409698986881,POM,0.1236743539139021,8.085750750686486,45.83293632798115,37.61904990026198
532,us20002zqz,53.0,3.0,51.805,-170.361,2015-07-23T22:23:17.480000Z,2015-07-23T14:23:17.480000Z,350.4394033167049,230.93676300822037,POM,0.12324963399457814,8.113614358027148,45.63073353181492,47.10856591794991
533,us20002zr0,34.0,3.7,51.902,-170.164,2015-07-23T21:30:23.010000Z,2015-07-23T13:30:23.010000Z,333.13479145581675,230.7472004066871,POM,0.12365528623130417,8.0869975759018,45.82384276050171,45.05327897342762
534,us200030yw,51.4,3.0,53.6652,-165.0373,2015-07-23T14:54:19.000000Z,2015-07-23T06:54:19.000000Z,93.33201939105308,102.65915651336266,POM,0.11846841971626325,8.441068112455971,43.40231242263136,15.598908096317032
535,us200030ng,20.4,3.7,54.1686,-161.7788,2015-07-22T16:18:26.000000Z,2015-07-22T08:18:26.000000Z,305.8483035864493,81.61550317242165,POM,0.12366650585237325,8.086263884529485,45.829193329481626,42.91397129091311
536,us200030nf,20.1,3.3,51.6068,-170.1479,2015-07-22T16:04:19.000000Z,2015-07-22T08:04:19.000000Z,355.2741704141913,226.69952231402652,POM,0.12365445015350998,8.087052255366117,45.82344406068068,49.05325662833421
537,us20003007,32.7,3.0,53.9093,-163.1553,2015-07-21T17:07:03.000000Z,2015-07-21T09:07:03.000000Z,214.41779794036952,87.12538775385771,POM,0.12368338360936101,8.085160438029241,45.83724319800893,30.48934822630755
538,us20002yyw,21.37,3.1,53.0486,-164.7359,2015-07-21T15:17:25.400000Z,2015-07-21T07:17:25.400000Z,143.29743542135395,128.20826666031797,POM,0.1236853742190773,8.085030314326037,45.838192698718515,22.72130351767386
539,us20002zwn,50.4,3.1,51.375,-170.2663,2015-07-20T04:11:23.000000Z,2015-07-19T20:11:23.000000Z,379.78953289547417,224.90828559623776,POM,0.12335504457820234,8.10668103132206,45.680849716802136,50.719616178591956
540,us200030hn,30.6,3.2,53.4047,-163.6445,2015-07-19T19:53:18.000000Z,2015-07-19T11:53:18.000000Z,190.05367150040095,104.23665334932997,POM,0.12368647714513961,8.084958219212213,45.83871879027521,27.666267134672488
541,us200030hf,47.7,3.0,53.4235,-163.6633,2015-07-19T18:05:54.000000Z,2015-07-19T10:05:54.000000Z,188.26922429846974,103.73370896707333,POM,0.1230882438399685,8.124252721487654,45.55408923460824,27.095330424405272
542,us200030he,13.66,3.1,51.1574,-167.7869,2015-07-19T11:03:39.990000Z,2015-07-19T03:03:39.990000Z,314.4879081201595,197.7748233938615,POM,0.12366650585237325,8.086263884529485,45.829193329481626,44.77833636070992
543,us20002xcw,5.3,3.8,54.447,-160.781,2015-07-14T06:27:48.490000Z,2015-07-13T22:27:48.490000Z,373.8158791339941,77.60713047257097,POM,0.12365357762563749,8.087109319453017,45.82302798198155,53.117602309735716
544,us20002yrc,21.4,4.0,52.168,-169.342,2015-07-11T19:07:06.460000Z,2015-07-11T11:07:06.460000Z,271.8396734776855,227.44311623519724,POM,0.1236743539139021,8.085750750686486,45.83293632798115,38.61719225331499
545,us20002xhb,12.5,3.0,52.202,-167.483,2015-07-07T05:54:07.620000Z,2015-07-06T21:54:07.620000Z,197.6108898098327,201.68666145443083,POM,0.12368030594980721,8.08536162908448,45.83577521740494,30.462288231564138
546,us10002nlj,33.7,4.1,51.9898,-170.4595,2015-07-06T04:25:52.050000Z,2015-07-05T20:25:52.050000Z,342.20561387103,234.25188560193456,POM,0.12365291416753225,8.087152710733053,45.82271160358477,46.20212402911098
547,us10002ni2,78.76,3.7,53.9495,-165.0589,2015-07-05T09:01:54.040000Z,2015-07-05T01:01:54.040000Z,89.7275018367296,82.85718770010945,POM,0.10049459244516211,9.950784173244745,35.65256120587264,16.70732182430841
548,us10002nl7,9.0,3.5,54.182,-162.379,2015-07-05T07:21:54.200000Z,2015-07-04T23:21:54.200000Z,266.96741301702247,80.58127757213211,POM,0.1236743539139021,8.085750750686486,45.83293632798115,39.460042210962925
549,us10002ngj,2.1,3.7,55.1331,-160.9698,2015-07-04T10:19:57.000000Z,2015-07-04T02:19:57.000000Z,380.2217327341053,65.86704042849561,POM,0.12365272620850101,8.087165003655624,45.822621973268,54.29395849004003
550,us10002ngf,52.5,3.0,53.256,-164.3692,2015-07-04T07:37:22.000000Z,2015-07-03T23:37:22.000000Z,151.16882405141158,115.43107772404068,POM,0.12198102803622493,8.197996164641506,45.031057022599164,22.609704022568284
551,us20002x8s,153.5,3.3,52.6138,-170.8461,2015-07-04T01:06:50.000000Z,2015-07-03T17:06:50.000000Z,326.54060130474187,246.7262588636793,POM,0.11297748362943993,8.851321235653877,40.940080829272276,46.657445128577734
552,us10002n6b,139.86,4.2,52.9599,-171.5113,2015-07-03T04:18:25.920000Z,2015-07-02T20:18:25.920000Z,353.21951937520294,255.64375236443658,POM,0.11608385768197767,8.614462165270139,42.321218316461916,49.20699085285073
553,us10002n4t,25.6,4.4,54.075,-162.851,2015-07-03T00:39:29.710000Z,2015-07-02T16:39:29.710000Z,235.13511862178865,82.63574623901897,POM,0.12368220197543095,8.085237681963704,45.836679578233735,33.69582620675324
554,us20002w9h,41.4,3.0,53.43,-163.638,2015-07-02T14:35:01.370000Z,2015-07-02T06:35:01.370000Z,189.6907935550123,103.38389537214422,POM,0.12350309509152509,8.096963070107067,45.7513144457767,27.22976432850562
555,us20002vp0,38.23,3.0,53.5794,-163.4681,2015-07-01T14:56:54.620000Z,2015-07-01T06:56:54.620000Z,196.97139070745888,97.8311092224738,POM,0.12361697123502116,8.089504135308374,45.805574447167004,28.12192141353215
556,us20002wfs,4.8,3.0,53.268,-168.311,2015-06-30T22:26:45.660000Z,2015-06-30T14:26:45.660000Z,141.6935454135855,243.21303502849068,POM,0.17223721098146222,5.80594631265615,87.40664443154563,24.434231113905263
557,us20002wfy,20.06,3.2,56.5537,-169.0552,2015-06-30T18:52:09.430000Z,2015-06-30T10:52:09.430000Z,344.01990833396536,331.83417630457063,POM,0.12365754919062613,8.08684958213457,45.824921910622145,47.66522633690424
558,us20002wfl,36.82,3.2,53.1572,-166.7431,2015-06-30T08:54:52.820000Z,2015-06-30T00:54:52.820000Z,80.85926607924883,195.74849255558803,POM,0.12353952735805356,8.094575245554473,45.768668044290614,13.765703807492022
559,us20002wg2,76.14,3.0,52.4828,-169.6399,2015-06-30T01:11:45.870000Z,2015-06-29T17:11:45.870000Z,264.33356303396647,235.95809482765762,POM,0.1211878486562203,8.25165238172311,44.65929295320501,36.825819787472696
560,us20002w6z,48.35,3.2,53.5549,-166.2299,2015-06-29T15:21:50.740000Z,2015-06-29T07:21:50.740000Z,35.767450813350514,159.93913291125554,POM,0.08747041894639898,11.432436383010698,30.486041075865423,9.16557306946036
561,us20002w6w,65.2,3.2,53.848,-165.699,2015-06-29T03:55:32.910000Z,2015-06-28T19:55:32.910000Z,47.13000346863378,90.91635587382375,POM,0.08162075396805293,12.251785867984124,28.255249478809706,11.651690261099562
562,us20002w6u,41.4,3.2,53.435,-165.641,2015-06-29T00:15:49.510000Z,2015-06-28T16:15:49.510000Z,69.46245376429717,132.22033442805918,POM,0.12092843555876535,8.269353650192956,44.538222702738956,12.436007889223028
563,us10002m2p,38.68,4.6,52.0899,-170.5703,2015-06-27T11:52:42.190000Z,2015-06-27T03:52:42.190000Z,341.3645912666161,236.50935798256603,POM,0.12360633611859195,8.090200158028852,45.800504762718624,45.97136534111828
564,us20002xaw,10.0,3.0,53.4418,-163.6556,2015-06-27T04:28:47.730000Z,2015-06-26T20:28:47.730000Z,188.21320949837994,103.09465393314471,POM,0.12368166632219459,8.085272698339695,45.836424082409735,29.59964572031548
565,us20002xau,10.0,3.4,53.4736,-163.7066,2015-06-27T02:35:03.900000Z,2015-06-26T18:35:03.900000Z,184.02909668568927,102.30992397805689,POM,0.12368214121830072,8.08524165372417,45.8366505982452,29.082120707157415
566,us10002m9a,10.0,3.0,53.4469,-163.6571,2015-06-27T01:43:10.240000Z,2015-06-26T17:43:10.240000Z,187.967868638902,102.93578651282205,POM,0.12368169416834121,8.085270877991983,45.83643736443289,29.569300041864302
567,us10002m1f,14.61,5.0,53.5437,-163.7202,2015-06-27T01:35:42.300000Z,2015-06-26T17:35:42.300000Z,181.35192458862656,99.99377048293894,POM,0.12368190313501602,8.085257217528103,45.836537037219585,28.198392119480758
568,us10002lli,76.04,3.8,53.8467,-165.5063,2015-06-25T16:07:35.550000Z,2015-06-25T08:07:35.550000Z,59.81217687576219,90.72154563286767,POM,0.08414791435736045,11.88383583404322,29.21301292923082,13.698280987716569
